country,internal_reporting,count,timestamp
BRA,True,104766,2024-02-15
THA,False,1630,2024-02-15
NIU,,18299,2024-02-15
CCK,,14855,2024-02-15
ZAF,False,27814,2024-02-15
SLB,True,95,2024-02-15
HTI,,147,2024-02-15
PSE,,614,2024-02-15
IRN,True,18057,2024-02-15
NOR,True,65620,2024-02-15
CZE,True,24336,2024-02-15
CZE,False,15583,2024-02-15
SWE,True,14551,2024-02-15
GRL,False,190,2024-02-15
POL,,689756,2024-02-15
LVA,,9239,2024-02-15
WSM,True,584,2024-02-15
ZMB,,370,2024-02-15
JAM,,104,2024-02-15
SVK,False,7811,2024-02-15
PRY,False,812,2024-02-15
BRA,,560247,2024-02-15
SPM,,694,2024-02-15
NLD,False,95087,2024-02-15
SVN,False,2663,2024-02-15
LAO,True,411,2024-02-15
BDI,False,71,2024-02-15
MOZ,,1079,2024-02-15
BMU,False,234,2024-02-15
CUB,,123,2024-02-15
JOR,,345,2024-02-15
RUS,False,12904,2024-02-15
RWA,True,307,2024-02-15
MNE,False,13192,2024-02-15
TUR,False,7325,2024-02-15
LSO,True,44,2024-02-15
SEN,False,149,2024-02-15
CCK,False,5555,2024-02-15
WLF,True,36,2024-02-15
FRA,,372598,2024-02-15
SOM,,846,2024-02-15
NPL,True,1146,2024-02-15
TCA,,225,2024-02-15
ECU,False,1572,2024-02-15
MDG,True,177,2024-02-15
COD,,302,2024-02-15
BRN,,87,2024-02-15
FSM,,1157,2024-02-15
SLB,False,61,2024-02-15
URY,,6070,2024-02-15
BOL,,1205,2024-02-15
IND,False,22184,2024-02-15
HKG,True,5520,2024-02-15
LIE,False,1018,2024-02-15
EST,True,2842,2024-02-15
UZB,False,329,2024-02-15
SHN,False,779,2024-02-15
VAT,True,56,2024-02-15
HND,True,179,2024-02-15
SXM,True,42,2024-02-15
LBY,,1143,2024-02-15
VAT,,56,2024-02-15
GIB,,261,2024-02-15
ISL,False,2043,2024-02-15
CXR,False,377,2024-02-15
CPV,False,36,2024-02-15
ITA,True,43394,2024-02-15
CHN,False,17834,2024-02-15
IDN,True,11271,2024-02-15
LSO,False,90,2024-02-15
MOZ,False,250,2024-02-15
JPN,True,30412,2024-02-15
IRN,False,6562,2024-02-15
ETH,True,49,2024-02-15
GRD,False,68,2024-02-15
VEN,False,689,2024-02-15
NFK,False,30,2024-02-15
COG,True,18,2024-02-15
ETH,,1566,2024-02-15
GEO,False,725,2024-02-15
KWT,False,201,2024-02-15
TJK,False,82,2024-02-15
REU,True,497,2024-02-15
GNQ,,238,2024-02-15
LKA,True,1176,2024-02-15
ITA,,709771,2024-02-15
UKR,,25124,2024-02-15
MCO,False,114,2024-02-15
BMU,True,86,2024-02-15
SMR,True,37,2024-02-15
GHA,,346,2024-02-15
CMR,,864,2024-02-15
NOR,False,16428,2024-02-15
NER,,71,2024-02-15
TZA,True,1260,2024-02-15
BLZ,False,439,2024-02-15
JAM,True,39,2024-02-15
IOT,,63359,2024-02-15
GTM,,423,2024-02-15
SEN,,811,2024-02-15
HUN,False,7012,2024-02-15
SGP,True,3870,2024-02-15
MLI,True,83,2024-02-15
KNA,False,21,2024-02-15
GTM,True,88,2024-02-15
GUF,,29,2024-02-15
KWT,True,109,2024-02-15
LCA,,207,2024-02-15
GUY,,209,2024-02-15
IOT,True,20019,2024-02-15
MUS,True,255,2024-02-15
TKL,True,25,2024-02-15
HRV,,33562,2024-02-15
VCT,,1528,2024-02-15
WLF,,177,2024-02-15
ZAF,True,21725,2024-02-15
SPM,False,217,2024-02-15
SHN,,2009,2024-02-15
SLV,False,392,2024-02-15
MNG,False,198,2024-02-15
GUY,False,94,2024-02-15
QAT,,1074,2024-02-15
PCN,,24,2024-02-15
KAZ,False,786,2024-02-15
BHS,,56,2024-02-15
MAR,False,1139,2024-02-15
FRO,True,77,2024-02-15
GBR,,470309,2024-02-15
MEX,False,13825,2024-02-15
TZA,False,569,2024-02-15
BOL,True,450,2024-02-15
TLS,True,92,2024-02-15
MAC,True,150,2024-02-15
IOT,False,25719,2024-02-15
SOM,True,345,2024-02-15
PRY,,5611,2024-02-15
GMB,,149,2024-02-15
,,288485,2024-02-15
TTO,False,127,2024-02-15
GHA,True,99,2024-02-15
,True,58535,2024-02-15
ATF,False,110,2024-02-15
KAZ,True,1678,2024-02-15
UGA,False,285,2024-02-15
TON,,1856,2024-02-15
FRO,,820,2024-02-15
GEO,True,1198,2024-02-15
URY,True,2119,2024-02-15
BWA,True,211,2024-02-15
LUX,True,1884,2024-02-15
NIU,True,1158,2024-02-15
MDG,False,260,2024-02-15
CRI,,1709,2024-02-15
JOR,False,294,2024-02-15
TJK,,232,2024-02-15
BMU,,309,2024-02-15
LKA,False,963,2024-02-15
MYT,False,80,2024-02-15
MMR,True,207,2024-02-15
SYC,True,116,2024-02-15
SMR,False,61,2024-02-15
MDA,False,536,2024-02-15
SUR,True,40,2024-02-15
GBR,False,135016,2024-02-15
LVA,True,2945,2024-02-15
MLI,False,180,2024-02-15
TON,True,408,2024-02-15
DZA,False,170,2024-02-15
NPL,,3700,2024-02-15
CRI,True,618,2024-02-15
BRN,True,104,2024-02-15
UGA,,715,2024-02-15
VUT,,142,2024-02-15
GNQ,False,17,2024-02-15
MLI,,525,2024-02-15
FLK,,22,2024-02-15
FSM,False,465,2024-02-15
JAM,False,105,2024-02-15
MLT,,1543,2024-02-15
MEX,,60658,2024-02-15
TKL,,126,2024-02-15
UKR,True,7820,2024-02-15
GRC,False,7161,2024-02-15
LBN,True,88,2024-02-15
MCO,True,82,2024-02-15
PNG,,288,2024-02-15
DMA,,26,2024-02-15
BEN,False,26,2024-02-15
CHE,True,20187,2024-02-15
YEM,,41,2024-02-15
IDN,False,6865,2024-02-15
LVA,False,2805,2024-02-15
MRT,False,11,2024-02-15
MNG,,1462,2024-02-15
BLR,,6934,2024-02-15
DEU,True,118991,2024-02-15
CXR,True,255,2024-02-15
SVK,,46192,2024-02-15
SYC,,220,2024-02-15
LTU,True,2846,2024-02-15
NIC,True,238,2024-02-15
STP,,820,2024-02-15
KOR,False,2876,2024-02-15
COG,,231,2024-02-15
CYM,True,188,2024-02-15
FSM,True,224,2024-02-15
HUN,,115766,2024-02-15
REU,,4260,2024-02-15
TKM,,84,2024-02-15
SVN,True,4165,2024-02-15
NZL,,43207,2024-02-15
TCA,True,71,2024-02-15
USA,True,10077,2024-02-15
THA,,10942,2024-02-15
DJI,,140,2024-02-15
DNK,True,15097,2024-02-15
GGY,True,518,2024-02-15
CYP,False,608,2024-02-15
NOR,,106966,2024-02-15
IRQ,,262,2024-02-15
MOZ,True,379,2024-02-15
VEN,,1826,2024-02-15
FIN,False,11148,2024-02-15
CHL,False,8282,2024-02-15
SAU,True,2756,2024-02-15
GTM,False,179,2024-02-15
GAB,False,146,2024-02-15
PCN,False,21,2024-02-15
TUV,,11923,2024-02-15
SOM,False,251,2024-02-15
SYR,True,74,2024-02-15
TLS,,96,2024-02-15
GNB,,69,2024-02-15
EGY,False,303,2024-02-15
FIN,,40308,2024-02-15
SAU,,4366,2024-02-15
BWA,,595,2024-02-15
GRC,True,11409,2024-02-15
MLT,False,677,2024-02-15
CUW,,98,2024-02-15
FIN,True,8537,2024-02-15
HUN,True,19881,2024-02-15
CAF,True,29,2024-02-15
CAN,True,31734,2024-02-15
LAO,False,540,2024-02-15
RWA,False,121,2024-02-15
DOM,,2334,2024-02-15
PRT,True,10440,2024-02-15
TGO,,359,2024-02-15
CYP,True,612,2024-02-15
SUR,False,82,2024-02-15
TGO,False,61,2024-02-15
BHR,,277,2024-02-15
AUT,True,13191,2024-02-15
TWN,False,3732,2024-02-15
PLW,True,671,2024-02-15
NIC,,319,2024-02-15
MEX,True,12235,2024-02-15
CHL,True,50884,2024-02-15
DOM,False,1094,2024-02-15
SEN,True,92,2024-02-15
KHM,True,162,2024-02-15
MNG,True,228,2024-02-15
SWE,False,22674,2024-02-15
GIB,True,85,2024-02-15
SSD,,8,2024-02-15
FJI,True,126,2024-02-15
SUR,,241,2024-02-15
GGY,,2635,2024-02-15
PNG,True,219,2024-02-15
NAM,True,21,2024-02-15
SGP,False,5794,2024-02-15
MSR,True,95,2024-02-15
ISR,False,3923,2024-02-15
UZB,True,882,2024-02-15
ATF,True,83,2024-02-15
KWT,,364,2024-02-15
UKR,False,3628,2024-02-15
TUN,False,809,2024-02-15
MWI,,121,2024-02-15
MDV,True,169,2024-02-15
FJI,,190,2024-02-15
CPV,True,71,2024-02-15
MRT,,173,2024-02-15
CAF,,213,2024-02-15
PER,,10900,2024-02-15
MYS,True,7287,2024-02-15
LUX,False,2661,2024-02-15
MYT,True,41,2024-02-15
NLD,,1311941,2024-02-15
SLE,True,15,2024-02-15
BTN,True,111,2024-02-15
PAK,,9224,2024-02-15
PAN,False,598,2024-02-15
LUX,,8851,2024-02-15
VNM,True,5232,2024-02-15
VCT,True,447,2024-02-15
TUR,,81181,2024-02-15
NCL,,864,2024-02-15
CYM,,390,2024-02-15
TUV,False,4286,2024-02-15
MKD,False,693,2024-02-15
BHR,False,253,2024-02-15
HKG,False,4482,2024-02-15
VUT,True,37,2024-02-15
MRT,True,16,2024-02-15
SLE,,128,2024-02-15
RWA,,382,2024-02-15
SVK,True,10064,2024-02-15
VUT,False,80,2024-02-15
EGY,True,270,2024-02-15
CUB,False,39,2024-02-15
MNE,,43804,2024-02-15
ROU,True,16961,2024-02-15
TKM,True,37,2024-02-15
AUT,,145575,2024-02-15
BDI,,165,2024-02-15
CPV,,338,2024-02-15
USA,,49363,2024-02-15
PHL,True,3464,2024-02-15
PSE,True,286,2024-02-15
COM,True,8,2024-02-15
MDG,,382,2024-02-15
MAR,,6487,2024-02-15
PYF,False,65,2024-02-15
SDN,,247,2024-02-15
PLW,False,745,2024-02-15
IMN,False,864,2024-02-15
GEO,,2926,2024-02-15
OMN,,342,2024-02-15
DOM,True,767,2024-02-15
KEN,False,1768,2024-02-15
MWI,True,87,2024-02-15
LCA,False,69,2024-02-15
JPN,False,12457,2024-02-15
VCT,False,589,2024-02-15
CIV,False,178,2024-02-15
KGZ,False,166,2024-02-15
VNM,,11668,2024-02-15
PAN,,880,2024-02-15
CXR,,874,2024-02-15
CIV,,1897,2024-02-15
BLR,True,1387,2024-02-15
LBR,,9,2024-02-15
ROU,False,9868,2024-02-15
IRQ,True,100,2024-02-15
KOR,,5198,2024-02-15
SWZ,False,94,2024-02-15
KGZ,True,190,2024-02-15
TCD,False,16,2024-02-15
KIR,False,13,2024-02-15
LIE,,4028,2024-02-15
JEY,False,234,2024-02-15
SDN,False,50,2024-02-15
MTQ,False,35,2024-02-15
BDI,True,31,2024-02-15
SLE,False,50,2024-02-15
CMR,False,283,2024-02-15
COL,False,37108,2024-02-15
ZAF,,79988,2024-02-15
LSO,,105,2024-02-15
BTN,,227,2024-02-15
NER,False,13,2024-02-15
ISR,,25884,2024-02-15
ZMB,True,166,2024-02-15
PRT,,62982,2024-02-15
FRA,False,57824,2024-02-15
OMN,True,139,2024-02-15
TUN,,2240,2024-02-15
NAM,,27,2024-02-15
EST,False,2497,2024-02-15
TJK,True,64,2024-02-15
MSR,,465,2024-02-15
SMR,,128,2024-02-15
CHE,False,34372,2024-02-15
JOR,True,530,2024-02-15
SXM,False,65,2024-02-15
NCL,False,166,2024-02-15
CRI,False,857,2024-02-15
DZA,True,544,2024-02-15
GNQ,True,69,2024-02-15
IRN,,39709,2024-02-15
LTU,,18910,2024-02-15
GRL,,522,2024-02-15
PAK,False,1989,2024-02-15
ZWE,True,287,2024-02-15
CYP,,2378,2024-02-15
THA,True,5016,2024-02-15
PSE,False,158,2024-02-15
IMN,,3164,2024-02-15
TWN,,13667,2024-02-15
MYS,,21358,2024-02-15
ZWE,,2216,2024-02-15
CHL,,79208,2024-02-15
NGA,False,1509,2024-02-15
MAC,,240,2024-02-15
ECU,True,1647,2024-02-15
PER,True,3718,2024-02-15
ZWE,False,336,2024-02-15
MUS,,873,2024-02-15
FRA,True,40206,2024-02-15
VGB,False,78,2024-02-15
GRL,True,125,2024-02-15
COK,False,19,2024-02-15
SRB,True,2755,2024-02-15
SAU,False,1439,2024-02-15
NGA,True,1087,2024-02-15
CAN,,171340,2024-02-15
PER,False,3212,2024-02-15
WSM,False,625,2024-02-15
POL,False,18518,2024-02-15
MDV,False,146,2024-02-15
SDN,True,37,2024-02-15
COL,,158195,2024-02-15
RUS,,200668,2024-02-15
ISL,True,1449,2024-02-15
TUN,True,351,2024-02-15
PAK,True,2054,2024-02-15
ROU,,104211,2024-02-15
KIR,,27,2024-02-15
GBR,True,97059,2024-02-15
BLR,False,686,2024-02-15
BRN,False,44,2024-02-15
MLT,True,364,2024-02-15
IRQ,False,116,2024-02-15
BLZ,,1454,2024-02-15
DEU,False,98395,2024-02-15
ITA,False,34483,2024-02-15
CUW,False,37,2024-02-15
DNK,,117668,2024-02-15
SWZ,,48,2024-02-15
ESP,False,23021,2024-02-15
TCA,False,72,2024-02-15
TTO,,204,2024-02-15
PRI,,106,2024-02-15
AUT,False,17258,2024-02-15
ESP,,219798,2024-02-15
MYS,False,6160,2024-02-15
CYM,False,244,2024-02-15
CHN,True,4967,2024-02-15
MAR,True,875,2024-02-15
GUF,False,18,2024-02-15
ZMB,False,147,2024-02-15
NIC,False,417,2024-02-15
PAN,True,232,2024-02-15
KEN,,5839,2024-02-15
STP,True,173,2024-02-15
LKA,,3670,2024-02-15
WSM,,1812,2024-02-15
MYT,,430,2024-02-15
ISR,True,3674,2024-02-15
HRV,False,2827,2024-02-15
MDV,,776,2024-02-15
POL,True,182256,2024-02-15
JEY,True,135,2024-02-15
GIB,False,73,2024-02-15
EST,,13986,2024-02-15
LBN,,268,2024-02-15
IRL,True,3907,2024-02-15
KEN,True,2434,2024-02-15
TWN,True,4667,2024-02-15
SLB,,91,2024-02-15
IRL,,20268,2024-02-15
SRB,False,2137,2024-02-15
GHA,False,130,2024-02-15
COD,True,54,2024-02-15
SWE,,70351,2024-02-15
CMR,True,120,2024-02-15
SHN,True,523,2024-02-15
UGA,True,378,2024-02-15
PNG,False,85,2024-02-15
TKM,False,84,2024-02-15
NGA,,5590,2024-02-15
GAB,,370,2024-02-15
MNE,True,9289,2024-02-15
TUR,True,14254,2024-02-15
REU,False,625,2024-02-15
TUV,True,2051,2024-02-15
KHM,False,111,2024-02-15
GLP,False,57,2024-02-15
HND,,462,2024-02-15
HRV,True,2874,2024-02-15
SVN,,33451,2024-02-15
TON,False,654,2024-02-15
PYF,True,134,2024-02-15
NRU,,14,2024-02-15
MWI,False,87,2024-02-15
YEM,True,33,2024-02-15
SLV,,711,2024-02-15
PYF,,187,2024-02-15
STP,False,316,2024-02-15
TCD,True,8,2024-02-15
ECU,,4468,2024-02-15
GLP,,108,2024-02-15
GRD,,136,2024-02-15
ETH,False,48,2024-02-15
IMN,True,468,2024-02-15
DMA,True,10,2024-02-15
SYC,False,183,2024-02-15
GRC,,76825,2024-02-15
SYR,,308,2024-02-15
MSR,False,341,2024-02-15
COD,False,93,2024-02-15
SGS,False,144,2024-02-15
GIN,,148,2024-02-15
CCK,True,3447,2024-02-15
LBN,False,129,2024-02-15
COK,,72,2024-02-15
MDA,True,985,2024-02-15
BLZ,True,253,2024-02-15
LBY,False,341,2024-02-15
SXM,,168,2024-02-15
FJI,False,196,2024-02-15
RUS,True,49569,2024-02-15
NZL,False,23848,2024-02-15
OMN,False,539,2024-02-15
QAT,False,673,2024-02-15
NCL,True,291,2024-02-15
LBY,True,172,2024-02-15
GMB,False,31,2024-02-15
SGP,,16978,2024-02-15
PRT,False,10121,2024-02-15
HND,False,319,2024-02-15
MUS,False,428,2024-02-15
KAZ,,8918,2024-02-15
IND,,188510,2024-02-15
NLD,True,253425,2024-02-15
USA,False,21536,2024-02-15
SPM,True,160,2024-02-15
HTI,False,96,2024-02-15
BRA,False,39997,2024-02-15
LTU,False,2843,2024-02-15
HKG,,10963,2024-02-15
NZL,True,11530,2024-02-15
PHL,False,2697,2024-02-15
LIE,True,619,2024-02-15
KHM,,366,2024-02-15
TCD,,73,2024-02-15
MMR,,187,2024-02-15
DNK,False,27421,2024-02-15
TKL,False,54,2024-02-15
MMR,False,91,2024-02-15
TLS,False,49,2024-02-15
MKD,,2721,2024-02-15
IRL,False,7381,2024-02-15
IDN,,50357,2024-02-15
CHN,,11821,2024-02-15
CUB,True,181,2024-02-15
BEN,True,56,2024-02-15
MKD,True,778,2024-02-15
SLV,True,330,2024-02-15
GGY,False,1099,2024-02-15
PRI,False,240,2024-02-15
DEU,,817141,2024-02-15
MDA,,4270,2024-02-15
DZA,,1178,2024-02-15
UZB,,7725,2024-02-15
BGR,,59,2024-02-15
MCO,,345,2024-02-15
NPL,False,1127,2024-02-15
GUY,True,143,2024-02-15
BOL,False,556,2024-02-15
VEN,True,546,2024-02-15
CIV,True,144,2024-02-15
JPN,,183476,2024-02-15
ESP,True,36910,2024-02-15
SYR,False,11,2024-02-15
SRB,,10163,2024-02-15
BHR,True,104,2024-02-15
,False,50604,2024-02-15
TZA,,1467,2024-02-15
BHS,False,76,2024-02-15
PLW,,3423,2024-02-15
LAO,,1554,2024-02-15
KGZ,,1414,2024-02-15
CHE,,198955,2024-02-15
JEY,,575,2024-02-15
CAN,False,51183,2024-02-15
CZE,,116134,2024-02-15
PHL,,6224,2024-02-15
IND,True,19899,2024-02-15
BWA,False,373,2024-02-15
NIU,False,5576,2024-02-15
ISL,,8153,2024-02-15
BEN,,1078,2024-02-15
EGY,,601,2024-02-15
VGB,,160,2024-02-15
SGS,,245,2024-02-15
KOR,True,1552,2024-02-15
SSD,False,3,2024-02-15
PRY,True,1274,2024-02-15
ATF,,341,2024-02-15
COL,True,32329,2024-02-15
VNM,False,3171,2024-02-15
URY,False,1353,2024-02-15
QAT,True,368,2024-02-15
FRO,False,235,2024-02-15
COG,False,40,2024-02-15
DJI,True,20,2024-02-15
VGB,True,41,2024-02-15
BHS,True,17,2024-02-15
MNP,True,12,2024-02-15
GAB,True,57,2024-02-15
NAM,False,29,2024-02-15
SWZ,True,20,2024-02-15
WLF,False,55,2024-02-15
GNB,True,17,2024-02-15
TGO,True,49,2024-02-15
TTO,True,76,2024-02-15
DJI,False,40,2024-02-15
LBR,False,5,2024-02-15
GRD,True,19,2024-02-15
LCA,True,42,2024-02-15
MNP,False,29,2024-02-15
BGR,False,30,2024-02-15
KIR,True,8,2024-02-15
MAC,False,82,2024-02-15
VIR,False,33,2024-02-15
MNP,,60,2024-02-15
COK,True,5,2024-02-15
MTQ,,28,2024-02-15
DMA,False,29,2024-02-15
NER,True,24,2024-02-15
SGS,True,59,2024-02-15
FLK,True,40,2024-02-15
NFK,,16,2024-02-15
MTQ,True,6,2024-02-15
CAF,False,44,2024-02-15
HMD,,16,2024-02-15
VIR,,29,2024-02-15
COM,,9,2024-02-15
HMD,False,18,2024-02-15
KNA,,16,2024-02-15
GMB,True,15,2024-02-15
BGD,,8,2024-02-15
GLP,True,13,2024-02-15
CUW,True,18,2024-02-15
PRI,True,19,2024-02-15
GUF,True,5,2024-02-15
HMD,True,3,2024-02-15
KNA,True,3,2024-02-15
HTI,True,56,2024-02-15
BTN,False,14,2024-02-15
GIN,True,9,2024-02-15
ARM,,7,2024-02-15
GNB,False,6,2024-02-15
NRU,True,2,2024-02-15
ARE,False,4,2024-02-15
NRU,False,17,2024-02-15
GUM,,3,2024-02-15
ARE,,7,2024-02-15
PCN,True,2,2024-02-15
SSD,True,3,2024-02-15
VAT,False,1,2024-02-15
ARE,True,1,2024-02-15
BGR,True,4,2024-02-15
LBR,True,5,2024-02-15
ARM,False,5,2024-02-15
YEM,False,6,2024-02-15
GUM,False,7,2024-02-15
VIR,True,5,2024-02-15
GIN,False,1,2024-02-15
FLK,False,1,2024-02-15
COM,False,1,2024-02-15
NFK,True,2,2024-02-15
BGD,False,4,2024-02-15
BRA,True,112495,2024-03-15
THA,False,1715,2024-03-15
CCK,,15714,2024-03-15
NIU,,17466,2024-03-15
ZAF,False,29004,2024-03-15
SLB,True,95,2024-03-15
PSE,,636,2024-03-15
HTI,,148,2024-03-15
NOR,True,66179,2024-03-15
IRN,True,18454,2024-03-15
CZE,True,25353,2024-03-15
CZE,False,16946,2024-03-15
SWE,True,15374,2024-03-15
GRL,False,302,2024-03-15
POL,,678065,2024-03-15
LVA,,9740,2024-03-15
WSM,True,1108,2024-03-15
ZMB,,383,2024-03-15
JAM,,108,2024-03-15
SVK,False,8334,2024-03-15
PRY,False,846,2024-03-15
BRA,,582209,2024-03-15
SPM,,730,2024-03-15
NLD,False,98307,2024-03-15
SVN,False,2844,2024-03-15
LAO,True,422,2024-03-15
COG,False,40,2024-03-15
BDI,False,73,2024-03-15
MOZ,,1127,2024-03-15
BMU,False,255,2024-03-15
JOR,,349,2024-03-15
CUB,,124,2024-03-15
RUS,False,13322,2024-03-15
RWA,True,310,2024-03-15
DJI,True,22,2024-03-15
TUR,False,7710,2024-03-15
MNE,False,13919,2024-03-15
LSO,True,48,2024-03-15
SEN,False,152,2024-03-15
CCK,False,6021,2024-03-15
WLF,True,34,2024-03-15
VGB,True,43,2024-03-15
FRA,,375340,2024-03-15
SOM,,902,2024-03-15
NPL,True,1133,2024-03-15
TCA,,230,2024-03-15
ECU,False,1669,2024-03-15
MDG,True,178,2024-03-15
FSM,,1207,2024-03-15
COD,,322,2024-03-15
BRN,,86,2024-03-15
SLB,False,63,2024-03-15
BOL,,1233,2024-03-15
URY,,6422,2024-03-15
IND,False,24675,2024-03-15
HKG,True,5605,2024-03-15
LIE,False,1066,2024-03-15
EST,True,2840,2024-03-15
SHN,False,818,2024-03-15
UZB,False,350,2024-03-15
HND,True,181,2024-03-15
VAT,True,60,2024-03-15
SXM,True,45,2024-03-15
LBY,,1174,2024-03-15
GIB,,266,2024-03-15
VAT,,56,2024-03-15
CXR,False,391,2024-03-15
ISL,False,2181,2024-03-15
CPV,False,36,2024-03-15
CHN,False,18668,2024-03-15
ITA,True,44561,2024-03-15
IDN,True,11585,2024-03-15
LSO,False,107,2024-03-15
MOZ,False,262,2024-03-15
JPN,True,33155,2024-03-15
IRN,False,6404,2024-03-15
ETH,True,49,2024-03-15
VEN,False,717,2024-03-15
GRD,False,74,2024-03-15
ETH,,1810,2024-03-15
GEO,False,763,2024-03-15
KWT,False,207,2024-03-15
TJK,False,76,2024-03-15
REU,True,506,2024-03-15
GNQ,,99,2024-03-15
LKA,True,1239,2024-03-15
ITA,,733062,2024-03-15
UKR,,25371,2024-03-15
MCO,False,118,2024-03-15
BMU,True,102,2024-03-15
SMR,True,36,2024-03-15
CMR,,858,2024-03-15
GHA,,355,2024-03-15
NOR,False,17580,2024-03-15
NER,,62,2024-03-15
TZA,True,1266,2024-03-15
JAM,True,43,2024-03-15
BLZ,False,470,2024-03-15
IOT,,67251,2024-03-15
SEN,,841,2024-03-15
GTM,,451,2024-03-15
SGP,True,3964,2024-03-15
GTM,True,92,2024-03-15
HUN,False,7458,2024-03-15
MLI,True,77,2024-03-15
KNA,False,22,2024-03-15
GUF,,30,2024-03-15
KWT,True,113,2024-03-15
LCA,,209,2024-03-15
GUY,,221,2024-03-15
IOT,True,20706,2024-03-15
MUS,True,261,2024-03-15
TKL,True,220,2024-03-15
BHS,True,18,2024-03-15
HRV,,34126,2024-03-15
VCT,,1612,2024-03-15
WLF,,186,2024-03-15
ZAF,True,23039,2024-03-15
SPM,False,232,2024-03-15
SHN,,2102,2024-03-15
SLV,False,405,2024-03-15
GUY,False,92,2024-03-15
MNG,False,203,2024-03-15
QAT,,1124,2024-03-15
KAZ,False,815,2024-03-15
BHS,,60,2024-03-15
MAR,False,1226,2024-03-15
FRO,True,96,2024-03-15
GBR,,507140,2024-03-15
MEX,False,14577,2024-03-15
TZA,False,592,2024-03-15
BOL,True,461,2024-03-15
TLS,True,97,2024-03-15
MAC,True,154,2024-03-15
IOT,False,27478,2024-03-15
SOM,True,346,2024-03-15
MNP,True,12,2024-03-15
PRY,,5843,2024-03-15
GMB,,164,2024-03-15
,,295507,2024-03-15
GHA,True,100,2024-03-15
TTO,False,131,2024-03-15
,True,59436,2024-03-15
ATF,False,110,2024-03-15
KAZ,True,1726,2024-03-15
UGA,False,305,2024-03-15
TON,,1904,2024-03-15
FRO,,669,2024-03-15
BWA,True,220,2024-03-15
URY,True,2187,2024-03-15
GEO,True,1220,2024-03-15
NIU,True,1206,2024-03-15
LUX,True,1951,2024-03-15
MDG,False,270,2024-03-15
CRI,,1776,2024-03-15
JOR,False,297,2024-03-15
GAB,True,59,2024-03-15
TJK,,231,2024-03-15
BMU,,331,2024-03-15
SMR,False,63,2024-03-15
LKA,False,1002,2024-03-15
MMR,True,211,2024-03-15
MYT,False,83,2024-03-15
SYC,True,117,2024-03-15
NAM,False,29,2024-03-15
MDA,False,555,2024-03-15
SUR,True,40,2024-03-15
GBR,False,150584,2024-03-15
LVA,True,2986,2024-03-15
MLI,False,178,2024-03-15
TON,True,412,2024-03-15
DZA,False,174,2024-03-15
NPL,,3822,2024-03-15
CRI,True,659,2024-03-15
SWZ,True,24,2024-03-15
BRN,True,103,2024-03-15
UGA,,751,2024-03-15
VUT,,144,2024-03-15
GNQ,False,36,2024-03-15
MLI,,532,2024-03-15
FLK,,23,2024-03-15
FSM,False,491,2024-03-15
JAM,False,107,2024-03-15
MLT,,1599,2024-03-15
MEX,,63033,2024-03-15
TKL,,964,2024-03-15
UKR,True,7949,2024-03-15
GRC,False,7607,2024-03-15
LBN,True,95,2024-03-15
MCO,True,88,2024-03-15
PNG,,307,2024-03-15
DMA,,30,2024-03-15
WLF,False,58,2024-03-15
BEN,False,28,2024-03-15
CHE,True,21185,2024-03-15
YEM,,44,2024-03-15
LVA,False,2949,2024-03-15
IDN,False,6871,2024-03-15
BLR,,7088,2024-03-15
MNG,,1509,2024-03-15
DEU,True,129339,2024-03-15
CXR,True,262,2024-03-15
SVK,,47078,2024-03-15
SYC,,232,2024-03-15
LTU,True,3108,2024-03-15
NIC,True,249,2024-03-15
STP,,855,2024-03-15
KOR,False,2998,2024-03-15
COG,,236,2024-03-15
FSM,True,233,2024-03-15
CYM,True,191,2024-03-15
HUN,,119693,2024-03-15
REU,,4436,2024-03-15
TKM,,85,2024-03-15
SVN,True,4343,2024-03-15
NZL,,47468,2024-03-15
TCA,True,75,2024-03-15
USA,True,10149,2024-03-15
THA,,11151,2024-03-15
DJI,,147,2024-03-15
DNK,True,15579,2024-03-15
GGY,True,532,2024-03-15
CYP,False,659,2024-03-15
NOR,,137167,2024-03-15
IRQ,,334,2024-03-15
MOZ,True,391,2024-03-15
VEN,,1897,2024-03-15
SAU,True,2802,2024-03-15
FIN,False,11663,2024-03-15
CHL,False,8843,2024-03-15
GTM,False,184,2024-03-15
GAB,False,150,2024-03-15
PCN,False,21,2024-03-15
TUV,,12388,2024-03-15
SOM,False,278,2024-03-15
SYR,True,77,2024-03-15
TLS,,99,2024-03-15
GNB,,72,2024-03-15
EGY,False,320,2024-03-15
FIN,,42898,2024-03-15
SAU,,4626,2024-03-15
BWA,,604,2024-03-15
MLT,False,714,2024-03-15
GRC,True,11738,2024-03-15
GNB,True,17,2024-03-15
CUW,,94,2024-03-15
FIN,True,8801,2024-03-15
HUN,True,20678,2024-03-15
CAN,True,33402,2024-03-15
LAO,False,586,2024-03-15
RWA,False,130,2024-03-15
DOM,,2396,2024-03-15
PRT,True,10863,2024-03-15
TGO,,371,2024-03-15
CYP,True,627,2024-03-15
TGO,False,65,2024-03-15
SUR,False,85,2024-03-15
TGO,True,48,2024-03-15
BHR,,279,2024-03-15
AUT,True,13852,2024-03-15
TWN,False,3913,2024-03-15
PLW,True,679,2024-03-15
NIC,,333,2024-03-15
CHL,True,51107,2024-03-15
MEX,True,12785,2024-03-15
DOM,False,1143,2024-03-15
MNG,True,238,2024-03-15
KHM,True,170,2024-03-15
SEN,True,97,2024-03-15
SWE,False,31249,2024-03-15
GIB,True,82,2024-03-15
FJI,True,130,2024-03-15
GGY,,2757,2024-03-15
SUR,,246,2024-03-15
PNG,True,229,2024-03-15
NAM,True,23,2024-03-15
SGP,False,6053,2024-03-15
MSR,True,100,2024-03-15
UZB,True,894,2024-03-15
ISR,False,4146,2024-03-15
ATF,True,86,2024-03-15
TTO,True,78,2024-03-15
KWT,,366,2024-03-15
UKR,False,3778,2024-03-15
TUN,False,464,2024-03-15
MWI,,119,2024-03-15
MDV,True,174,2024-03-15
FJI,,204,2024-03-15
CPV,True,70,2024-03-15
MRT,,177,2024-03-15
PER,,11378,2024-03-15
CAF,,283,2024-03-15
MYS,True,7622,2024-03-15
LUX,False,2837,2024-03-15
MYT,True,40,2024-03-15
NLD,,1328285,2024-03-15
SLE,True,16,2024-03-15
BTN,True,111,2024-03-15
PAK,,9694,2024-03-15
PAN,False,628,2024-03-15
DJI,False,43,2024-03-15
LUX,,9219,2024-03-15
VNM,True,5302,2024-03-15
VCT,True,471,2024-03-15
TUR,,84262,2024-03-15
NCL,,894,2024-03-15
CYM,,427,2024-03-15
MKD,False,709,2024-03-15
TUV,False,4548,2024-03-15
BHR,False,260,2024-03-15
HKG,False,4677,2024-03-15
LBR,False,5,2024-03-15
VUT,True,37,2024-03-15
GRD,True,20,2024-03-15
SLE,,132,2024-03-15
RWA,,404,2024-03-15
SVK,True,10466,2024-03-15
EGY,True,273,2024-03-15
CUB,False,38,2024-03-15
VUT,False,78,2024-03-15
MNE,,45896,2024-03-15
ROU,True,18777,2024-03-15
TKM,True,38,2024-03-15
AUT,,149756,2024-03-15
BDI,,173,2024-03-15
CPV,,342,2024-03-15
USA,,49659,2024-03-15
PHL,True,3568,2024-03-15
PSE,True,302,2024-03-15
COM,True,8,2024-03-15
LCA,True,43,2024-03-15
MAR,,6825,2024-03-15
MDG,,412,2024-03-15
PYF,False,69,2024-03-15
SDN,,266,2024-03-15
PLW,False,780,2024-03-15
IMN,False,892,2024-03-15
GEO,,3037,2024-03-15
OMN,,360,2024-03-15
KEN,False,1859,2024-03-15
LCA,False,71,2024-03-15
DOM,True,791,2024-03-15
MWI,True,81,2024-03-15
BGR,False,30,2024-03-15
MNP,False,30,2024-03-15
JPN,False,13707,2024-03-15
VCT,False,638,2024-03-15
CIV,False,170,2024-03-15
KGZ,False,163,2024-03-15
PAN,,931,2024-03-15
VNM,,12052,2024-03-15
CIV,,1888,2024-03-15
CXR,,907,2024-03-15
BLR,True,1407,2024-03-15
LBR,,11,2024-03-15
ROU,False,10522,2024-03-15
IRQ,True,105,2024-03-15
KOR,,5603,2024-03-15
SWZ,False,127,2024-03-15
KGZ,True,202,2024-03-15
LIE,,4256,2024-03-15
JEY,False,241,2024-03-15
SDN,False,52,2024-03-15
SLE,False,53,2024-03-15
CMR,False,286,2024-03-15
COL,False,39880,2024-03-15
ZAF,,86725,2024-03-15
BTN,,229,2024-03-15
LSO,,124,2024-03-15
ISR,,26785,2024-03-15
ZMB,True,173,2024-03-15
KIR,True,8,2024-03-15
PRT,,64572,2024-03-15
FRA,False,61731,2024-03-15
OMN,True,142,2024-03-15
TUN,,1979,2024-03-15
NAM,,31,2024-03-15
EST,False,2562,2024-03-15
TJK,True,65,2024-03-15
MSR,,483,2024-03-15
SMR,,132,2024-03-15
JOR,True,540,2024-03-15
CHE,False,36265,2024-03-15
NCL,False,173,2024-03-15
SXM,False,67,2024-03-15
DZA,True,567,2024-03-15
CRI,False,897,2024-03-15
GNQ,True,26,2024-03-15
IRN,,40296,2024-03-15
LTU,,20182,2024-03-15
GRL,,433,2024-03-15
PAK,False,2082,2024-03-15
ZWE,True,296,2024-03-15
CYP,,2515,2024-03-15
THA,True,5107,2024-03-15
PSE,False,156,2024-03-15
IMN,,3232,2024-03-15
TWN,,15532,2024-03-15
MYS,,22127,2024-03-15
ZWE,,2221,2024-03-15
CHL,,81136,2024-03-15
NGA,False,1588,2024-03-15
MAC,,247,2024-03-15
PER,True,3757,2024-03-15
ECU,True,1685,2024-03-15
ZWE,False,365,2024-03-15
MUS,,938,2024-03-15
FRA,True,41275,2024-03-15
GRL,True,126,2024-03-15
COK,False,19,2024-03-15
VGB,False,86,2024-03-15
NGA,True,1106,2024-03-15
SRB,True,2916,2024-03-15
SAU,False,1515,2024-03-15
CAN,,181661,2024-03-15
PER,False,3347,2024-03-15
WSM,False,673,2024-03-15
POL,False,20201,2024-03-15
SDN,True,36,2024-03-15
MDV,False,146,2024-03-15
RUS,,204258,2024-03-15
COL,,158882,2024-03-15
PAK,True,2140,2024-03-15
ISL,True,1536,2024-03-15
TUN,True,354,2024-03-15
ROU,,107875,2024-03-15
KIR,,27,2024-03-15
GBR,True,102257,2024-03-15
BLR,False,703,2024-03-15
BRN,False,44,2024-03-15
IRQ,False,135,2024-03-15
MLT,True,383,2024-03-15
MAC,False,88,2024-03-15
BLZ,,1499,2024-03-15
ITA,False,36963,2024-03-15
DEU,False,116201,2024-03-15
CUW,False,37,2024-03-15
DNK,,72375,2024-03-15
ESP,False,24069,2024-03-15
TCA,False,76,2024-03-15
TTO,,212,2024-03-15
PRI,,113,2024-03-15
AUT,False,18280,2024-03-15
ESP,,226360,2024-03-15
CHN,True,5072,2024-03-15
MYS,False,6450,2024-03-15
MAR,True,926,2024-03-15
CYM,False,271,2024-03-15
GUF,False,19,2024-03-15
NIC,False,423,2024-03-15
ZMB,False,159,2024-03-15
PAN,True,237,2024-03-15
KEN,,6006,2024-03-15
STP,True,175,2024-03-15
WSM,,2395,2024-03-15
LKA,,3865,2024-03-15
MYT,,445,2024-03-15
ISR,True,3819,2024-03-15
HRV,False,2957,2024-03-15
MDV,,776,2024-03-15
POL,True,187096,2024-03-15
JEY,True,137,2024-03-15
VIR,False,34,2024-03-15
GIB,False,82,2024-03-15
EST,,30428,2024-03-15
LBN,,274,2024-03-15
MNP,,62,2024-03-15
IRL,True,4100,2024-03-15
TWN,True,4863,2024-03-15
KEN,True,2460,2024-03-15
SLB,,93,2024-03-15
IRL,,21679,2024-03-15
SRB,False,2238,2024-03-15
GHA,False,136,2024-03-15
COK,True,5,2024-03-15
SWE,,67698,2024-03-15
CMR,True,107,2024-03-15
UGA,True,381,2024-03-15
SHN,True,536,2024-03-15
PNG,False,85,2024-03-15
TKM,False,85,2024-03-15
NGA,,5843,2024-03-15
GAB,,405,2024-03-15
TUR,True,14649,2024-03-15
TUV,True,2117,2024-03-15
MNE,True,9571,2024-03-15
KHM,False,107,2024-03-15
REU,False,676,2024-03-15
GLP,False,59,2024-03-15
HND,,474,2024-03-15
HRV,True,2943,2024-03-15
SVN,,34251,2024-03-15
TON,False,672,2024-03-15
PYF,True,133,2024-03-15
YEM,True,34,2024-03-15
MWI,False,90,2024-03-15
SLV,,757,2024-03-15
PYF,,197,2024-03-15
STP,False,331,2024-03-15
ECU,,4641,2024-03-15
GRD,,146,2024-03-15
MTQ,,30,2024-03-15
GLP,,114,2024-03-15
ETH,False,56,2024-03-15
IMN,True,479,2024-03-15
SYC,False,189,2024-03-15
GRC,,79595,2024-03-15
SYR,,305,2024-03-15
COD,False,104,2024-03-15
SGS,False,152,2024-03-15
MSR,False,360,2024-03-15
DMA,False,30,2024-03-15
GIN,,147,2024-03-15
CCK,True,3632,2024-03-15
LBN,False,137,2024-03-15
COK,,72,2024-03-15
BLZ,True,257,2024-03-15
MDA,True,1006,2024-03-15
LBY,False,353,2024-03-15
SXM,,168,2024-03-15
NER,True,23,2024-03-15
FJI,False,206,2024-03-15
NZL,False,25446,2024-03-15
RUS,True,50349,2024-03-15
OMN,False,552,2024-03-15
GMB,False,31,2024-03-15
QAT,False,707,2024-03-15
NCL,True,298,2024-03-15
LBY,True,175,2024-03-15
SGP,,17549,2024-03-15
PRT,False,10596,2024-03-15
MUS,False,454,2024-03-15
HND,False,337,2024-03-15
IND,,196273,2024-03-15
KAZ,,9092,2024-03-15
NLD,True,255505,2024-03-15
USA,False,22153,2024-03-15
SPM,True,161,2024-03-15
HTI,False,96,2024-03-15
BRA,False,42957,2024-03-15
LTU,False,3018,2024-03-15
HKG,,11699,2024-03-15
NZL,True,12201,2024-03-15
PHL,False,2827,2024-03-15
LIE,True,628,2024-03-15
SGS,True,59,2024-03-15
KHM,,379,2024-03-15
MMR,,198,2024-03-15
TCD,,78,2024-03-15
DNK,False,81473,2024-03-15
TKL,False,391,2024-03-15
MMR,False,98,2024-03-15
TLS,False,50,2024-03-15
MKD,,2815,2024-03-15
IRL,False,7835,2024-03-15
IDN,,50582,2024-03-15
CHN,,12646,2024-03-15
CUB,True,177,2024-03-15
MKD,True,788,2024-03-15
GGY,False,1168,2024-03-15
SLV,True,334,2024-03-15
PRI,False,243,2024-03-15
DEU,,848711,2024-03-15
MDA,,4371,2024-03-15
DZA,,1221,2024-03-15
UZB,,8006,2024-03-15
BGR,,103,2024-03-15
FLK,True,41,2024-03-15
NFK,,16,2024-03-15
MCO,,359,2024-03-15
NPL,False,1222,2024-03-15
BOL,False,579,2024-03-15
GUY,True,142,2024-03-15
VEN,True,558,2024-03-15
CIV,True,143,2024-03-15
JPN,,195561,2024-03-15
ESP,True,37654,2024-03-15
SRB,,10497,2024-03-15
BHR,True,106,2024-03-15
,False,53298,2024-03-15
TZA,,1523,2024-03-15
BHS,False,79,2024-03-15
KGZ,,1500,2024-03-15
LAO,,1648,2024-03-15
PLW,,3191,2024-03-15
MTQ,True,7,2024-03-15
CHE,,218144,2024-03-15
JEY,,614,2024-03-15
CAN,False,54345,2024-03-15
CZE,,121099,2024-03-15
PHL,,6514,2024-03-15
IND,True,20444,2024-03-15
BWA,False,379,2024-03-15
NIU,False,6895,2024-03-15
ISL,,8463,2024-03-15
VGB,,163,2024-03-15
BEN,,1006,2024-03-15
EGY,,618,2024-03-15
SGS,,249,2024-03-15
KOR,True,1632,2024-03-15
CAF,False,159,2024-03-15
HMD,,17,2024-03-15
PRY,True,1327,2024-03-15
ATF,,355,2024-03-15
COL,True,33927,2024-03-15
VNM,False,3316,2024-03-15
QAT,True,376,2024-03-15
URY,False,1415,2024-03-15
FRO,False,448,2024-03-15
ARM,,7,2024-03-15
NFK,False,30,2024-03-15
GNB,False,6,2024-03-15
VIR,,30,2024-03-15
KNA,,20,2024-03-15
CAF,True,62,2024-03-15
SSD,,17,2024-03-15
MRT,True,16,2024-03-15
BDI,True,35,2024-03-15
NER,False,13,2024-03-15
HTI,True,55,2024-03-15
SWZ,,52,2024-03-15
BTN,False,12,2024-03-15
COD,True,54,2024-03-15
GIN,True,9,2024-03-15
BEN,True,56,2024-03-15
GUF,True,6,2024-03-15
HMD,True,3,2024-03-15
PCN,,23,2024-03-15
HMD,False,18,2024-03-15
MRT,False,13,2024-03-15
PCN,True,2,2024-03-15
MTQ,False,36,2024-03-15
NRU,,15,2024-03-15
SSD,True,3,2024-03-15
COG,True,18,2024-03-15
ARE,False,4,2024-03-15
ARE,,7,2024-03-15
GMB,True,13,2024-03-15
FLK,False,2,2024-03-15
VAT,False,4,2024-03-15
LBR,True,5,2024-03-15
GLP,True,14,2024-03-15
TCD,False,17,2024-03-15
KIR,False,13,2024-03-15
PRI,True,21,2024-03-15
COM,False,3,2024-03-15
SYR,False,10,2024-03-15
COM,,11,2024-03-15
NRU,False,17,2024-03-15
TCD,True,8,2024-03-15
GUM,False,7,2024-03-15
DMA,True,10,2024-03-15
ARM,False,5,2024-03-15
NFK,True,2,2024-03-15
CUW,True,17,2024-03-15
YEM,False,7,2024-03-15
GUM,,3,2024-03-15
BGD,,7,2024-03-15
NRU,True,2,2024-03-15
BGR,True,4,2024-03-15
VIR,True,7,2024-03-15
GIN,False,1,2024-03-15
SSD,False,3,2024-03-15
BGD,False,3,2024-03-15
KNA,True,3,2024-03-15
ARE,True,1,2024-03-15
BRA,True,115611,2024-04-15
THA,False,1772,2024-04-15
CCK,,16531,2024-04-15
NIU,,17688,2024-04-15
ZAF,False,29718,2024-04-15
SLB,True,94,2024-04-15
PSE,,640,2024-04-15
HTI,,150,2024-04-15
IRN,True,18702,2024-04-15
NOR,True,66327,2024-04-15
CZE,False,18117,2024-04-15
SWE,True,15956,2024-04-15
CZE,True,26042,2024-04-15
GRL,False,312,2024-04-15
POL,,715775,2024-04-15
LVA,,9966,2024-04-15
WSM,True,1202,2024-04-15
JAM,,116,2024-04-15
ZMB,,392,2024-04-15
SVK,False,8719,2024-04-15
PRY,False,861,2024-04-15
BRA,,599250,2024-04-15
SPM,,740,2024-04-15
NLD,False,101718,2024-04-15
SVN,False,2949,2024-04-15
BDI,False,76,2024-04-15
LAO,True,430,2024-04-15
MOZ,,1182,2024-04-15
BMU,False,261,2024-04-15
JOR,,363,2024-04-15
CUB,,135,2024-04-15
RUS,False,13809,2024-04-15
RWA,True,301,2024-04-15
DJI,True,22,2024-04-15
MNE,False,14483,2024-04-15
TUR,False,8089,2024-04-15
LSO,True,48,2024-04-15
SEN,False,156,2024-04-15
CCK,False,6395,2024-04-15
WLF,True,37,2024-04-15
VGB,True,44,2024-04-15
FRA,,378131,2024-04-15
SOM,,953,2024-04-15
NPL,True,1173,2024-04-15
TCA,,253,2024-04-15
ECU,False,1687,2024-04-15
MDG,True,191,2024-04-15
FSM,,1248,2024-04-15
COD,,330,2024-04-15
BRN,,90,2024-04-15
SLB,False,64,2024-04-15
BOL,,1261,2024-04-15
URY,,6651,2024-04-15
IND,False,25964,2024-04-15
LIE,False,1129,2024-04-15
HKG,True,5644,2024-04-15
UZB,False,371,2024-04-15
EST,True,2915,2024-04-15
SHN,False,865,2024-04-15
SXM,True,57,2024-04-15
HND,True,188,2024-04-15
VAT,True,61,2024-04-15
LBY,,1179,2024-04-15
GIB,,267,2024-04-15
VAT,,57,2024-04-15
ISL,False,2231,2024-04-15
CXR,False,401,2024-04-15
CPV,False,36,2024-04-15
ITA,True,45374,2024-04-15
IDN,True,11715,2024-04-15
CHN,False,19418,2024-04-15
MOZ,False,259,2024-04-15
LSO,False,108,2024-04-15
JPN,True,34868,2024-04-15
IRN,False,6623,2024-04-15
ETH,True,48,2024-04-15
GRD,False,77,2024-04-15
VEN,False,729,2024-04-15
COG,True,20,2024-04-15
ETH,,1876,2024-04-15
GEO,False,771,2024-04-15
KWT,False,212,2024-04-15
TJK,False,78,2024-04-15
REU,True,515,2024-04-15
GNQ,,101,2024-04-15
LKA,True,1291,2024-04-15
UKR,,25765,2024-04-15
ITA,,744000,2024-04-15
MCO,False,120,2024-04-15
BMU,True,105,2024-04-15
CMR,,891,2024-04-15
GHA,,362,2024-04-15
NOR,False,18171,2024-04-15
VIR,,33,2024-04-15
NER,,65,2024-04-15
BLZ,False,488,2024-04-15
TZA,True,1294,2024-04-15
JAM,True,44,2024-04-15
IOT,,70576,2024-04-15
SEN,,843,2024-04-15
GTM,,464,2024-04-15
HUN,False,7711,2024-04-15
SGP,True,4117,2024-04-15
KNA,False,24,2024-04-15
GTM,True,98,2024-04-15
MLI,True,74,2024-04-15
GUF,,36,2024-04-15
KWT,True,116,2024-04-15
GUY,,245,2024-04-15
LCA,,220,2024-04-15
COM,,12,2024-04-15
IOT,True,21304,2024-04-15
MUS,True,269,2024-04-15
TKL,True,230,2024-04-15
HRV,,34545,2024-04-15
VCT,,1667,2024-04-15
WLF,,192,2024-04-15
ZAF,True,23838,2024-04-15
SPM,False,239,2024-04-15
SHN,,2191,2024-04-15
SLV,False,440,2024-04-15
MNG,False,222,2024-04-15
GUY,False,98,2024-04-15
QAT,,1149,2024-04-15
PCN,,24,2024-04-15
KAZ,False,825,2024-04-15
BHS,,62,2024-04-15
MAR,False,1278,2024-04-15
FRO,True,99,2024-04-15
GBR,,600803,2024-04-15
MEX,False,15040,2024-04-15
TZA,False,590,2024-04-15
BOL,True,468,2024-04-15
TLS,True,99,2024-04-15
MAC,True,160,2024-04-15
IOT,False,28660,2024-04-15
SOM,True,360,2024-04-15
PRY,,5887,2024-04-15
GMB,,171,2024-04-15
,,298169,2024-04-15
GHA,True,101,2024-04-15
TTO,False,134,2024-04-15
,True,59849,2024-04-15
ATF,False,120,2024-04-15
KAZ,True,1770,2024-04-15
UGA,False,308,2024-04-15
TON,,1954,2024-04-15
FRO,,679,2024-04-15
GEO,True,1241,2024-04-15
URY,True,2241,2024-04-15
BWA,True,227,2024-04-15
LUX,True,2030,2024-04-15
MDG,False,265,2024-04-15
NIU,True,1226,2024-04-15
CRI,,1820,2024-04-15
JOR,False,298,2024-04-15
GAB,True,59,2024-04-15
TJK,,227,2024-04-15
BMU,,340,2024-04-15
LKA,False,1045,2024-04-15
SYC,True,120,2024-04-15
MMR,True,216,2024-04-15
SMR,False,63,2024-04-15
MYT,False,85,2024-04-15
SUR,True,43,2024-04-15
MDA,False,577,2024-04-15
HMD,False,18,2024-04-15
GBR,False,159655,2024-04-15
LVA,True,3061,2024-04-15
TON,True,422,2024-04-15
MLI,False,182,2024-04-15
DZA,False,189,2024-04-15
NPL,,3932,2024-04-15
CRI,True,677,2024-04-15
SWZ,True,25,2024-04-15
BRN,True,105,2024-04-15
UGA,,768,2024-04-15
VUT,,148,2024-04-15
GNQ,False,41,2024-04-15
MLI,,436,2024-04-15
FLK,,23,2024-04-15
FSM,False,508,2024-04-15
JAM,False,100,2024-04-15
MLT,,1646,2024-04-15
KNA,,22,2024-04-15
MEX,,64472,2024-04-15
TKL,,1037,2024-04-15
UKR,True,8072,2024-04-15
GRC,False,8102,2024-04-15
LBN,True,95,2024-04-15
MCO,True,91,2024-04-15
FLK,False,3,2024-04-15
PNG,,310,2024-04-15
BGD,,7,2024-04-15
DMA,,29,2024-04-15
BEN,False,29,2024-04-15
WLF,False,61,2024-04-15
CHE,True,22455,2024-04-15
YEM,,44,2024-04-15
IDN,False,7226,2024-04-15
LVA,False,3057,2024-04-15
BLR,,7138,2024-04-15
MNG,,1579,2024-04-15
DEU,True,133419,2024-04-15
CXR,True,264,2024-04-15
SVK,,47776,2024-04-15
SYC,,236,2024-04-15
LTU,True,3145,2024-04-15
NIC,True,258,2024-04-15
STP,,869,2024-04-15
KOR,False,3079,2024-04-15
COG,,246,2024-04-15
FSM,True,238,2024-04-15
CYM,True,189,2024-04-15
HUN,,121334,2024-04-15
REU,,4588,2024-04-15
TKM,,86,2024-04-15
SVN,True,4415,2024-04-15
NZL,,50062,2024-04-15
TCA,True,80,2024-04-15
USA,True,11679,2024-04-15
THA,,11518,2024-04-15
DJI,,149,2024-04-15
DNK,True,15820,2024-04-15
GGY,True,554,2024-04-15
CYP,False,723,2024-04-15
VAT,False,6,2024-04-15
NOR,,140252,2024-04-15
IRQ,,389,2024-04-15
MOZ,True,357,2024-04-15
VEN,,1909,2024-04-15
CHL,False,9332,2024-04-15
FIN,False,12008,2024-04-15
GTM,False,185,2024-04-15
SAU,True,2873,2024-04-15
GAB,False,153,2024-04-15
PCN,False,21,2024-04-15
TUV,,12961,2024-04-15
SYR,True,77,2024-04-15
SOM,False,294,2024-04-15
TLS,,109,2024-04-15
GNB,,75,2024-04-15
EGY,False,331,2024-04-15
FIN,,44488,2024-04-15
SAU,,4774,2024-04-15
BWA,,618,2024-04-15
GRC,True,12086,2024-04-15
MLT,False,741,2024-04-15
CUW,,98,2024-04-15
FIN,True,8946,2024-04-15
HUN,True,21098,2024-04-15
CAF,True,66,2024-04-15
CAN,True,34389,2024-04-15
RWA,False,129,2024-04-15
LAO,False,607,2024-04-15
DOM,,2455,2024-04-15
PRT,True,11035,2024-04-15
TGO,,376,2024-04-15
TGO,False,67,2024-04-15
SUR,False,88,2024-04-15
TGO,True,47,2024-04-15
CYP,True,651,2024-04-15
BHR,,293,2024-04-15
TWN,False,4013,2024-04-15
AUT,True,14262,2024-04-15
PLW,True,662,2024-04-15
NIC,,340,2024-04-15
CHL,True,51104,2024-04-15
MEX,True,13033,2024-04-15
MNG,True,246,2024-04-15
DOM,False,1169,2024-04-15
SEN,True,101,2024-04-15
KHM,True,171,2024-04-15
SWE,False,32024,2024-04-15
GIB,True,84,2024-04-15
SSD,,18,2024-04-15
FJI,True,136,2024-04-15
GGY,,2865,2024-04-15
SUR,,251,2024-04-15
NAM,True,25,2024-04-15
PNG,True,224,2024-04-15
SGP,False,6219,2024-04-15
MSR,True,109,2024-04-15
UZB,True,902,2024-04-15
ISR,False,4320,2024-04-15
TTO,True,79,2024-04-15
ATF,True,92,2024-04-15
KWT,,374,2024-04-15
UKR,False,3898,2024-04-15
TUN,False,793,2024-04-15
MWI,,123,2024-04-15
MDV,True,176,2024-04-15
FJI,,210,2024-04-15
CPV,True,70,2024-04-15
MRT,,182,2024-04-15
GLP,True,15,2024-04-15
PER,,11770,2024-04-15
CAF,,292,2024-04-15
LUX,False,2912,2024-04-15
MYS,True,7850,2024-04-15
MYT,True,42,2024-04-15
NLD,,1340121,2024-04-15
BTN,True,111,2024-04-15
SLE,True,16,2024-04-15
PAK,,9747,2024-04-15
PAN,False,648,2024-04-15
DJI,False,46,2024-04-15
LUX,,9506,2024-04-15
VNM,True,5391,2024-04-15
VCT,True,483,2024-04-15
TUR,,85692,2024-04-15
NCL,,922,2024-04-15
CYM,,444,2024-04-15
TUV,False,4808,2024-04-15
MKD,False,742,2024-04-15
BHR,False,216,2024-04-15
HKG,False,4769,2024-04-15
MRT,True,15,2024-04-15
VUT,True,37,2024-04-15
SLE,,139,2024-04-15
RWA,,380,2024-04-15
SVK,True,10821,2024-04-15
EGY,True,280,2024-04-15
VUT,False,77,2024-04-15
MNE,,48312,2024-04-15
ROU,True,19302,2024-04-15
AUT,,159759,2024-04-15
BDI,,176,2024-04-15
CPV,,360,2024-04-15
USA,,65720,2024-04-15
PHL,True,3809,2024-04-15
LCA,True,45,2024-04-15
PSE,True,304,2024-04-15
MAR,,6992,2024-04-15
MDG,,433,2024-04-15
PYF,False,75,2024-04-15
SDN,,270,2024-04-15
IMN,False,958,2024-04-15
PLW,False,798,2024-04-15
GEO,,3071,2024-04-15
OMN,,379,2024-04-15
KEN,False,1913,2024-04-15
DOM,True,809,2024-04-15
LCA,False,79,2024-04-15
MWI,True,92,2024-04-15
MNP,False,30,2024-04-15
JPN,False,14371,2024-04-15
VCT,False,670,2024-04-15
CIV,False,195,2024-04-15
KGZ,False,165,2024-04-15
VNM,,12420,2024-04-15
PAN,,946,2024-04-15
CXR,,946,2024-04-15
CIV,,1916,2024-04-15
BLR,True,1430,2024-04-15
LBR,,11,2024-04-15
ROU,False,10972,2024-04-15
IRQ,True,109,2024-04-15
KOR,,5865,2024-04-15
SWZ,False,121,2024-04-15
KGZ,True,206,2024-04-15
TCD,False,18,2024-04-15
LIE,,5312,2024-04-15
SDN,False,53,2024-04-15
JEY,False,246,2024-04-15
BDI,True,36,2024-04-15
MTQ,False,38,2024-04-15
SLE,False,54,2024-04-15
CMR,False,297,2024-04-15
COL,False,42835,2024-04-15
ZAF,,91292,2024-04-15
BTN,,231,2024-04-15
LSO,,124,2024-04-15
NER,False,13,2024-04-15
ISR,,27434,2024-04-15
ZMB,True,172,2024-04-15
ARE,True,1,2024-04-15
KIR,True,8,2024-04-15
PRT,,65582,2024-04-15
FRA,False,63694,2024-04-15
OMN,True,147,2024-04-15
TUN,,2288,2024-04-15
NAM,,34,2024-04-15
EST,False,2641,2024-04-15
TJK,True,64,2024-04-15
MSR,,503,2024-04-15
SMR,,136,2024-04-15
CHE,False,37929,2024-04-15
JOR,True,551,2024-04-15
NCL,False,187,2024-04-15
SXM,False,74,2024-04-15
CRI,False,898,2024-04-15
DZA,True,580,2024-04-15
IRN,,40223,2024-04-15
LTU,,20961,2024-04-15
GRL,,440,2024-04-15
PAK,False,2063,2024-04-15
ZWE,True,304,2024-04-15
CYP,,2616,2024-04-15
THA,True,5393,2024-04-15
PSE,False,156,2024-04-15
TWN,,17197,2024-04-15
IMN,,3358,2024-04-15
MYS,,22586,2024-04-15
ZWE,,2229,2024-04-15
CHL,,82084,2024-04-15
NGA,False,1632,2024-04-15
MAC,,265,2024-04-15
ECU,True,1712,2024-04-15
PER,True,3823,2024-04-15
ZWE,False,377,2024-04-15
MUS,,993,2024-04-15
FRA,True,42027,2024-04-15
GRL,True,135,2024-04-15
VGB,False,90,2024-04-15
SAU,False,1585,2024-04-15
SRB,True,2974,2024-04-15
NGA,True,1146,2024-04-15
CAN,,193702,2024-04-15
PER,False,3426,2024-04-15
WSM,False,730,2024-04-15
POL,False,21120,2024-04-15
MDV,False,160,2024-04-15
COL,,168611,2024-04-15
RUS,,206593,2024-04-15
ISL,True,1569,2024-04-15
PAK,True,2112,2024-04-15
TUN,True,363,2024-04-15
HTI,True,56,2024-04-15
ROU,,111271,2024-04-15
KIR,,27,2024-04-15
GBR,True,105398,2024-04-15
BLR,False,639,2024-04-15
BRN,False,44,2024-04-15
MAC,False,91,2024-04-15
MLT,True,392,2024-04-15
IRQ,False,145,2024-04-15
BLZ,,1542,2024-04-15
ITA,False,38751,2024-04-15
DEU,False,121323,2024-04-15
CUW,False,37,2024-04-15
DNK,,74438,2024-04-15
SWZ,,57,2024-04-15
ESP,False,24956,2024-04-15
TCA,False,79,2024-04-15
TTO,,220,2024-04-15
PRI,,112,2024-04-15
AUT,False,18979,2024-04-15
ESP,,230000,2024-04-15
CHN,True,5167,2024-04-15
MYS,False,6569,2024-04-15
MAR,True,938,2024-04-15
CYM,False,280,2024-04-15
GUF,False,22,2024-04-15
ZMB,False,168,2024-04-15
NIC,False,428,2024-04-15
PAN,True,246,2024-04-15
KEN,,6147,2024-04-15
PRI,True,21,2024-04-15
STP,True,176,2024-04-15
WSM,,2572,2024-04-15
MYT,,470,2024-04-15
LKA,,3967,2024-04-15
HRV,False,3059,2024-04-15
ISR,True,3923,2024-04-15
MDV,,810,2024-04-15
POL,True,188641,2024-04-15
JEY,True,138,2024-04-15
GIB,False,85,2024-04-15
EST,,31067,2024-04-15
LBN,,289,2024-04-15
MNP,,62,2024-04-15
IRL,True,4312,2024-04-15
KEN,True,2460,2024-04-15
TWN,True,4968,2024-04-15
SLB,,95,2024-04-15
IRL,,22683,2024-04-15
SRB,False,2345,2024-04-15
GHA,False,140,2024-04-15
COD,True,56,2024-04-15
SWE,,70603,2024-04-15
CMR,True,121,2024-04-15
SHN,True,549,2024-04-15
UGA,True,379,2024-04-15
PNG,False,87,2024-04-15
TKM,False,87,2024-04-15
NGA,,5999,2024-04-15
GAB,,427,2024-04-15
TUR,True,15008,2024-04-15
REU,False,725,2024-04-15
MNE,True,9632,2024-04-15
TUV,True,2147,2024-04-15
KHM,False,120,2024-04-15
GLP,False,63,2024-04-15
HND,,497,2024-04-15
HRV,True,2983,2024-04-15
SVN,,34538,2024-04-15
TON,False,680,2024-04-15
PYF,True,136,2024-04-15
MWI,False,94,2024-04-15
YEM,True,34,2024-04-15
SLV,,755,2024-04-15
PYF,,208,2024-04-15
STP,False,320,2024-04-15
ECU,,4751,2024-04-15
GRD,,146,2024-04-15
GLP,,124,2024-04-15
COM,False,3,2024-04-15
ETH,False,58,2024-04-15
IMN,True,486,2024-04-15
SYC,False,196,2024-04-15
DMA,True,10,2024-04-15
GRC,,81618,2024-04-15
SYR,,310,2024-04-15
MSR,False,370,2024-04-15
COD,False,105,2024-04-15
SGS,False,149,2024-04-15
DMA,False,30,2024-04-15
GIN,,146,2024-04-15
CCK,True,3681,2024-04-15
LBN,False,142,2024-04-15
COK,,75,2024-04-15
MDA,True,1020,2024-04-15
BLZ,True,265,2024-04-15
LBY,False,360,2024-04-15
SXM,,169,2024-04-15
FJI,False,211,2024-04-15
NER,True,25,2024-04-15
RUS,True,50896,2024-04-15
NZL,False,26558,2024-04-15
OMN,False,566,2024-04-15
QAT,False,726,2024-04-15
NCL,True,307,2024-04-15
LBY,True,176,2024-04-15
GMB,False,32,2024-04-15
SGP,,18127,2024-04-15
PRT,False,10968,2024-04-15
HND,False,340,2024-04-15
MUS,False,468,2024-04-15
IND,,200467,2024-04-15
KAZ,,9263,2024-04-15
NLD,True,254887,2024-04-15
USA,False,24623,2024-04-15
SPM,True,163,2024-04-15
HTI,False,96,2024-04-15
BRA,False,44820,2024-04-15
LTU,False,3114,2024-04-15
HKG,,13097,2024-04-15
NZL,True,12824,2024-04-15
PHL,False,2961,2024-04-15
LIE,True,637,2024-04-15
SGS,True,62,2024-04-15
MMR,,204,2024-04-15
KHM,,385,2024-04-15
TCD,,76,2024-04-15
DNK,False,81976,2024-04-15
TKL,False,420,2024-04-15
MMR,False,98,2024-04-15
TLS,False,50,2024-04-15
MKD,,2954,2024-04-15
IRL,False,8140,2024-04-15
IDN,,50465,2024-04-15
CHN,,13505,2024-04-15
CUB,True,194,2024-04-15
MKD,True,812,2024-04-15
SLV,True,345,2024-04-15
GGY,False,1239,2024-04-15
PRI,False,247,2024-04-15
BEN,True,56,2024-04-15
DEU,,879317,2024-04-15
DZA,,1244,2024-04-15
MDA,,4475,2024-04-15
UZB,,7956,2024-04-15
BGR,,109,2024-04-15
FLK,True,41,2024-04-15
MCO,,368,2024-04-15
BOL,False,603,2024-04-15
NPL,False,1267,2024-04-15
GUY,True,145,2024-04-15
VEN,True,562,2024-04-15
CIV,True,154,2024-04-15
JPN,,206622,2024-04-15
ESP,True,38054,2024-04-15
SRB,,10784,2024-04-15
BHR,True,107,2024-04-15
,False,54712,2024-04-15
TZA,,1601,2024-04-15
BHS,False,80,2024-04-15
PLW,,3407,2024-04-15
LAO,,1705,2024-04-15
KGZ,,1544,2024-04-15
CHE,,298520,2024-04-15
JEY,,659,2024-04-15
CAN,False,57831,2024-04-15
CZE,,124456,2024-04-15
PHL,,6751,2024-04-15
IND,True,20963,2024-04-15
BWA,False,390,2024-04-15
NIU,False,6939,2024-04-15
BEN,,1036,2024-04-15
ISL,,8654,2024-04-15
VGB,,166,2024-04-15
EGY,,626,2024-04-15
SGS,,252,2024-04-15
KOR,True,1697,2024-04-15
CAF,False,168,2024-04-15
HMD,,18,2024-04-15
PRY,True,1351,2024-04-15
ATF,,369,2024-04-15
COL,True,35091,2024-04-15
VNM,False,3418,2024-04-15
URY,False,1460,2024-04-15
FRO,False,449,2024-04-15
QAT,True,381,2024-04-15
COG,False,39,2024-04-15
NFK,False,30,2024-04-15
HMD,True,3,2024-04-15
SMR,True,35,2024-04-15
NAM,False,29,2024-04-15
ARM,False,5,2024-04-15
GMB,True,15,2024-04-15
NFK,True,2,2024-04-15
MRT,False,14,2024-04-15
CUB,False,42,2024-04-15
TKM,True,39,2024-04-15
BGR,False,30,2024-04-15
CUW,True,17,2024-04-15
KIR,False,14,2024-04-15
GNQ,True,29,2024-04-15
COK,False,20,2024-04-15
SDN,True,36,2024-04-15
YEM,False,6,2024-04-15
BTN,False,14,2024-04-15
VIR,False,35,2024-04-15
GUM,,3,2024-04-15
MTQ,,33,2024-04-15
NFK,,17,2024-04-15
GUF,True,6,2024-04-15
NRU,True,2,2024-04-15
GNB,False,6,2024-04-15
BHS,True,18,2024-04-15
ARE,,7,2024-04-15
VIR,True,9,2024-04-15
GNB,True,16,2024-04-15
GRD,True,23,2024-04-15
PCN,True,2,2024-04-15
BGD,False,3,2024-04-15
COK,True,5,2024-04-15
NRU,,15,2024-04-15
SYR,False,11,2024-04-15
ARE,False,4,2024-04-15
MNP,True,13,2024-04-15
BGR,True,4,2024-04-15
NRU,False,20,2024-04-15
TCD,True,8,2024-04-15
GUM,False,7,2024-04-15
MTQ,True,7,2024-04-15
ARM,,7,2024-04-15
LBR,False,5,2024-04-15
SSD,False,3,2024-04-15
LBR,True,5,2024-04-15
COM,True,8,2024-04-15
GIN,False,4,2024-04-15
SSD,True,3,2024-04-15
KNA,True,3,2024-04-15
GIN,True,9,2024-04-15
BRA,True,117752,2024-05-15
THA,False,1792,2024-05-15
NIU,,17559,2024-05-15
CCK,,16980,2024-05-15
ZAF,False,30280,2024-05-15
SLB,True,95,2024-05-15
PSE,,753,2024-05-15
HTI,,157,2024-05-15
NOR,True,66509,2024-05-15
IRN,True,18865,2024-05-15
CZE,True,26651,2024-05-15
SWE,True,16392,2024-05-15
CZE,False,18965,2024-05-15
GRL,False,324,2024-05-15
POL,,714982,2024-05-15
LVA,,10223,2024-05-15
WSM,True,1313,2024-05-15
ZMB,,398,2024-05-15
JAM,,119,2024-05-15
SVK,False,8943,2024-05-15
PRY,False,865,2024-05-15
BRA,,605131,2024-05-15
SPM,,758,2024-05-15
NLD,False,105691,2024-05-15
LAO,True,426,2024-05-15
SVN,False,3005,2024-05-15
COG,False,43,2024-05-15
BDI,False,82,2024-05-15
MOZ,,1172,2024-05-15
BMU,False,272,2024-05-15
JOR,,371,2024-05-15
CUB,,111,2024-05-15
RUS,False,14340,2024-05-15
RWA,True,307,2024-05-15
DJI,True,22,2024-05-15
MNE,False,14913,2024-05-15
TUR,False,8290,2024-05-15
LSO,True,50,2024-05-15
SEN,False,165,2024-05-15
CCK,False,6600,2024-05-15
VGB,True,44,2024-05-15
FRA,,377860,2024-05-15
SOM,,1009,2024-05-15
NPL,True,1146,2024-05-15
TCA,,250,2024-05-15
ECU,False,1742,2024-05-15
MDG,True,193,2024-05-15
COD,,358,2024-05-15
FSM,,1278,2024-05-15
BRN,,82,2024-05-15
SLB,False,65,2024-05-15
URY,,6763,2024-05-15
BOL,,1291,2024-05-15
IND,False,26720,2024-05-15
HKG,True,5737,2024-05-15
LIE,False,1232,2024-05-15
EST,True,3005,2024-05-15
UZB,False,395,2024-05-15
SHN,False,892,2024-05-15
HND,True,187,2024-05-15
VAT,True,61,2024-05-15
LBY,,1179,2024-05-15
GIB,,279,2024-05-15
VAT,,57,2024-05-15
ISL,False,2292,2024-05-15
CXR,False,412,2024-05-15
CPV,False,37,2024-05-15
ITA,True,45992,2024-05-15
CHN,False,19779,2024-05-15
IDN,True,11193,2024-05-15
MOZ,False,262,2024-05-15
LSO,False,105,2024-05-15
IRN,False,6632,2024-05-15
JPN,True,36256,2024-05-15
ETH,True,50,2024-05-15
VEN,False,733,2024-05-15
COG,True,20,2024-05-15
GRD,False,85,2024-05-15
NFK,False,38,2024-05-15
ETH,,1896,2024-05-15
KWT,False,207,2024-05-15
GEO,False,801,2024-05-15
TJK,False,87,2024-05-15
REU,True,526,2024-05-15
GNQ,,100,2024-05-15
LKA,True,1307,2024-05-15
ITA,,750170,2024-05-15
UKR,,26005,2024-05-15
BMU,True,115,2024-05-15
MCO,False,125,2024-05-15
GHA,,353,2024-05-15
CMR,,895,2024-05-15
NOR,False,18671,2024-05-15
VIR,,32,2024-05-15
NER,,68,2024-05-15
TZA,True,849,2024-05-15
BLZ,False,518,2024-05-15
JAM,True,50,2024-05-15
IOT,,73052,2024-05-15
SEN,,871,2024-05-15
GTM,,486,2024-05-15
SGP,True,4139,2024-05-15
HUN,False,7961,2024-05-15
GTM,True,99,2024-05-15
MLI,True,78,2024-05-15
KNA,False,28,2024-05-15
KWT,True,116,2024-05-15
LCA,,224,2024-05-15
GUY,,243,2024-05-15
COM,,13,2024-05-15
IOT,True,21817,2024-05-15
TKL,True,230,2024-05-15
MUS,True,273,2024-05-15
HRV,,34869,2024-05-15
VCT,,1724,2024-05-15
WLF,,194,2024-05-15
ZAF,True,24795,2024-05-15
SPM,False,240,2024-05-15
SHN,,2243,2024-05-15
GUY,False,107,2024-05-15
MNG,False,230,2024-05-15
SLV,False,445,2024-05-15
PCN,,26,2024-05-15
QAT,,1191,2024-05-15
KAZ,False,844,2024-05-15
BHS,,63,2024-05-15
MAR,False,1363,2024-05-15
FRO,True,99,2024-05-15
GBR,,646447,2024-05-15
MEX,False,15377,2024-05-15
TZA,False,592,2024-05-15
BOL,True,472,2024-05-15
MAC,True,156,2024-05-15
TLS,True,66,2024-05-15
IOT,False,29700,2024-05-15
SOM,True,369,2024-05-15
PRY,,5954,2024-05-15
GMB,,172,2024-05-15
,,301107,2024-05-15
TTO,False,143,2024-05-15
GHA,True,96,2024-05-15
,True,59847,2024-05-15
ATF,False,124,2024-05-15
KAZ,True,1787,2024-05-15
UGA,False,317,2024-05-15
TON,,1983,2024-05-15
FRO,,656,2024-05-15
URY,True,2258,2024-05-15
GEO,True,1243,2024-05-15
BWA,True,228,2024-05-15
LUX,True,2148,2024-05-15
NIU,True,1239,2024-05-15
MDG,False,264,2024-05-15
CRI,,1830,2024-05-15
JOR,False,304,2024-05-15
GAB,True,63,2024-05-15
TJK,,237,2024-05-15
BMU,,349,2024-05-15
MYT,False,92,2024-05-15
LKA,False,1090,2024-05-15
MMR,True,206,2024-05-15
SYC,True,123,2024-05-15
SMR,False,65,2024-05-15
MDA,False,595,2024-05-15
SUR,True,41,2024-05-15
HMD,False,17,2024-05-15
GBR,False,165881,2024-05-15
LVA,True,3090,2024-05-15
DZA,False,188,2024-05-15
TON,True,424,2024-05-15
MLI,False,193,2024-05-15
NPL,,3989,2024-05-15
CRI,True,684,2024-05-15
BRN,True,93,2024-05-15
UGA,,742,2024-05-15
VUT,,142,2024-05-15
GNQ,False,41,2024-05-15
MLI,,452,2024-05-15
FLK,,24,2024-05-15
FSM,False,534,2024-05-15
JAM,False,105,2024-05-15
MLT,,1685,2024-05-15
KNA,,22,2024-05-15
GMB,True,16,2024-05-15
MEX,,65577,2024-05-15
TKL,,1042,2024-05-15
UKR,True,8139,2024-05-15
GRC,False,8494,2024-05-15
LBN,True,105,2024-05-15
MCO,True,94,2024-05-15
PNG,,304,2024-05-15
BGD,,3,2024-05-15
DMA,,28,2024-05-15
WLF,False,62,2024-05-15
BEN,False,29,2024-05-15
CHE,True,23133,2024-05-15
YEM,,42,2024-05-15
LVA,False,3109,2024-05-15
IDN,False,7345,2024-05-15
MNG,,1594,2024-05-15
BLR,,7184,2024-05-15
DEU,True,136992,2024-05-15
CXR,True,274,2024-05-15
SVK,,48241,2024-05-15
SYC,,242,2024-05-15
LTU,True,3213,2024-05-15
NIC,True,236,2024-05-15
STP,,885,2024-05-15
KOR,False,2996,2024-05-15
COG,,249,2024-05-15
CYM,True,210,2024-05-15
FSM,True,248,2024-05-15
HUN,,122720,2024-05-15
REU,,4691,2024-05-15
TKM,,87,2024-05-15
SVN,True,4473,2024-05-15
NZL,,52207,2024-05-15
TCA,True,78,2024-05-15
USA,True,13257,2024-05-15
THA,,10743,2024-05-15
DJI,,151,2024-05-15
DNK,True,16019,2024-05-15
GGY,True,568,2024-05-15
CYP,False,743,2024-05-15
NOR,,141393,2024-05-15
IRQ,,453,2024-05-15
MOZ,True,351,2024-05-15
VEN,,1905,2024-05-15
CHL,False,9672,2024-05-15
FIN,False,12210,2024-05-15
SAU,True,2921,2024-05-15
GTM,False,188,2024-05-15
GAB,False,157,2024-05-15
PCN,False,31,2024-05-15
TUV,,13181,2024-05-15
SOM,False,312,2024-05-15
SYR,True,75,2024-05-15
GNB,,79,2024-05-15
TLS,,111,2024-05-15
EGY,False,348,2024-05-15
SAU,,4991,2024-05-15
FIN,,45708,2024-05-15
BWA,,624,2024-05-15
GRC,True,12289,2024-05-15
MLT,False,765,2024-05-15
CUW,,102,2024-05-15
FIN,True,9097,2024-05-15
HUN,True,21506,2024-05-15
CAF,True,62,2024-05-15
CAN,True,35282,2024-05-15
LAO,False,623,2024-05-15
RWA,False,132,2024-05-15
DOM,,2535,2024-05-15
PRT,True,11237,2024-05-15
TGO,,370,2024-05-15
CYP,True,668,2024-05-15
TGO,False,67,2024-05-15
TGO,True,46,2024-05-15
SUR,False,87,2024-05-15
BHR,,301,2024-05-15
AUT,True,14645,2024-05-15
TWN,False,4135,2024-05-15
PLW,True,657,2024-05-15
NIC,,324,2024-05-15
CHL,True,51001,2024-05-15
MEX,True,13207,2024-05-15
DOM,False,1188,2024-05-15
KHM,True,169,2024-05-15
MNG,True,242,2024-05-15
SEN,True,104,2024-05-15
SWE,False,32681,2024-05-15
GIB,True,84,2024-05-15
SSD,,19,2024-05-15
FJI,True,116,2024-05-15
GGY,,2937,2024-05-15
SUR,,259,2024-05-15
PNG,True,223,2024-05-15
NAM,True,27,2024-05-15
SGP,False,6335,2024-05-15
ISR,False,4437,2024-05-15
UZB,True,904,2024-05-15
ATF,True,93,2024-05-15
TTO,True,82,2024-05-15
KWT,,388,2024-05-15
TUN,False,1637,2024-05-15
UKR,False,4024,2024-05-15
MWI,,128,2024-05-15
MDV,True,174,2024-05-15
FJI,,192,2024-05-15
CPV,True,71,2024-05-15
MRT,,183,2024-05-15
PER,,11970,2024-05-15
CAF,,290,2024-05-15
LUX,False,2978,2024-05-15
MYS,True,7763,2024-05-15
MYT,True,42,2024-05-15
NLD,,1351529,2024-05-15
SLE,True,16,2024-05-15
BTN,True,101,2024-05-15
PAK,,9956,2024-05-15
PAN,False,640,2024-05-15
DJI,False,47,2024-05-15
LUX,,10053,2024-05-15
VNM,True,5144,2024-05-15
VCT,True,488,2024-05-15
TUR,,87468,2024-05-15
CYM,,466,2024-05-15
NCL,,909,2024-05-15
TUV,False,4963,2024-05-15
MKD,False,743,2024-05-15
BHR,False,229,2024-05-15
HKG,False,4912,2024-05-15
MRT,True,17,2024-05-15
GRD,True,22,2024-05-15
VUT,True,37,2024-05-15
RWA,,380,2024-05-15
SLE,,139,2024-05-15
SVK,True,11089,2024-05-15
EGY,True,285,2024-05-15
VUT,False,77,2024-05-15
MNE,,49022,2024-05-15
ROU,True,19535,2024-05-15
AUT,,167500,2024-05-15
CPV,,446,2024-05-15
BDI,,182,2024-05-15
USA,,68821,2024-05-15
PHL,True,3857,2024-05-15
PSE,True,433,2024-05-15
LCA,True,46,2024-05-15
MAR,,7221,2024-05-15
MDG,,443,2024-05-15
PYF,False,83,2024-05-15
SDN,,264,2024-05-15
PLW,False,798,2024-05-15
IMN,False,980,2024-05-15
GEO,,3122,2024-05-15
OMN,,391,2024-05-15
DOM,True,813,2024-05-15
KEN,False,2041,2024-05-15
MWI,True,62,2024-05-15
LCA,False,88,2024-05-15
JPN,False,14814,2024-05-15
VCT,False,697,2024-05-15
CIV,False,196,2024-05-15
KGZ,False,181,2024-05-15
VNM,,12265,2024-05-15
PAN,,964,2024-05-15
CIV,,1940,2024-05-15
CXR,,962,2024-05-15
CUW,True,18,2024-05-15
BLR,True,1446,2024-05-15
ROU,False,11276,2024-05-15
IRQ,True,112,2024-05-15
KOR,,5873,2024-05-15
SWZ,False,120,2024-05-15
KGZ,True,210,2024-05-15
KIR,False,22,2024-05-15
LIE,,5512,2024-05-15
BDI,True,36,2024-05-15
JEY,False,257,2024-05-15
SDN,False,52,2024-05-15
MTQ,False,38,2024-05-15
SLE,False,55,2024-05-15
CMR,False,303,2024-05-15
COL,False,44643,2024-05-15
ZAF,,96013,2024-05-15
BTN,,221,2024-05-15
LSO,,124,2024-05-15
NER,False,14,2024-05-15
ISR,,27685,2024-05-15
ZMB,True,176,2024-05-15
PRT,,73381,2024-05-15
FRA,False,65752,2024-05-15
OMN,True,147,2024-05-15
TUN,,3187,2024-05-15
NAM,,35,2024-05-15
EST,False,2705,2024-05-15
TJK,True,64,2024-05-15
MSR,,514,2024-05-15
SMR,,141,2024-05-15
CHE,False,39426,2024-05-15
NCL,False,196,2024-05-15
SXM,False,73,2024-05-15
JOR,True,560,2024-05-15
DZA,True,579,2024-05-15
CRI,False,907,2024-05-15
GNQ,True,28,2024-05-15
LTU,,21708,2024-05-15
IRN,,39597,2024-05-15
GRL,,455,2024-05-15
PAK,False,2125,2024-05-15
ZWE,True,319,2024-05-15
CYP,,2685,2024-05-15
THA,True,5025,2024-05-15
PSE,False,164,2024-05-15
TWN,,18122,2024-05-15
IMN,,3372,2024-05-15
ZWE,,2225,2024-05-15
MYS,,22579,2024-05-15
CHL,,83775,2024-05-15
NGA,False,1681,2024-05-15
MAC,,262,2024-05-15
PER,True,3858,2024-05-15
ECU,True,1728,2024-05-15
ZWE,False,403,2024-05-15
MUS,,1048,2024-05-15
FRA,True,42661,2024-05-15
GRL,True,135,2024-05-15
VGB,False,96,2024-05-15
COK,False,20,2024-05-15
SAU,False,1669,2024-05-15
SRB,True,3040,2024-05-15
NGA,True,1208,2024-05-15
CAN,,199249,2024-05-15
PER,False,3532,2024-05-15
WSM,False,744,2024-05-15
POL,False,21955,2024-05-15
MDV,False,158,2024-05-15
RUS,,209745,2024-05-15
COL,,174767,2024-05-15
ISL,True,1584,2024-05-15
PAK,True,2141,2024-05-15
TUN,True,376,2024-05-15
ROU,,112562,2024-05-15
GBR,True,107589,2024-05-15
BLR,False,641,2024-05-15
BRN,False,34,2024-05-15
MLT,True,399,2024-05-15
IRQ,False,148,2024-05-15
MAC,False,87,2024-05-15
BLZ,,1570,2024-05-15
ITA,False,40172,2024-05-15
DEU,False,125326,2024-05-15
CUW,False,39,2024-05-15
DNK,,76742,2024-05-15
ESP,False,25789,2024-05-15
TCA,False,78,2024-05-15
TTO,,226,2024-05-15
PRI,,118,2024-05-15
AUT,False,19475,2024-05-15
ESP,,232929,2024-05-15
CHN,True,5310,2024-05-15
MAR,True,971,2024-05-15
MYS,False,6604,2024-05-15
GUF,False,22,2024-05-15
CYM,False,286,2024-05-15
NIC,False,398,2024-05-15
ZMB,False,181,2024-05-15
PAN,True,252,2024-05-15
KEN,,6240,2024-05-15
STP,True,180,2024-05-15
PRI,True,22,2024-05-15
WSM,,2717,2024-05-15
LKA,,4018,2024-05-15
MYT,,479,2024-05-15
ISR,True,3941,2024-05-15
HRV,False,3127,2024-05-15
MDV,,821,2024-05-15
POL,True,189402,2024-05-15
JEY,True,142,2024-05-15
GIB,False,91,2024-05-15
VIR,False,45,2024-05-15
EST,,31504,2024-05-15
LBN,,301,2024-05-15
MNP,,59,2024-05-15
IRL,True,4427,2024-05-15
TWN,True,5014,2024-05-15
KEN,True,2472,2024-05-15
SLB,,97,2024-05-15
IRL,,23354,2024-05-15
SRB,False,2433,2024-05-15
COD,True,55,2024-05-15
GHA,False,137,2024-05-15
SWE,,72499,2024-05-15
CMR,True,125,2024-05-15
SHN,True,559,2024-05-15
UGA,True,375,2024-05-15
TKM,False,105,2024-05-15
PNG,False,87,2024-05-15
NGA,,6236,2024-05-15
GAB,,428,2024-05-15
TUR,True,15347,2024-05-15
REU,False,760,2024-05-15
MNE,True,9617,2024-05-15
TUV,True,2178,2024-05-15
KHM,False,119,2024-05-15
GLP,False,63,2024-05-15
HND,,506,2024-05-15
HRV,True,3009,2024-05-15
SVN,,34747,2024-05-15
TON,False,696,2024-05-15
PYF,True,133,2024-05-15
MWI,False,95,2024-05-15
YEM,True,30,2024-05-15
SLV,,788,2024-05-15
PYF,,217,2024-05-15
STP,False,331,2024-05-15
ECU,,4807,2024-05-15
GLP,,125,2024-05-15
GRD,,153,2024-05-15
MTQ,,33,2024-05-15
ETH,False,58,2024-05-15
IMN,True,490,2024-05-15
SYC,False,206,2024-05-15
GRC,,82748,2024-05-15
SYR,,271,2024-05-15
SGS,False,158,2024-05-15
MSR,False,380,2024-05-15
COD,False,110,2024-05-15
DMA,False,34,2024-05-15
GIN,,169,2024-05-15
CCK,True,3740,2024-05-15
LBN,False,139,2024-05-15
COK,,75,2024-05-15
LBY,False,368,2024-05-15
MDA,True,1048,2024-05-15
BLZ,True,277,2024-05-15
SXM,,171,2024-05-15
NER,True,26,2024-05-15
FJI,False,217,2024-05-15
NZL,False,27451,2024-05-15
RUS,True,51247,2024-05-15
OMN,False,567,2024-05-15
GMB,False,35,2024-05-15
NCL,True,314,2024-05-15
QAT,False,744,2024-05-15
LBY,True,183,2024-05-15
SGP,,18214,2024-05-15
PRT,False,11311,2024-05-15
HND,False,328,2024-05-15
MUS,False,491,2024-05-15
IND,,203604,2024-05-15
KAZ,,9276,2024-05-15
NLD,True,255613,2024-05-15
USA,False,25269,2024-05-15
SPM,True,169,2024-05-15
HTI,False,97,2024-05-15
BRA,False,46632,2024-05-15
LTU,False,3175,2024-05-15
HKG,,13255,2024-05-15
NZL,True,13158,2024-05-15
PHL,False,3020,2024-05-15
LIE,True,639,2024-05-15
SGS,True,63,2024-05-15
KHM,,373,2024-05-15
MMR,,206,2024-05-15
TCD,,79,2024-05-15
DNK,False,83273,2024-05-15
TKL,False,428,2024-05-15
MMR,False,99,2024-05-15
TLS,False,55,2024-05-15
MKD,,2977,2024-05-15
IRL,False,8362,2024-05-15
CHN,,13147,2024-05-15
IDN,,50719,2024-05-15
CUB,True,175,2024-05-15
GGY,False,1277,2024-05-15
MKD,True,831,2024-05-15
SLV,True,353,2024-05-15
BEN,True,58,2024-05-15
PRI,False,261,2024-05-15
DEU,,898933,2024-05-15
MDA,,4540,2024-05-15
DZA,,1259,2024-05-15
UZB,,7947,2024-05-15
BGR,,108,2024-05-15
FLK,True,41,2024-05-15
MCO,,375,2024-05-15
NFK,,17,2024-05-15
NPL,False,1332,2024-05-15
GUY,True,143,2024-05-15
BOL,False,613,2024-05-15
VEN,True,550,2024-05-15
CIV,True,159,2024-05-15
JPN,,213230,2024-05-15
ESP,True,38310,2024-05-15
SYR,False,14,2024-05-15
SRB,,10987,2024-05-15
BHR,True,107,2024-05-15
,False,55729,2024-05-15
TZA,,1693,2024-05-15
BHS,False,87,2024-05-15
KGZ,,1556,2024-05-15
PLW,,3372,2024-05-15
LAO,,1739,2024-05-15
CHE,,311697,2024-05-15
JEY,,673,2024-05-15
CAN,False,60105,2024-05-15
CZE,,127141,2024-05-15
PHL,,6891,2024-05-15
IND,True,21561,2024-05-15
BWA,False,408,2024-05-15
NIU,False,6964,2024-05-15
EGY,,646,2024-05-15
ISL,,8843,2024-05-15
BEN,,1001,2024-05-15
SGS,,259,2024-05-15
VGB,,179,2024-05-15
KOR,True,1702,2024-05-15
CAF,False,172,2024-05-15
PRY,True,1359,2024-05-15
ATF,,374,2024-05-15
COL,True,36634,2024-05-15
VNM,False,3473,2024-05-15
FRO,False,487,2024-05-15
URY,False,1529,2024-05-15
QAT,True,390,2024-05-15
NRU,True,2,2024-05-15
SMR,True,35,2024-05-15
ARE,False,4,2024-05-15
MNP,True,13,2024-05-15
SWZ,True,25,2024-05-15
MRT,False,16,2024-05-15
GNB,True,16,2024-05-15
MSR,True,113,2024-05-15
CUB,False,39,2024-05-15
TKM,True,38,2024-05-15
MNP,False,31,2024-05-15
BGR,False,30,2024-05-15
LBR,,11,2024-05-15
TCD,False,19,2024-05-15
KIR,True,8,2024-05-15
NRU,False,31,2024-05-15
SDN,True,37,2024-05-15
HTI,True,58,2024-05-15
SWZ,,58,2024-05-15
BTN,False,16,2024-05-15
GUM,,3,2024-05-15
NRU,,16,2024-05-15
TCD,True,7,2024-05-15
MTQ,True,7,2024-05-15
WLF,True,41,2024-05-15
SXM,True,58,2024-05-15
GNB,False,6,2024-05-15
GUF,,37,2024-05-15
BHS,True,18,2024-05-15
NAM,False,29,2024-05-15
BGR,True,4,2024-05-15
VIR,True,10,2024-05-15
GLP,True,15,2024-05-15
COM,True,8,2024-05-15
GIN,False,4,2024-05-15
KIR,,27,2024-05-15
YEM,False,7,2024-05-15
GUM,False,7,2024-05-15
SSD,True,3,2024-05-15
GUF,True,6,2024-05-15
ARM,,7,2024-05-15
LBR,False,3,2024-05-15
LBR,True,5,2024-05-15
DMA,True,9,2024-05-15
VAT,False,6,2024-05-15
BGD,False,3,2024-05-15
COK,True,5,2024-05-15
SSD,False,3,2024-05-15
ARM,False,5,2024-05-15
HMD,,17,2024-05-15
NFK,True,3,2024-05-15
ARE,,7,2024-05-15
HMD,True,3,2024-05-15
KNA,True,3,2024-05-15
GIN,True,8,2024-05-15
FLK,False,3,2024-05-15
ARE,True,1,2024-05-15
COM,False,2,2024-05-15
PCN,True,2,2024-05-15
BRA,True,120004,2024-06-15
THA,False,1873,2024-06-15
NIU,,17756,2024-06-15
CCK,,17812,2024-06-15
ZAF,False,31948,2024-06-15
SLB,True,95,2024-06-15
HTI,,156,2024-06-15
PSE,,787,2024-06-15
NOR,True,66699,2024-06-15
CZE,True,27134,2024-06-15
IRN,True,19232,2024-06-15
SWE,True,16692,2024-06-15
CZE,False,19730,2024-06-15
GRL,False,325,2024-06-15
POL,,718918,2024-06-15
LVA,,10420,2024-06-15
WSM,True,1732,2024-06-15
ZMB,,404,2024-06-15
JAM,,153,2024-06-15
SVK,False,9207,2024-06-15
PRY,False,869,2024-06-15
BRA,,616069,2024-06-15
SPM,,764,2024-06-15
NLD,False,107342,2024-06-15
SVN,False,3057,2024-06-15
BDI,False,91,2024-06-15
LAO,True,423,2024-06-15
COG,False,44,2024-06-15
MOZ,,1205,2024-06-15
BMU,False,288,2024-06-15
JOR,,384,2024-06-15
CUB,,105,2024-06-15
RUS,False,14741,2024-06-15
RWA,True,309,2024-06-15
DJI,True,21,2024-06-15
MNE,False,15374,2024-06-15
TUR,False,8814,2024-06-15
LSO,True,48,2024-06-15
SEN,False,167,2024-06-15
CCK,False,6858,2024-06-15
WLF,True,41,2024-06-15
VGB,True,44,2024-06-15
FRA,,377462,2024-06-15
SOM,,1029,2024-06-15
NPL,True,1179,2024-06-15
TCA,,261,2024-06-15
ECU,False,1807,2024-06-15
MDG,True,185,2024-06-15
COD,,374,2024-06-15
FSM,,1318,2024-06-15
BRN,,83,2024-06-15
SLB,False,67,2024-06-15
BOL,,1317,2024-06-15
URY,,7022,2024-06-15
IND,False,27846,2024-06-15
HKG,True,5853,2024-06-15
LIE,False,1259,2024-06-15
SHN,False,911,2024-06-15
EST,True,3037,2024-06-15
UZB,False,418,2024-06-15
VAT,True,63,2024-06-15
HND,True,186,2024-06-15
SXM,True,57,2024-06-15
LBY,,1193,2024-06-15
GIB,,292,2024-06-15
VAT,,59,2024-06-15
ISL,False,2338,2024-06-15
CXR,False,431,2024-06-15
CPV,False,37,2024-06-15
ITA,True,47003,2024-06-15
CHN,False,20624,2024-06-15
IDN,True,11274,2024-06-15
LSO,False,103,2024-06-15
MOZ,False,264,2024-06-15
IRN,False,6779,2024-06-15
JPN,True,37966,2024-06-15
ETH,True,53,2024-06-15
VEN,False,736,2024-06-15
GRD,False,88,2024-06-15
NFK,False,39,2024-06-15
ETH,,1893,2024-06-15
GEO,False,835,2024-06-15
KWT,False,210,2024-06-15
TJK,False,91,2024-06-15
REU,True,530,2024-06-15
GNQ,,102,2024-06-15
LKA,True,1341,2024-06-15
ITA,,760811,2024-06-15
UKR,,27532,2024-06-15
BMU,True,119,2024-06-15
MCO,False,136,2024-06-15
SMR,True,36,2024-06-15
CMR,,927,2024-06-15
GHA,,344,2024-06-15
NOR,False,19151,2024-06-15
NER,,65,2024-06-15
BLZ,False,528,2024-06-15
TZA,True,1078,2024-06-15
JAM,True,51,2024-06-15
IOT,,75696,2024-06-15
SEN,,887,2024-06-15
GTM,,514,2024-06-15
SGP,True,4246,2024-06-15
HUN,False,8221,2024-06-15
GTM,True,100,2024-06-15
KNA,False,28,2024-06-15
MLI,True,78,2024-06-15
KWT,True,116,2024-06-15
GUY,,256,2024-06-15
LCA,,235,2024-06-15
IOT,True,22197,2024-06-15
MUS,True,278,2024-06-15
BHS,True,19,2024-06-15
TKL,True,228,2024-06-15
HRV,,35273,2024-06-15
VCT,,1771,2024-06-15
WLF,,193,2024-06-15
ZAF,True,25656,2024-06-15
SPM,False,241,2024-06-15
SHN,,2285,2024-06-15
SLV,False,462,2024-06-15
MNG,False,247,2024-06-15
GUY,False,109,2024-06-15
QAT,,1225,2024-06-15
KAZ,False,867,2024-06-15
BHS,,64,2024-06-15
MAR,False,1431,2024-06-15
FRO,True,101,2024-06-15
GBR,,661998,2024-06-15
MEX,False,15760,2024-06-15
BOL,True,481,2024-06-15
TZA,False,643,2024-06-15
MAC,True,165,2024-06-15
TLS,True,75,2024-06-15
IOT,False,30673,2024-06-15
SOM,True,373,2024-06-15
PRY,,6045,2024-06-15
GMB,,170,2024-06-15
,,307260,2024-06-15
TTO,False,150,2024-06-15
GHA,True,94,2024-06-15
,True,60990,2024-06-15
ATF,False,125,2024-06-15
KAZ,True,1821,2024-06-15
UGA,False,334,2024-06-15
TON,,2023,2024-06-15
FRO,,615,2024-06-15
URY,True,2279,2024-06-15
GEO,True,1270,2024-06-15
BWA,True,215,2024-06-15
LUX,True,2189,2024-06-15
NIU,True,1252,2024-06-15
MDG,False,243,2024-06-15
CRI,,1872,2024-06-15
GAB,True,62,2024-06-15
JOR,False,305,2024-06-15
TJK,,244,2024-06-15
BMU,,364,2024-06-15
LKA,False,1145,2024-06-15
SMR,False,65,2024-06-15
SYC,True,126,2024-06-15
MMR,True,218,2024-06-15
MYT,False,91,2024-06-15
NAM,False,28,2024-06-15
MDA,False,602,2024-06-15
SUR,True,45,2024-06-15
GBR,False,171788,2024-06-15
LVA,True,3104,2024-06-15
DZA,False,197,2024-06-15
MLI,False,197,2024-06-15
TON,True,423,2024-06-15
NPL,,4127,2024-06-15
CRI,True,682,2024-06-15
SWZ,True,25,2024-06-15
BRN,True,117,2024-06-15
UGA,,771,2024-06-15
VUT,,125,2024-06-15
GNQ,False,41,2024-06-15
MLI,,473,2024-06-15
FLK,,25,2024-06-15
JAM,False,99,2024-06-15
FSM,False,566,2024-06-15
MLT,,1749,2024-06-15
MEX,,67199,2024-06-15
TKL,,1056,2024-06-15
UKR,True,8308,2024-06-15
GRC,False,8852,2024-06-15
LBN,True,107,2024-06-15
MCO,True,98,2024-06-15
PNG,,319,2024-06-15
DMA,,30,2024-06-15
BEN,False,31,2024-06-15
WLF,False,63,2024-06-15
CHE,True,23687,2024-06-15
YEM,,42,2024-06-15
LVA,False,3180,2024-06-15
IDN,False,7618,2024-06-15
BLR,,7281,2024-06-15
MNG,,1608,2024-06-15
DEU,True,141860,2024-06-15
CXR,True,279,2024-06-15
SVK,,57272,2024-06-15
SYC,,261,2024-06-15
LTU,True,3357,2024-06-15
NIC,True,245,2024-06-15
STP,,909,2024-06-15
KOR,False,3219,2024-06-15
COG,,257,2024-06-15
CYM,True,209,2024-06-15
FSM,True,251,2024-06-15
HUN,,124367,2024-06-15
REU,,4782,2024-06-15
TKM,,93,2024-06-15
SVN,True,4540,2024-06-15
NZL,,54587,2024-06-15
TCA,True,80,2024-06-15
USA,True,12772,2024-06-15
THA,,11402,2024-06-15
DJI,,153,2024-06-15
DNK,True,16223,2024-06-15
CYP,False,769,2024-06-15
GGY,True,583,2024-06-15
NOR,,143328,2024-06-15
IRQ,,487,2024-06-15
MOZ,True,382,2024-06-15
VEN,,1952,2024-06-15
FIN,False,12461,2024-06-15
CHL,False,10318,2024-06-15
SAU,True,3013,2024-06-15
GTM,False,195,2024-06-15
PCN,False,32,2024-06-15
GAB,False,148,2024-06-15
TUV,,13433,2024-06-15
SOM,False,333,2024-06-15
SYR,True,77,2024-06-15
TLS,,117,2024-06-15
GNB,,77,2024-06-15
EGY,False,350,2024-06-15
FIN,,46553,2024-06-15
SAU,,5240,2024-06-15
BWA,,657,2024-06-15
GRC,True,12496,2024-06-15
MLT,False,788,2024-06-15
GNB,True,17,2024-06-15
CUW,,105,2024-06-15
FIN,True,9198,2024-06-15
HUN,True,21894,2024-06-15
CAN,True,35978,2024-06-15
LAO,False,641,2024-06-15
RWA,False,144,2024-06-15
DOM,,2629,2024-06-15
PRT,True,11475,2024-06-15
TGO,,385,2024-06-15
CYP,True,681,2024-06-15
SUR,False,105,2024-06-15
TGO,False,68,2024-06-15
TGO,True,47,2024-06-15
BHR,,316,2024-06-15
AUT,True,14942,2024-06-15
TWN,False,4278,2024-06-15
PLW,True,655,2024-06-15
NIC,,323,2024-06-15
CHL,True,50993,2024-06-15
MEX,True,13443,2024-06-15
SEN,True,105,2024-06-15
DOM,False,1195,2024-06-15
KHM,True,176,2024-06-15
MNG,True,247,2024-06-15
SWE,False,33301,2024-06-15
GIB,True,84,2024-06-15
SSD,,22,2024-06-15
FJI,True,89,2024-06-15
SUR,,281,2024-06-15
GGY,,3037,2024-06-15
PNG,True,235,2024-06-15
NAM,True,29,2024-06-15
SGP,False,6525,2024-06-15
MSR,True,112,2024-06-15
ISR,False,4665,2024-06-15
UZB,True,907,2024-06-15
ATF,True,92,2024-06-15
TTO,True,87,2024-06-15
KWT,,395,2024-06-15
UKR,False,4140,2024-06-15
TUN,False,517,2024-06-15
MWI,,125,2024-06-15
MDV,True,177,2024-06-15
FJI,,173,2024-06-15
CPV,True,71,2024-06-15
MRT,,190,2024-06-15
PER,,12228,2024-06-15
CAF,,296,2024-06-15
MYS,True,7959,2024-06-15
LUX,False,3026,2024-06-15
MYT,True,45,2024-06-15
NLD,,1354723,2024-06-15
BTN,True,106,2024-06-15
SLE,True,16,2024-06-15
PAK,,10490,2024-06-15
PAN,False,667,2024-06-15
DJI,False,44,2024-06-15
LUX,,10283,2024-06-15
VNM,True,4976,2024-06-15
VCT,True,503,2024-06-15
TUR,,88605,2024-06-15
NCL,,923,2024-06-15
CYM,,481,2024-06-15
BHR,False,240,2024-06-15
TUV,False,5079,2024-06-15
MKD,False,751,2024-06-15
HKG,False,5081,2024-06-15
VUT,True,33,2024-06-15
GRD,True,22,2024-06-15
MRT,True,16,2024-06-15
SLE,,145,2024-06-15
RWA,,400,2024-06-15
SVK,True,11407,2024-06-15
VUT,False,77,2024-06-15
EGY,True,298,2024-06-15
CUB,False,40,2024-06-15
MNE,,50379,2024-06-15
ROU,True,19811,2024-06-15
TKM,True,40,2024-06-15
AUT,,169638,2024-06-15
BDI,,184,2024-06-15
CPV,,452,2024-06-15
USA,,70296,2024-06-15
PHL,True,3927,2024-06-15
LCA,True,44,2024-06-15
PSE,True,454,2024-06-15
COM,True,8,2024-06-15
MAR,,7485,2024-06-15
MDG,,452,2024-06-15
PYF,False,86,2024-06-15
SDN,,267,2024-06-15
IMN,False,996,2024-06-15
PLW,False,802,2024-06-15
GEO,,3185,2024-06-15
OMN,,407,2024-06-15
DOM,True,829,2024-06-15
KEN,False,9659,2024-06-15
MNP,False,31,2024-06-15
LCA,False,89,2024-06-15
MWI,True,83,2024-06-15
BGR,False,30,2024-06-15
JPN,False,15310,2024-06-15
VCT,False,717,2024-06-15
KGZ,False,192,2024-06-15
CIV,False,197,2024-06-15
VNM,,12343,2024-06-15
PAN,,984,2024-06-15
CXR,,981,2024-06-15
CIV,,1977,2024-06-15
BLR,True,1469,2024-06-15
LBR,,11,2024-06-15
ROU,False,11597,2024-06-15
IRQ,True,117,2024-06-15
KOR,,6451,2024-06-15
SWZ,False,124,2024-06-15
KGZ,True,215,2024-06-15
LIE,,5732,2024-06-15
JEY,False,261,2024-06-15
SDN,False,54,2024-06-15
CMR,False,304,2024-06-15
SLE,False,55,2024-06-15
COL,False,50319,2024-06-15
ZAF,,110847,2024-06-15
LSO,,128,2024-06-15
BTN,,221,2024-06-15
ISR,,28365,2024-06-15
ZMB,True,177,2024-06-15
KIR,True,8,2024-06-15
PRT,,74081,2024-06-15
FRA,False,67909,2024-06-15
OMN,True,151,2024-06-15
TUN,,2118,2024-06-15
NAM,,40,2024-06-15
EST,False,2816,2024-06-15
TJK,True,76,2024-06-15
MSR,,522,2024-06-15
SMR,,141,2024-06-15
CHE,False,41113,2024-06-15
JOR,True,555,2024-06-15
SXM,False,75,2024-06-15
NCL,False,202,2024-06-15
CRI,False,929,2024-06-15
DZA,True,593,2024-06-15
GNQ,True,28,2024-06-15
LTU,,22478,2024-06-15
IRN,,40402,2024-06-15
GRL,,464,2024-06-15
ZWE,True,346,2024-06-15
PAK,False,2174,2024-06-15
CYP,,2768,2024-06-15
THA,True,5218,2024-06-15
PSE,False,164,2024-06-15
TWN,,18660,2024-06-15
IMN,,3490,2024-06-15
MYS,,23331,2024-06-15
ZWE,,2254,2024-06-15
CHL,,85103,2024-06-15
NGA,False,6425,2024-06-15
MAC,,268,2024-06-15
PER,True,3912,2024-06-15
ECU,True,1756,2024-06-15
ZWE,False,426,2024-06-15
MUS,,1087,2024-06-15
FRA,True,43172,2024-06-15
GRL,True,139,2024-06-15
COK,False,20,2024-06-15
VGB,False,98,2024-06-15
SRB,True,3094,2024-06-15
NGA,True,1209,2024-06-15
SAU,False,1731,2024-06-15
CAN,,204640,2024-06-15
PER,False,3623,2024-06-15
WSM,False,763,2024-06-15
POL,False,22765,2024-06-15
SDN,True,37,2024-06-15
MDV,False,170,2024-06-15
RUS,,211516,2024-06-15
COL,,180181,2024-06-15
ISL,True,1603,2024-06-15
PAK,True,2196,2024-06-15
TUN,True,375,2024-06-15
ROU,,114443,2024-06-15
KIR,,28,2024-06-15
GBR,True,109187,2024-06-15
BLR,False,649,2024-06-15
BRN,False,42,2024-06-15
IRQ,False,154,2024-06-15
MLT,True,408,2024-06-15
MAC,False,88,2024-06-15
BLZ,,1604,2024-06-15
DEU,False,128053,2024-06-15
ITA,False,41625,2024-06-15
CUW,False,39,2024-06-15
DNK,,78721,2024-06-15
ESP,False,26443,2024-06-15
TCA,False,82,2024-06-15
TTO,,231,2024-06-15
PRI,,117,2024-06-15
AUT,False,20027,2024-06-15
ESP,,237138,2024-06-15
CHN,True,5321,2024-06-15
MYS,False,6828,2024-06-15
CYM,False,295,2024-06-15
MAR,True,1026,2024-06-15
GUF,False,22,2024-06-15
NIC,False,400,2024-06-15
ZMB,False,188,2024-06-15
PAN,True,256,2024-06-15
KEN,,6198,2024-06-15
STP,True,181,2024-06-15
MYT,,484,2024-06-15
LKA,,4233,2024-06-15
WSM,,3174,2024-06-15
ISR,True,3995,2024-06-15
HRV,False,3215,2024-06-15
MDV,,845,2024-06-15
POL,True,188917,2024-06-15
GIB,False,93,2024-06-15
VIR,False,45,2024-06-15
JEY,True,146,2024-06-15
EST,,31913,2024-06-15
LBN,,307,2024-06-15
IRL,True,4551,2024-06-15
TWN,True,5113,2024-06-15
KEN,True,2438,2024-06-15
SLB,,99,2024-06-15
IRL,,24108,2024-06-15
SRB,False,2497,2024-06-15
GHA,False,130,2024-06-15
COK,True,5,2024-06-15
SWE,,74579,2024-06-15
CMR,True,125,2024-06-15
UGA,True,367,2024-06-15
SHN,True,559,2024-06-15
PNG,False,86,2024-06-15
TKM,False,108,2024-06-15
NGA,,6431,2024-06-15
GAB,,443,2024-06-15
KHM,False,123,2024-06-15
TUR,True,15542,2024-06-15
MNE,True,9689,2024-06-15
TUV,True,2211,2024-06-15
REU,False,784,2024-06-15
GLP,False,67,2024-06-15
HND,,514,2024-06-15
HRV,True,3074,2024-06-15
SVN,,35151,2024-06-15
PYF,True,135,2024-06-15
TON,False,718,2024-06-15
YEM,True,31,2024-06-15
MWI,False,98,2024-06-15
SLV,,826,2024-06-15
PYF,,221,2024-06-15
STP,False,346,2024-06-15
ECU,,4917,2024-06-15
GRD,,158,2024-06-15
GLP,,129,2024-06-15
MTQ,,34,2024-06-15
ETH,False,58,2024-06-15
IMN,True,494,2024-06-15
SYC,False,208,2024-06-15
GRC,,84717,2024-06-15
SYR,,292,2024-06-15
MSR,False,391,2024-06-15
SGS,False,161,2024-06-15
COD,False,109,2024-06-15
DMA,False,35,2024-06-15
GIN,,180,2024-06-15
CCK,True,3810,2024-06-15
LBN,False,143,2024-06-15
COK,,75,2024-06-15
MDA,True,1063,2024-06-15
LBY,False,372,2024-06-15
BLZ,True,275,2024-06-15
SXM,,174,2024-06-15
FJI,False,216,2024-06-15
NZL,False,28466,2024-06-15
RUS,True,52099,2024-06-15
OMN,False,591,2024-06-15
LBY,True,192,2024-06-15
QAT,False,771,2024-06-15
NCL,True,318,2024-06-15
GMB,False,35,2024-06-15
SGP,,18797,2024-06-15
PRT,False,11526,2024-06-15
HND,False,329,2024-06-15
MUS,False,494,2024-06-15
IND,,208423,2024-06-15
KAZ,,9579,2024-06-15
NLD,True,255235,2024-06-15
USA,False,25902,2024-06-15
SPM,True,169,2024-06-15
HTI,False,100,2024-06-15
BRA,False,48564,2024-06-15
LTU,False,3285,2024-06-15
HKG,,13594,2024-06-15
NZL,True,13396,2024-06-15
PHL,False,3095,2024-06-15
LIE,True,648,2024-06-15
SGS,True,64,2024-06-15
MMR,,218,2024-06-15
TCD,,77,2024-06-15
KHM,,384,2024-06-15
DNK,False,84474,2024-06-15
MMR,False,103,2024-06-15
TKL,False,434,2024-06-15
TLS,False,54,2024-06-15
MKD,,3056,2024-06-15
IRL,False,8645,2024-06-15
IDN,,53072,2024-06-15
CHN,,13761,2024-06-15
CUB,True,177,2024-06-15
GGY,False,1313,2024-06-15
PRI,False,267,2024-06-15
MKD,True,844,2024-06-15
SLV,True,366,2024-06-15
DEU,,925014,2024-06-15
MDA,,4612,2024-06-15
DZA,,1277,2024-06-15
UZB,,7997,2024-06-15
BGR,,108,2024-06-15
FLK,True,38,2024-06-15
MCO,,387,2024-06-15
NFK,,18,2024-06-15
NPL,False,1379,2024-06-15
BOL,False,633,2024-06-15
GUY,True,147,2024-06-15
VEN,True,564,2024-06-15
CIV,True,163,2024-06-15
JPN,,220978,2024-06-15
ESP,True,38982,2024-06-15
SYR,False,14,2024-06-15
SRB,,11214,2024-06-15
BHR,True,109,2024-06-15
,False,56677,2024-06-15
TZA,,1774,2024-06-15
BHS,False,96,2024-06-15
KGZ,,1628,2024-06-15
LAO,,1776,2024-06-15
PLW,,3093,2024-06-15
MTQ,True,7,2024-06-15
CHE,,328721,2024-06-15
JEY,,692,2024-06-15
CAN,False,62193,2024-06-15
CZE,,130228,2024-06-15
PHL,,7088,2024-06-15
IND,True,22337,2024-06-15
BWA,False,413,2024-06-15
NIU,False,6990,2024-06-15
ISL,,9072,2024-06-15
EGY,,672,2024-06-15
BEN,,992,2024-06-15
VGB,,181,2024-06-15
SGS,,266,2024-06-15
KOR,True,1940,2024-06-15
CAF,False,175,2024-06-15
HMD,,17,2024-06-15
PRY,True,1393,2024-06-15
ATF,,382,2024-06-15
COL,True,37498,2024-06-15
QAT,True,396,2024-06-15
VNM,False,3578,2024-06-15
URY,False,1581,2024-06-15
FRO,False,558,2024-06-15
GUF,True,6,2024-06-15
COG,True,19,2024-06-15
HMD,True,3,2024-06-15
VIR,,32,2024-06-15
COM,,13,2024-06-15
MNP,True,10,2024-06-15
KNA,True,3,2024-06-15
HMD,False,18,2024-06-15
KNA,,22,2024-06-15
GMB,True,18,2024-06-15
CAF,True,61,2024-06-15
GLP,True,15,2024-06-15
CUW,True,18,2024-06-15
TCD,False,18,2024-06-15
KIR,False,23,2024-06-15
MTQ,False,39,2024-06-15
HTI,True,58,2024-06-15
SWZ,,57,2024-06-15
BTN,False,20,2024-06-15
PRI,True,23,2024-06-15
MNP,,54,2024-06-15
COD,True,51,2024-06-15
GIN,True,9,2024-06-15
BEN,True,58,2024-06-15
ARM,,9,2024-06-15
ARE,False,4,2024-06-15
PCN,,28,2024-06-15
BGD,,4,2024-06-15
MRT,False,15,2024-06-15
BDI,True,36,2024-06-15
NRU,False,27,2024-06-15
GUM,,2,2024-06-15
NRU,,16,2024-06-15
TCD,True,7,2024-06-15
NER,True,18,2024-06-15
GUF,,36,2024-06-15
PCN,True,2,2024-06-15
NER,False,13,2024-06-15
SSD,True,3,2024-06-15
FLK,False,3,2024-06-15
VAT,False,6,2024-06-15
ARE,True,1,2024-06-15
COM,False,3,2024-06-15
DMA,True,9,2024-06-15
GNB,False,5,2024-06-15
ARE,,7,2024-06-15
LBR,True,5,2024-06-15
ARM,False,6,2024-06-15
NFK,True,3,2024-06-15
YEM,False,7,2024-06-15
VIR,True,10,2024-06-15
BGD,False,3,2024-06-15
LBR,False,3,2024-06-15
BGR,True,4,2024-06-15
GUM,False,7,2024-06-15
GIN,False,4,2024-06-15
SSD,False,6,2024-06-15
NIU,,17916,2024-07-15
CZE,True,27870,2024-07-15
CZE,False,20485,2024-07-15
SWE,True,16917,2024-07-15
SVK,False,9398,2024-07-15
NLD,False,109028,2024-07-15
RUS,False,14481,2024-07-15
FRA,,380821,2024-07-15
SOM,,1049,2024-07-15
LIE,False,1296,2024-07-15
EST,True,3061,2024-07-15
UZB,False,431,2024-07-15
ITA,True,46592,2024-07-15
ITA,,754197,2024-07-15
UKR,,26549,2024-07-15
GTM,,527,2024-07-15
GTM,True,102,2024-07-15
VCT,,1832,2024-07-15
GBR,,652024,2024-07-15
MEX,False,16198,2024-07-15
SOM,True,368,2024-07-15
NIU,True,1268,2024-07-15
GBR,False,170782,2024-07-15
MEX,,69086,2024-07-15
UKR,True,8456,2024-07-15
CHE,True,24036,2024-07-15
DEU,True,81355,2024-07-15
SVK,,57524,2024-07-15
USA,True,12376,2024-07-15
DNK,True,16664,2024-07-15
IRQ,,536,2024-07-15
FIN,False,12623,2024-07-15
GTM,False,207,2024-07-15
SOM,False,343,2024-07-15
FIN,,47151,2024-07-15
FIN,True,9254,2024-07-15
CAN,True,36364,2024-07-15
AUT,True,15432,2024-07-15
MEX,True,13707,2024-07-15
SWE,False,33722,2024-07-15
NAM,True,32,2024-07-15
UZB,True,919,2024-07-15
UKR,False,4290,2024-07-15
NLD,,1362800,2024-07-15
VCT,True,505,2024-07-15
SVK,True,11611,2024-07-15
AUT,,171316,2024-07-15
USA,,71987,2024-07-15
VCT,False,742,2024-07-15
IRQ,True,122,2024-07-15
LIE,,6209,2024-07-15
COL,False,57017,2024-07-15
FRA,False,69804,2024-07-15
NAM,,39,2024-07-15
EST,False,2862,2024-07-15
CHE,False,41990,2024-07-15
FRA,True,43613,2024-07-15
CAN,,209521,2024-07-15
RUS,,209273,2024-07-15
COL,,181231,2024-07-15
GBR,True,106009,2024-07-15
IRQ,False,158,2024-07-15
DEU,False,74236,2024-07-15
ITA,False,41773,2024-07-15
DNK,,80137,2024-07-15
AUT,False,20489,2024-07-15
EST,,32193,2024-07-15
SWE,,75915,2024-07-15
RUS,True,52210,2024-07-15
NLD,True,254899,2024-07-15
USA,False,26569,2024-07-15
LIE,True,647,2024-07-15
DNK,False,85159,2024-07-15
DEU,,529272,2024-07-15
UZB,,8029,2024-07-15
CHE,,373953,2024-07-15
CAN,False,63711,2024-07-15
CZE,,133154,2024-07-15
NIU,False,7027,2024-07-15
COL,True,37033,2024-07-15
NAM,False,30,2024-07-15
BRA,True,124807,2024-08-15
THA,False,2049,2024-08-15
CCK,,19563,2024-08-15
NIU,,18018,2024-08-15
ZAF,False,34427,2024-08-15
SLB,True,95,2024-08-15
PSE,,801,2024-08-15
HTI,,161,2024-08-15
SWE,True,17076,2024-08-15
CZE,True,28285,2024-08-15
NOR,True,67108,2024-08-15
CZE,False,21160,2024-08-15
IRN,True,19564,2024-08-15
GRL,False,353,2024-08-15
POL,,744168,2024-08-15
LVA,,10805,2024-08-15
WSM,True,1138,2024-08-15
ZMB,,422,2024-08-15
JAM,,221,2024-08-15
SVK,False,9618,2024-08-15
PRY,False,935,2024-08-15
BRA,,637848,2024-08-15
SPM,,787,2024-08-15
NLD,False,110308,2024-08-15
SVN,False,3250,2024-08-15
LAO,True,458,2024-08-15
COG,False,51,2024-08-15
BDI,False,98,2024-08-15
MOZ,,1192,2024-08-15
BMU,False,295,2024-08-15
CUB,,111,2024-08-15
JOR,,389,2024-08-15
RUS,False,15149,2024-08-15
RWA,True,311,2024-08-15
DJI,True,23,2024-08-15
MNE,False,16470,2024-08-15
TUR,False,9146,2024-08-15
LSO,True,46,2024-08-15
SEN,False,173,2024-08-15
CCK,False,7445,2024-08-15
VGB,True,46,2024-08-15
FRA,,384115,2024-08-15
SOM,,1114,2024-08-15
NPL,True,1215,2024-08-15
TCA,,269,2024-08-15
ECU,False,1940,2024-08-15
MDG,True,209,2024-08-15
FSM,,1398,2024-08-15
BRN,,87,2024-08-15
COD,,396,2024-08-15
SLB,False,67,2024-08-15
URY,,7438,2024-08-15
BOL,,1399,2024-08-15
IND,False,29783,2024-08-15
HKG,True,6049,2024-08-15
LIE,False,1325,2024-08-15
EST,True,3089,2024-08-15
SHN,False,968,2024-08-15
UZB,False,449,2024-08-15
HND,True,203,2024-08-15
VAT,True,64,2024-08-15
GIB,,295,2024-08-15
LBY,,1227,2024-08-15
VAT,,60,2024-08-15
ISL,False,2584,2024-08-15
CXR,False,455,2024-08-15
CPV,False,41,2024-08-15
ITA,True,48166,2024-08-15
IDN,True,12156,2024-08-15
CHN,False,21928,2024-08-15
MOZ,False,293,2024-08-15
LSO,False,101,2024-08-15
JPN,True,39773,2024-08-15
IRN,False,7134,2024-08-15
ETH,True,53,2024-08-15
NFK,False,40,2024-08-15
VEN,False,699,2024-08-15
GRD,False,91,2024-08-15
ETH,,1993,2024-08-15
GEO,False,892,2024-08-15
TJK,False,101,2024-08-15
KWT,False,225,2024-08-15
REU,True,557,2024-08-15
GNQ,,104,2024-08-15
LKA,True,1479,2024-08-15
ITA,,777350,2024-08-15
UKR,,27038,2024-08-15
MCO,False,143,2024-08-15
BMU,True,123,2024-08-15
CMR,,799,2024-08-15
GHA,,369,2024-08-15
NOR,False,20275,2024-08-15
VIR,,31,2024-08-15
NER,,77,2024-08-15
TZA,True,1424,2024-08-15
BLZ,False,568,2024-08-15
JAM,True,55,2024-08-15
IOT,,81060,2024-08-15
SEN,,965,2024-08-15
GTM,,542,2024-08-15
SGP,True,4455,2024-08-15
HUN,False,8681,2024-08-15
GTM,True,106,2024-08-15
MLI,True,76,2024-08-15
KNA,False,28,2024-08-15
KWT,True,125,2024-08-15
LCA,,304,2024-08-15
GUY,,283,2024-08-15
COM,,15,2024-08-15
IOT,True,23130,2024-08-15
TKL,True,227,2024-08-15
MUS,True,274,2024-08-15
HRV,,35912,2024-08-15
VCT,,1923,2024-08-15
WLF,,195,2024-08-15
ZAF,True,27222,2024-08-15
SPM,False,244,2024-08-15
SHN,,2418,2024-08-15
SLV,False,487,2024-08-15
GUY,False,120,2024-08-15
MNG,False,263,2024-08-15
QAT,,1208,2024-08-15
PCN,,31,2024-08-15
KAZ,False,932,2024-08-15
BHS,,71,2024-08-15
MAR,False,1554,2024-08-15
FRO,True,101,2024-08-15
GBR,,692005,2024-08-15
MEX,False,17014,2024-08-15
BOL,True,499,2024-08-15
TZA,False,712,2024-08-15
MAC,True,163,2024-08-15
TLS,True,66,2024-08-15
IOT,False,32613,2024-08-15
SOM,True,380,2024-08-15
PRY,,6190,2024-08-15
GMB,,165,2024-08-15
,,317211,2024-08-15
TTO,False,158,2024-08-15
GHA,True,92,2024-08-15
,True,62027,2024-08-15
ATF,False,129,2024-08-15
KAZ,True,1899,2024-08-15
UGA,False,360,2024-08-15
TON,,2108,2024-08-15
FRO,,629,2024-08-15
GEO,True,1291,2024-08-15
BWA,True,237,2024-08-15
URY,True,2338,2024-08-15
NIU,True,1266,2024-08-15
LUX,True,2345,2024-08-15
MDG,False,233,2024-08-15
CRI,,1978,2024-08-15
JOR,False,350,2024-08-15
GAB,True,65,2024-08-15
TJK,,249,2024-08-15
BMU,,379,2024-08-15
MYT,False,95,2024-08-15
LKA,False,1259,2024-08-15
SYC,True,126,2024-08-15
MMR,True,228,2024-08-15
SMR,False,69,2024-08-15
NAM,False,28,2024-08-15
MDA,False,655,2024-08-15
SUR,True,55,2024-08-15
HMD,False,21,2024-08-15
GBR,False,186293,2024-08-15
LVA,True,3151,2024-08-15
DZA,False,203,2024-08-15
TON,True,434,2024-08-15
MLI,False,208,2024-08-15
NPL,,4316,2024-08-15
CRI,True,703,2024-08-15
BRN,True,124,2024-08-15
ARM,False,11,2024-08-15
VUT,,153,2024-08-15
UGA,,808,2024-08-15
BGR,True,2656,2024-08-15
GNQ,False,47,2024-08-15
MLI,,478,2024-08-15
FLK,,21,2024-08-15
FSM,False,590,2024-08-15
JAM,False,103,2024-08-15
MLT,,1799,2024-08-15
KNA,,22,2024-08-15
GMB,True,18,2024-08-15
MEX,,70874,2024-08-15
TKL,,1080,2024-08-15
UKR,True,8752,2024-08-15
GRC,False,9330,2024-08-15
LBN,True,113,2024-08-15
MCO,True,104,2024-08-15
PNG,,327,2024-08-15
DMA,,31,2024-08-15
BGD,,4,2024-08-15
WLF,False,59,2024-08-15
BEN,False,28,2024-08-15
CHE,True,24362,2024-08-15
YEM,,47,2024-08-15
IDN,False,8224,2024-08-15
LVA,False,3339,2024-08-15
BLR,,7450,2024-08-15
MNG,,1707,2024-08-15
DEU,True,147752,2024-08-15
CXR,True,299,2024-08-15
SVK,,57801,2024-08-15
SYC,,272,2024-08-15
LTU,True,3449,2024-08-15
NIC,True,256,2024-08-15
STP,,970,2024-08-15
KOR,False,3357,2024-08-15
COG,,266,2024-08-15
CYM,True,221,2024-08-15
FSM,True,260,2024-08-15
HUN,,128566,2024-08-15
REU,,5025,2024-08-15
TKM,,100,2024-08-15
SVN,True,4720,2024-08-15
NZL,,63105,2024-08-15
TCA,True,82,2024-08-15
USA,True,12691,2024-08-15
THA,,12251,2024-08-15
DJI,,154,2024-08-15
DNK,True,16882,2024-08-15
GGY,True,604,2024-08-15
CYP,False,826,2024-08-15
NOR,,146375,2024-08-15
IRQ,,589,2024-08-15
MOZ,True,402,2024-08-15
VEN,,1784,2024-08-15
CHL,False,11203,2024-08-15
FIN,False,12984,2024-08-15
SAU,True,3113,2024-08-15
GTM,False,212,2024-08-15
GAB,False,146,2024-08-15
PCN,False,37,2024-08-15
TUV,,14016,2024-08-15
SYR,True,73,2024-08-15
SOM,False,356,2024-08-15
TLS,,125,2024-08-15
GNB,,77,2024-08-15
EGY,False,383,2024-08-15
SAU,,5756,2024-08-15
FIN,,47849,2024-08-15
BWA,,691,2024-08-15
GRC,True,12711,2024-08-15
MLT,False,840,2024-08-15
CUW,,113,2024-08-15
FIN,True,9323,2024-08-15
HUN,True,22450,2024-08-15
CAF,True,64,2024-08-15
CAN,True,37027,2024-08-15
LAO,False,676,2024-08-15
RWA,False,143,2024-08-15
DOM,,2790,2024-08-15
PRT,True,11764,2024-08-15
TGO,,400,2024-08-15
TGO,False,74,2024-08-15
CYP,True,694,2024-08-15
SUR,False,112,2024-08-15
TGO,True,50,2024-08-15
BHR,,334,2024-08-15
AUT,True,15826,2024-08-15
TWN,False,4581,2024-08-15
PLW,True,652,2024-08-15
NIC,,351,2024-08-15
CHL,True,51511,2024-08-15
MEX,True,13879,2024-08-15
KHM,True,190,2024-08-15
DOM,False,1252,2024-08-15
MNG,True,262,2024-08-15
SEN,True,108,2024-08-15
SWE,False,34222,2024-08-15
GIB,True,89,2024-08-15
SSD,,21,2024-08-15
FJI,True,129,2024-08-15
GGY,,3200,2024-08-15
SUR,,292,2024-08-15
PNG,True,229,2024-08-15
NAM,True,32,2024-08-15
SGP,False,6944,2024-08-15
MSR,True,113,2024-08-15
ISR,False,5123,2024-08-15
UZB,True,934,2024-08-15
ATF,True,96,2024-08-15
TTO,True,89,2024-08-15
KWT,,417,2024-08-15
TUN,False,1015,2024-08-15
UKR,False,4459,2024-08-15
MWI,,140,2024-08-15
MDV,True,175,2024-08-15
FJI,,218,2024-08-15
CPV,True,69,2024-08-15
MRT,,186,2024-08-15
PER,,12908,2024-08-15
CAF,,317,2024-08-15
LUX,False,3203,2024-08-15
MYS,True,8190,2024-08-15
MYT,True,43,2024-08-15
NLD,,1367323,2024-08-15
SLE,True,15,2024-08-15
BTN,True,104,2024-08-15
PAK,,11157,2024-08-15
PAN,False,698,2024-08-15
DJI,False,44,2024-08-15
LUX,,10862,2024-08-15
VNM,True,5409,2024-08-15
VCT,True,519,2024-08-15
TUR,,91554,2024-08-15
CYM,,505,2024-08-15
NCL,,929,2024-08-15
TUV,False,5412,2024-08-15
MKD,False,782,2024-08-15
BHR,False,253,2024-08-15
HKG,False,5432,2024-08-15
MRT,True,18,2024-08-15
GRD,True,28,2024-08-15
VUT,True,32,2024-08-15
RWA,,413,2024-08-15
SLE,,155,2024-08-15
SVK,True,11638,2024-08-15
EGY,True,312,2024-08-15
VUT,False,80,2024-08-15
MNE,,53434,2024-08-15
ROU,True,20354,2024-08-15
TKM,True,41,2024-08-15
AUT,,175068,2024-08-15
BDI,,199,2024-08-15
CPV,,459,2024-08-15
USA,,74098,2024-08-15
PHL,True,4036,2024-08-15
PSE,True,463,2024-08-15
LCA,True,42,2024-08-15
MDG,,492,2024-08-15
MAR,,7909,2024-08-15
PYF,False,91,2024-08-15
SDN,,282,2024-08-15
PLW,False,815,2024-08-15
IMN,False,1056,2024-08-15
GEO,,3355,2024-08-15
OMN,,446,2024-08-15
KEN,False,11134,2024-08-15
DOM,True,832,2024-08-15
BGR,False,2435,2024-08-15
MWI,True,96,2024-08-15
LCA,False,93,2024-08-15
JPN,False,16320,2024-08-15
VCT,False,777,2024-08-15
CIV,False,211,2024-08-15
KGZ,False,196,2024-08-15
VNM,,13469,2024-08-15
PAN,,1056,2024-08-15
CIV,,2038,2024-08-15
CXR,,1026,2024-08-15
BLR,True,1541,2024-08-15
CUW,True,19,2024-08-15
ROU,False,12099,2024-08-15
IRQ,True,126,2024-08-15
KOR,,6997,2024-08-15
SWZ,False,118,2024-08-15
KGZ,True,221,2024-08-15
KIR,False,24,2024-08-15
LIE,,6289,2024-08-15
BDI,True,40,2024-08-15
JEY,False,271,2024-08-15
SDN,False,52,2024-08-15
MTQ,False,43,2024-08-15
CMR,False,294,2024-08-15
SLE,False,58,2024-08-15
COL,False,65639,2024-08-15
ZAF,,124206,2024-08-15
BTN,,221,2024-08-15
LSO,,131,2024-08-15
NER,False,15,2024-08-15
ISR,,29636,2024-08-15
ZMB,True,188,2024-08-15
PRT,,75449,2024-08-15
FRA,False,71952,2024-08-15
OMN,True,148,2024-08-15
TUN,,2682,2024-08-15
NAM,,39,2024-08-15
EST,False,2924,2024-08-15
TJK,True,83,2024-08-15
MSR,,547,2024-08-15
SMR,,144,2024-08-15
CHE,False,43618,2024-08-15
NCL,False,216,2024-08-15
JOR,True,556,2024-08-15
SXM,False,85,2024-08-15
CRI,False,924,2024-08-15
DZA,True,608,2024-08-15
GNQ,True,26,2024-08-15
IRN,,42113,2024-08-15
LTU,,23888,2024-08-15
GRL,,495,2024-08-15
PAK,False,2342,2024-08-15
ZWE,True,358,2024-08-15
CYP,,2891,2024-08-15
THA,True,5684,2024-08-15
PSE,False,186,2024-08-15
TWN,,19516,2024-08-15
IMN,,4097,2024-08-15
ZWE,,2284,2024-08-15
MYS,,24101,2024-08-15
CHL,,87870,2024-08-15
NGA,False,7228,2024-08-15
MAC,,289,2024-08-15
ECU,True,1859,2024-08-15
PER,True,3996,2024-08-15
ZWE,False,456,2024-08-15
MUS,,1138,2024-08-15
FRA,True,44152,2024-08-15
VGB,False,102,2024-08-15
GRL,True,144,2024-08-15
COK,False,20,2024-08-15
NGA,True,1255,2024-08-15
SRB,True,3195,2024-08-15
SAU,False,1857,2024-08-15
CAN,,215109,2024-08-15
PER,False,3920,2024-08-15
WSM,False,823,2024-08-15
POL,False,24441,2024-08-15
MDV,False,201,2024-08-15
RUS,,216821,2024-08-15
COL,,185663,2024-08-15
ISL,True,1649,2024-08-15
PAK,True,2184,2024-08-15
TUN,True,392,2024-08-15
ROU,,117589,2024-08-15
GBR,True,111824,2024-08-15
BLR,False,685,2024-08-15
BRN,False,49,2024-08-15
MLT,True,426,2024-08-15
MAC,False,92,2024-08-15
IRQ,False,165,2024-08-15
BLZ,,1674,2024-08-15
ITA,False,43925,2024-08-15
DEU,False,136344,2024-08-15
CUW,False,42,2024-08-15
DNK,,81394,2024-08-15
ESP,False,27866,2024-08-15
TCA,False,88,2024-08-15
TTO,,235,2024-08-15
PRI,,123,2024-08-15
AUT,False,21262,2024-08-15
ESP,,245043,2024-08-15
CHN,True,6137,2024-08-15
MAR,True,1079,2024-08-15
MYS,False,7180,2024-08-15
CYM,False,309,2024-08-15
GUF,False,26,2024-08-15
NIC,False,423,2024-08-15
ZMB,False,217,2024-08-15
PAN,True,275,2024-08-15
KEN,,6330,2024-08-15
STP,True,189,2024-08-15
PRI,True,24,2024-08-15
WSM,,2720,2024-08-15
LKA,,4614,2024-08-15
MYT,,513,2024-08-15
ISR,True,4146,2024-08-15
HRV,False,3385,2024-08-15
MDV,,895,2024-08-15
POL,True,198396,2024-08-15
VIR,False,44,2024-08-15
JEY,True,158,2024-08-15
GIB,False,100,2024-08-15
EST,,32632,2024-08-15
LBN,,321,2024-08-15
MNP,,58,2024-08-15
IRL,True,4730,2024-08-15
TWN,True,5324,2024-08-15
KEN,True,2468,2024-08-15
SLB,,100,2024-08-15
IRL,,25412,2024-08-15
SRB,False,2652,2024-08-15
GHA,False,143,2024-08-15
COD,True,57,2024-08-15
SWE,,77245,2024-08-15
CMR,True,114,2024-08-15
UGA,True,378,2024-08-15
TKM,False,111,2024-08-15
PNG,False,89,2024-08-15
SHN,True,575,2024-08-15
NGA,,6948,2024-08-15
GAB,,519,2024-08-15
TUR,True,15933,2024-08-15
MNE,True,10028,2024-08-15
TUV,True,2294,2024-08-15
REU,False,842,2024-08-15
KHM,False,138,2024-08-15
GLP,False,70,2024-08-15
HND,,552,2024-08-15
HRV,True,3193,2024-08-15
SVN,,35787,2024-08-15
PYF,True,131,2024-08-15
TON,False,749,2024-08-15
MWI,False,101,2024-08-15
YEM,True,32,2024-08-15
PYF,,229,2024-08-15
SLV,,859,2024-08-15
STP,False,368,2024-08-15
TCD,True,9,2024-08-15
ECU,,5223,2024-08-15
GLP,,125,2024-08-15
MTQ,,38,2024-08-15
GRD,,153,2024-08-15
ETH,False,61,2024-08-15
IMN,True,497,2024-08-15
SYC,False,209,2024-08-15
GRC,,87483,2024-08-15
SYR,,308,2024-08-15
COD,False,114,2024-08-15
SGS,False,168,2024-08-15
MSR,False,394,2024-08-15
DMA,False,36,2024-08-15
GIN,,190,2024-08-15
CCK,True,3969,2024-08-15
LBN,False,151,2024-08-15
COK,,76,2024-08-15
MDA,True,1100,2024-08-15
LBY,False,389,2024-08-15
BLZ,True,281,2024-08-15
SXM,,175,2024-08-15
FJI,False,224,2024-08-15
NER,True,27,2024-08-15
RUS,True,53423,2024-08-15
NZL,False,30755,2024-08-15
OMN,False,629,2024-08-15
QAT,False,755,2024-08-15
NCL,True,322,2024-08-15
GMB,False,37,2024-08-15
LBY,True,196,2024-08-15
SGP,,19758,2024-08-15
PRT,False,12179,2024-08-15
HND,False,344,2024-08-15
MUS,False,533,2024-08-15
IND,,218781,2024-08-15
KAZ,,9997,2024-08-15
NLD,True,254765,2024-08-15
USA,False,27638,2024-08-15
HTI,False,102,2024-08-15
SPM,True,176,2024-08-15
BRA,False,53985,2024-08-15
LTU,False,3682,2024-08-15
HKG,,14205,2024-08-15
NZL,True,14008,2024-08-15
PHL,False,3303,2024-08-15
LIE,True,662,2024-08-15
SGS,True,65,2024-08-15
MMR,,223,2024-08-15
KHM,,405,2024-08-15
TCD,,81,2024-08-15
DNK,False,85709,2024-08-15
TKL,False,459,2024-08-15
MMR,False,106,2024-08-15
TLS,False,56,2024-08-15
MKD,,3186,2024-08-15
IRL,False,9296,2024-08-15
CHN,,15056,2024-08-15
IDN,,58558,2024-08-15
CUB,True,179,2024-08-15
GGY,False,1392,2024-08-15
SLV,True,382,2024-08-15
PRI,False,268,2024-08-15
MKD,True,877,2024-08-15
BEN,True,61,2024-08-15
DEU,,1031324,2024-08-15
MDA,,4758,2024-08-15
DZA,,1301,2024-08-15
UZB,,7877,2024-08-15
BGR,,7942,2024-08-15
FLK,True,37,2024-08-15
MCO,,403,2024-08-15
NFK,,18,2024-08-15
NPL,False,1498,2024-08-15
GUY,True,147,2024-08-15
BOL,False,701,2024-08-15
VEN,True,489,2024-08-15
JPN,,232994,2024-08-15
ESP,True,39741,2024-08-15
SYR,False,15,2024-08-15
SRB,,11580,2024-08-15
BHR,True,119,2024-08-15
,False,59365,2024-08-15
TZA,,1964,2024-08-15
BHS,False,94,2024-08-15
PLW,,2594,2024-08-15
LAO,,1885,2024-08-15
KGZ,,1693,2024-08-15
CHE,,380788,2024-08-15
JEY,,713,2024-08-15
CAN,False,67019,2024-08-15
CZE,,135180,2024-08-15
PHL,,7467,2024-08-15
IND,True,24167,2024-08-15
BWA,False,457,2024-08-15
NIU,False,7043,2024-08-15
VGB,,200,2024-08-15
EGY,,718,2024-08-15
ISL,,9498,2024-08-15
BEN,,967,2024-08-15
SGS,,279,2024-08-15
KOR,True,2089,2024-08-15
CAF,False,189,2024-08-15
PRY,True,1434,2024-08-15
ATF,,399,2024-08-15
COL,True,39573,2024-08-15
FRO,False,575,2024-08-15
VNM,False,3834,2024-08-15
URY,False,1712,2024-08-15
QAT,True,386,2024-08-15
ARM,,9,2024-08-15
NRU,True,1,2024-08-15
SMR,True,39,2024-08-15
ARE,False,4,2024-08-15
SWZ,True,29,2024-08-15
GNB,True,17,2024-08-15
CUB,False,44,2024-08-15
MNP,False,31,2024-08-15
LBR,,11,2024-08-15
TCD,False,18,2024-08-15
KIR,True,8,2024-08-15
NRU,False,28,2024-08-15
SDN,True,38,2024-08-15
HTI,True,56,2024-08-15
SWZ,,63,2024-08-15
BTN,False,19,2024-08-15
GUM,,4,2024-08-15
NRU,,16,2024-08-15
CIV,True,162,2024-08-15
MTQ,True,7,2024-08-15
WLF,True,40,2024-08-15
SXM,True,56,2024-08-15
COG,True,20,2024-08-15
GNB,False,5,2024-08-15
GUF,,40,2024-08-15
BHS,True,21,2024-08-15
VIR,True,9,2024-08-15
GLP,True,15,2024-08-15
COM,True,8,2024-08-15
GIN,False,6,2024-08-15
KIR,,30,2024-08-15
YEM,False,8,2024-08-15
GUM,False,8,2024-08-15
SSD,True,3,2024-08-15
GUF,True,7,2024-08-15
MNP,True,10,2024-08-15
LBR,False,3,2024-08-15
MRT,False,12,2024-08-15
LBR,True,5,2024-08-15
DMA,True,10,2024-08-15
HMD,True,3,2024-08-15
FLK,False,2,2024-08-15
NFK,True,2,2024-08-15
KNA,True,3,2024-08-15
COK,True,5,2024-08-15
HMD,,19,2024-08-15
VAT,False,5,2024-08-15
SSD,False,6,2024-08-15
ARE,,7,2024-08-15
BGD,False,3,2024-08-15
PCN,True,2,2024-08-15
GIN,True,7,2024-08-15
ARM,True,1,2024-08-15
ARE,True,1,2024-08-15
COM,False,2,2024-08-15
BRA,True,126817,2024-09-15
THA,False,2096,2024-09-15
NIU,,18184,2024-09-15
CCK,,20167,2024-09-15
ZAF,False,35715,2024-09-15
SLB,True,94,2024-09-15
HTI,,170,2024-09-15
PSE,,819,2024-09-15
IRN,True,19743,2024-09-15
SWE,True,17303,2024-09-15
NOR,True,67422,2024-09-15
CZE,False,21841,2024-09-15
CZE,True,28713,2024-09-15
GRL,False,352,2024-09-15
POL,,762814,2024-09-15
LVA,,11115,2024-09-15
WSM,True,1205,2024-09-15
ZMB,,430,2024-09-15
JAM,,226,2024-09-15
SVK,False,9803,2024-09-15
PRY,False,966,2024-09-15
BRA,,659132,2024-09-15
SPM,,799,2024-09-15
NLD,False,111763,2024-09-15
SVN,False,3313,2024-09-15
BDI,False,99,2024-09-15
LAO,True,466,2024-09-15
MOZ,,1229,2024-09-15
BMU,False,302,2024-09-15
JOR,,395,2024-09-15
CUB,,133,2024-09-15
RUS,False,15396,2024-09-15
RWA,True,311,2024-09-15
MNE,False,16986,2024-09-15
TUR,False,9530,2024-09-15
LSO,True,50,2024-09-15
SEN,False,181,2024-09-15
CCK,False,7723,2024-09-15
VGB,True,46,2024-09-15
WLF,True,42,2024-09-15
FRA,,387034,2024-09-15
SOM,,1158,2024-09-15
NPL,True,1491,2024-09-15
TCA,,271,2024-09-15
ECU,False,2005,2024-09-15
MDG,True,220,2024-09-15
BRN,,96,2024-09-15
FSM,,1421,2024-09-15
COD,,398,2024-09-15
SLB,False,64,2024-09-15
URY,,7745,2024-09-15
BOL,,1437,2024-09-15
IND,False,31110,2024-09-15
HKG,True,6216,2024-09-15
LIE,False,1360,2024-09-15
EST,True,3150,2024-09-15
SHN,False,997,2024-09-15
UZB,False,463,2024-09-15
SXM,True,58,2024-09-15
VAT,True,64,2024-09-15
HND,True,210,2024-09-15
GIB,,296,2024-09-15
LBY,,1258,2024-09-15
VAT,,60,2024-09-15
ISL,False,2624,2024-09-15
CXR,False,473,2024-09-15
CPV,False,74,2024-09-15
ITA,True,48592,2024-09-15
CHN,False,26192,2024-09-15
IDN,True,11698,2024-09-15
MOZ,False,308,2024-09-15
LSO,False,106,2024-09-15
JPN,True,40481,2024-09-15
IRN,False,7286,2024-09-15
ETH,True,50,2024-09-15
VEN,False,799,2024-09-15
GRD,False,92,2024-09-15
COG,True,22,2024-09-15
NFK,False,40,2024-09-15
ETH,,2008,2024-09-15
KWT,False,235,2024-09-15
GEO,False,921,2024-09-15
TJK,False,102,2024-09-15
REU,True,580,2024-09-15
GNQ,,102,2024-09-15
LKA,True,1541,2024-09-15
ITA,,782147,2024-09-15
UKR,,27228,2024-09-15
SMR,True,38,2024-09-15
BMU,True,127,2024-09-15
MCO,False,145,2024-09-15
CMR,,869,2024-09-15
GHA,,397,2024-09-15
NOR,False,20839,2024-09-15
NER,,76,2024-09-15
BLZ,False,567,2024-09-15
TZA,True,1481,2024-09-15
JAM,True,57,2024-09-15
IOT,,83284,2024-09-15
SEN,,991,2024-09-15
GTM,,554,2024-09-15
HUN,False,8838,2024-09-15
SGP,True,4541,2024-09-15
MLI,True,78,2024-09-15
GTM,True,107,2024-09-15
KNA,False,30,2024-09-15
GUF,,39,2024-09-15
KWT,True,130,2024-09-15
GUY,,286,2024-09-15
LCA,,348,2024-09-15
IOT,True,23555,2024-09-15
TKL,True,228,2024-09-15
MUS,True,279,2024-09-15
HRV,,36244,2024-09-15
VCT,,1997,2024-09-15
WLF,,193,2024-09-15
ZAF,True,28046,2024-09-15
SPM,False,243,2024-09-15
SHN,,2484,2024-09-15
GUY,False,117,2024-09-15
SLV,False,497,2024-09-15
MNG,False,274,2024-09-15
QAT,,1338,2024-09-15
PCN,,30,2024-09-15
KAZ,False,977,2024-09-15
BHS,,72,2024-09-15
FRO,True,105,2024-09-15
MAR,False,1604,2024-09-15
GBR,,678559,2024-09-15
MEX,False,17468,2024-09-15
MAC,True,166,2024-09-15
BOL,True,515,2024-09-15
TZA,False,721,2024-09-15
TLS,True,110,2024-09-15
IOT,False,33614,2024-09-15
SOM,True,394,2024-09-15
PRY,,6329,2024-09-15
GMB,,167,2024-09-15
,,320118,2024-09-15
GHA,True,107,2024-09-15
TTO,False,169,2024-09-15
,True,62205,2024-09-15
ATF,False,133,2024-09-15
KAZ,True,1944,2024-09-15
UGA,False,373,2024-09-15
TON,,2134,2024-09-15
FRO,,639,2024-09-15
BWA,True,238,2024-09-15
URY,True,2394,2024-09-15
GEO,True,1302,2024-09-15
NIU,True,1287,2024-09-15
LUX,True,2389,2024-09-15
MDG,False,253,2024-09-15
CRI,,2013,2024-09-15
JOR,False,364,2024-09-15
GAB,True,63,2024-09-15
TJK,,261,2024-09-15
BMU,,387,2024-09-15
SYC,True,124,2024-09-15
LKA,False,1308,2024-09-15
MMR,True,229,2024-09-15
MYT,False,97,2024-09-15
SMR,False,71,2024-09-15
MDA,False,679,2024-09-15
SUR,True,60,2024-09-15
GBR,False,191772,2024-09-15
LVA,True,3191,2024-09-15
TON,True,437,2024-09-15
DZA,False,205,2024-09-15
MLI,False,217,2024-09-15
NPL,,4475,2024-09-15
CRI,True,738,2024-09-15
SWZ,True,27,2024-09-15
BRN,True,128,2024-09-15
UGA,,827,2024-09-15
VUT,,162,2024-09-15
BGR,True,2711,2024-09-15
GNQ,False,47,2024-09-15
MLI,,484,2024-09-15
FLK,,25,2024-09-15
FSM,False,609,2024-09-15
JAM,False,111,2024-09-15
MLT,,1837,2024-09-15
MEX,,72257,2024-09-15
TKL,,1074,2024-09-15
UKR,True,8864,2024-09-15
GRC,False,9573,2024-09-15
LBN,True,114,2024-09-15
MCO,True,106,2024-09-15
PNG,,368,2024-09-15
DMA,,33,2024-09-15
BEN,False,31,2024-09-15
CHE,True,24856,2024-09-15
YEM,,52,2024-09-15
IDN,False,8481,2024-09-15
LVA,False,3423,2024-09-15
MRT,False,14,2024-09-15
BLR,,7521,2024-09-15
MNG,,1748,2024-09-15
DEU,True,150694,2024-09-15
CXR,True,307,2024-09-15
SVK,,58184,2024-09-15
SYC,,287,2024-09-15
LTU,True,3476,2024-09-15
NIC,True,271,2024-09-15
STP,,980,2024-09-15
KOR,False,3449,2024-09-15
COG,,271,2024-09-15
CYM,True,224,2024-09-15
FSM,True,261,2024-09-15
HUN,,129873,2024-09-15
REU,,5049,2024-09-15
TKM,,101,2024-09-15
SVN,True,4787,2024-09-15
NZL,,64621,2024-09-15
TCA,True,81,2024-09-15
USA,True,12959,2024-09-15
THA,,12490,2024-09-15
DJI,,161,2024-09-15
DNK,True,17040,2024-09-15
CYP,False,839,2024-09-15
GGY,True,622,2024-09-15
VAT,False,5,2024-09-15
NOR,,148193,2024-09-15
IRQ,,627,2024-09-15
MOZ,True,429,2024-09-15
VEN,,1967,2024-09-15
FIN,False,13165,2024-09-15
CHL,False,11781,2024-09-15
SAU,True,3113,2024-09-15
GTM,False,214,2024-09-15
PCN,False,36,2024-09-15
GAB,False,147,2024-09-15
TUV,,14210,2024-09-15
SOM,False,369,2024-09-15
SYR,True,75,2024-09-15
TLS,,126,2024-09-15
GNB,,75,2024-09-15
EGY,False,403,2024-09-15
FIN,,48618,2024-09-15
BWA,,721,2024-09-15
SAU,,5993,2024-09-15
GRC,True,12891,2024-09-15
MLT,False,858,2024-09-15
CUW,,116,2024-09-15
FIN,True,9411,2024-09-15
HUN,True,22868,2024-09-15
CAF,True,62,2024-09-15
CAN,True,37614,2024-09-15
LAO,False,698,2024-09-15
RWA,False,148,2024-09-15
DOM,,2815,2024-09-15
PRT,True,11875,2024-09-15
TGO,,401,2024-09-15
SUR,False,116,2024-09-15
CYP,True,707,2024-09-15
TGO,False,78,2024-09-15
BHR,,354,2024-09-15
AUT,True,16089,2024-09-15
TWN,False,4707,2024-09-15
PLW,True,655,2024-09-15
NIC,,365,2024-09-15
CHL,True,51782,2024-09-15
MEX,True,14131,2024-09-15
DOM,False,1279,2024-09-15
SEN,True,108,2024-09-15
MNG,True,265,2024-09-15
KHM,True,187,2024-09-15
SWE,False,34634,2024-09-15
GIB,True,90,2024-09-15
SSD,,14,2024-09-15
FJI,True,150,2024-09-15
GGY,,3318,2024-09-15
SUR,,296,2024-09-15
NAM,True,32,2024-09-15
PNG,True,242,2024-09-15
SGP,False,7130,2024-09-15
MSR,True,114,2024-09-15
ISR,False,5320,2024-09-15
UZB,True,952,2024-09-15
ATF,True,95,2024-09-15
KWT,,437,2024-09-15
UKR,False,4563,2024-09-15
TUN,False,1656,2024-09-15
MWI,,144,2024-09-15
MDV,True,177,2024-09-15
FJI,,240,2024-09-15
CPV,True,73,2024-09-15
MRT,,192,2024-09-15
PER,,13241,2024-09-15
CAF,,327,2024-09-15
LUX,False,3267,2024-09-15
MYS,True,8377,2024-09-15
MYT,True,45,2024-09-15
NLD,,1371870,2024-09-15
SLE,True,16,2024-09-15
BTN,True,115,2024-09-15
PAK,,11609,2024-09-15
PAN,False,714,2024-09-15
DJI,False,45,2024-09-15
LUX,,11043,2024-09-15
VCT,True,530,2024-09-15
VNM,True,5731,2024-09-15
TUR,,94272,2024-09-15
NCL,,965,2024-09-15
CYM,,519,2024-09-15
TUV,False,5518,2024-09-15
MKD,False,809,2024-09-15
BHR,False,270,2024-09-15
HKG,False,5568,2024-09-15
MRT,True,18,2024-09-15
VUT,True,37,2024-09-15
GRD,True,32,2024-09-15
SLE,,160,2024-09-15
RWA,,420,2024-09-15
SVK,True,12054,2024-09-15
VUT,False,84,2024-09-15
EGY,True,315,2024-09-15
CUB,False,45,2024-09-15
MNE,,54574,2024-09-15
ROU,True,20446,2024-09-15
TKM,True,41,2024-09-15
AUT,,176872,2024-09-15
CPV,,503,2024-09-15
BDI,,206,2024-09-15
USA,,76301,2024-09-15
PHL,True,4123,2024-09-15
PSE,True,471,2024-09-15
COM,True,8,2024-09-15
MAR,,8102,2024-09-15
MDG,,506,2024-09-15
PYF,False,96,2024-09-15
SDN,,279,2024-09-15
PLW,False,824,2024-09-15
IMN,False,1075,2024-09-15
GEO,,3371,2024-09-15
OMN,,463,2024-09-15
KEN,False,11266,2024-09-15
DOM,True,851,2024-09-15
BGR,False,2473,2024-09-15
LCA,False,98,2024-09-15
MWI,True,100,2024-09-15
JPN,False,16831,2024-09-15
VCT,False,807,2024-09-15
CIV,False,225,2024-09-15
KGZ,False,206,2024-09-15
VNM,,14178,2024-09-15
PAN,,1091,2024-09-15
CXR,,1075,2024-09-15
CIV,,2061,2024-09-15
BLR,True,1567,2024-09-15
LBR,,12,2024-09-15
ROU,False,12392,2024-09-15
IRQ,True,139,2024-09-15
KOR,,7194,2024-09-15
SWZ,False,134,2024-09-15
KGZ,True,233,2024-09-15
TCD,False,19,2024-09-15
KIR,False,25,2024-09-15
LIE,,6450,2024-09-15
SDN,False,55,2024-09-15
JEY,False,274,2024-09-15
BDI,True,42,2024-09-15
MTQ,False,47,2024-09-15
CMR,False,308,2024-09-15
SLE,False,63,2024-09-15
COL,False,75081,2024-09-15
ZAF,,130776,2024-09-15
LSO,,127,2024-09-15
BTN,,241,2024-09-15
NER,False,16,2024-09-15
ISR,,30178,2024-09-15
ZMB,True,194,2024-09-15
PRT,,76049,2024-09-15
FRA,False,73828,2024-09-15
OMN,True,153,2024-09-15
TUN,,3350,2024-09-15
NAM,,43,2024-09-15
EST,False,3027,2024-09-15
TJK,True,81,2024-09-15
SMR,,149,2024-09-15
MSR,,555,2024-09-15
CHE,False,44513,2024-09-15
NCL,False,227,2024-09-15
JOR,True,557,2024-09-15
SXM,False,88,2024-09-15
DZA,True,647,2024-09-15
CRI,False,951,2024-09-15
GNQ,True,26,2024-09-15
IRN,,42268,2024-09-15
LTU,,24575,2024-09-15
GRL,,513,2024-09-15
ZWE,True,370,2024-09-15
PAK,False,2398,2024-09-15
CYP,,2929,2024-09-15
THA,True,5783,2024-09-15
PSE,False,190,2024-09-15
TWN,,19843,2024-09-15
IMN,,4396,2024-09-15
MYS,,24668,2024-09-15
ZWE,,2317,2024-09-15
CHL,,89343,2024-09-15
NGA,False,8255,2024-09-15
MAC,,292,2024-09-15
ECU,True,1913,2024-09-15
PER,True,4087,2024-09-15
ZWE,False,458,2024-09-15
MUS,,1164,2024-09-15
FRA,True,45090,2024-09-15
VGB,False,106,2024-09-15
GRL,True,146,2024-09-15
COK,False,20,2024-09-15
SRB,True,3237,2024-09-15
NGA,True,1288,2024-09-15
SAU,False,1938,2024-09-15
CAN,,219913,2024-09-15
PER,False,4123,2024-09-15
WSM,False,844,2024-09-15
POL,False,25308,2024-09-15
MDV,False,207,2024-09-15
SDN,True,43,2024-09-15
RUS,,218612,2024-09-15
COL,,190991,2024-09-15
PAK,True,2261,2024-09-15
ISL,True,1675,2024-09-15
TUN,True,399,2024-09-15
ROU,,118912,2024-09-15
KIR,,31,2024-09-15
GBR,True,113339,2024-09-15
BLR,False,697,2024-09-15
BRN,False,56,2024-09-15
IRQ,False,168,2024-09-15
MLT,True,428,2024-09-15
MAC,False,93,2024-09-15
BLZ,,1712,2024-09-15
ITA,False,45128,2024-09-15
DEU,False,138258,2024-09-15
CUW,False,43,2024-09-15
DNK,,83245,2024-09-15
SWZ,,62,2024-09-15
ESP,False,28572,2024-09-15
TCA,False,92,2024-09-15
TTO,,242,2024-09-15
PRI,,135,2024-09-15
AUT,False,21681,2024-09-15
ESP,,247653,2024-09-15
MYS,False,7392,2024-09-15
GUF,False,27,2024-09-15
CHN,True,6538,2024-09-15
MAR,True,1101,2024-09-15
CYM,False,319,2024-09-15
ZMB,False,200,2024-09-15
NIC,False,439,2024-09-15
PAN,True,279,2024-09-15
KEN,,6483,2024-09-15
STP,True,187,2024-09-15
MYT,,522,2024-09-15
WSM,,2821,2024-09-15
LKA,,4769,2024-09-15
ISR,True,4266,2024-09-15
HRV,False,3461,2024-09-15
MDV,,908,2024-09-15
POL,True,198727,2024-09-15
JEY,True,152,2024-09-15
VIR,False,44,2024-09-15
GIB,False,100,2024-09-15
EST,,33099,2024-09-15
LBN,,351,2024-09-15
MNP,,62,2024-09-15
IRL,True,4824,2024-09-15
TWN,True,5425,2024-09-15
KEN,True,2501,2024-09-15
SLB,,101,2024-09-15
IRL,,25991,2024-09-15
SRB,False,2698,2024-09-15
GHA,False,161,2024-09-15
COD,True,59,2024-09-15
SWE,,78773,2024-09-15
CMR,True,122,2024-09-15
TKM,False,112,2024-09-15
SHN,True,581,2024-09-15
UGA,True,390,2024-09-15
PNG,False,90,2024-09-15
NGA,,7168,2024-09-15
GAB,,545,2024-09-15
TUR,True,16402,2024-09-15
MNE,True,10040,2024-09-15
TUV,True,2329,2024-09-15
REU,False,879,2024-09-15
KHM,False,151,2024-09-15
GLP,False,73,2024-09-15
HND,,563,2024-09-15
HRV,True,3206,2024-09-15
SVN,,36033,2024-09-15
TON,False,771,2024-09-15
PYF,True,140,2024-09-15
NRU,,16,2024-09-15
YEM,True,36,2024-09-15
MWI,False,107,2024-09-15
SLV,,871,2024-09-15
PYF,,239,2024-09-15
STP,False,376,2024-09-15
TCD,True,8,2024-09-15
ECU,,5340,2024-09-15
GRD,,159,2024-09-15
GLP,,130,2024-09-15
ETH,False,59,2024-09-15
GUM,False,8,2024-09-15
IMN,True,497,2024-09-15
SYC,False,220,2024-09-15
DMA,True,11,2024-09-15
GRC,,88899,2024-09-15
SYR,,318,2024-09-15
MSR,False,424,2024-09-15
COD,False,117,2024-09-15
SGS,False,173,2024-09-15
GIN,,198,2024-09-15
CCK,True,4126,2024-09-15
LBN,False,156,2024-09-15
COK,,76,2024-09-15
LBY,False,405,2024-09-15
BLZ,True,301,2024-09-15
MDA,True,1103,2024-09-15
SXM,,178,2024-09-15
FJI,False,231,2024-09-15
RUS,True,54145,2024-09-15
NZL,False,31497,2024-09-15
OMN,False,648,2024-09-15
QAT,False,825,2024-09-15
GMB,False,37,2024-09-15
LBY,True,198,2024-09-15
NCL,True,331,2024-09-15
SGP,,20181,2024-09-15
PRT,False,12493,2024-09-15
MUS,False,561,2024-09-15
HND,False,353,2024-09-15
IND,,223906,2024-09-15
KAZ,,10172,2024-09-15
NLD,True,255337,2024-09-15
USA,False,28454,2024-09-15
SPM,True,179,2024-09-15
HTI,False,104,2024-09-15
BRA,False,55903,2024-09-15
LTU,False,3810,2024-09-15
HKG,,14554,2024-09-15
NZL,True,14258,2024-09-15
PHL,False,3366,2024-09-15
LIE,True,676,2024-09-15
KHM,,413,2024-09-15
MMR,,236,2024-09-15
TCD,,81,2024-09-15
DNK,False,86228,2024-09-15
TKL,False,462,2024-09-15
MMR,False,110,2024-09-15
TLS,False,57,2024-09-15
MKD,,3243,2024-09-15
IRL,False,9547,2024-09-15
CHN,,15456,2024-09-15
IDN,,58390,2024-09-15
CUB,True,201,2024-09-15
MKD,True,894,2024-09-15
GGY,False,1452,2024-09-15
PRI,False,273,2024-09-15
SLV,True,390,2024-09-15
BEN,True,63,2024-09-15
DEU,,1047933,2024-09-15
MDA,,4797,2024-09-15
DZA,,1340,2024-09-15
UZB,,8087,2024-09-15
BGR,,8133,2024-09-15
MCO,,416,2024-09-15
GUY,True,149,2024-09-15
BOL,False,736,2024-09-15
NPL,False,1563,2024-09-15
VEN,True,586,2024-09-15
CIV,True,162,2024-09-15
JPN,,237420,2024-09-15
ESP,True,40076,2024-09-15
SYR,False,15,2024-09-15
SRB,,11595,2024-09-15
BHR,True,122,2024-09-15
,False,60472,2024-09-15
TZA,,1997,2024-09-15
BHS,False,96,2024-09-15
PLW,,2610,2024-09-15
LAO,,1935,2024-09-15
KGZ,,1747,2024-09-15
CHE,,404561,2024-09-15
JEY,,727,2024-09-15
CAN,False,68974,2024-09-15
CZE,,137746,2024-09-15
PHL,,7635,2024-09-15
IND,True,24344,2024-09-15
BWA,False,466,2024-09-15
NIU,False,7061,2024-09-15
EGY,,750,2024-09-15
SGS,,288,2024-09-15
ISL,,9709,2024-09-15
VGB,,202,2024-09-15
BEN,,1017,2024-09-15
KOR,True,2146,2024-09-15
SSD,False,6,2024-09-15
CAF,False,195,2024-09-15
PRY,True,1492,2024-09-15
ATF,,407,2024-09-15
COL,True,41954,2024-09-15
VNM,False,4049,2024-09-15
URY,False,1741,2024-09-15
QAT,True,429,2024-09-15
FRO,False,583,2024-09-15
COG,False,55,2024-09-15
DJI,True,25,2024-09-15
VIR,,33,2024-09-15
COM,,15,2024-09-15
NAM,False,30,2024-09-15
HMD,False,21,2024-09-15
ARM,False,12,2024-09-15
KNA,,23,2024-09-15
GMB,True,18,2024-09-15
BGD,,5,2024-09-15
WLF,False,62,2024-09-15
TGO,True,48,2024-09-15
TTO,True,92,2024-09-15
LCA,True,45,2024-09-15
CUW,True,20,2024-09-15
GIN,False,6,2024-09-15
PRI,True,27,2024-09-15
MTQ,,44,2024-09-15
DMA,False,38,2024-09-15
NER,True,27,2024-09-15
SGS,True,63,2024-09-15
FLK,True,41,2024-09-15
NFK,,18,2024-09-15
BHS,True,21,2024-09-15
MNP,True,10,2024-09-15
GNB,True,17,2024-09-15
KIR,True,8,2024-09-15
HTI,True,57,2024-09-15
BTN,False,21,2024-09-15
GIN,True,9,2024-09-15
MTQ,True,9,2024-09-15
HMD,,19,2024-09-15
ARM,True,1,2024-09-15
ARE,,7,2024-09-15
GLP,True,16,2024-09-15
MNP,False,31,2024-09-15
NRU,False,33,2024-09-15
YEM,False,10,2024-09-15
ARM,,9,2024-09-15
VIR,True,9,2024-09-15
GUF,True,7,2024-09-15
GNB,False,5,2024-09-15
ARE,False,4,2024-09-15
LBR,True,5,2024-09-15
COM,False,3,2024-09-15
LBR,False,3,2024-09-15
KNA,True,3,2024-09-15
COK,True,5,2024-09-15
GUM,,4,2024-09-15
SSD,True,3,2024-09-15
NFK,True,2,2024-09-15
BGD,False,3,2024-09-15
FLK,False,2,2024-09-15
ARE,True,1,2024-09-15
HMD,True,3,2024-09-15
NRU,True,2,2024-09-15
PCN,True,2,2024-09-15
BRA,True,127740,2024-10-15
THA,False,2141,2024-10-15
CCK,,21032,2024-10-15
NIU,,18250,2024-10-15
ZAF,False,36365,2024-10-15
SLB,True,92,2024-10-15
HTI,,179,2024-10-15
PSE,,845,2024-10-15
SWE,True,17762,2024-10-15
CZE,False,22502,2024-10-15
CZE,True,29202,2024-10-15
NOR,True,67607,2024-10-15
IRN,True,20249,2024-10-15
GRL,False,353,2024-10-15
POL,,766310,2024-10-15
LVA,,11319,2024-10-15
BRB,,109,2024-10-15
BEL,False,62968,2024-10-15
WSM,True,1241,2024-10-15
ZMB,,448,2024-10-15
JAM,,235,2024-10-15
SVK,False,9991,2024-10-15
PRY,False,981,2024-10-15
BRA,,669547,2024-10-15
SPM,,814,2024-10-15
NLD,False,112715,2024-10-15
ARM,,2624,2024-10-15
SVN,False,3395,2024-10-15
BDI,False,98,2024-10-15
LAO,True,470,2024-10-15
BFA,True,40,2024-10-15
MOZ,,1228,2024-10-15
BMU,False,309,2024-10-15
JOR,,399,2024-10-15
CUB,,139,2024-10-15
RUS,False,15710,2024-10-15
RWA,True,314,2024-10-15
MNE,False,17370,2024-10-15
TUR,False,9838,2024-10-15
LSO,True,51,2024-10-15
SEN,False,183,2024-10-15
CCK,False,7911,2024-10-15
WLF,True,43,2024-10-15
VGB,True,46,2024-10-15
FRA,,390487,2024-10-15
SOM,,1189,2024-10-15
ABW,,38,2024-10-15
ARM,True,1899,2024-10-15
NPL,True,1492,2024-10-15
TCA,,274,2024-10-15
ECU,False,2068,2024-10-15
MDG,True,234,2024-10-15
BRN,,97,2024-10-15
FSM,,1471,2024-10-15
COD,,406,2024-10-15
SLB,False,67,2024-10-15
ASM,True,128,2024-10-15
URY,,7925,2024-10-15
BOL,,1440,2024-10-15
IND,False,32076,2024-10-15
AUS,False,128854,2024-10-15
HKG,True,6267,2024-10-15
LIE,False,1397,2024-10-15
SHN,False,1011,2024-10-15
EST,True,3176,2024-10-15
UZB,False,480,2024-10-15
SXM,True,57,2024-10-15
HND,True,215,2024-10-15
VAT,True,65,2024-10-15
LBY,,1285,2024-10-15
GIB,,303,2024-10-15
VAT,,61,2024-10-15
ISL,False,2670,2024-10-15
CXR,False,486,2024-10-15
CPV,False,87,2024-10-15
ITA,True,49037,2024-10-15
CHN,False,28108,2024-10-15
IDN,True,12210,2024-10-15
LSO,False,107,2024-10-15
BIH,False,905,2024-10-15
MOZ,False,312,2024-10-15
JPN,True,41231,2024-10-15
IRN,False,7530,2024-10-15
AFG,False,149,2024-10-15
ETH,True,53,2024-10-15
VEN,False,817,2024-10-15
NFK,False,40,2024-10-15
GRD,False,96,2024-10-15
COG,True,22,2024-10-15
ETH,,2019,2024-10-15
KWT,False,249,2024-10-15
GEO,False,934,2024-10-15
TJK,False,103,2024-10-15
ATG,,1245,2024-10-15
REU,True,590,2024-10-15
GNQ,,102,2024-10-15
LKA,True,1576,2024-10-15
AGO,False,319,2024-10-15
ITA,,787707,2024-10-15
UKR,,27491,2024-10-15
SMR,True,38,2024-10-15
MCO,False,160,2024-10-15
ABW,True,50,2024-10-15
BMU,True,132,2024-10-15
CMR,,894,2024-10-15
GHA,,386,2024-10-15
NOR,False,21329,2024-10-15
NER,,81,2024-10-15
TZA,True,1457,2024-10-15
BLZ,False,570,2024-10-15
JAM,True,63,2024-10-15
IOT,,85794,2024-10-15
SEN,,1011,2024-10-15
GTM,,567,2024-10-15
SGP,True,4621,2024-10-15
HUN,False,9045,2024-10-15
ARE,False,5962,2024-10-15
KNA,False,30,2024-10-15
MLI,True,76,2024-10-15
GTM,True,108,2024-10-15
GUF,,41,2024-10-15
KWT,True,136,2024-10-15
GUY,,300,2024-10-15
LCA,,385,2024-10-15
IOT,True,23911,2024-10-15
MUS,True,285,2024-10-15
TKL,True,226,2024-10-15
HRV,,36709,2024-10-15
VCT,,1995,2024-10-15
WLF,,202,2024-10-15
ZAF,True,28840,2024-10-15
SPM,False,240,2024-10-15
SHN,,2565,2024-10-15
SLV,False,497,2024-10-15
GUY,False,119,2024-10-15
MNG,False,282,2024-10-15
QAT,,1370,2024-10-15
PCN,,29,2024-10-15
KAZ,False,970,2024-10-15
BHS,,73,2024-10-15
MAR,False,1640,2024-10-15
FRO,True,112,2024-10-15
GBR,,695692,2024-10-15
MEX,False,17936,2024-10-15
TZA,False,733,2024-10-15
TLS,True,108,2024-10-15
BOL,True,511,2024-10-15
MAC,True,164,2024-10-15
IOT,False,34317,2024-10-15
SOM,True,400,2024-10-15
PRY,,6333,2024-10-15
GMB,,176,2024-10-15
,,327838,2024-10-15
GHA,True,107,2024-10-15
TTO,False,170,2024-10-15
,True,62615,2024-10-15
ATF,False,132,2024-10-15
ARE,,16474,2024-10-15
KAZ,True,2006,2024-10-15
UGA,False,383,2024-10-15
TON,,2155,2024-10-15
FRO,,659,2024-10-15
BIH,True,4755,2024-10-15
URY,True,2415,2024-10-15
GEO,True,1339,2024-10-15
BWA,True,234,2024-10-15
LUX,True,2438,2024-10-15
NIU,True,1308,2024-10-15
MDG,False,262,2024-10-15
CRI,,2046,2024-10-15
JOR,False,373,2024-10-15
GAB,True,62,2024-10-15
TJK,,267,2024-10-15
BMU,,391,2024-10-15
SYC,True,124,2024-10-15
LKA,False,1347,2024-10-15
MMR,True,232,2024-10-15
MYT,False,101,2024-10-15
SMR,False,71,2024-10-15
MDA,False,694,2024-10-15
SUR,True,61,2024-10-15
GBR,False,197167,2024-10-15
LVA,True,3220,2024-10-15
TON,True,435,2024-10-15
DZA,False,231,2024-10-15
MLI,False,216,2024-10-15
NPL,,4539,2024-10-15
CRI,True,738,2024-10-15
SWZ,True,30,2024-10-15
ARM,False,1021,2024-10-15
BRN,True,127,2024-10-15
UGA,,837,2024-10-15
VUT,,169,2024-10-15
AZE,,4652,2024-10-15
BGR,True,2738,2024-10-15
GNQ,False,47,2024-10-15
AUS,,343986,2024-10-15
FLK,,26,2024-10-15
MLI,,487,2024-10-15
FSM,False,641,2024-10-15
JAM,False,113,2024-10-15
MLT,,1888,2024-10-15
MEX,,73709,2024-10-15
TKL,,1086,2024-10-15
UKR,True,8908,2024-10-15
GRC,False,9884,2024-10-15
LBN,True,114,2024-10-15
MCO,True,108,2024-10-15
BGD,,2172,2024-10-15
AFG,,544,2024-10-15
PNG,,373,2024-10-15
DMA,,34,2024-10-15
BEN,False,31,2024-10-15
CHE,True,25159,2024-10-15
YEM,,55,2024-10-15
AIA,False,11891,2024-10-15
IDN,False,8690,2024-10-15
LVA,False,3503,2024-10-15
MRT,False,14,2024-10-15
BLR,,7672,2024-10-15
MNG,,1783,2024-10-15
DEU,True,153169,2024-10-15
CXR,True,309,2024-10-15
ALA,False,162,2024-10-15
SVK,,58513,2024-10-15
SYC,,295,2024-10-15
ARG,False,12182,2024-10-15
LTU,True,3510,2024-10-15
NIC,True,274,2024-10-15
AZE,False,1115,2024-10-15
STP,,1002,2024-10-15
KOR,False,3506,2024-10-15
COG,,272,2024-10-15
CYM,True,227,2024-10-15
FSM,True,266,2024-10-15
HUN,,131386,2024-10-15
REU,,5166,2024-10-15
TKM,,103,2024-10-15
SVN,True,4833,2024-10-15
NZL,,66905,2024-10-15
TCA,True,82,2024-10-15
USA,True,13304,2024-10-15
THA,,12668,2024-10-15
DJI,,154,2024-10-15
DNK,True,17186,2024-10-15
GGY,True,629,2024-10-15
CYP,False,868,2024-10-15
VAT,False,5,2024-10-15
NOR,,149376,2024-10-15
IRQ,,675,2024-10-15
MOZ,True,436,2024-10-15
VEN,,1984,2024-10-15
SAU,True,3178,2024-10-15
FIN,False,13370,2024-10-15
GTM,False,212,2024-10-15
CHL,False,11977,2024-10-15
PCN,False,36,2024-10-15
GAB,False,146,2024-10-15
TUV,,14801,2024-10-15
SOM,False,382,2024-10-15
SYR,True,75,2024-10-15
TLS,,130,2024-10-15
GNB,,79,2024-10-15
EGY,False,406,2024-10-15
FIN,,49598,2024-10-15
SAU,,6241,2024-10-15
BWA,,725,2024-10-15
GRC,True,13049,2024-10-15
MLT,False,895,2024-10-15
ALB,False,915,2024-10-15
BFA,,287,2024-10-15
CUW,,119,2024-10-15
FIN,True,9477,2024-10-15
HUN,True,23322,2024-10-15
CAF,True,65,2024-10-15
CAN,True,38096,2024-10-15
LAO,False,725,2024-10-15
RWA,False,160,2024-10-15
DOM,,2856,2024-10-15
PRT,True,12088,2024-10-15
ALB,,4161,2024-10-15
TGO,,398,2024-10-15
CYP,True,706,2024-10-15
TGO,False,79,2024-10-15
SUR,False,121,2024-10-15
BHR,,363,2024-10-15
AUT,True,16344,2024-10-15
TWN,False,4811,2024-10-15
PLW,True,648,2024-10-15
NIC,,367,2024-10-15
MEX,True,14306,2024-10-15
CHL,True,51671,2024-10-15
MNG,True,270,2024-10-15
DOM,False,1274,2024-10-15
SEN,True,107,2024-10-15
KHM,True,189,2024-10-15
SWE,False,34970,2024-10-15
GIB,True,90,2024-10-15
SSD,,18,2024-10-15
FJI,True,152,2024-10-15
GGY,,3404,2024-10-15
SUR,,305,2024-10-15
PNG,True,242,2024-10-15
NAM,True,31,2024-10-15
SGP,False,7299,2024-10-15
MSR,True,113,2024-10-15
BIH,,3414,2024-10-15
ISR,False,5425,2024-10-15
UZB,True,955,2024-10-15
ATF,True,95,2024-10-15
KWT,,448,2024-10-15
UKR,False,4734,2024-10-15
TUN,False,1658,2024-10-15
MWI,,146,2024-10-15
MDV,True,178,2024-10-15
FJI,,247,2024-10-15
CPV,True,72,2024-10-15
AND,,354,2024-10-15
MRT,,202,2024-10-15
PER,,13516,2024-10-15
CAF,,328,2024-10-15
MYS,True,8509,2024-10-15
MYT,True,49,2024-10-15
LUX,False,3349,2024-10-15
NLD,,1374025,2024-10-15
BGD,True,615,2024-10-15
BTN,True,117,2024-10-15
PAK,,11981,2024-10-15
PAN,False,721,2024-10-15
DJI,False,45,2024-10-15
LUX,,11276,2024-10-15
VCT,True,536,2024-10-15
VNM,True,5779,2024-10-15
TUR,,95808,2024-10-15
NCL,,985,2024-10-15
CYM,,526,2024-10-15
TUV,False,5647,2024-10-15
MKD,False,830,2024-10-15
BHR,False,280,2024-10-15
HKG,False,5664,2024-10-15
ABW,False,30,2024-10-15
AGO,True,1049,2024-10-15
VUT,True,41,2024-10-15
GRD,True,32,2024-10-15
MRT,True,17,2024-10-15
SLE,,160,2024-10-15
RWA,,430,2024-10-15
SVK,True,12400,2024-10-15
VUT,False,85,2024-10-15
EGY,True,327,2024-10-15
CUB,False,46,2024-10-15
MNE,,56215,2024-10-15
ROU,True,20582,2024-10-15
AUS,True,70913,2024-10-15
TKM,True,41,2024-10-15
AUT,,184482,2024-10-15
CPV,,483,2024-10-15
BDI,,207,2024-10-15
USA,,78672,2024-10-15
PHL,True,4210,2024-10-15
PSE,True,482,2024-10-15
COM,True,8,2024-10-15
MAR,,8351,2024-10-15
MDG,,519,2024-10-15
PYF,False,98,2024-10-15
SDN,,257,2024-10-15
PLW,False,829,2024-10-15
IMN,False,1095,2024-10-15
GEO,,3462,2024-10-15
OMN,,474,2024-10-15
KEN,False,10789,2024-10-15
DOM,True,861,2024-10-15
BGR,False,2562,2024-10-15
MWI,True,104,2024-10-15
AFG,True,47,2024-10-15
LCA,False,99,2024-10-15
JPN,False,17242,2024-10-15
VCT,False,817,2024-10-15
CIV,False,234,2024-10-15
KGZ,False,222,2024-10-15
VNM,,14491,2024-10-15
PAN,,1121,2024-10-15
ATG,True,375,2024-10-15
CXR,,1100,2024-10-15
CIV,,2070,2024-10-15
BLR,True,1589,2024-10-15
LBR,,12,2024-10-15
ROU,False,12640,2024-10-15
IRQ,True,160,2024-10-15
KOR,,7450,2024-10-15
ALA,,600,2024-10-15
SWZ,False,135,2024-10-15
KGZ,True,235,2024-10-15
TCD,False,19,2024-10-15
KIR,False,25,2024-10-15
LIE,,6511,2024-10-15
JEY,False,281,2024-10-15
BDI,True,45,2024-10-15
SDN,False,92,2024-10-15
MTQ,False,47,2024-10-15
CMR,False,319,2024-10-15
SLE,False,63,2024-10-15
COL,False,83798,2024-10-15
ZAF,,140029,2024-10-15
LSO,,132,2024-10-15
BTN,,247,2024-10-15
NER,False,16,2024-10-15
ISR,,30815,2024-10-15
ARE,True,3787,2024-10-15
ZMB,True,196,2024-10-15
PRT,,76809,2024-10-15
FRA,False,75589,2024-10-15
ARG,True,38475,2024-10-15
OMN,True,157,2024-10-15
TUN,,3377,2024-10-15
NAM,,42,2024-10-15
EST,False,3120,2024-10-15
TJK,True,87,2024-10-15
ALA,True,69,2024-10-15
MSR,,562,2024-10-15
SMR,,150,2024-10-15
CHE,False,45391,2024-10-15
JOR,True,567,2024-10-15
NCL,False,233,2024-10-15
SXM,False,90,2024-10-15
AND,False,111,2024-10-15
GNQ,True,26,2024-10-15
CRI,False,976,2024-10-15
DZA,True,656,2024-10-15
IRN,,42902,2024-10-15
LTU,,25314,2024-10-15
GRL,,548,2024-10-15
PAK,False,2440,2024-10-15
ZWE,True,386,2024-10-15
CYP,,2973,2024-10-15
THA,True,5844,2024-10-15
PSE,False,198,2024-10-15
TWN,,20807,2024-10-15
IMN,,4694,2024-10-15
AND,True,114,2024-10-15
MYS,,25108,2024-10-15
ZWE,,2359,2024-10-15
CHL,,89966,2024-10-15
ASM,,2024,2024-10-15
NGA,False,8032,2024-10-15
MAC,,293,2024-10-15
ECU,True,1924,2024-10-15
ZWE,False,472,2024-10-15
PER,True,4106,2024-10-15
MUS,,1188,2024-10-15
FRA,True,45611,2024-10-15
VGB,False,106,2024-10-15
GRL,True,149,2024-10-15
COK,False,20,2024-10-15
SRB,True,3283,2024-10-15
SAU,False,1985,2024-10-15
NGA,True,1307,2024-10-15
CAN,,227059,2024-10-15
PER,False,4212,2024-10-15
WSM,False,873,2024-10-15
POL,False,26148,2024-10-15
SDN,True,44,2024-10-15
MDV,False,212,2024-10-15
RUS,,220353,2024-10-15
COL,,194238,2024-10-15
AIA,,30867,2024-10-15
PAK,True,2289,2024-10-15
TUN,True,405,2024-10-15
ISL,True,1690,2024-10-15
ROU,,120498,2024-10-15
KIR,,30,2024-10-15
GBR,True,113272,2024-10-15
BEL,True,23570,2024-10-15
BLR,False,711,2024-10-15
BRN,False,56,2024-10-15
ARG,,66637,2024-10-15
MLT,True,437,2024-10-15
IRQ,False,178,2024-10-15
MAC,False,100,2024-10-15
BLZ,,1734,2024-10-15
ITA,False,46234,2024-10-15
DEU,False,139995,2024-10-15
BGD,False,1421,2024-10-15
CUW,False,46,2024-10-15
DNK,,84929,2024-10-15
SWZ,,61,2024-10-15
ESP,False,29547,2024-10-15
TCA,False,93,2024-10-15
PRI,,132,2024-10-15
TTO,,245,2024-10-15
AUT,False,22165,2024-10-15
ESP,,251587,2024-10-15
GUF,False,28,2024-10-15
MYS,False,7551,2024-10-15
CHN,True,6265,2024-10-15
MAR,True,1112,2024-10-15
CYM,False,328,2024-10-15
ZMB,False,232,2024-10-15
NIC,False,439,2024-10-15
PAN,True,289,2024-10-15
KEN,,6559,2024-10-15
STP,True,192,2024-10-15
MYT,,534,2024-10-15
WSM,,2959,2024-10-15
LKA,,4897,2024-10-15
HRV,False,3526,2024-10-15
ISR,True,4304,2024-10-15
ASM,False,1217,2024-10-15
MDV,,929,2024-10-15
POL,True,199155,2024-10-15
GIB,False,101,2024-10-15
JEY,True,158,2024-10-15
VIR,False,44,2024-10-15
EST,,33616,2024-10-15
LBN,,353,2024-10-15
MNP,,66,2024-10-15
IRL,True,4885,2024-10-15
AGO,,4595,2024-10-15
TWN,True,5520,2024-10-15
KEN,True,2514,2024-10-15
SLB,,102,2024-10-15
IRL,,26609,2024-10-15
AIA,True,8702,2024-10-15
SRB,False,2780,2024-10-15
COD,True,63,2024-10-15
GHA,False,165,2024-10-15
SWE,,80455,2024-10-15
CMR,True,124,2024-10-15
TKM,False,115,2024-10-15
UGA,True,354,2024-10-15
SHN,True,584,2024-10-15
PNG,False,89,2024-10-15
NGA,,7541,2024-10-15
GAB,,561,2024-10-15
TUR,True,16987,2024-10-15
MNE,True,10003,2024-10-15
TUV,True,2343,2024-10-15
REU,False,925,2024-10-15
KHM,False,153,2024-10-15
GLP,False,74,2024-10-15
HND,,571,2024-10-15
HRV,True,3270,2024-10-15
SVN,,36457,2024-10-15
TON,False,800,2024-10-15
PYF,True,143,2024-10-15
NRU,,17,2024-10-15
MWI,False,110,2024-10-15
YEM,True,35,2024-10-15
SLV,,858,2024-10-15
PYF,,244,2024-10-15
STP,False,380,2024-10-15
TCD,True,8,2024-10-15
ECU,,5440,2024-10-15
GRD,,165,2024-10-15
GLP,,130,2024-10-15
ETH,False,62,2024-10-15
GUM,False,8,2024-10-15
IMN,True,502,2024-10-15
SYC,False,219,2024-10-15
DMA,True,11,2024-10-15
GRC,,90367,2024-10-15
SYR,,336,2024-10-15
MSR,False,428,2024-10-15
SGS,False,178,2024-10-15
COD,False,115,2024-10-15
BRB,False,63,2024-10-15
GIN,,198,2024-10-15
CCK,True,4265,2024-10-15
LBN,False,162,2024-10-15
COK,,76,2024-10-15
LBY,False,411,2024-10-15
BLZ,True,305,2024-10-15
MDA,True,1128,2024-10-15
SXM,,182,2024-10-15
FJI,False,230,2024-10-15
NZL,False,32181,2024-10-15
RUS,True,54870,2024-10-15
OMN,False,676,2024-10-15
QAT,False,848,2024-10-15
NCL,True,335,2024-10-15
LBY,True,203,2024-10-15
GMB,False,39,2024-10-15
SGP,,20715,2024-10-15
PRT,False,12752,2024-10-15
HND,False,355,2024-10-15
MUS,False,574,2024-10-15
IND,,231666,2024-10-15
KAZ,,10512,2024-10-15
NLD,True,254209,2024-10-15
USA,False,28910,2024-10-15
SPM,True,181,2024-10-15
HTI,False,105,2024-10-15
BRA,False,57373,2024-10-15
LTU,False,3900,2024-10-15
HKG,,14719,2024-10-15
NZL,True,14517,2024-10-15
PHL,False,3434,2024-10-15
LIE,True,683,2024-10-15
KHM,,411,2024-10-15
TCD,,83,2024-10-15
MMR,,235,2024-10-15
DNK,False,87061,2024-10-15
TKL,False,465,2024-10-15
MMR,False,108,2024-10-15
TLS,False,59,2024-10-15
BEL,,192374,2024-10-15
MKD,,3302,2024-10-15
IRL,False,9737,2024-10-15
AZE,True,2045,2024-10-15
ALB,True,1012,2024-10-15
IDN,,59675,2024-10-15
CHN,,14670,2024-10-15
CUB,True,203,2024-10-15
MKD,True,911,2024-10-15
BEN,True,67,2024-10-15
GGY,False,1483,2024-10-15
PRI,False,278,2024-10-15
SLV,True,390,2024-10-15
DEU,,1307646,2024-10-15
MDA,,4876,2024-10-15
DZA,,1357,2024-10-15
UZB,,8103,2024-10-15
BGR,,8307,2024-10-15
MCO,,427,2024-10-15
GUY,True,151,2024-10-15
BOL,False,747,2024-10-15
NPL,False,1625,2024-10-15
VEN,True,597,2024-10-15
CIV,True,166,2024-10-15
JPN,,243263,2024-10-15
ESP,True,40418,2024-10-15
SYR,False,15,2024-10-15
SRB,,11841,2024-10-15
BHR,True,121,2024-10-15
,False,61267,2024-10-15
TZA,,2078,2024-10-15
BHS,False,97,2024-10-15
PLW,,2593,2024-10-15
LAO,,2006,2024-10-15
KGZ,,1809,2024-10-15
CHE,,409556,2024-10-15
JEY,,736,2024-10-15
CAN,False,70527,2024-10-15
CZE,,140472,2024-10-15
PHL,,7808,2024-10-15
IND,True,24816,2024-10-15
BWA,False,469,2024-10-15
NIU,False,7083,2024-10-15
ATG,False,780,2024-10-15
EGY,,777,2024-10-15
SGS,,296,2024-10-15
ISL,,9881,2024-10-15
VGB,,202,2024-10-15
BEN,,912,2024-10-15
KOR,True,2216,2024-10-15
SSD,False,8,2024-10-15
CAF,False,198,2024-10-15
PRY,True,1506,2024-10-15
ATF,,417,2024-10-15
COL,True,43274,2024-10-15
VNM,False,4156,2024-10-15
URY,False,1756,2024-10-15
QAT,True,436,2024-10-15
FRO,False,591,2024-10-15
GUF,True,7,2024-10-15
COG,False,55,2024-10-15
DJI,True,27,2024-10-15
HMD,True,3,2024-10-15
VIR,,33,2024-10-15
COM,,14,2024-10-15
BHS,True,21,2024-10-15
KNA,True,3,2024-10-15
BFA,False,29,2024-10-15
HMD,False,21,2024-10-15
KNA,,23,2024-10-15
GMB,True,18,2024-10-15
WLF,False,63,2024-10-15
GNB,True,18,2024-10-15
TGO,True,55,2024-10-15
TTO,True,93,2024-10-15
GLP,True,16,2024-10-15
SLE,True,15,2024-10-15
LCA,True,47,2024-10-15
MNP,False,32,2024-10-15
CUW,True,21,2024-10-15
KIR,True,8,2024-10-15
ATA,False,11,2024-10-15
HTI,True,57,2024-10-15
BTN,False,21,2024-10-15
PRI,True,28,2024-10-15
BRB,True,54,2024-10-15
COK,True,5,2024-10-15
MTQ,,45,2024-10-15
GIN,True,9,2024-10-15
SGS,True,61,2024-10-15
FLK,True,42,2024-10-15
NRU,False,33,2024-10-15
YEM,False,11,2024-10-15
DMA,False,38,2024-10-15
NFK,,18,2024-10-15
HMD,,19,2024-10-15
FLK,False,2,2024-10-15
LBR,False,5,2024-10-15
ATA,,7,2024-10-15
COM,False,2,2024-10-15
NER,True,28,2024-10-15
MNP,True,11,2024-10-15
NAM,False,30,2024-10-15
VIR,True,10,2024-10-15
MTQ,True,10,2024-10-15
PCN,True,2,2024-10-15
SSD,True,3,2024-10-15
GNB,False,5,2024-10-15
LBR,True,5,2024-10-15
GIN,False,6,2024-10-15
GUM,,4,2024-10-15
NRU,True,2,2024-10-15
NFK,True,2,2024-10-15
BRA,True,129554,2024-11-15
THA,False,2182,2024-11-15
CCK,,21784,2024-11-15
NIU,,18504,2024-11-15
ZAF,False,37034,2024-11-15
SLB,True,92,2024-11-15
PSE,,867,2024-11-15
HTI,,211,2024-11-15
CZE,True,29734,2024-11-15
SWE,True,18177,2024-11-15
NOR,True,67843,2024-11-15
CZE,False,23165,2024-11-15
IRN,True,20352,2024-11-15
GRL,False,364,2024-11-15
POL,,775738,2024-11-15
LVA,,11579,2024-11-15
BRB,,108,2024-11-15
BEL,False,63853,2024-11-15
WSM,True,1049,2024-11-15
ZMB,,460,2024-11-15
JAM,,238,2024-11-15
PRY,False,1033,2024-11-15
SVK,False,10227,2024-11-15
BRA,,682492,2024-11-15
SPM,,840,2024-11-15
NLD,False,114572,2024-11-15
ARM,,2830,2024-11-15
LAO,True,477,2024-11-15
SVN,False,3487,2024-11-15
BDI,False,101,2024-11-15
COG,False,57,2024-11-15
BFA,True,42,2024-11-15
MOZ,,1274,2024-11-15
BMU,False,312,2024-11-15
CUB,,119,2024-11-15
JOR,,400,2024-11-15
RUS,False,15894,2024-11-15
RWA,True,313,2024-11-15
DJI,True,27,2024-11-15
MNE,False,17900,2024-11-15
TUR,False,10119,2024-11-15
LSO,True,51,2024-11-15
SEN,False,191,2024-11-15
CCK,False,8118,2024-11-15
VGB,True,47,2024-11-15
WLF,True,42,2024-11-15
FRA,,394965,2024-11-15
SOM,,1222,2024-11-15
ABW,,42,2024-11-15
ARM,True,1905,2024-11-15
NPL,True,1539,2024-11-15
TCA,,277,2024-11-15
ECU,False,2096,2024-11-15
MDG,True,238,2024-11-15
FSM,,1491,2024-11-15
COD,,424,2024-11-15
BRN,,99,2024-11-15
SLB,False,68,2024-11-15
ASM,True,134,2024-11-15
BOL,,1463,2024-11-15
URY,,8164,2024-11-15
AUS,False,131919,2024-11-15
IND,False,32262,2024-11-15
LIE,False,1419,2024-11-15
HKG,True,6311,2024-11-15
EST,True,3247,2024-11-15
UZB,False,496,2024-11-15
SHN,False,1035,2024-11-15
HND,True,219,2024-11-15
VAT,True,66,2024-11-15
SXM,True,57,2024-11-15
LBY,,1338,2024-11-15
GIB,,310,2024-11-15
VAT,,61,2024-11-15
CPV,False,115,2024-11-15
ISL,False,2735,2024-11-15
CXR,False,502,2024-11-15
CHN,False,28627,2024-11-15
ITA,True,49649,2024-11-15
IDN,True,13237,2024-11-15
BIH,False,933,2024-11-15
MOZ,False,314,2024-11-15
LSO,False,109,2024-11-15
IRN,False,7575,2024-11-15
JPN,True,41914,2024-11-15
AFG,False,151,2024-11-15
ETH,True,52,2024-11-15
VEN,False,836,2024-11-15
GRD,False,105,2024-11-15
NFK,False,40,2024-11-15
COG,True,22,2024-11-15
ETH,,2034,2024-11-15
GEO,False,962,2024-11-15
KWT,False,252,2024-11-15
TJK,False,104,2024-11-15
ATG,,1320,2024-11-15
REU,True,601,2024-11-15
GNQ,,102,2024-11-15
AGO,False,315,2024-11-15
LKA,True,1617,2024-11-15
ITA,,796090,2024-11-15
UKR,,27522,2024-11-15
BMU,True,134,2024-11-15
MCO,False,162,2024-11-15
ABW,True,50,2024-11-15
SMR,True,39,2024-11-15
CMR,,930,2024-11-15
GHA,,409,2024-11-15
NOR,False,21846,2024-11-15
NER,,83,2024-11-15
TZA,True,1548,2024-11-15
BLZ,False,583,2024-11-15
JAM,True,66,2024-11-15
IOT,,88421,2024-11-15
GTM,,586,2024-11-15
SEN,,1038,2024-11-15
SGP,True,4655,2024-11-15
HUN,False,9272,2024-11-15
ARE,False,6129,2024-11-15
KNA,False,31,2024-11-15
GTM,True,112,2024-11-15
MLI,True,80,2024-11-15
KWT,True,141,2024-11-15
LCA,,416,2024-11-15
GUY,,314,2024-11-15
COM,,15,2024-11-15
IOT,True,24454,2024-11-15
MUS,True,289,2024-11-15
TKL,True,229,2024-11-15
BHS,True,20,2024-11-15
HRV,,37192,2024-11-15
VCT,,2101,2024-11-15
WLF,,204,2024-11-15
ZAF,True,29552,2024-11-15
SPM,False,242,2024-11-15
SHN,,2646,2024-11-15
SLV,False,506,2024-11-15
GUY,False,123,2024-11-15
MNG,False,285,2024-11-15
QAT,,1413,2024-11-15
KAZ,False,1044,2024-11-15
BHS,,76,2024-11-15
MAR,False,1754,2024-11-15
FRO,True,114,2024-11-15
GBR,,716411,2024-11-15
MEX,False,18318,2024-11-15
TZA,False,751,2024-11-15
BOL,True,510,2024-11-15
MAC,True,165,2024-11-15
TLS,True,111,2024-11-15
IOT,False,35101,2024-11-15
SOM,True,401,2024-11-15
MNP,True,12,2024-11-15
PRY,,6549,2024-11-15
GMB,,175,2024-11-15
,,330245,2024-11-15
TTO,False,171,2024-11-15
GHA,True,112,2024-11-15
,True,62593,2024-11-15
ATF,False,133,2024-11-15
ARE,,17326,2024-11-15
KAZ,True,2099,2024-11-15
UGA,False,399,2024-11-15
TON,,2189,2024-11-15
FRO,,675,2024-11-15
GEO,True,1373,2024-11-15
URY,True,2423,2024-11-15
BIH,True,4791,2024-11-15
BWA,True,249,2024-11-15
MDG,False,268,2024-11-15
LUX,True,2504,2024-11-15
NIU,True,1333,2024-11-15
CRI,,2036,2024-11-15
JOR,False,392,2024-11-15
BFA,False,34,2024-11-15
GAB,True,62,2024-11-15
TJK,,289,2024-11-15
BMU,,415,2024-11-15
LKA,False,1369,2024-11-15
MMR,True,233,2024-11-15
SYC,True,125,2024-11-15
NAM,False,30,2024-11-15
SMR,False,74,2024-11-15
MYT,False,103,2024-11-15
MDA,False,715,2024-11-15
SUR,True,63,2024-11-15
GBR,False,201903,2024-11-15
LVA,True,3254,2024-11-15
DZA,False,237,2024-11-15
MLI,False,207,2024-11-15
TON,True,437,2024-11-15
NPL,,4625,2024-11-15
CRI,True,740,2024-11-15
SWZ,True,30,2024-11-15
ARM,False,1057,2024-11-15
BRN,True,127,2024-11-15
VUT,,174,2024-11-15
UGA,,915,2024-11-15
AZE,,4745,2024-11-15
BGR,True,2769,2024-11-15
GNQ,False,47,2024-11-15
AUS,,352381,2024-11-15
MLI,,537,2024-11-15
FLK,,26,2024-11-15
JAM,False,113,2024-11-15
FSM,False,648,2024-11-15
MLT,,1932,2024-11-15
MEX,,77376,2024-11-15
TKL,,1099,2024-11-15
UKR,True,8976,2024-11-15
GRC,False,10181,2024-11-15
LBN,True,112,2024-11-15
MCO,True,110,2024-11-15
PNG,,380,2024-11-15
AFG,,551,2024-11-15
BGD,,2310,2024-11-15
DMA,,34,2024-11-15
WLF,False,64,2024-11-15
BEN,False,33,2024-11-15
CHE,True,25584,2024-11-15
YEM,,59,2024-11-15
AIA,False,12599,2024-11-15
IDN,False,8746,2024-11-15
LVA,False,3601,2024-11-15
BLR,,7907,2024-11-15
MNG,,1822,2024-11-15
DEU,True,157628,2024-11-15
CXR,True,314,2024-11-15
ALA,False,166,2024-11-15
SVK,,58937,2024-11-15
SYC,,300,2024-11-15
AZE,False,1151,2024-11-15
ARG,False,12366,2024-11-15
LTU,True,3571,2024-11-15
NIC,True,278,2024-11-15
STP,,1044,2024-11-15
KOR,False,3600,2024-11-15
COG,,269,2024-11-15
CYM,True,228,2024-11-15
FSM,True,270,2024-11-15
HUN,,133831,2024-11-15
REU,,5281,2024-11-15
TKM,,105,2024-11-15
SVN,True,4923,2024-11-15
NZL,,69441,2024-11-15
TCA,True,82,2024-11-15
USA,True,13704,2024-11-15
THA,,12803,2024-11-15
DJI,,156,2024-11-15
DNK,True,17245,2024-11-15
CYP,False,895,2024-11-15
GGY,True,651,2024-11-15
NOR,,151622,2024-11-15
IRQ,,759,2024-11-15
MOZ,True,438,2024-11-15
VEN,,2026,2024-11-15
CHL,False,12345,2024-11-15
FIN,False,13604,2024-11-15
SAU,True,3290,2024-11-15
GTM,False,220,2024-11-15
PCN,False,36,2024-11-15
GAB,False,151,2024-11-15
TUV,,15192,2024-11-15
SOM,False,397,2024-11-15
SYR,True,80,2024-11-15
GNB,,80,2024-11-15
TLS,,133,2024-11-15
EGY,False,421,2024-11-15
FIN,,50709,2024-11-15
SAU,,6607,2024-11-15
BWA,,750,2024-11-15
GRC,True,13176,2024-11-15
ALB,False,933,2024-11-15
MLT,False,921,2024-11-15
GNB,True,19,2024-11-15
CUW,,143,2024-11-15
BFA,,290,2024-11-15
FIN,True,9558,2024-11-15
HUN,True,23784,2024-11-15
CAN,True,38739,2024-11-15
RWA,False,169,2024-11-15
LAO,False,744,2024-11-15
DOM,,2938,2024-11-15
PRT,True,12243,2024-11-15
ALB,,4340,2024-11-15
TGO,,405,2024-11-15
CYP,True,720,2024-11-15
SUR,False,121,2024-11-15
TGO,False,81,2024-11-15
TGO,True,55,2024-11-15
BHR,,381,2024-11-15
AUT,True,16665,2024-11-15
TWN,False,4902,2024-11-15
PLW,True,631,2024-11-15
NIC,,373,2024-11-15
CHL,True,51773,2024-11-15
MEX,True,14573,2024-11-15
DOM,False,1305,2024-11-15
SEN,True,106,2024-11-15
MNG,True,275,2024-11-15
KHM,True,195,2024-11-15
SWE,False,35518,2024-11-15
GIB,True,90,2024-11-15
FJI,True,154,2024-11-15
GGY,,3518,2024-11-15
SUR,,321,2024-11-15
PNG,True,245,2024-11-15
NAM,True,31,2024-11-15
SGP,False,7454,2024-11-15
MSR,True,113,2024-11-15
BIH,,3511,2024-11-15
ISR,False,5531,2024-11-15
UZB,True,969,2024-11-15
ATF,True,95,2024-11-15
TTO,True,95,2024-11-15
KWT,,451,2024-11-15
UKR,False,4847,2024-11-15
TUN,False,778,2024-11-15
MWI,,143,2024-11-15
MDV,True,180,2024-11-15
FJI,,260,2024-11-15
CPV,True,72,2024-11-15
MRT,,216,2024-11-15
AND,,408,2024-11-15
PER,,14132,2024-11-15
CAF,,327,2024-11-15
MYS,True,8808,2024-11-15
LUX,False,3437,2024-11-15
MYT,True,48,2024-11-15
NLD,,1383663,2024-11-15
BGD,True,623,2024-11-15
BTN,True,118,2024-11-15
SLE,True,17,2024-11-15
PAK,,12507,2024-11-15
PAN,False,731,2024-11-15
DJI,False,45,2024-11-15
LUX,,11571,2024-11-15
VNM,True,5894,2024-11-15
VCT,True,554,2024-11-15
TUR,,98507,2024-11-15
CYM,,541,2024-11-15
NCL,,994,2024-11-15
TUV,False,5734,2024-11-15
MKD,False,853,2024-11-15
BHR,False,283,2024-11-15
HKG,False,5761,2024-11-15
AGO,True,895,2024-11-15
MRT,True,20,2024-11-15
GRD,True,32,2024-11-15
VUT,True,42,2024-11-15
SLE,,162,2024-11-15
RWA,,458,2024-11-15
SVK,True,12738,2024-11-15
EGY,True,337,2024-11-15
CUB,False,40,2024-11-15
VUT,False,88,2024-11-15
MNE,,57891,2024-11-15
ROU,True,20873,2024-11-15
AUS,True,72613,2024-11-15
TKM,True,42,2024-11-15
AUT,,186331,2024-11-15
BDI,,219,2024-11-15
CPV,,510,2024-11-15
USA,,81118,2024-11-15
PHL,True,4233,2024-11-15
PSE,True,497,2024-11-15
COM,True,8,2024-11-15
LCA,True,50,2024-11-15
MAR,,8981,2024-11-15
MDG,,544,2024-11-15
PYF,False,99,2024-11-15
SDN,,258,2024-11-15
IMN,False,1104,2024-11-15
PLW,False,832,2024-11-15
GEO,,3553,2024-11-15
OMN,,503,2024-11-15
KEN,False,10461,2024-11-15
BGR,False,2657,2024-11-15
MWI,True,103,2024-11-15
DOM,True,879,2024-11-15
LCA,False,101,2024-11-15
AFG,True,48,2024-11-15
MNP,False,36,2024-11-15
JPN,False,17598,2024-11-15
VCT,False,858,2024-11-15
KGZ,False,230,2024-11-15
CIV,False,245,2024-11-15
VNM,,14916,2024-11-15
PAN,,1148,2024-11-15
ATG,True,384,2024-11-15
CXR,,1147,2024-11-15
CIV,,2077,2024-11-15
BLR,True,1612,2024-11-15
LBR,,14,2024-11-15
ROU,False,13032,2024-11-15
IRQ,True,174,2024-11-15
KOR,,7721,2024-11-15
ALA,,615,2024-11-15
SWZ,False,131,2024-11-15
KGZ,True,247,2024-11-15
LIE,,6587,2024-11-15
JEY,False,288,2024-11-15
SDN,False,94,2024-11-15
BDI,True,46,2024-11-15
MTQ,False,48,2024-11-15
CMR,False,316,2024-11-15
SLE,False,63,2024-11-15
COL,False,91375,2024-11-15
ZAF,,149908,2024-11-15
LSO,,136,2024-11-15
BTN,,244,2024-11-15
ISR,,31219,2024-11-15
ARE,True,3873,2024-11-15
ZMB,True,198,2024-11-15
KIR,True,6,2024-11-15
PRT,,78271,2024-11-15
FRA,False,77427,2024-11-15
ARG,True,38355,2024-11-15
OMN,True,167,2024-11-15
TUN,,2555,2024-11-15
NAM,,43,2024-11-15
EST,False,3199,2024-11-15
TJK,True,89,2024-11-15
ALA,True,74,2024-11-15
MSR,,576,2024-11-15
SMR,,153,2024-11-15
CHE,False,46212,2024-11-15
JOR,True,573,2024-11-15
NCL,False,241,2024-11-15
SXM,False,90,2024-11-15
AND,False,101,2024-11-15
CRI,False,994,2024-11-15
DZA,True,682,2024-11-15
GNQ,True,26,2024-11-15
LTU,,26295,2024-11-15
IRN,,43843,2024-11-15
GRL,,565,2024-11-15
PAK,False,2489,2024-11-15
ZWE,True,396,2024-11-15
CYP,,3080,2024-11-15
THA,True,5885,2024-11-15
PSE,False,193,2024-11-15
TWN,,21234,2024-11-15
IMN,,4981,2024-11-15
AND,True,123,2024-11-15
MYS,,26008,2024-11-15
ZWE,,2409,2024-11-15
NRU,False,33,2024-11-15
CHL,,91877,2024-11-15
ASM,,2039,2024-11-15
NGA,False,7719,2024-11-15
MAC,,300,2024-11-15
PER,True,4195,2024-11-15
ECU,True,1930,2024-11-15
ZWE,False,481,2024-11-15
MUS,,1219,2024-11-15
FRA,True,46119,2024-11-15
VGB,False,107,2024-11-15
GRL,True,155,2024-11-15
NGA,True,1354,2024-11-15
SAU,False,2036,2024-11-15
SRB,True,3359,2024-11-15
CAN,,233888,2024-11-15
WSM,False,872,2024-11-15
PER,False,4361,2024-11-15
POL,False,25646,2024-11-15
SDN,True,47,2024-11-15
MDV,False,216,2024-11-15
RUS,,224478,2024-11-15
COL,,199693,2024-11-15
AIA,,33031,2024-11-15
PAK,True,2290,2024-11-15
ISL,True,1697,2024-11-15
TUN,True,408,2024-11-15
ROU,,125123,2024-11-15
KIR,,28,2024-11-15
GBR,True,115434,2024-11-15
BEL,True,24132,2024-11-15
BLR,False,723,2024-11-15
BRN,False,57,2024-11-15
ARG,,68296,2024-11-15
MAC,False,104,2024-11-15
IRQ,False,185,2024-11-15
MLT,True,446,2024-11-15
BLZ,,1781,2024-11-15
ITA,False,47611,2024-11-15
DEU,False,143158,2024-11-15
BGD,False,1416,2024-11-15
CUW,False,48,2024-11-15
DNK,,87188,2024-11-15
ESP,False,30282,2024-11-15
TCA,False,95,2024-11-15
TTO,,245,2024-11-15
PRI,,143,2024-11-15
AUT,False,22754,2024-11-15
ESP,,256635,2024-11-15
MYS,False,7713,2024-11-15
CHN,True,5662,2024-11-15
MAR,True,1131,2024-11-15
CYM,False,333,2024-11-15
GUF,False,27,2024-11-15
ZMB,False,243,2024-11-15
NIC,False,433,2024-11-15
PAN,True,291,2024-11-15
KEN,,7147,2024-11-15
STP,True,195,2024-11-15
PRI,True,32,2024-11-15
LKA,,5133,2024-11-15
WSM,,2867,2024-11-15
MYT,,552,2024-11-15
HRV,False,3613,2024-11-15
ISR,True,4337,2024-11-15
ASM,False,1225,2024-11-15
MDV,,949,2024-11-15
POL,True,199557,2024-11-15
GIB,False,100,2024-11-15
VIR,False,44,2024-11-15
JEY,True,162,2024-11-15
EST,,34185,2024-11-15
LBN,,360,2024-11-15
MNP,,67,2024-11-15
IRL,True,4968,2024-11-15
AGO,,4048,2024-11-15
TWN,True,5641,2024-11-15
KEN,True,2551,2024-11-15
SLB,,102,2024-11-15
IRL,,27429,2024-11-15
AIA,True,9241,2024-11-15
GHA,False,168,2024-11-15
SRB,False,2831,2024-11-15
BRB,True,53,2024-11-15
COD,True,68,2024-11-15
COK,True,6,2024-11-15
SWE,,82735,2024-11-15
CMR,True,128,2024-11-15
SHN,True,588,2024-11-15
UGA,True,404,2024-11-15
TKM,False,114,2024-11-15
PNG,False,92,2024-11-15
NGA,,8156,2024-11-15
GAB,,582,2024-11-15
TUR,True,17422,2024-11-15
KHM,False,156,2024-11-15
MNE,True,9947,2024-11-15
TUV,True,2375,2024-11-15
REU,False,950,2024-11-15
GLP,False,75,2024-11-15
HND,,590,2024-11-15
HRV,True,3337,2024-11-15
SVN,,36981,2024-11-15
PYF,True,148,2024-11-15
TON,False,812,2024-11-15
MWI,False,109,2024-11-15
YEM,True,31,2024-11-15
SLV,,894,2024-11-15
PYF,,250,2024-11-15
STP,False,393,2024-11-15
ECU,,5622,2024-11-15
GRD,,180,2024-11-15
MTQ,,46,2024-11-15
GLP,,129,2024-11-15
ETH,False,67,2024-11-15
SYC,False,220,2024-11-15
IMN,True,507,2024-11-15
GRC,,92770,2024-11-15
SYR,,336,2024-11-15
MSR,False,434,2024-11-15
BRB,False,61,2024-11-15
SGS,False,179,2024-11-15
COD,False,109,2024-11-15
DMA,False,40,2024-11-15
GIN,,200,2024-11-15
CCK,True,4318,2024-11-15
LBN,False,166,2024-11-15
COK,,76,2024-11-15
MDA,True,1144,2024-11-15
LBY,False,415,2024-11-15
BLZ,True,309,2024-11-15
SXM,,184,2024-11-15
FJI,False,226,2024-11-15
NER,True,31,2024-11-15
RUS,True,55495,2024-11-15
NZL,False,32859,2024-11-15
OMN,False,695,2024-11-15
NCL,True,335,2024-11-15
QAT,False,856,2024-11-15
LBY,True,208,2024-11-15
GMB,False,39,2024-11-15
SGP,,21050,2024-11-15
PRT,False,13141,2024-11-15
HND,False,355,2024-11-15
MUS,False,586,2024-11-15
IND,,238833,2024-11-15
KAZ,,10630,2024-11-15
NLD,True,253402,2024-11-15
USA,False,29466,2024-11-15
SPM,True,178,2024-11-15
HTI,False,105,2024-11-15
BRA,False,59075,2024-11-15
LTU,False,4024,2024-11-15
HKG,,14965,2024-11-15
NZL,True,14735,2024-11-15
PHL,False,3485,2024-11-15
LIE,True,699,2024-11-15
SGS,True,62,2024-11-15
KHM,,429,2024-11-15
TCD,,79,2024-11-15
MMR,,245,2024-11-15
DNK,False,87732,2024-11-15
MMR,False,112,2024-11-15
TKL,False,454,2024-11-15
TLS,False,61,2024-11-15
BEL,,195546,2024-11-15
MKD,,3402,2024-11-15
IRL,False,9939,2024-11-15
ALB,True,1023,2024-11-15
AZE,True,2063,2024-11-15
IDN,,61668,2024-11-15
CHN,,14434,2024-11-15
CUB,True,188,2024-11-15
MKD,True,936,2024-11-15
PRI,False,284,2024-11-15
GGY,False,1512,2024-11-15
SLV,True,403,2024-11-15
DEU,,1332177,2024-11-15
MDA,,4978,2024-11-15
DZA,,1403,2024-11-15
BGR,,8546,2024-11-15
UZB,,8326,2024-11-15
FLK,True,42,2024-11-15
MCO,,432,2024-11-15
NFK,,18,2024-11-15
BOL,False,776,2024-11-15
NPL,False,1675,2024-11-15
GUY,True,155,2024-11-15
CIV,True,173,2024-11-15
VEN,True,618,2024-11-15
JPN,,248217,2024-11-15
ESP,True,40985,2024-11-15
SYR,False,16,2024-11-15
SRB,,12155,2024-11-15
BHR,True,126,2024-11-15
,False,62269,2024-11-15
TZA,,2272,2024-11-15
BHS,False,98,2024-11-15
KGZ,,1843,2024-11-15
PLW,,2590,2024-11-15
LAO,,2073,2024-11-15
MTQ,True,10,2024-11-15
CHE,,415712,2024-11-15
JEY,,762,2024-11-15
CAN,False,72176,2024-11-15
CZE,,143365,2024-11-15
PHL,,7944,2024-11-15
IND,True,25493,2024-11-15
BWA,False,474,2024-11-15
NIU,False,7076,2024-11-15
ATG,False,791,2024-11-15
ISL,,10153,2024-11-15
EGY,,810,2024-11-15
SGS,,300,2024-11-15
BEN,,627,2024-11-15
VGB,,210,2024-11-15
KOR,True,2282,2024-11-15
CAF,False,197,2024-11-15
HMD,,20,2024-11-15
PRY,True,1542,2024-11-15
ATF,,431,2024-11-15
COL,True,44324,2024-11-15
VNM,False,4278,2024-11-15
URY,False,1795,2024-11-15
FRO,False,593,2024-11-15
QAT,True,442,2024-11-15
VIR,,32,2024-11-15
GUF,,40,2024-11-15
HMD,False,21,2024-11-15
KNA,,24,2024-11-15
VAT,False,5,2024-11-15
CAF,True,64,2024-11-15
SSD,,22,2024-11-15
ABW,False,32,2024-11-15
NER,False,17,2024-11-15
ATA,False,11,2024-11-15
HTI,True,57,2024-11-15
SWZ,,63,2024-11-15
BTN,False,23,2024-11-15
GIN,True,9,2024-11-15
BEN,True,67,2024-11-15
SSD,False,11,2024-11-15
GUF,True,7,2024-11-15
HMD,True,3,2024-11-15
PCN,,29,2024-11-15
MRT,False,23,2024-11-15
PCN,True,2,2024-11-15
TCD,False,19,2024-11-15
KIR,False,25,2024-11-15
ATA,,7,2024-11-15
COK,False,20,2024-11-15
NRU,,17,2024-11-15
SSD,True,4,2024-11-15
GNB,False,5,2024-11-15
GMB,True,18,2024-11-15
LBR,True,5,2024-11-15
GLP,True,17,2024-11-15
COM,False,2,2024-11-15
VIR,True,9,2024-11-15
LBR,False,6,2024-11-15
FLK,False,3,2024-11-15
CUW,True,22,2024-11-15
TCD,True,8,2024-11-15
GUM,False,8,2024-11-15
DMA,True,11,2024-11-15
GIN,False,6,2024-11-15
NFK,True,2,2024-11-15
YEM,False,10,2024-11-15
GUM,,4,2024-11-15
NRU,True,2,2024-11-15
KNA,True,3,2024-11-15
BRA,True,130923,2024-12-15
THA,False,2219,2024-12-15
NIU,,18654,2024-12-15
CCK,,22707,2024-12-15
ZAF,False,37562,2024-12-15
SLB,True,94,2024-12-15
PSE,,944,2024-12-15
HTI,,228,2024-12-15
SWE,True,18413,2024-12-15
CZE,True,30324,2024-12-15
NOR,True,68020,2024-12-15
IRN,True,20474,2024-12-15
CZE,False,23822,2024-12-15
GRL,False,365,2024-12-15
POL,,787977,2024-12-15
LVA,,11861,2024-12-15
BRB,,110,2024-12-15
BEL,False,64710,2024-12-15
WSM,True,1097,2024-12-15
JAM,,246,2024-12-15
ZMB,,492,2024-12-15
SVK,False,10425,2024-12-15
PRY,False,1037,2024-12-15
BRA,,696236,2024-12-15
SPM,,843,2024-12-15
NLD,False,116525,2024-12-15
ARM,,3056,2024-12-15
SVN,False,3575,2024-12-15
LAO,True,482,2024-12-15
COG,False,57,2024-12-15
BDI,False,103,2024-12-15
BFA,True,43,2024-12-15
MOZ,,1344,2024-12-15
BMU,False,321,2024-12-15
JOR,,415,2024-12-15
CUB,,122,2024-12-15
RUS,False,15937,2024-12-15
RWA,True,286,2024-12-15
DJI,True,28,2024-12-15
TUR,False,10484,2024-12-15
MNE,False,18384,2024-12-15
LSO,True,48,2024-12-15
SEN,False,195,2024-12-15
CCK,False,8360,2024-12-15
VGB,True,50,2024-12-15
WLF,True,42,2024-12-15
FRA,,399223,2024-12-15
SOM,,1316,2024-12-15
ABW,,43,2024-12-15
ARM,True,1878,2024-12-15
NPL,True,1579,2024-12-15
TCA,,283,2024-12-15
ECU,False,2128,2024-12-15
MDG,True,248,2024-12-15
COD,,438,2024-12-15
FSM,,1512,2024-12-15
BRN,,104,2024-12-15
SLB,False,67,2024-12-15
ASM,True,135,2024-12-15
URY,,8847,2024-12-15
BOL,,1516,2024-12-15
AUS,False,134914,2024-12-15
IND,False,33004,2024-12-15
HKG,True,6342,2024-12-15
LIE,False,1439,2024-12-15
UZB,False,523,2024-12-15
SHN,False,1070,2024-12-15
EST,True,3310,2024-12-15
HND,True,224,2024-12-15
SXM,True,58,2024-12-15
VAT,True,67,2024-12-15
LBY,,1567,2024-12-15
GIB,,314,2024-12-15
VAT,,62,2024-12-15
ISL,False,2794,2024-12-15
CXR,False,509,2024-12-15
CPV,False,124,2024-12-15
ITA,True,50109,2024-12-15
CHN,False,30229,2024-12-15
IDN,True,13801,2024-12-15
BIH,False,958,2024-12-15
LSO,False,109,2024-12-15
MOZ,False,312,2024-12-15
JPN,True,42678,2024-12-15
IRN,False,7709,2024-12-15
ETH,True,51,2024-12-15
AFG,False,152,2024-12-15
GRD,False,110,2024-12-15
VEN,False,867,2024-12-15
COG,True,24,2024-12-15
NFK,False,41,2024-12-15
HMD,True,3,2024-12-15
ETH,,2114,2024-12-15
GEO,False,990,2024-12-15
TJK,False,105,2024-12-15
KWT,False,254,2024-12-15
ATG,,1385,2024-12-15
REU,True,619,2024-12-15
GNQ,,101,2024-12-15
LKA,True,1676,2024-12-15
AGO,False,325,2024-12-15
ITA,,805187,2024-12-15
UKR,,28042,2024-12-15
MCO,False,174,2024-12-15
BMU,True,144,2024-12-15
ABW,True,50,2024-12-15
SMR,True,39,2024-12-15
CMR,,971,2024-12-15
GHA,,414,2024-12-15
NOR,False,22266,2024-12-15
NER,,83,2024-12-15
VIR,,33,2024-12-15
TZA,True,1606,2024-12-15
BLZ,False,599,2024-12-15
JAM,True,67,2024-12-15
IOT,,91294,2024-12-15
SEN,,1042,2024-12-15
GTM,,612,2024-12-15
ARE,False,6251,2024-12-15
SGP,True,4683,2024-12-15
HUN,False,9499,2024-12-15
GTM,True,114,2024-12-15
KNA,False,31,2024-12-15
MLI,True,77,2024-12-15
GUF,,41,2024-12-15
KWT,True,145,2024-12-15
GUY,,322,2024-12-15
LCA,,451,2024-12-15
IOT,True,24799,2024-12-15
TKL,True,224,2024-12-15
MUS,True,295,2024-12-15
HRV,,38173,2024-12-15
VCT,,2148,2024-12-15
WLF,,206,2024-12-15
ZAF,True,29938,2024-12-15
SPM,False,247,2024-12-15
SHN,,2725,2024-12-15
MNG,False,291,2024-12-15
SLV,False,512,2024-12-15
GUY,False,125,2024-12-15
QAT,,1513,2024-12-15
PCN,,29,2024-12-15
KAZ,False,1066,2024-12-15
BHS,,76,2024-12-15
MAR,False,1806,2024-12-15
FRO,True,116,2024-12-15
GBR,,733358,2024-12-15
MEX,False,18751,2024-12-15
TZA,False,763,2024-12-15
BOL,True,526,2024-12-15
MAC,True,174,2024-12-15
TLS,True,109,2024-12-15
IOT,False,35767,2024-12-15
SOM,True,409,2024-12-15
PRY,,6868,2024-12-15
GMB,,177,2024-12-15
,,337281,2024-12-15
TTO,False,180,2024-12-15
GHA,True,115,2024-12-15
,True,63474,2024-12-15
ATF,False,135,2024-12-15
ARE,,18592,2024-12-15
KAZ,True,2160,2024-12-15
UGA,False,404,2024-12-15
TON,,2244,2024-12-15
FRO,,683,2024-12-15
BIH,True,4766,2024-12-15
BWA,True,258,2024-12-15
URY,True,2446,2024-12-15
GEO,True,1396,2024-12-15
LUX,True,2521,2024-12-15
NIU,True,1349,2024-12-15
MDG,False,275,2024-12-15
CRI,,2114,2024-12-15
GAB,True,63,2024-12-15
JOR,False,396,2024-12-15
BFA,False,35,2024-12-15
TJK,,296,2024-12-15
BMU,,430,2024-12-15
LKA,False,1438,2024-12-15
MYT,False,108,2024-12-15
MMR,True,243,2024-12-15
SYC,True,126,2024-12-15
NAM,False,30,2024-12-15
SMR,False,77,2024-12-15
MDA,False,723,2024-12-15
HMD,False,20,2024-12-15
SUR,True,65,2024-12-15
GBR,False,207072,2024-12-15
LVA,True,3292,2024-12-15
TON,True,443,2024-12-15
MLI,False,208,2024-12-15
DZA,False,238,2024-12-15
NPL,,5067,2024-12-15
CRI,True,748,2024-12-15
BRN,True,127,2024-12-15
ARM,False,1057,2024-12-15
UGA,,980,2024-12-15
VUT,,175,2024-12-15
AZE,,4988,2024-12-15
BGR,True,2814,2024-12-15
GNQ,False,47,2024-12-15
AUS,,361391,2024-12-15
MLI,,619,2024-12-15
FLK,,26,2024-12-15
FSM,False,653,2024-12-15
JAM,False,115,2024-12-15
MLT,,1976,2024-12-15
GMB,True,20,2024-12-15
MEX,,80738,2024-12-15
TKL,,1096,2024-12-15
UKR,True,9003,2024-12-15
GRC,False,10522,2024-12-15
LBN,True,117,2024-12-15
MCO,True,117,2024-12-15
FLK,False,3,2024-12-15
AFG,,684,2024-12-15
BGD,,2685,2024-12-15
PNG,,364,2024-12-15
DMA,,38,2024-12-15
WLF,False,62,2024-12-15
BEN,False,34,2024-12-15
CHE,True,26251,2024-12-15
NFK,True,2,2024-12-15
YEM,,64,2024-12-15
AIA,False,13233,2024-12-15
IDN,False,8895,2024-12-15
LVA,False,3737,2024-12-15
MRT,False,23,2024-12-15
BLR,,8476,2024-12-15
MNG,,1893,2024-12-15
DEU,True,160932,2024-12-15
CXR,True,325,2024-12-15
ALA,False,165,2024-12-15
SVK,,59510,2024-12-15
SYC,,309,2024-12-15
ARG,False,12654,2024-12-15
LTU,True,3637,2024-12-15
AZE,False,1178,2024-12-15
NIC,True,282,2024-12-15
STP,,1092,2024-12-15
KOR,False,3659,2024-12-15
COG,,274,2024-12-15
FSM,True,270,2024-12-15
CYM,True,228,2024-12-15
REU,,5434,2024-12-15
HUN,,136865,2024-12-15
TKM,,106,2024-12-15
SVN,True,4975,2024-12-15
NZL,,71401,2024-12-15
TCA,True,81,2024-12-15
USA,True,13841,2024-12-15
THA,,12919,2024-12-15
DJI,,164,2024-12-15
DNK,True,17448,2024-12-15
CYP,False,929,2024-12-15
GGY,True,657,2024-12-15
NOR,,153715,2024-12-15
IRQ,,895,2024-12-15
MOZ,True,430,2024-12-15
VEN,,2101,2024-12-15
SAU,True,3371,2024-12-15
CHL,False,12769,2024-12-15
FIN,False,13820,2024-12-15
GTM,False,231,2024-12-15
GAB,False,156,2024-12-15
PCN,False,36,2024-12-15
TUV,,15662,2024-12-15
SOM,False,417,2024-12-15
SYR,True,81,2024-12-15
GNB,,86,2024-12-15
TLS,,142,2024-12-15
EGY,False,431,2024-12-15
FIN,,52190,2024-12-15
SAU,,7204,2024-12-15
BWA,,830,2024-12-15
GRC,True,13450,2024-12-15
MLT,False,949,2024-12-15
ALB,False,965,2024-12-15
CUW,,149,2024-12-15
BFA,,296,2024-12-15
FIN,True,9645,2024-12-15
HUN,True,23786,2024-12-15
CAF,True,66,2024-12-15
CAN,True,39274,2024-12-15
LAO,False,756,2024-12-15
RWA,False,164,2024-12-15
DOM,,3031,2024-12-15
PRT,True,12401,2024-12-15
TGO,,419,2024-12-15
ALB,,5090,2024-12-15
CYP,True,728,2024-12-15
TGO,False,82,2024-12-15
TGO,True,54,2024-12-15
SUR,False,122,2024-12-15
BHR,,387,2024-12-15
AUT,True,16930,2024-12-15
TWN,False,5044,2024-12-15
PLW,True,628,2024-12-15
NIC,,382,2024-12-15
CHL,True,51833,2024-12-15
MNG,True,278,2024-12-15
MEX,True,14739,2024-12-15
DOM,False,1323,2024-12-15
SEN,True,112,2024-12-15
KHM,True,196,2024-12-15
SWE,False,36026,2024-12-15
GIB,True,88,2024-12-15
SSD,,22,2024-12-15
FJI,True,155,2024-12-15
GGY,,3619,2024-12-15
SUR,,330,2024-12-15
PNG,True,228,2024-12-15
SGP,False,7617,2024-12-15
MSR,True,114,2024-12-15
BIH,,3846,2024-12-15
ISR,False,5684,2024-12-15
UZB,True,973,2024-12-15
ATF,True,93,2024-12-15
TTO,True,97,2024-12-15
KWT,,461,2024-12-15
UKR,False,4918,2024-12-15
TUN,False,820,2024-12-15
MWI,,152,2024-12-15
MDV,True,182,2024-12-15
FJI,,273,2024-12-15
CPV,True,75,2024-12-15
AND,,440,2024-12-15
MRT,,225,2024-12-15
PER,,14849,2024-12-15
CAF,,333,2024-12-15
MYS,True,8875,2024-12-15
LUX,False,3500,2024-12-15
MYT,True,50,2024-12-15
NLD,,1396717,2024-12-15
BGD,True,633,2024-12-15
SLE,True,17,2024-12-15
BTN,True,118,2024-12-15
PAK,,14050,2024-12-15
PAN,False,746,2024-12-15
DJI,False,46,2024-12-15
LUX,,11838,2024-12-15
VNM,True,5926,2024-12-15
VCT,True,572,2024-12-15
TUR,,102895,2024-12-15
NCL,,1012,2024-12-15
CYM,,557,2024-12-15
TUV,False,5975,2024-12-15
MKD,False,881,2024-12-15
BHR,False,284,2024-12-15
HKG,False,5879,2024-12-15
LBR,False,6,2024-12-15
ABW,False,33,2024-12-15
AGO,True,946,2024-12-15
VUT,True,42,2024-12-15
GRD,True,31,2024-12-15
SLE,,170,2024-12-15
RWA,,460,2024-12-15
SVK,True,13053,2024-12-15
EGY,True,345,2024-12-15
VUT,False,89,2024-12-15
CUB,False,39,2024-12-15
MNE,,59954,2024-12-15
AUS,True,73836,2024-12-15
ROU,True,21083,2024-12-15
TKM,True,43,2024-12-15
AUT,,188643,2024-12-15
CPV,,540,2024-12-15
BDI,,230,2024-12-15
USA,,83510,2024-12-15
PHL,True,4239,2024-12-15
PSE,True,505,2024-12-15
LCA,True,51,2024-12-15
MAR,,10118,2024-12-15
MDG,,600,2024-12-15
PYF,False,100,2024-12-15
SDN,,293,2024-12-15
IMN,False,1130,2024-12-15
PLW,False,843,2024-12-15
GEO,,3976,2024-12-15
OMN,,523,2024-12-15
KEN,False,10285,2024-12-15
BGR,False,2741,2024-12-15
DOM,True,893,2024-12-15
LCA,False,102,2024-12-15
MWI,True,104,2024-12-15
MNP,False,38,2024-12-15
AFG,True,49,2024-12-15
VCT,False,876,2024-12-15
JPN,False,18000,2024-12-15
KGZ,False,243,2024-12-15
CIV,False,253,2024-12-15
VNM,,15393,2024-12-15
PAN,,1184,2024-12-15
ATG,True,388,2024-12-15
CIV,,2182,2024-12-15
CXR,,1196,2024-12-15
BLR,True,1636,2024-12-15
CUW,True,23,2024-12-15
ROU,False,13282,2024-12-15
IRQ,True,179,2024-12-15
KOR,,8023,2024-12-15
ALA,,617,2024-12-15
SWZ,False,139,2024-12-15
KGZ,True,246,2024-12-15
KIR,False,25,2024-12-15
LIE,,7175,2024-12-15
JEY,False,294,2024-12-15
MTQ,False,49,2024-12-15
BDI,True,44,2024-12-15
SDN,False,102,2024-12-15
CMR,False,320,2024-12-15
COL,False,115337,2024-12-15
ZAF,,166415,2024-12-15
BTN,,245,2024-12-15
LSO,,165,2024-12-15
ISR,,31985,2024-12-15
ARE,True,3998,2024-12-15
ZMB,True,199,2024-12-15
PRT,,80689,2024-12-15
FRA,False,79158,2024-12-15
ARG,True,38250,2024-12-15
OMN,True,180,2024-12-15
TUN,,2883,2024-12-15
NAM,,43,2024-12-15
EST,False,3233,2024-12-15
ALA,True,71,2024-12-15
MSR,,598,2024-12-15
SMR,,155,2024-12-15
CHE,False,47104,2024-12-15
NCL,False,251,2024-12-15
JOR,True,580,2024-12-15
SXM,False,95,2024-12-15
AND,False,112,2024-12-15
CRI,False,1006,2024-12-15
DZA,True,690,2024-12-15
GNQ,True,25,2024-12-15
LTU,,27267,2024-12-15
IRN,,49435,2024-12-15
GRL,,597,2024-12-15
PAK,False,2562,2024-12-15
ZWE,True,402,2024-12-15
CYP,,3179,2024-12-15
THA,True,5924,2024-12-15
PSE,False,202,2024-12-15
TWN,,26973,2024-12-15
IMN,,5275,2024-12-15
AND,True,124,2024-12-15
MYS,,27357,2024-12-15
ZWE,,2599,2024-12-15
NRU,False,33,2024-12-15
CHL,,97350,2024-12-15
ASM,,2061,2024-12-15
NGA,False,7724,2024-12-15
MAC,,313,2024-12-15
PER,True,4238,2024-12-15
ECU,True,1955,2024-12-15
ZWE,False,498,2024-12-15
MUS,,1285,2024-12-15
FRA,True,47661,2024-12-15
GRL,True,157,2024-12-15
VGB,False,108,2024-12-15
COK,False,20,2024-12-15
SRB,True,3371,2024-12-15
SAU,False,2064,2024-12-15
NGA,True,1379,2024-12-15
CAN,,241769,2024-12-15
PER,False,4498,2024-12-15
WSM,False,892,2024-12-15
POL,False,25159,2024-12-15
MDV,False,220,2024-12-15
SDN,True,52,2024-12-15
RUS,,227864,2024-12-15
COL,,206914,2024-12-15
AIA,,35431,2024-12-15
PAK,True,2349,2024-12-15
ISL,True,1736,2024-12-15
TUN,True,418,2024-12-15
HTI,True,41,2024-12-15
ROU,,129193,2024-12-15
GBR,True,116969,2024-12-15
BEL,True,24507,2024-12-15
BLR,False,747,2024-12-15
YEM,False,9,2024-12-15
BRN,False,57,2024-12-15
ARG,,71591,2024-12-15
MAC,False,107,2024-12-15
MLT,True,449,2024-12-15
IRQ,False,191,2024-12-15
BLZ,,1812,2024-12-15
DEU,False,146186,2024-12-15
ITA,False,48903,2024-12-15
BGD,False,1448,2024-12-15
CUW,False,49,2024-12-15
DNK,,88861,2024-12-15
SWZ,,95,2024-12-15
ESP,False,31001,2024-12-15
TCA,False,102,2024-12-15
BTN,False,23,2024-12-15
PRI,,148,2024-12-15
TTO,,252,2024-12-15
AUT,False,23471,2024-12-15
ESP,,262343,2024-12-15
MYS,False,7859,2024-12-15
CHN,True,6021,2024-12-15
MAR,True,1146,2024-12-15
CYM,False,342,2024-12-15
NIC,False,436,2024-12-15
ZMB,False,251,2024-12-15
PAN,True,288,2024-12-15
KEN,,8661,2024-12-15
STP,True,196,2024-12-15
PRI,True,32,2024-12-15
WSM,,2986,2024-12-15
LKA,,5646,2024-12-15
MYT,,566,2024-12-15
ISR,True,4388,2024-12-15
HRV,False,3700,2024-12-15
ASM,False,1235,2024-12-15
MDV,,986,2024-12-15
POL,True,207838,2024-12-15
JEY,True,162,2024-12-15
VIR,False,47,2024-12-15
GIB,False,104,2024-12-15
EST,,35979,2024-12-15
LBN,,368,2024-12-15
MNP,,73,2024-12-15
IRL,True,5022,2024-12-15
AGO,,4361,2024-12-15
TWN,True,5800,2024-12-15
KEN,True,2549,2024-12-15
SLB,,99,2024-12-15
IRL,,28180,2024-12-15
AIA,True,9718,2024-12-15
SRB,False,2909,2024-12-15
GHA,False,167,2024-12-15
BRB,True,53,2024-12-15
COD,True,68,2024-12-15
SWE,,84331,2024-12-15
CMR,True,131,2024-12-15
SHN,True,589,2024-12-15
UGA,True,412,2024-12-15
TKM,False,119,2024-12-15
PNG,False,93,2024-12-15
NGA,,11436,2024-12-15
GAB,,588,2024-12-15
MNE,True,10199,2024-12-15
TUR,True,17638,2024-12-15
REU,False,984,2024-12-15
TUV,True,2414,2024-12-15
GLP,False,76,2024-12-15
KHM,False,161,2024-12-15
HND,,609,2024-12-15
HRV,True,3395,2024-12-15
SVN,,37552,2024-12-15
TON,False,838,2024-12-15
PYF,True,150,2024-12-15
GUM,,4,2024-12-15
MWI,False,111,2024-12-15
YEM,True,40,2024-12-15
PYF,,259,2024-12-15
SLV,,926,2024-12-15
STP,False,404,2024-12-15
ECU,,5984,2024-12-15
GRD,,196,2024-12-15
GLP,,128,2024-12-15
MTQ,,49,2024-12-15
ETH,False,73,2024-12-15
IMN,True,513,2024-12-15
SYC,False,223,2024-12-15
GRC,,96879,2024-12-15
SYR,,337,2024-12-15
MSR,False,443,2024-12-15
COD,False,110,2024-12-15
SGS,False,178,2024-12-15
BRB,False,60,2024-12-15
DMA,False,41,2024-12-15
GIN,,207,2024-12-15
CCK,True,4507,2024-12-15
LBN,False,170,2024-12-15
COK,,76,2024-12-15
MDA,True,1146,2024-12-15
LBY,False,424,2024-12-15
BLZ,True,309,2024-12-15
SXM,,190,2024-12-15
FJI,False,225,2024-12-15
NER,True,40,2024-12-15
NZL,False,33397,2024-12-15
RUS,True,56770,2024-12-15
OMN,False,703,2024-12-15
QAT,False,867,2024-12-15
NCL,True,338,2024-12-15
LBY,True,209,2024-12-15
GMB,False,38,2024-12-15
SGP,,21434,2024-12-15
PRT,False,13534,2024-12-15
HND,False,359,2024-12-15
MUS,False,598,2024-12-15
IND,,249378,2024-12-15
KAZ,,10976,2024-12-15
NLD,True,253806,2024-12-15
USA,False,30903,2024-12-15
HTI,False,144,2024-12-15
SPM,True,179,2024-12-15
BRA,False,60377,2024-12-15
LTU,False,4139,2024-12-15
HKG,,15237,2024-12-15
NZL,True,14953,2024-12-15
PHL,False,3508,2024-12-15
LIE,True,707,2024-12-15
SGS,True,65,2024-12-15
MMR,,249,2024-12-15
KHM,,431,2024-12-15
DNK,False,88793,2024-12-15
TKL,False,452,2024-12-15
MMR,False,114,2024-12-15
TLS,False,62,2024-12-15
BEL,,198805,2024-12-15
MKD,,4369,2024-12-15
AZE,True,2124,2024-12-15
IRL,False,10104,2024-12-15
ALB,True,1036,2024-12-15
IDN,,73890,2024-12-15
CHN,,15071,2024-12-15
CUB,True,187,2024-12-15
GGY,False,1553,2024-12-15
MKD,True,956,2024-12-15
BEN,True,70,2024-12-15
PRI,False,292,2024-12-15
SLV,True,404,2024-12-15
DEU,,1356820,2024-12-15
MDA,,5486,2024-12-15
DZA,,1576,2024-12-15
BGR,,8867,2024-12-15
UZB,,8990,2024-12-15
FLK,True,44,2024-12-15
MCO,,457,2024-12-15
NFK,,19,2024-12-15
NPL,False,1699,2024-12-15
BOL,False,784,2024-12-15
GUY,True,156,2024-12-15
VEN,True,617,2024-12-15
CIV,True,175,2024-12-15
JPN,,252862,2024-12-15
ESP,True,41285,2024-12-15
SYR,False,17,2024-12-15
SRB,,13027,2024-12-15
BHR,True,127,2024-12-15
,False,63732,2024-12-15
TZA,,3051,2024-12-15
BHS,False,98,2024-12-15
KGZ,,1869,2024-12-15
LAO,,2113,2024-12-15
PLW,,2627,2024-12-15
CHE,,485770,2024-12-15
JEY,,782,2024-12-15
CAN,False,74022,2024-12-15
CZE,,145857,2024-12-15
PHL,,7974,2024-12-15
IND,True,26242,2024-12-15
BWA,False,482,2024-12-15
NIU,False,7081,2024-12-15
ATG,False,813,2024-12-15
ISL,,10452,2024-12-15
EGY,,852,2024-12-15
BEN,,532,2024-12-15
SGS,,301,2024-12-15
VGB,,213,2024-12-15
KOR,True,2370,2024-12-15
CAF,False,199,2024-12-15
PRY,True,1579,2024-12-15
ATF,,435,2024-12-15
COL,True,47886,2024-12-15
URY,False,1831,2024-12-15
VNM,False,4356,2024-12-15
QAT,True,452,2024-12-15
FRO,False,623,2024-12-15
BHS,True,20,2024-12-15
SWZ,True,30,2024-12-15
KNA,,24,2024-12-15
VIR,True,9,2024-12-15
VAT,False,6,2024-12-15
NAM,True,32,2024-12-15
SLE,False,63,2024-12-15
TJK,True,94,2024-12-15
KIR,,28,2024-12-15
GUF,False,28,2024-12-15
DMA,True,11,2024-12-15
GIN,True,9,2024-12-15
TCD,,84,2024-12-15
SSD,False,11,2024-12-15
NRU,True,4,2024-12-15
COM,,18,2024-12-15
MNP,True,14,2024-12-15
GNB,True,18,2024-12-15
LBR,True,6,2024-12-15
COM,True,7,2024-12-15
LBR,,14,2024-12-15
NER,False,17,2024-12-15
GUM,False,8,2024-12-15
MTQ,True,10,2024-12-15
HMD,,20,2024-12-15
GLP,True,18,2024-12-15
GNB,False,5,2024-12-15
MRT,True,19,2024-12-15
TCD,False,20,2024-12-15
ATA,False,11,2024-12-15
ATA,,7,2024-12-15
NRU,,17,2024-12-15
TCD,True,9,2024-12-15
COK,True,6,2024-12-15
SSD,True,5,2024-12-15
GIN,False,6,2024-12-15
KNA,True,3,2024-12-15
KIR,True,6,2024-12-15
GUF,True,7,2024-12-15
PCN,True,2,2024-12-15
COM,False,2,2024-12-15
BRA,True,131416,2025-01-15
THA,False,2230,2025-01-15
CCK,,23348,2025-01-15
NIU,,18831,2025-01-15
ZAF,False,38099,2025-01-15
SLB,True,94,2025-01-15
HTI,,237,2025-01-15
PSE,,1029,2025-01-15
IRN,True,20349,2025-01-15
CZE,False,24331,2025-01-15
SWE,True,18711,2025-01-15
CZE,True,30811,2025-01-15
NOR,True,68023,2025-01-15
GRL,False,368,2025-01-15
POL,,795739,2025-01-15
LVA,,12110,2025-01-15
BRB,,113,2025-01-15
BEL,False,65601,2025-01-15
WSM,True,1105,2025-01-15
ZMB,,503,2025-01-15
JAM,,252,2025-01-15
SVK,False,10590,2025-01-15
PRY,False,1038,2025-01-15
BRA,,708581,2025-01-15
SPM,,859,2025-01-15
NLD,False,118464,2025-01-15
ARM,,3232,2025-01-15
SVN,False,3667,2025-01-15
LAO,True,487,2025-01-15
BDI,False,104,2025-01-15
BFA,True,41,2025-01-15
COG,False,57,2025-01-15
MOZ,,1413,2025-01-15
BMU,False,325,2025-01-15
JOR,,422,2025-01-15
CUB,,130,2025-01-15
RUS,False,16173,2025-01-15
RWA,True,284,2025-01-15
DJI,True,28,2025-01-15
MNE,False,18719,2025-01-15
TUR,False,10729,2025-01-15
LSO,True,51,2025-01-15
SEN,False,200,2025-01-15
CCK,False,8496,2025-01-15
VGB,True,57,2025-01-15
WLF,True,43,2025-01-15
FRA,,400952,2025-01-15
SOM,,1395,2025-01-15
ABW,,43,2025-01-15
NPL,True,1613,2025-01-15
ARM,True,1884,2025-01-15
TCA,,280,2025-01-15
ECU,False,2141,2025-01-15
MDG,True,245,2025-01-15
FSM,,1530,2025-01-15
COD,,453,2025-01-15
BRN,,103,2025-01-15
ASM,True,142,2025-01-15
SLB,False,68,2025-01-15
URY,,9119,2025-01-15
BOL,,1593,2025-01-15
AUS,False,136748,2025-01-15
IND,False,37411,2025-01-15
LIE,False,1492,2025-01-15
HKG,True,6350,2025-01-15
SHN,False,1115,2025-01-15
UZB,False,531,2025-01-15
EST,True,3340,2025-01-15
HND,True,229,2025-01-15
VAT,True,68,2025-01-15
LBY,,1845,2025-01-15
GIB,,315,2025-01-15
VAT,,63,2025-01-15
CXR,False,515,2025-01-15
ISL,False,2833,2025-01-15
CPV,False,126,2025-01-15
IDN,True,14166,2025-01-15
CHN,False,31784,2025-01-15
ITA,True,50528,2025-01-15
BIH,False,970,2025-01-15
MOZ,False,314,2025-01-15
LSO,False,108,2025-01-15
IRN,False,7910,2025-01-15
JPN,True,43414,2025-01-15
ETH,True,55,2025-01-15
AFG,False,154,2025-01-15
VEN,False,864,2025-01-15
GRD,False,112,2025-01-15
NFK,False,39,2025-01-15
COG,True,23,2025-01-15
ETH,,2212,2025-01-15
GEO,False,1000,2025-01-15
KWT,False,257,2025-01-15
TJK,False,106,2025-01-15
ATG,,1421,2025-01-15
REU,True,629,2025-01-15
GNQ,,106,2025-01-15
AGO,False,334,2025-01-15
LKA,True,1706,2025-01-15
ITA,,810587,2025-01-15
UKR,,28594,2025-01-15
BMU,True,143,2025-01-15
MCO,False,176,2025-01-15
ABW,True,50,2025-01-15
SMR,True,41,2025-01-15
GHA,,440,2025-01-15
CMR,,1003,2025-01-15
NOR,False,22436,2025-01-15
NER,,83,2025-01-15
VIR,,32,2025-01-15
TZA,True,1650,2025-01-15
JAM,True,70,2025-01-15
BLZ,False,610,2025-01-15
IOT,,93919,2025-01-15
GTM,,634,2025-01-15
SEN,,1120,2025-01-15
ARE,False,6447,2025-01-15
HUN,False,9612,2025-01-15
SGP,True,4720,2025-01-15
MLI,True,82,2025-01-15
KNA,False,31,2025-01-15
GTM,True,113,2025-01-15
KWT,True,147,2025-01-15
GUY,,335,2025-01-15
LCA,,492,2025-01-15
COM,,19,2025-01-15
IOT,True,25190,2025-01-15
TKL,True,225,2025-01-15
MUS,True,301,2025-01-15
HRV,,38805,2025-01-15
WLF,,215,2025-01-15
VCT,,2158,2025-01-15
ZAF,True,29943,2025-01-15
SPM,False,251,2025-01-15
SHN,,2809,2025-01-15
SLV,False,511,2025-01-15
MNG,False,297,2025-01-15
GUY,False,127,2025-01-15
QAT,,1612,2025-01-15
PCN,,30,2025-01-15
KAZ,False,1058,2025-01-15
BHS,,77,2025-01-15
MAR,False,1833,2025-01-15
FRO,True,117,2025-01-15
GBR,,747333,2025-01-15
MEX,False,19405,2025-01-15
BOL,True,536,2025-01-15
TZA,False,755,2025-01-15
MAC,True,173,2025-01-15
TLS,True,104,2025-01-15
IOT,False,36269,2025-01-15
SOM,True,410,2025-01-15
PRY,,6994,2025-01-15
GMB,,174,2025-01-15
,,341006,2025-01-15
TTO,False,178,2025-01-15
GHA,True,117,2025-01-15
,True,64248,2025-01-15
ATF,False,133,2025-01-15
ARE,,20037,2025-01-15
KAZ,True,2298,2025-01-15
UGA,False,404,2025-01-15
TON,,2267,2025-01-15
FRO,,702,2025-01-15
URY,True,2453,2025-01-15
BWA,True,258,2025-01-15
BIH,True,4735,2025-01-15
GEO,True,1408,2025-01-15
NIU,True,1360,2025-01-15
LUX,True,2503,2025-01-15
MDG,False,275,2025-01-15
CRI,,2133,2025-01-15
JOR,False,403,2025-01-15
GAB,True,62,2025-01-15
BFA,False,24,2025-01-15
TJK,,303,2025-01-15
BMU,,431,2025-01-15
LKA,False,1473,2025-01-15
SYC,True,127,2025-01-15
MMR,True,245,2025-01-15
MYT,False,106,2025-01-15
SMR,False,76,2025-01-15
NAM,False,30,2025-01-15
MDA,False,740,2025-01-15
SUR,True,69,2025-01-15
HMD,False,21,2025-01-15
GBR,False,211483,2025-01-15
LVA,True,3309,2025-01-15
TON,True,439,2025-01-15
DZA,False,244,2025-01-15
MLI,False,206,2025-01-15
NPL,,5608,2025-01-15
CRI,True,748,2025-01-15
ARM,False,1048,2025-01-15
BRN,True,129,2025-01-15
UGA,,1007,2025-01-15
VUT,,175,2025-01-15
AZE,,5101,2025-01-15
BGR,True,2846,2025-01-15
GNQ,False,53,2025-01-15
AUS,,367402,2025-01-15
MLI,,613,2025-01-15
FLK,,27,2025-01-15
FSM,False,661,2025-01-15
JAM,False,116,2025-01-15
MLT,,2016,2025-01-15
KNA,,25,2025-01-15
GMB,True,17,2025-01-15
MEX,,83366,2025-01-15
TKL,,1094,2025-01-15
UKR,True,9046,2025-01-15
GRC,False,10698,2025-01-15
LBN,True,121,2025-01-15
MCO,True,118,2025-01-15
BGD,,3053,2025-01-15
PNG,,401,2025-01-15
AFG,,776,2025-01-15
DMA,,38,2025-01-15
WLF,False,65,2025-01-15
BEN,False,32,2025-01-15
CHE,True,26611,2025-01-15
YEM,,64,2025-01-15
AIA,False,13810,2025-01-15
IDN,False,8982,2025-01-15
LVA,False,3839,2025-01-15
BLR,,8722,2025-01-15
MNG,,1891,2025-01-15
DEU,True,166445,2025-01-15
CXR,True,328,2025-01-15
ALA,False,164,2025-01-15
SVK,,60235,2025-01-15
SYC,,312,2025-01-15
ARG,False,12778,2025-01-15
LTU,True,3686,2025-01-15
AZE,False,1189,2025-01-15
NIC,True,287,2025-01-15
STP,,1126,2025-01-15
KOR,False,3692,2025-01-15
COG,,264,2025-01-15
FSM,True,271,2025-01-15
CYM,True,231,2025-01-15
REU,,5493,2025-01-15
HUN,,139554,2025-01-15
TKM,,108,2025-01-15
SVN,True,5010,2025-01-15
NZL,,72482,2025-01-15
TCA,True,81,2025-01-15
USA,True,14059,2025-01-15
THA,,13202,2025-01-15
DJI,,239,2025-01-15
DNK,True,17709,2025-01-15
CYP,False,937,2025-01-15
GGY,True,660,2025-01-15
NOR,,155167,2025-01-15
IRQ,,1013,2025-01-15
MOZ,True,430,2025-01-15
VEN,,2183,2025-01-15
CHL,False,12978,2025-01-15
FIN,False,13986,2025-01-15
SAU,True,3569,2025-01-15
GTM,False,235,2025-01-15
GAB,False,155,2025-01-15
PCN,False,36,2025-01-15
TUV,,15900,2025-01-15
SYR,True,79,2025-01-15
SOM,False,424,2025-01-15
TLS,,140,2025-01-15
GNB,,88,2025-01-15
EGY,False,439,2025-01-15
SAU,,7678,2025-01-15
FIN,,53675,2025-01-15
BWA,,901,2025-01-15
GRC,True,13493,2025-01-15
MLT,False,960,2025-01-15
ALB,False,972,2025-01-15
BFA,,295,2025-01-15
CUW,,153,2025-01-15
FIN,True,9802,2025-01-15
HUN,True,23757,2025-01-15
CAF,True,68,2025-01-15
CAN,True,39849,2025-01-15
LAO,False,772,2025-01-15
RWA,False,164,2025-01-15
DOM,,3090,2025-01-15
PRT,True,12516,2025-01-15
ALB,,5365,2025-01-15
TGO,,431,2025-01-15
TGO,False,81,2025-01-15
CYP,True,721,2025-01-15
SUR,False,124,2025-01-15
TGO,True,53,2025-01-15
BHR,,401,2025-01-15
TWN,False,5200,2025-01-15
AUT,True,17203,2025-01-15
PLW,True,656,2025-01-15
NIC,,392,2025-01-15
CHL,True,52055,2025-01-15
MEX,True,14849,2025-01-15
DOM,False,1323,2025-01-15
MNG,True,273,2025-01-15
SEN,True,114,2025-01-15
KHM,True,197,2025-01-15
SWE,False,36345,2025-01-15
GIB,True,91,2025-01-15
SSD,,25,2025-01-15
FJI,True,152,2025-01-15
GGY,,3741,2025-01-15
SUR,,340,2025-01-15
PNG,True,239,2025-01-15
NAM,True,32,2025-01-15
SGP,False,7727,2025-01-15
MSR,True,116,2025-01-15
BIH,,4116,2025-01-15
UZB,True,982,2025-01-15
ISR,False,5798,2025-01-15
TTO,True,96,2025-01-15
ATF,True,95,2025-01-15
KWT,,470,2025-01-15
UKR,False,5027,2025-01-15
TUN,False,1201,2025-01-15
MWI,,160,2025-01-15
MDV,True,191,2025-01-15
FJI,,280,2025-01-15
CPV,True,77,2025-01-15
MRT,,231,2025-01-15
AND,,471,2025-01-15
PER,,15470,2025-01-15
CAF,,360,2025-01-15
MYS,True,8960,2025-01-15
LUX,False,3568,2025-01-15
MYT,True,49,2025-01-15
NLD,,1407552,2025-01-15
BGD,True,651,2025-01-15
BTN,True,117,2025-01-15
SLE,True,19,2025-01-15
PAK,,15300,2025-01-15
PAN,False,745,2025-01-15
DJI,False,47,2025-01-15
LUX,,11955,2025-01-15
VNM,True,5947,2025-01-15
VCT,True,583,2025-01-15
TUR,,106089,2025-01-15
NCL,,1022,2025-01-15
CYM,,566,2025-01-15
BHR,False,289,2025-01-15
TUV,False,6038,2025-01-15
MKD,False,899,2025-01-15
HKG,False,6040,2025-01-15
ABW,False,34,2025-01-15
AGO,True,938,2025-01-15
VUT,True,42,2025-01-15
GRD,True,37,2025-01-15
MRT,True,20,2025-01-15
RWA,,490,2025-01-15
SLE,,175,2025-01-15
SVK,True,13422,2025-01-15
VUT,False,90,2025-01-15
EGY,True,349,2025-01-15
CUB,False,46,2025-01-15
MNE,,61458,2025-01-15
AUS,True,74506,2025-01-15
ROU,True,21257,2025-01-15
TKM,True,43,2025-01-15
AUT,,190996,2025-01-15
CPV,,563,2025-01-15
BDI,,250,2025-01-15
USA,,86047,2025-01-15
PHL,True,4374,2025-01-15
PSE,True,505,2025-01-15
LCA,True,51,2025-01-15
MAR,,11058,2025-01-15
MDG,,619,2025-01-15
PYF,False,101,2025-01-15
SDN,,302,2025-01-15
IMN,False,1195,2025-01-15
PLW,False,851,2025-01-15
OMN,,561,2025-01-15
GEO,,4326,2025-01-15
BGR,False,2778,2025-01-15
DOM,True,896,2025-01-15
KEN,False,9934,2025-01-15
LCA,False,103,2025-01-15
MWI,True,110,2025-01-15
AFG,True,52,2025-01-15
JPN,False,18333,2025-01-15
VCT,False,891,2025-01-15
CIV,False,253,2025-01-15
KGZ,False,250,2025-01-15
VNM,,15922,2025-01-15
PAN,,1190,2025-01-15
ATG,True,393,2025-01-15
CIV,,2249,2025-01-15
CXR,,1212,2025-01-15
BLR,True,1651,2025-01-15
CUW,True,23,2025-01-15
LBR,,22,2025-01-15
ROU,False,13397,2025-01-15
IRQ,True,180,2025-01-15
KOR,,8317,2025-01-15
ALA,,628,2025-01-15
SWZ,False,155,2025-01-15
KGZ,True,257,2025-01-15
KIR,False,25,2025-01-15
LIE,,7267,2025-01-15
MTQ,False,54,2025-01-15
SDN,False,100,2025-01-15
JEY,False,299,2025-01-15
BDI,True,49,2025-01-15
CMR,False,319,2025-01-15
SLE,False,67,2025-01-15
COL,False,120394,2025-01-15
ZAF,,170363,2025-01-15
BTN,,246,2025-01-15
LSO,,174,2025-01-15
NER,False,17,2025-01-15
ISR,,32731,2025-01-15
ARE,True,4054,2025-01-15
ZMB,True,201,2025-01-15
GIN,False,6,2025-01-15
PRT,,82112,2025-01-15
FRA,False,80328,2025-01-15
ARG,True,38168,2025-01-15
OMN,True,182,2025-01-15
TUN,,3374,2025-01-15
NAM,,45,2025-01-15
TJK,True,96,2025-01-15
EST,False,3292,2025-01-15
ALA,True,76,2025-01-15
SMR,,156,2025-01-15
MSR,,614,2025-01-15
CHE,False,47802,2025-01-15
JOR,True,584,2025-01-15
AND,False,123,2025-01-15
NCL,False,256,2025-01-15
SXM,False,96,2025-01-15
CRI,False,1016,2025-01-15
DZA,True,705,2025-01-15
GNQ,True,26,2025-01-15
IRN,,56779,2025-01-15
LTU,,27945,2025-01-15
GRL,,619,2025-01-15
PAK,False,2591,2025-01-15
ZWE,True,404,2025-01-15
CYP,,3184,2025-01-15
THA,True,5922,2025-01-15
PSE,False,220,2025-01-15
TWN,,26907,2025-01-15
IMN,,5585,2025-01-15
AND,True,125,2025-01-15
MYS,,28580,2025-01-15
ZWE,,2780,2025-01-15
CHL,,100316,2025-01-15
ASM,,2055,2025-01-15
ATA,,7,2025-01-15
NGA,False,7832,2025-01-15
MAC,,313,2025-01-15
ZWE,False,500,2025-01-15
ECU,True,1982,2025-01-15
PER,True,4243,2025-01-15
MUS,,1341,2025-01-15
FRA,True,48105,2025-01-15
GRL,True,158,2025-01-15
VGB,False,109,2025-01-15
COK,False,21,2025-01-15
NGA,True,1432,2025-01-15
SRB,True,3360,2025-01-15
SAU,False,2122,2025-01-15
CAN,,247819,2025-01-15
PER,False,4589,2025-01-15
WSM,False,912,2025-01-15
POL,False,25762,2025-01-15
MDV,False,218,2025-01-15
RUS,,231161,2025-01-15
COL,,213340,2025-01-15
AIA,,37674,2025-01-15
PAK,True,2337,2025-01-15
ISL,True,1759,2025-01-15
TUN,True,432,2025-01-15
ROU,,132067,2025-01-15
GBR,True,117787,2025-01-15
BEL,True,24930,2025-01-15
BLR,False,742,2025-01-15
BRN,False,60,2025-01-15
ARG,,73090,2025-01-15
IRQ,False,192,2025-01-15
MLT,True,454,2025-01-15
MAC,False,107,2025-01-15
BLZ,,1823,2025-01-15
ITA,False,49750,2025-01-15
DEU,False,149291,2025-01-15
BGD,False,1463,2025-01-15
CUW,False,48,2025-01-15
DNK,,90857,2025-01-15
SWZ,,97,2025-01-15
ESP,False,31513,2025-01-15
TCA,False,107,2025-01-15
PRI,,150,2025-01-15
TTO,,260,2025-01-15
AUT,False,23938,2025-01-15
ESP,,266098,2025-01-15
CHN,True,6175,2025-01-15
MYS,False,7992,2025-01-15
CYM,False,347,2025-01-15
MAR,True,1169,2025-01-15
GUF,False,34,2025-01-15
NIC,False,437,2025-01-15
ZMB,False,258,2025-01-15
PAN,True,287,2025-01-15
KEN,,9719,2025-01-15
STP,True,201,2025-01-15
PRI,True,33,2025-01-15
LKA,,6209,2025-01-15
WSM,,3028,2025-01-15
MYT,,570,2025-01-15
ISR,True,4483,2025-01-15
HRV,False,3755,2025-01-15
ASM,False,1219,2025-01-15
MDV,,991,2025-01-15
POL,True,210390,2025-01-15
VIR,False,46,2025-01-15
GIB,False,105,2025-01-15
JEY,True,164,2025-01-15
EST,,36472,2025-01-15
LBN,,374,2025-01-15
MNP,,74,2025-01-15
IRL,True,5112,2025-01-15
AGO,,4438,2025-01-15
TWN,True,5904,2025-01-15
KEN,True,2597,2025-01-15
SLB,,98,2025-01-15
IRL,,28795,2025-01-15
SRB,False,2949,2025-01-15
AIA,True,10194,2025-01-15
BRB,True,54,2025-01-15
COD,True,68,2025-01-15
GHA,False,169,2025-01-15
SWE,,85859,2025-01-15
CMR,True,137,2025-01-15
TKM,False,123,2025-01-15
PNG,False,95,2025-01-15
UGA,True,412,2025-01-15
SHN,True,599,2025-01-15
NGA,,14978,2025-01-15
GAB,,603,2025-01-15
TUR,True,17717,2025-01-15
MNE,True,10299,2025-01-15
TUV,True,2425,2025-01-15
GLP,False,82,2025-01-15
KHM,False,162,2025-01-15
REU,False,999,2025-01-15
HND,,638,2025-01-15
HRV,True,3425,2025-01-15
SVN,,37906,2025-01-15
TON,False,852,2025-01-15
PYF,True,150,2025-01-15
YEM,True,42,2025-01-15
MWI,False,108,2025-01-15
PYF,,258,2025-01-15
SLV,,953,2025-01-15
STP,False,417,2025-01-15
TCD,True,10,2025-01-15
ECU,,6199,2025-01-15
GRD,,198,2025-01-15
GLP,,134,2025-01-15
MTQ,,52,2025-01-15
ETH,False,77,2025-01-15
IMN,True,527,2025-01-15
SYC,False,223,2025-01-15
GRC,,99622,2025-01-15
SYR,,341,2025-01-15
MSR,False,447,2025-01-15
COD,False,109,2025-01-15
SGS,False,180,2025-01-15
BRB,False,59,2025-01-15
DMA,False,42,2025-01-15
GIN,,212,2025-01-15
CCK,True,4658,2025-01-15
LBN,False,172,2025-01-15
COK,,75,2025-01-15
MDA,True,1182,2025-01-15
BLZ,True,313,2025-01-15
LBY,False,430,2025-01-15
SXM,,190,2025-01-15
FJI,False,224,2025-01-15
NER,True,40,2025-01-15
NZL,False,34010,2025-01-15
RUS,True,57295,2025-01-15
OMN,False,709,2025-01-15
NCL,True,338,2025-01-15
QAT,False,869,2025-01-15
GMB,False,37,2025-01-15
LBY,True,209,2025-01-15
SGP,,21818,2025-01-15
PRT,False,13754,2025-01-15
MUS,False,601,2025-01-15
HND,False,368,2025-01-15
IND,,263603,2025-01-15
KAZ,,10984,2025-01-15
NLD,True,254231,2025-01-15
USA,False,31901,2025-01-15
SPM,True,182,2025-01-15
HTI,False,165,2025-01-15
BRA,False,61693,2025-01-15
LTU,False,4187,2025-01-15
HKG,,15466,2025-01-15
NZL,True,15068,2025-01-15
PHL,False,3607,2025-01-15
LIE,True,725,2025-01-15
KHM,,447,2025-01-15
MMR,,251,2025-01-15
TCD,,90,2025-01-15
DNK,False,89343,2025-01-15
TKL,False,459,2025-01-15
MMR,False,118,2025-01-15
TLS,False,61,2025-01-15
BEL,,201589,2025-01-15
MKD,,4549,2025-01-15
IRL,False,10209,2025-01-15
AZE,True,2106,2025-01-15
ALB,True,1048,2025-01-15
IDN,,85009,2025-01-15
CHN,,15712,2025-01-15
CUB,True,204,2025-01-15
MKD,True,980,2025-01-15
BEN,True,74,2025-01-15
PRI,False,293,2025-01-15
GGY,False,1583,2025-01-15
SLV,True,405,2025-01-15
DEU,,1374611,2025-01-15
MDA,,5633,2025-01-15
DZA,,1646,2025-01-15
BGR,,9110,2025-01-15
UZB,,9702,2025-01-15
FLK,True,42,2025-01-15
MCO,,470,2025-01-15
NFK,,19,2025-01-15
BOL,False,786,2025-01-15
NPL,False,1753,2025-01-15
GUY,True,158,2025-01-15
CIV,True,174,2025-01-15
VEN,True,624,2025-01-15
JPN,,255582,2025-01-15
ESP,True,41393,2025-01-15
SYR,False,17,2025-01-15
SRB,,13827,2025-01-15
BHR,True,129,2025-01-15
,False,64371,2025-01-15
TZA,,3324,2025-01-15
BHS,False,99,2025-01-15
KGZ,,1908,2025-01-15
PLW,,2664,2025-01-15
LAO,,2164,2025-01-15
CHE,,490592,2025-01-15
JEY,,794,2025-01-15
CAN,False,75437,2025-01-15
CZE,,147762,2025-01-15
PHL,,8386,2025-01-15
IND,True,26571,2025-01-15
BWA,False,487,2025-01-15
NIU,False,7096,2025-01-15
ATG,False,825,2025-01-15
ISL,,10641,2025-01-15
BEN,,533,2025-01-15
SGS,,301,2025-01-15
EGY,,900,2025-01-15
VGB,,217,2025-01-15
KOR,True,2434,2025-01-15
CAF,False,201,2025-01-15
PRY,True,1596,2025-01-15
ATF,,448,2025-01-15
URY,False,1866,2025-01-15
COL,True,51147,2025-01-15
VNM,False,4387,2025-01-15
FRO,False,621,2025-01-15
QAT,True,472,2025-01-15
NRU,True,2,2025-01-15
SWZ,True,31,2025-01-15
MRT,False,24,2025-01-15
GNB,True,18,2025-01-15
MNP,False,40,2025-01-15
TCD,False,21,2025-01-15
ATA,False,11,2025-01-15
NRU,False,33,2025-01-15
SDN,True,53,2025-01-15
HTI,True,42,2025-01-15
BTN,False,23,2025-01-15
GUM,,4,2025-01-15
NRU,,17,2025-01-15
SGS,True,62,2025-01-15
MTQ,True,10,2025-01-15
SXM,True,59,2025-01-15
GNB,False,5,2025-01-15
GUF,,46,2025-01-15
BHS,True,20,2025-01-15
VIR,True,10,2025-01-15
GLP,True,18,2025-01-15
COM,True,7,2025-01-15
KIR,,29,2025-01-15
YEM,False,10,2025-01-15
GUM,False,8,2025-01-15
SSD,True,5,2025-01-15
GUF,True,6,2025-01-15
MNP,True,14,2025-01-15
LBR,False,7,2025-01-15
GIN,True,10,2025-01-15
SSD,False,11,2025-01-15
HMD,,20,2025-01-15
KNA,True,3,2025-01-15
LBR,True,6,2025-01-15
COK,True,6,2025-01-15
DMA,True,11,2025-01-15
VAT,False,6,2025-01-15
PCN,True,2,2025-01-15
KIR,True,6,2025-01-15
HMD,True,3,2025-01-15
FLK,False,3,2025-01-15
NFK,True,2,2025-01-15
COM,False,2,2025-01-15
BRA,True,132649,2025-02-15
THA,False,2308,2025-02-15
CCK,,24123,2025-02-15
NIU,,19135,2025-02-15
ZAF,False,40051,2025-02-15
SLB,True,93,2025-02-15
PSE,,1115,2025-02-15
HTI,,238,2025-02-15
IRN,True,20413,2025-02-15
CZE,False,25231,2025-02-15
SWE,True,19049,2025-02-15
CZE,True,31592,2025-02-15
NOR,True,68346,2025-02-15
GRL,False,382,2025-02-15
POL,,800825,2025-02-15
LVA,,12556,2025-02-15
BRB,,114,2025-02-15
BEL,False,66468,2025-02-15
WSM,True,1123,2025-02-15
ZMB,,535,2025-02-15
JAM,,255,2025-02-15
SVK,False,10856,2025-02-15
PRY,False,1082,2025-02-15
BRA,,730354,2025-02-15
SPM,,852,2025-02-15
NLD,False,122903,2025-02-15
ARM,,3434,2025-02-15
SVN,False,3774,2025-02-15
LAO,True,495,2025-02-15
BDI,False,111,2025-02-15
COG,False,61,2025-02-15
BFA,True,45,2025-02-15
MOZ,,1581,2025-02-15
BMU,False,339,2025-02-15
JOR,,458,2025-02-15
CUB,,138,2025-02-15
RUS,False,16476,2025-02-15
RWA,True,292,2025-02-15
DJI,True,28,2025-02-15
MNE,False,19167,2025-02-15
TUR,False,10907,2025-02-15
LSO,True,51,2025-02-15
SEN,False,210,2025-02-15
CCK,False,8707,2025-02-15
VGB,True,60,2025-02-15
WLF,True,45,2025-02-15
FRA,,614044,2025-02-15
SOM,,1485,2025-02-15
ABW,,40,2025-02-15
NPL,True,1629,2025-02-15
ARM,True,1887,2025-02-15
TCA,,284,2025-02-15
ECU,False,2192,2025-02-15
MDG,True,249,2025-02-15
FSM,,1583,2025-02-15
COD,,479,2025-02-15
BRN,,103,2025-02-15
ASM,True,148,2025-02-15
SLB,False,78,2025-02-15
URY,,9522,2025-02-15
BOL,,1678,2025-02-15
AUS,False,139549,2025-02-15
IND,False,42849,2025-02-15
LIE,False,1536,2025-02-15
HKG,True,6405,2025-02-15
SHN,False,1147,2025-02-15
EST,True,3391,2025-02-15
UZB,False,549,2025-02-15
HND,True,233,2025-02-15
VAT,True,69,2025-02-15
LBY,,2110,2025-02-15
GIB,,327,2025-02-15
VAT,,64,2025-02-15
CXR,False,531,2025-02-15
ISL,False,2917,2025-02-15
CPV,False,140,2025-02-15
IDN,True,15511,2025-02-15
CHN,False,32136,2025-02-15
ITA,True,51149,2025-02-15
BIH,False,1008,2025-02-15
MOZ,False,337,2025-02-15
LSO,False,115,2025-02-15
IRN,False,8101,2025-02-15
JPN,True,44378,2025-02-15
ETH,True,54,2025-02-15
AFG,False,159,2025-02-15
VEN,False,933,2025-02-15
GRD,False,113,2025-02-15
NFK,False,47,2025-02-15
COG,True,23,2025-02-15
ETH,,2234,2025-02-15
GEO,False,1044,2025-02-15
KWT,False,278,2025-02-15
TJK,False,121,2025-02-15
ATG,,1478,2025-02-15
REU,True,635,2025-02-15
GNQ,,104,2025-02-15
AGO,False,350,2025-02-15
LKA,True,1756,2025-02-15
ITA,,822639,2025-02-15
UKR,,29391,2025-02-15
BMU,True,145,2025-02-15
MCO,False,179,2025-02-15
ABW,True,50,2025-02-15
SMR,True,41,2025-02-15
GHA,,472,2025-02-15
CMR,,1071,2025-02-15
NOR,False,22989,2025-02-15
NER,,88,2025-02-15
VIR,,35,2025-02-15
TZA,True,1672,2025-02-15
JAM,True,69,2025-02-15
BLZ,False,638,2025-02-15
IOT,,97355,2025-02-15
GTM,,664,2025-02-15
SEN,,1152,2025-02-15
ARE,False,6696,2025-02-15
HUN,False,9904,2025-02-15
SGP,True,4757,2025-02-15
GTM,True,118,2025-02-15
KNA,False,35,2025-02-15
MLI,True,82,2025-02-15
KWT,True,153,2025-02-15
GUY,,368,2025-02-15
LCA,,559,2025-02-15
COM,,23,2025-02-15
IOT,True,25674,2025-02-15
TKL,True,230,2025-02-15
MUS,True,308,2025-02-15
HRV,,40145,2025-02-15
WLF,,219,2025-02-15
VCT,,2185,2025-02-15
ZAF,True,30195,2025-02-15
SPM,False,257,2025-02-15
SHN,,2911,2025-02-15
SLV,False,530,2025-02-15
MNG,False,308,2025-02-15
GUY,False,141,2025-02-15
QAT,,1681,2025-02-15
PCN,,30,2025-02-15
KAZ,False,1101,2025-02-15
BHS,,78,2025-02-15
MAR,False,1919,2025-02-15
FRO,True,123,2025-02-15
GBR,,773236,2025-02-15
MEX,False,20457,2025-02-15
BOL,True,545,2025-02-15
TZA,False,802,2025-02-15
MAC,True,179,2025-02-15
TLS,True,110,2025-02-15
IOT,False,36994,2025-02-15
SOM,True,415,2025-02-15
PRY,,7244,2025-02-15
GMB,,179,2025-02-15
,,346674,2025-02-15
TTO,False,194,2025-02-15
GHA,True,121,2025-02-15
,True,64691,2025-02-15
ATF,False,141,2025-02-15
ARE,,22040,2025-02-15
KAZ,True,2387,2025-02-15
UGA,False,418,2025-02-15
TON,,2331,2025-02-15
FRO,,699,2025-02-15
URY,True,2480,2025-02-15
BWA,True,260,2025-02-15
BIH,True,4698,2025-02-15
GEO,True,1407,2025-02-15
NIU,True,1369,2025-02-15
LUX,True,2523,2025-02-15
MDG,False,287,2025-02-15
CRI,,2203,2025-02-15
JOR,False,414,2025-02-15
GAB,True,67,2025-02-15
BFA,False,23,2025-02-15
TJK,,331,2025-02-15
BMU,,444,2025-02-15
LKA,False,1547,2025-02-15
SYC,True,128,2025-02-15
MMR,True,243,2025-02-15
MYT,False,108,2025-02-15
SMR,False,79,2025-02-15
NAM,False,29,2025-02-15
MDA,False,767,2025-02-15
SUR,True,72,2025-02-15
HMD,False,24,2025-02-15
GBR,False,219810,2025-02-15
LVA,True,3327,2025-02-15
TON,True,445,2025-02-15
DZA,False,253,2025-02-15
MLI,False,216,2025-02-15
NPL,,6308,2025-02-15
CRI,True,758,2025-02-15
ARM,False,1093,2025-02-15
BRN,True,129,2025-02-15
UGA,,1108,2025-02-15
VUT,,178,2025-02-15
AZE,,5464,2025-02-15
BGR,True,2886,2025-02-15
GNQ,False,56,2025-02-15
AUS,,378623,2025-02-15
MLI,,633,2025-02-15
FLK,,26,2025-02-15
FSM,False,670,2025-02-15
JAM,False,124,2025-02-15
MLT,,2085,2025-02-15
KNA,,26,2025-02-15
GMB,True,19,2025-02-15
MEX,,88117,2025-02-15
TKL,,1096,2025-02-15
UKR,True,9093,2025-02-15
GRC,False,11127,2025-02-15
LBN,True,127,2025-02-15
MCO,True,120,2025-02-15
BGD,,3469,2025-02-15
PNG,,421,2025-02-15
AFG,,863,2025-02-15
DMA,,39,2025-02-15
WLF,False,68,2025-02-15
BEN,False,41,2025-02-15
CHE,True,27145,2025-02-15
YEM,,67,2025-02-15
AIA,False,14740,2025-02-15
IDN,False,9206,2025-02-15
LVA,False,3991,2025-02-15
BLR,,9160,2025-02-15
MNG,,1978,2025-02-15
DEU,True,173452,2025-02-15
CXR,True,329,2025-02-15
ALA,False,167,2025-02-15
SVK,,61027,2025-02-15
SYC,,325,2025-02-15
ARG,False,12960,2025-02-15
LTU,True,3759,2025-02-15
AZE,False,1218,2025-02-15
NIC,True,288,2025-02-15
STP,,1158,2025-02-15
KOR,False,3858,2025-02-15
COG,,284,2025-02-15
FSM,True,271,2025-02-15
CYM,True,232,2025-02-15
REU,,5561,2025-02-15
HUN,,143889,2025-02-15
TKM,,112,2025-02-15
SVN,True,5109,2025-02-15
NZL,,74409,2025-02-15
TCA,True,83,2025-02-15
USA,True,14407,2025-02-15
THA,,13370,2025-02-15
DJI,,244,2025-02-15
DNK,True,17932,2025-02-15
CYP,False,991,2025-02-15
GGY,True,673,2025-02-15
NOR,,158238,2025-02-15
IRQ,,1258,2025-02-15
MOZ,True,437,2025-02-15
VEN,,2261,2025-02-15
CHL,False,13425,2025-02-15
FIN,False,14249,2025-02-15
SAU,True,3774,2025-02-15
GTM,False,240,2025-02-15
GAB,False,160,2025-02-15
PCN,False,43,2025-02-15
TUV,,16376,2025-02-15
SYR,True,75,2025-02-15
SOM,False,454,2025-02-15
TLS,,144,2025-02-15
GNB,,67,2025-02-15
EGY,False,447,2025-02-15
SAU,,8497,2025-02-15
FIN,,55986,2025-02-15
BWA,,1031,2025-02-15
GRC,True,13655,2025-02-15
MLT,False,990,2025-02-15
ALB,False,1051,2025-02-15
BFA,,313,2025-02-15
CUW,,154,2025-02-15
FIN,True,9950,2025-02-15
HUN,True,23814,2025-02-15
CAF,True,67,2025-02-15
CAN,True,40665,2025-02-15
LAO,False,799,2025-02-15
RWA,False,163,2025-02-15
DOM,,3215,2025-02-15
PRT,True,12704,2025-02-15
ALB,,5720,2025-02-15
TGO,,454,2025-02-15
TGO,False,92,2025-02-15
CYP,True,733,2025-02-15
SUR,False,130,2025-02-15
TGO,True,54,2025-02-15
BHR,,422,2025-02-15
TWN,False,5423,2025-02-15
AUT,True,17649,2025-02-15
PLW,True,647,2025-02-15
NIC,,408,2025-02-15
CHL,True,52183,2025-02-15
MEX,True,15153,2025-02-15
DOM,False,1359,2025-02-15
MNG,True,294,2025-02-15
SEN,True,117,2025-02-15
KHM,True,204,2025-02-15
SWE,False,36803,2025-02-15
GIB,True,94,2025-02-15
SSD,,30,2025-02-15
FJI,True,167,2025-02-15
GGY,,3856,2025-02-15
SUR,,354,2025-02-15
PNG,True,245,2025-02-15
NAM,True,31,2025-02-15
SGP,False,7932,2025-02-15
MSR,True,116,2025-02-15
BIH,,4592,2025-02-15
UZB,True,1001,2025-02-15
ISR,False,5957,2025-02-15
ATF,True,95,2025-02-15
TTO,True,96,2025-02-15
KWT,,495,2025-02-15
UKR,False,5188,2025-02-15
TUN,False,1059,2025-02-15
MWI,,171,2025-02-15
MDV,True,198,2025-02-15
FJI,,296,2025-02-15
CPV,True,73,2025-02-15
MRT,,234,2025-02-15
AND,,501,2025-02-15
PER,,16463,2025-02-15
CAF,,362,2025-02-15
MYS,True,9002,2025-02-15
LUX,False,3661,2025-02-15
MYT,True,48,2025-02-15
NLD,,1418411,2025-02-15
BGD,True,666,2025-02-15
BTN,True,121,2025-02-15
SLE,True,24,2025-02-15
PAK,,16947,2025-02-15
PAN,False,760,2025-02-15
DJI,False,50,2025-02-15
LUX,,12287,2025-02-15
VNM,True,6030,2025-02-15
VCT,True,598,2025-02-15
TUR,,111836,2025-02-15
NCL,,1040,2025-02-15
CYM,,586,2025-02-15
BHR,False,328,2025-02-15
TUV,False,6179,2025-02-15
MKD,False,919,2025-02-15
HKG,False,6200,2025-02-15
ABW,False,39,2025-02-15
AGO,True,923,2025-02-15
VUT,True,42,2025-02-15
GRD,True,37,2025-02-15
MRT,True,19,2025-02-15
RWA,,520,2025-02-15
SLE,,187,2025-02-15
SVK,True,13618,2025-02-15
VUT,False,96,2025-02-15
EGY,True,359,2025-02-15
CUB,False,48,2025-02-15
MNE,,63958,2025-02-15
AUS,True,75655,2025-02-15
ROU,True,21642,2025-02-15
TKM,True,43,2025-02-15
AUT,,194028,2025-02-15
BDI,,443,2025-02-15
CPV,,591,2025-02-15
USA,,89165,2025-02-15
PHL,True,4433,2025-02-15
PSE,True,525,2025-02-15
LCA,True,54,2025-02-15
MAR,,12054,2025-02-15
MDG,,822,2025-02-15
PYF,False,109,2025-02-15
SDN,,310,2025-02-15
IMN,False,1228,2025-02-15
PLW,False,851,2025-02-15
OMN,,586,2025-02-15
GEO,,4864,2025-02-15
BGR,False,2865,2025-02-15
DOM,True,914,2025-02-15
KEN,False,10501,2025-02-15
MWI,True,112,2025-02-15
LCA,False,124,2025-02-15
AFG,True,53,2025-02-15
JPN,False,19316,2025-02-15
VCT,False,909,2025-02-15
CIV,False,257,2025-02-15
KGZ,False,268,2025-02-15
VNM,,16375,2025-02-15
PAN,,1236,2025-02-15
ATG,True,395,2025-02-15
CIV,,2338,2025-02-15
CXR,,1257,2025-02-15
BLR,True,1653,2025-02-15
CUW,True,24,2025-02-15
LBR,,23,2025-02-15
ROU,False,13844,2025-02-15
IRQ,True,184,2025-02-15
KOR,,9473,2025-02-15
ALA,,641,2025-02-15
SWZ,False,183,2025-02-15
KGZ,True,282,2025-02-15
TCD,False,26,2025-02-15
KIR,False,33,2025-02-15
LIE,,7388,2025-02-15
MTQ,False,62,2025-02-15
SDN,False,115,2025-02-15
JEY,False,323,2025-02-15
BDI,True,51,2025-02-15
CMR,False,343,2025-02-15
SLE,False,66,2025-02-15
COL,False,127495,2025-02-15
ZAF,,178531,2025-02-15
BTN,,249,2025-02-15
LSO,,230,2025-02-15
NER,False,21,2025-02-15
ISR,,34305,2025-02-15
ARE,True,4126,2025-02-15
ZMB,True,200,2025-02-15
GIN,False,6,2025-02-15
PRT,,84342,2025-02-15
FRA,False,97012,2025-02-15
ARG,True,38246,2025-02-15
OMN,True,185,2025-02-15
TUN,,3374,2025-02-15
NAM,,46,2025-02-15
TJK,True,99,2025-02-15
EST,False,3370,2025-02-15
ALA,True,80,2025-02-15
SMR,,158,2025-02-15
MSR,,623,2025-02-15
CHE,False,48753,2025-02-15
JOR,True,590,2025-02-15
SXM,False,105,2025-02-15
AND,False,134,2025-02-15
NCL,False,262,2025-02-15
CRI,False,1049,2025-02-15
DZA,True,734,2025-02-15
GNQ,True,26,2025-02-15
LTU,,29045,2025-02-15
IRN,,63600,2025-02-15
GRL,,682,2025-02-15
PAK,False,2654,2025-02-15
ZWE,True,412,2025-02-15
CYP,,3328,2025-02-15
THA,True,5947,2025-02-15
PSE,False,245,2025-02-15
TWN,,30383,2025-02-15
IMN,,5961,2025-02-15
AND,True,130,2025-02-15
MYS,,29865,2025-02-15
ZWE,,4147,2025-02-15
NRU,False,41,2025-02-15
CHL,,104335,2025-02-15
ASM,,2061,2025-02-15
ATA,,7,2025-02-15
NGA,False,8256,2025-02-15
MAC,,323,2025-02-15
ZWE,False,533,2025-02-15
ECU,True,2012,2025-02-15
PER,True,4293,2025-02-15
MUS,,1438,2025-02-15
FRA,True,60681,2025-02-15
GRL,True,156,2025-02-15
VGB,False,119,2025-02-15
COK,False,26,2025-02-15
NGA,True,1447,2025-02-15
SRB,True,3394,2025-02-15
SAU,False,2216,2025-02-15
CAN,,255040,2025-02-15
PER,False,4766,2025-02-15
WSM,False,943,2025-02-15
POL,False,26609,2025-02-15
MDV,False,225,2025-02-15
RUS,,237919,2025-02-15
COL,,233290,2025-02-15
AIA,,40793,2025-02-15
PAK,True,2349,2025-02-15
TUN,True,452,2025-02-15
ISL,True,1789,2025-02-15
ROU,,137815,2025-02-15
GBR,True,120024,2025-02-15
BEL,True,25628,2025-02-15
BLR,False,759,2025-02-15
BRN,False,65,2025-02-15
ARG,,75680,2025-02-15
IRQ,False,223,2025-02-15
MLT,True,464,2025-02-15
MAC,False,130,2025-02-15
BLZ,,1866,2025-02-15
ITA,False,50980,2025-02-15
DEU,False,154117,2025-02-15
BGD,False,1475,2025-02-15
CUW,False,54,2025-02-15
DNK,,92970,2025-02-15
SWZ,,102,2025-02-15
ESP,False,32234,2025-02-15
TCA,False,111,2025-02-15
BTN,False,31,2025-02-15
PRI,,141,2025-02-15
TTO,,267,2025-02-15
AUT,False,24531,2025-02-15
ESP,,272462,2025-02-15
CHN,True,6296,2025-02-15
MYS,False,8165,2025-02-15
CYM,False,362,2025-02-15
MAR,True,1207,2025-02-15
GUF,False,38,2025-02-15
NIC,False,447,2025-02-15
ZMB,False,272,2025-02-15
PAN,True,297,2025-02-15
KEN,,11893,2025-02-15
STP,True,208,2025-02-15
PRI,True,33,2025-02-15
LKA,,6843,2025-02-15
WSM,,3148,2025-02-15
MYT,,581,2025-02-15
ISR,True,4607,2025-02-15
HRV,False,3859,2025-02-15
ASM,False,1237,2025-02-15
MDV,,1033,2025-02-15
POL,True,214499,2025-02-15
VIR,False,48,2025-02-15
GIB,False,114,2025-02-15
JEY,True,166,2025-02-15
EST,,37051,2025-02-15
LBN,,385,2025-02-15
MNP,,77,2025-02-15
IRL,True,5245,2025-02-15
AGO,,4583,2025-02-15
TWN,True,5979,2025-02-15
KEN,True,2671,2025-02-15
SLB,,100,2025-02-15
IRL,,30051,2025-02-15
SRB,False,2990,2025-02-15
AIA,True,10860,2025-02-15
BRB,True,55,2025-02-15
COD,True,69,2025-02-15
GHA,False,182,2025-02-15
SWE,,88227,2025-02-15
CMR,True,141,2025-02-15
TKM,False,144,2025-02-15
UGA,True,401,2025-02-15
SHN,True,619,2025-02-15
PNG,False,100,2025-02-15
NGA,,18975,2025-02-15
GAB,,631,2025-02-15
TUR,True,18280,2025-02-15
MNE,True,10506,2025-02-15
TUV,True,2459,2025-02-15
GLP,False,89,2025-02-15
KHM,False,172,2025-02-15
REU,False,1027,2025-02-15
HND,,653,2025-02-15
HRV,True,3476,2025-02-15
SVN,,38432,2025-02-15
TON,False,873,2025-02-15
PYF,True,153,2025-02-15
YEM,True,42,2025-02-15
MWI,False,121,2025-02-15
PYF,,262,2025-02-15
SLV,,1000,2025-02-15
STP,False,439,2025-02-15
TCD,True,10,2025-02-15
ECU,,6622,2025-02-15
GRD,,199,2025-02-15
MTQ,,59,2025-02-15
GLP,,146,2025-02-15
ETH,False,84,2025-02-15
IMN,True,540,2025-02-15
SYC,False,236,2025-02-15
GRC,,104015,2025-02-15
SYR,,351,2025-02-15
MSR,False,464,2025-02-15
COD,False,120,2025-02-15
SGS,False,186,2025-02-15
BRB,False,70,2025-02-15
DMA,False,45,2025-02-15
GIN,,213,2025-02-15
CCK,True,4711,2025-02-15
LBN,False,175,2025-02-15
COK,,77,2025-02-15
MDA,True,1199,2025-02-15
BLZ,True,313,2025-02-15
LBY,False,459,2025-02-15
SXM,,204,2025-02-15
FJI,False,229,2025-02-15
NER,True,41,2025-02-15
NZL,False,34565,2025-02-15
RUS,True,58145,2025-02-15
OMN,False,712,2025-02-15
NCL,True,347,2025-02-15
QAT,False,904,2025-02-15
GMB,False,42,2025-02-15
LBY,True,219,2025-02-15
SGP,,22327,2025-02-15
PRT,False,14055,2025-02-15
MUS,False,635,2025-02-15
HND,False,373,2025-02-15
IND,,280736,2025-02-15
KAZ,,11229,2025-02-15
NLD,True,253928,2025-02-15
USA,False,32692,2025-02-15
SPM,True,178,2025-02-15
HTI,False,174,2025-02-15
BRA,False,64118,2025-02-15
LTU,False,4266,2025-02-15
HKG,,15716,2025-02-15
NZL,True,15263,2025-02-15
PHL,False,3800,2025-02-15
LIE,True,747,2025-02-15
KHM,,472,2025-02-15
MMR,,257,2025-02-15
TCD,,107,2025-02-15
DNK,False,90110,2025-02-15
TKL,False,459,2025-02-15
MMR,False,129,2025-02-15
TLS,False,64,2025-02-15
BEL,,205521,2025-02-15
MKD,,4942,2025-02-15
IRL,False,10461,2025-02-15
AZE,True,2143,2025-02-15
ALB,True,1053,2025-02-15
IDN,,97047,2025-02-15
CHN,,16036,2025-02-15
CUB,True,200,2025-02-15
MKD,True,1004,2025-02-15
BEN,True,76,2025-02-15
PRI,False,314,2025-02-15
GGY,False,1635,2025-02-15
SLV,True,411,2025-02-15
DEU,,1402677,2025-02-15
MDA,,6253,2025-02-15
DZA,,1780,2025-02-15
BGR,,9501,2025-02-15
UZB,,10694,2025-02-15
FLK,True,42,2025-02-15
MCO,,489,2025-02-15
NFK,,21,2025-02-15
BOL,False,810,2025-02-15
NPL,False,1816,2025-02-15
GUY,True,161,2025-02-15
CIV,True,183,2025-02-15
VEN,True,636,2025-02-15
JPN,,261764,2025-02-15
ESP,True,41603,2025-02-15
SYR,False,21,2025-02-15
SRB,,14851,2025-02-15
BHR,True,129,2025-02-15
,False,65384,2025-02-15
TZA,,4061,2025-02-15
BHS,False,155,2025-02-15
KGZ,,1985,2025-02-15
PLW,,2715,2025-02-15
LAO,,2237,2025-02-15
CHE,,502777,2025-02-15
JEY,,829,2025-02-15
CAN,False,77484,2025-02-15
CZE,,151192,2025-02-15
PHL,,8764,2025-02-15
IND,True,27227,2025-02-15
BWA,False,487,2025-02-15
NIU,False,7142,2025-02-15
ATG,False,843,2025-02-15
ISL,,10877,2025-02-15
BEN,,581,2025-02-15
EGY,,959,2025-02-15
SGS,,304,2025-02-15
VGB,,229,2025-02-15
KOR,True,2509,2025-02-15
CAF,False,204,2025-02-15
PRY,True,1610,2025-02-15
ATF,,457,2025-02-15
URY,False,1911,2025-02-15
COL,True,58527,2025-02-15
VNM,False,4483,2025-02-15
FRO,False,623,2025-02-15
QAT,True,483,2025-02-15
NRU,True,2,2025-02-15
SWZ,True,32,2025-02-15
MRT,False,31,2025-02-15
GNB,True,17,2025-02-15
MNP,False,47,2025-02-15
ATA,False,11,2025-02-15
SDN,True,58,2025-02-15
HTI,True,42,2025-02-15
GUM,,4,2025-02-15
NRU,,17,2025-02-15
SGS,True,61,2025-02-15
MTQ,True,10,2025-02-15
SXM,True,55,2025-02-15
GNB,False,9,2025-02-15
GUF,,47,2025-02-15
BHS,True,20,2025-02-15
VIR,True,11,2025-02-15
GLP,True,21,2025-02-15
COM,True,7,2025-02-15
KIR,,30,2025-02-15
YEM,False,10,2025-02-15
GUM,False,8,2025-02-15
SSD,True,5,2025-02-15
GUF,True,6,2025-02-15
MNP,True,14,2025-02-15
LBR,False,8,2025-02-15
GIN,True,10,2025-02-15
SSD,False,16,2025-02-15
HMD,,22,2025-02-15
HMD,True,3,2025-02-15
FLK,False,4,2025-02-15
NFK,True,2,2025-02-15
KIR,True,6,2025-02-15
COK,True,7,2025-02-15
VAT,False,6,2025-02-15
DMA,True,11,2025-02-15
LBR,True,6,2025-02-15
PCN,True,3,2025-02-15
COM,False,2,2025-02-15
KNA,True,3,2025-02-15
BRA,True,132549,2025-03-15
THA,False,2331,2025-03-15
CCK,,24797,2025-03-15
NIU,,19337,2025-03-15
ZAF,False,23672,2025-03-15
IRN,True,20277,2025-03-15
CZE,False,25568,2025-03-15
CZE,True,32152,2025-03-15
NOR,True,68534,2025-03-15
SWE,True,19290,2025-03-15
POL,,808948,2025-03-15
LVA,,11582,2025-03-15
BEL,False,67243,2025-03-15
GUF,True,6,2025-03-15
SVK,False,11004,2025-03-15
BRA,,738101,2025-03-15
NLD,False,125073,2025-03-15
LAO,True,498,2025-03-15
BFA,True,36,2025-03-15
RUS,False,16805,2025-03-15
TUR,False,8784,2025-03-15
MNE,False,16675,2025-03-15
CCK,False,8955,2025-03-15
FRA,,630244,2025-03-15
ECU,False,1798,2025-03-15
URY,,9805,2025-03-15
AUS,False,142463,2025-03-15
IND,False,47157,2025-03-15
LIE,False,1564,2025-03-15
HKG,True,31,2025-03-15
EST,True,3427,2025-03-15
LBY,,1713,2025-03-15
CHN,False,32214,2025-03-15
ITA,True,51608,2025-03-15
IDN,True,15836,2025-03-15
BIH,False,1029,2025-03-15
JPN,True,43560,2025-03-15
IRN,False,8041,2025-03-15
VEN,False,951,2025-03-15
ITA,,833265,2025-03-15
UKR,,30127,2025-03-15
NOR,False,23614,2025-03-15
IOT,,100611,2025-03-15
GTM,,695,2025-03-15
HUN,False,8592,2025-03-15
MLI,True,86,2025-03-15
GTM,True,116,2025-03-15
IOT,True,26089,2025-03-15
TKL,True,229,2025-03-15
ZAF,True,17365,2025-03-15
SLV,False,563,2025-03-15
KAZ,False,1126,2025-03-15
GBR,,792206,2025-03-15
MEX,False,13963,2025-03-15
IOT,False,37733,2025-03-15
,,351500,2025-03-15
,True,64694,2025-03-15
KAZ,True,2490,2025-03-15
TON,,156,2025-03-15
URY,True,2504,2025-03-15
BIH,True,4649,2025-03-15
NIU,True,1399,2025-03-15
CRI,,2189,2025-03-15
BFA,False,23,2025-03-15
SYC,True,82,2025-03-15
MYT,False,112,2025-03-15
GBR,False,225443,2025-03-15
LVA,True,3053,2025-03-15
TON,True,41,2025-03-15
MLI,False,221,2025-03-15
CRI,True,753,2025-03-15
AUS,,386747,2025-03-15
MLI,,621,2025-03-15
FLK,,26,2025-03-15
MEX,,61317,2025-03-15
TKL,,1092,2025-03-15
UKR,True,9177,2025-03-15
GRC,False,11494,2025-03-15
LBN,True,131,2025-03-15
CHE,True,27565,2025-03-15
YEM,,69,2025-03-15
AIA,False,11528,2025-03-15
IDN,False,9464,2025-03-15
LVA,False,3668,2025-03-15
DEU,True,176970,2025-03-15
SVK,,61696,2025-03-15
SYC,,212,2025-03-15
ARG,False,13158,2025-03-15
KOR,False,3940,2025-03-15
HUN,,122805,2025-03-15
NZL,,75962,2025-03-15
USA,True,14763,2025-03-15
THA,,13523,2025-03-15
DNK,True,18310,2025-03-15
NOR,,161039,2025-03-15
VEN,,2328,2025-03-15
CHL,False,13718,2025-03-15
FIN,False,14625,2025-03-15
GTM,False,241,2025-03-15
GAB,False,164,2025-03-15
EGY,False,452,2025-03-15
FIN,,57743,2025-03-15
GRC,True,13844,2025-03-15
BFA,,318,2025-03-15
FIN,True,10073,2025-03-15
HUN,True,19869,2025-03-15
CAN,True,41269,2025-03-15
LAO,False,807,2025-03-15
PRT,True,12882,2025-03-15
AUT,True,18046,2025-03-15
TWN,False,33,2025-03-15
CHL,True,52109,2025-03-15
MEX,True,9928,2025-03-15
SWE,False,37505,2025-03-15
NAM,True,34,2025-03-15
BIH,,4913,2025-03-15
TUN,False,1666,2025-03-15
UKR,False,5314,2025-03-15
MDV,True,206,2025-03-15
PER,,17257,2025-03-15
MYS,True,9103,2025-03-15
NLD,,1430235,2025-03-15
VNM,True,6072,2025-03-15
TUR,,92438,2025-03-15
HKG,False,140,2025-03-15
SVK,True,13939,2025-03-15
EGY,True,361,2025-03-15
MNE,,55846,2025-03-15
AUS,True,76736,2025-03-15
ROU,True,21896,2025-03-15
AUT,,197427,2025-03-15
USA,,92842,2025-03-15
IMN,False,1263,2025-03-15
JPN,False,19143,2025-03-15
VNM,,16927,2025-03-15
ROU,False,14067,2025-03-15
KOR,,9996,2025-03-15
LIE,,7480,2025-03-15
MTQ,False,62,2025-03-15
COL,False,135231,2025-03-15
ZAF,,105240,2025-03-15
PRT,,86103,2025-03-15
FRA,False,99483,2025-03-15
ARG,True,38314,2025-03-15
TUN,,4081,2025-03-15
NAM,,52,2025-03-15
EST,False,3458,2025-03-15
CHE,False,49544,2025-03-15
CRI,False,1042,2025-03-15
IRN,,68694,2025-03-15
THA,True,6033,2025-03-15
IMN,,6224,2025-03-15
TWN,,24,2025-03-15
MYS,,31418,2025-03-15
CHL,,106979,2025-03-15
PER,True,4347,2025-03-15
ECU,True,1602,2025-03-15
FRA,True,62067,2025-03-15
CAN,,261210,2025-03-15
PER,False,4934,2025-03-15
MDV,False,233,2025-03-15
POL,False,27408,2025-03-15
COL,,241150,2025-03-15
RUS,,243258,2025-03-15
AIA,,31807,2025-03-15
TUN,True,472,2025-03-15
ROU,,146253,2025-03-15
GBR,True,121570,2025-03-15
BEL,True,26312,2025-03-15
ARG,,77717,2025-03-15
ITA,False,52253,2025-03-15
DEU,False,158955,2025-03-15
DNK,,95372,2025-03-15
ESP,False,32941,2025-03-15
PRI,,139,2025-03-15
AUT,False,25596,2025-03-15
ESP,,277404,2025-03-15
CHN,True,6682,2025-03-15
MYS,False,8462,2025-03-15
PRI,True,34,2025-03-15
MYT,,594,2025-03-15
MDV,,1057,2025-03-15
POL,True,217632,2025-03-15
EST,,37470,2025-03-15
LBN,,395,2025-03-15
AIA,True,8298,2025-03-15
SWE,,90447,2025-03-15
GAB,,648,2025-03-15
TUR,True,14689,2025-03-15
MNE,True,9081,2025-03-15
TON,False,64,2025-03-15
YEM,True,44,2025-03-15
SLV,,1048,2025-03-15
ECU,,5572,2025-03-15
MTQ,,60,2025-03-15
IMN,True,549,2025-03-15
SYC,False,150,2025-03-15
GRC,,106550,2025-03-15
DMA,False,46,2025-03-15
CCK,True,4825,2025-03-15
LBN,False,172,2025-03-15
LBY,False,336,2025-03-15
NZL,False,35035,2025-03-15
RUS,True,59241,2025-03-15
LBY,True,170,2025-03-15
PRT,False,14293,2025-03-15
IND,,291186,2025-03-15
KAZ,,11439,2025-03-15
NLD,True,254321,2025-03-15
USA,False,34397,2025-03-15
BRA,False,65040,2025-03-15
HKG,,170,2025-03-15
NZL,True,15438,2025-03-15
LIE,True,767,2025-03-15
DNK,False,91195,2025-03-15
TKL,False,462,2025-03-15
BEL,,208182,2025-03-15
MKD,,3,2025-03-15
IDN,,104805,2025-03-15
CHN,,16795,2025-03-15
PRI,False,325,2025-03-15
SLV,True,415,2025-03-15
DEU,,1425433,2025-03-15
FLK,True,43,2025-03-15
VEN,True,651,2025-03-15
JPN,,258923,2025-03-15
ESP,True,41875,2025-03-15
SRB,,26,2025-03-15
,False,66326,2025-03-15
LAO,,2286,2025-03-15
CHE,,509134,2025-03-15
CAN,False,79405,2025-03-15
CZE,,153581,2025-03-15
IND,True,27531,2025-03-15
NIU,False,7191,2025-03-15
EGY,,1025,2025-03-15
KOR,True,2584,2025-03-15
VNM,False,4554,2025-03-15
COL,True,66878,2025-03-15
URY,False,1945,2025-03-15
GUF,,47,2025-03-15
GAB,True,76,2025-03-15
NAM,False,31,2025-03-15
DMA,,40,2025-03-15
MNG,,1,2025-03-15
MYT,True,50,2025-03-15
GUF,False,38,2025-03-15
BGD,,6,2025-03-15
SAU,False,2,2025-03-15
BGD,False,3,2025-03-15
TWN,True,1,2025-03-15
DMA,True,11,2025-03-15
SRB,False,15,2025-03-15
MTQ,True,10,2025-03-15
YEM,False,11,2025-03-15
MKD,False,2,2025-03-15
SRB,True,2,2025-03-15
MNG,False,1,2025-03-15
FLK,False,4,2025-03-15
BRA,True,134558,2025-04-15
THA,False,2437,2025-04-15
NIU,,19695,2025-04-15
CCK,,27255,2025-04-15
ZAF,False,43169,2025-04-15
SLB,True,93,2025-04-15
PSE,,1258,2025-04-15
HTI,,259,2025-04-15
NOR,True,68642,2025-04-15
CZE,True,32866,2025-04-15
IRN,True,20026,2025-04-15
SWE,True,19746,2025-04-15
CZE,False,25989,2025-04-15
GRL,False,386,2025-04-15
POL,,816808,2025-04-15
LVA,,13778,2025-04-15
BRB,,119,2025-04-15
BEL,False,68215,2025-04-15
WSM,True,1157,2025-04-15
JAM,,207,2025-04-15
ZMB,,597,2025-04-15
SVK,False,11244,2025-04-15
PRY,False,1140,2025-04-15
BRA,,759612,2025-04-15
SPM,,880,2025-04-15
NLD,False,127482,2025-04-15
ARM,,3820,2025-04-15
BDI,False,113,2025-04-15
SVN,False,4011,2025-04-15
LAO,True,509,2025-04-15
COG,False,59,2025-04-15
BFA,True,52,2025-04-15
MOZ,,1859,2025-04-15
BMU,False,326,2025-04-15
JOR,,484,2025-04-15
CUB,,153,2025-04-15
RUS,False,17187,2025-04-15
RWA,True,295,2025-04-15
DJI,True,29,2025-04-15
TUR,False,11468,2025-04-15
MNE,False,20856,2025-04-15
LSO,True,47,2025-04-15
SEN,False,228,2025-04-15
CCK,False,11035,2025-04-15
VGB,True,62,2025-04-15
WLF,True,45,2025-04-15
FRA,,646501,2025-04-15
SOM,,1636,2025-04-15
ABW,,43,2025-04-15
NPL,True,1642,2025-04-15
ARM,True,1904,2025-04-15
TCA,,297,2025-04-15
ECU,False,2281,2025-04-15
MDG,True,274,2025-04-15
FSM,,1648,2025-04-15
COD,,555,2025-04-15
BRN,,116,2025-04-15
ASM,True,152,2025-04-15
SLB,False,81,2025-04-15
URY,,10127,2025-04-15
BOL,,1790,2025-04-15
AUS,False,147416,2025-04-15
IND,False,59076,2025-04-15
LIE,False,1590,2025-04-15
HKG,True,6507,2025-04-15
EST,True,3552,2025-04-15
SHN,False,1226,2025-04-15
UZB,False,619,2025-04-15
HND,True,257,2025-04-15
VAT,True,70,2025-04-15
LBY,,2474,2025-04-15
GIB,,343,2025-04-15
VAT,,65,2025-04-15
ISL,False,3030,2025-04-15
CPV,False,1133,2025-04-15
CXR,False,557,2025-04-15
CHN,False,33867,2025-04-15
ITA,True,52297,2025-04-15
IDN,True,15863,2025-04-15
BIH,False,1047,2025-04-15
MOZ,False,365,2025-04-15
LSO,False,110,2025-04-15
IRN,False,8261,2025-04-15
JPN,True,46207,2025-04-15
AFG,False,163,2025-04-15
ETH,True,64,2025-04-15
VEN,False,974,2025-04-15
COG,True,24,2025-04-15
GRD,False,117,2025-04-15
NFK,False,47,2025-04-15
ETH,,2236,2025-04-15
KWT,False,299,2025-04-15
GEO,False,1104,2025-04-15
TJK,False,123,2025-04-15
ATG,,1597,2025-04-15
REU,True,669,2025-04-15
GNQ,,113,2025-04-15
LKA,True,1857,2025-04-15
AGO,False,352,2025-04-15
ITA,,849581,2025-04-15
UKR,,30839,2025-04-15
BMU,True,155,2025-04-15
MCO,False,186,2025-04-15
ABW,True,54,2025-04-15
SMR,True,42,2025-04-15
CMR,,1221,2025-04-15
GHA,,500,2025-04-15
NOR,False,24073,2025-04-15
VIR,,35,2025-04-15
NER,,92,2025-04-15
TZA,True,1702,2025-04-15
BLZ,False,682,2025-04-15
JAM,True,72,2025-04-15
IOT,,104512,2025-04-15
SEN,,1241,2025-04-15
GTM,,747,2025-04-15
ARE,False,6942,2025-04-15
SGP,True,4815,2025-04-15
HUN,False,10469,2025-04-15
GTM,True,119,2025-04-15
MLI,True,88,2025-04-15
KNA,False,32,2025-04-15
KWT,True,164,2025-04-15
LCA,,650,2025-04-15
GUY,,421,2025-04-15
COM,,21,2025-04-15
IOT,True,26589,2025-04-15
TKL,True,228,2025-04-15
MUS,True,316,2025-04-15
HRV,,41888,2025-04-15
VCT,,2317,2025-04-15
WLF,,234,2025-04-15
ZAF,True,30842,2025-04-15
SPM,False,261,2025-04-15
SHN,,3081,2025-04-15
GUY,False,145,2025-04-15
MNG,False,329,2025-04-15
SLV,False,585,2025-04-15
PCN,,32,2025-04-15
QAT,,1825,2025-04-15
KAZ,False,1176,2025-04-15
BHS,,84,2025-04-15
MAR,False,2078,2025-04-15
FRO,True,128,2025-04-15
GBR,,822451,2025-04-15
MEX,False,23092,2025-04-15
TZA,False,827,2025-04-15
BOL,True,560,2025-04-15
TLS,True,107,2025-04-15
MAC,True,193,2025-04-15
IOT,False,39618,2025-04-15
SOM,True,419,2025-04-15
PRY,,7585,2025-04-15
GMB,,199,2025-04-15
,,359030,2025-04-15
GHA,True,121,2025-04-15
TTO,False,203,2025-04-15
,True,65444,2025-04-15
ATF,False,146,2025-04-15
ARE,,25058,2025-04-15
KAZ,True,2518,2025-04-15
UGA,False,441,2025-04-15
TON,,2453,2025-04-15
FRO,,714,2025-04-15
BIH,True,4617,2025-04-15
URY,True,2536,2025-04-15
BWA,True,278,2025-04-15
GEO,True,1523,2025-04-15
LUX,True,2646,2025-04-15
NIU,True,1434,2025-04-15
MDG,False,252,2025-04-15
CRI,,2303,2025-04-15
JOR,False,406,2025-04-15
GAB,True,81,2025-04-15
BFA,False,22,2025-04-15
TJK,,365,2025-04-15
BMU,,458,2025-04-15
MYT,False,119,2025-04-15
LKA,False,1653,2025-04-15
MMR,True,246,2025-04-15
SYC,True,135,2025-04-15
SMR,False,81,2025-04-15
NAM,False,34,2025-04-15
MDA,False,805,2025-04-15
SUR,True,75,2025-04-15
HMD,False,24,2025-04-15
GBR,False,235422,2025-04-15
LVA,True,3440,2025-04-15
DZA,False,255,2025-04-15
TON,True,451,2025-04-15
MLI,False,227,2025-04-15
NPL,,8229,2025-04-15
CRI,True,787,2025-04-15
BRN,True,131,2025-04-15
ARM,False,1173,2025-04-15
UGA,,1285,2025-04-15
VUT,,184,2025-04-15
AZE,,5966,2025-04-15
BGR,True,3021,2025-04-15
GNQ,False,57,2025-04-15
AUS,,399119,2025-04-15
MLI,,673,2025-04-15
FLK,,26,2025-04-15
FSM,False,683,2025-04-15
JAM,False,127,2025-04-15
MLT,,2203,2025-04-15
KNA,,31,2025-04-15
GMB,True,21,2025-04-15
MEX,,98788,2025-04-15
TKL,,1093,2025-04-15
UKR,True,9221,2025-04-15
GRC,False,11778,2025-04-15
LBN,True,135,2025-04-15
MCO,True,119,2025-04-15
BGD,,4081,2025-04-15
AFG,,960,2025-04-15
PNG,,450,2025-04-15
DMA,,43,2025-04-15
WLF,False,74,2025-04-15
BEN,False,41,2025-04-15
CHE,True,28156,2025-04-15
YEM,,68,2025-04-15
AIA,False,18784,2025-04-15
LVA,False,4246,2025-04-15
IDN,False,9883,2025-04-15
BLR,,10478,2025-04-15
MNG,,2128,2025-04-15
DEU,True,181858,2025-04-15
CXR,True,340,2025-04-15
ALA,False,175,2025-04-15
SVK,,62613,2025-04-15
SYC,,343,2025-04-15
ARG,False,13379,2025-04-15
LTU,True,3888,2025-04-15
NIC,True,298,2025-04-15
AZE,False,1271,2025-04-15
STP,,1216,2025-04-15
KOR,False,4174,2025-04-15
COG,,304,2025-04-15
CYM,True,236,2025-04-15
FSM,True,275,2025-04-15
HUN,,150904,2025-04-15
REU,,5786,2025-04-15
TKM,,119,2025-04-15
SVN,True,5249,2025-04-15
NZL,,77819,2025-04-15
TCA,True,84,2025-04-15
USA,True,15240,2025-04-15
THA,,13747,2025-04-15
DJI,,259,2025-04-15
DNK,True,18599,2025-04-15
GGY,True,705,2025-04-15
CYP,False,1050,2025-04-15
NOR,,163788,2025-04-15
IRQ,,1461,2025-04-15
MOZ,True,450,2025-04-15
VEN,,2385,2025-04-15
CHL,False,14351,2025-04-15
FIN,False,14902,2025-04-15
SAU,True,3933,2025-04-15
GTM,False,253,2025-04-15
GAB,False,168,2025-04-15
PCN,False,43,2025-04-15
TUV,,17207,2025-04-15
SOM,False,473,2025-04-15
SYR,True,79,2025-04-15
GNB,,95,2025-04-15
TLS,,154,2025-04-15
EGY,False,468,2025-04-15
SAU,,9354,2025-04-15
FIN,,59486,2025-04-15
BWA,,1221,2025-04-15
GRC,True,14008,2025-04-15
MLT,False,1036,2025-04-15
ALB,False,1087,2025-04-15
BFA,,341,2025-04-15
CUW,,158,2025-04-15
FIN,True,10207,2025-04-15
HUN,True,23997,2025-04-15
CAF,True,61,2025-04-15
CAN,True,42061,2025-04-15
LAO,False,900,2025-04-15
RWA,False,172,2025-04-15
DOM,,3441,2025-04-15
PRT,True,13097,2025-04-15
ALB,,6068,2025-04-15
TGO,,450,2025-04-15
TGO,False,92,2025-04-15
CYP,True,771,2025-04-15
TGO,True,54,2025-04-15
SUR,False,133,2025-04-15
BHR,,459,2025-04-15
AUT,True,18487,2025-04-15
TWN,False,5802,2025-04-15
PLW,True,644,2025-04-15
NIC,,407,2025-04-15
CHL,True,52554,2025-04-15
DOM,False,1423,2025-04-15
MEX,True,15833,2025-04-15
SEN,True,123,2025-04-15
KHM,True,206,2025-04-15
MNG,True,303,2025-04-15
SWE,False,38282,2025-04-15
GIB,True,103,2025-04-15
SSD,,41,2025-04-15
FJI,True,122,2025-04-15
GGY,,4100,2025-04-15
SUR,,402,2025-04-15
PNG,True,244,2025-04-15
NAM,True,37,2025-04-15
SGP,False,8213,2025-04-15
MSR,True,117,2025-04-15
BIH,,5218,2025-04-15
ISR,False,6219,2025-04-15
UZB,True,1050,2025-04-15
TTO,True,97,2025-04-15
ATF,True,97,2025-04-15
KWT,,511,2025-04-15
UKR,False,5467,2025-04-15
TUN,False,1651,2025-04-15
MWI,,186,2025-04-15
MDV,True,232,2025-04-15
FJI,,268,2025-04-15
CPV,True,78,2025-04-15
AND,,610,2025-04-15
MRT,,245,2025-04-15
PER,,18089,2025-04-15
CAF,,356,2025-04-15
LUX,False,3820,2025-04-15
MYS,True,9217,2025-04-15
MYT,True,51,2025-04-15
NLD,,1450035,2025-04-15
BGD,True,694,2025-04-15
SLE,True,23,2025-04-15
BTN,True,126,2025-04-15
PAK,,19411,2025-04-15
PAN,False,811,2025-04-15
DJI,False,56,2025-04-15
LUX,,12744,2025-04-15
VNM,True,6185,2025-04-15
VCT,True,634,2025-04-15
TUR,,123395,2025-04-15
CYM,,628,2025-04-15
NCL,,1055,2025-04-15
TUV,False,6693,2025-04-15
MKD,False,997,2025-04-15
BHR,False,335,2025-04-15
HKG,False,6325,2025-04-15
ABW,False,44,2025-04-15
AGO,True,909,2025-04-15
MRT,True,21,2025-04-15
GRD,True,42,2025-04-15
VUT,True,46,2025-04-15
RWA,,589,2025-04-15
SLE,,216,2025-04-15
SVK,True,14350,2025-04-15
EGY,True,366,2025-04-15
CUB,False,51,2025-04-15
VUT,False,99,2025-04-15
MNE,,68151,2025-04-15
AUS,True,78551,2025-04-15
ROU,True,22188,2025-04-15
TKM,True,48,2025-04-15
AUT,,201564,2025-04-15
CPV,,624,2025-04-15
BDI,,495,2025-04-15
USA,,97670,2025-04-15
PHL,True,4508,2025-04-15
PSE,True,576,2025-04-15
LCA,True,52,2025-04-15
MAR,,13623,2025-04-15
MDG,,938,2025-04-15
PYF,False,114,2025-04-15
SDN,,359,2025-04-15
PLW,False,902,2025-04-15
IMN,False,1296,2025-04-15
OMN,,625,2025-04-15
GEO,,5676,2025-04-15
BGR,False,2995,2025-04-15
KEN,False,10957,2025-04-15
DOM,True,958,2025-04-15
LCA,False,125,2025-04-15
MWI,True,127,2025-04-15
AFG,True,56,2025-04-15
JPN,False,20155,2025-04-15
VCT,False,982,2025-04-15
KGZ,False,299,2025-04-15
CIV,False,274,2025-04-15
VNM,,17743,2025-04-15
PAN,,1297,2025-04-15
ATG,True,411,2025-04-15
CIV,,2445,2025-04-15
CXR,,1284,2025-04-15
CUW,True,24,2025-04-15
BLR,True,1701,2025-04-15
LBR,,49,2025-04-15
ROU,False,14456,2025-04-15
IRQ,True,189,2025-04-15
KOR,,10032,2025-04-15
ALA,,652,2025-04-15
SWZ,False,188,2025-04-15
KGZ,True,321,2025-04-15
TCD,False,27,2025-04-15
KIR,False,35,2025-04-15
LIE,,7686,2025-04-15
BDI,True,55,2025-04-15
JEY,False,327,2025-04-15
MTQ,False,62,2025-04-15
SDN,False,118,2025-04-15
SLE,False,67,2025-04-15
CMR,False,354,2025-04-15
COL,False,150171,2025-04-15
ZAF,,194299,2025-04-15
LSO,,258,2025-04-15
BTN,,263,2025-04-15
NER,False,22,2025-04-15
ISR,,35772,2025-04-15
ARE,True,4412,2025-04-15
ZMB,True,217,2025-04-15
GIN,False,6,2025-04-15
PRT,,88236,2025-04-15
FRA,False,102821,2025-04-15
ARG,True,38230,2025-04-15
OMN,True,185,2025-04-15
TUN,,4092,2025-04-15
NAM,,55,2025-04-15
EST,False,3538,2025-04-15
TJK,True,104,2025-04-15
ALA,True,82,2025-04-15
MSR,,645,2025-04-15
SMR,,168,2025-04-15
CHE,False,50714,2025-04-15
NCL,False,289,2025-04-15
JOR,True,612,2025-04-15
AND,False,151,2025-04-15
SXM,False,108,2025-04-15
DZA,True,783,2025-04-15
CRI,False,1102,2025-04-15
GNQ,True,24,2025-04-15
IRN,,73515,2025-04-15
LTU,,31033,2025-04-15
GRL,,732,2025-04-15
PAK,False,2757,2025-04-15
ZWE,True,426,2025-04-15
CYP,,3554,2025-04-15
THA,True,6093,2025-04-15
PSE,False,261,2025-04-15
TWN,,26807,2025-04-15
IMN,,6440,2025-04-15
AND,True,155,2025-04-15
ZWE,,4782,2025-04-15
MYS,,32743,2025-04-15
NRU,False,39,2025-04-15
CHL,,110988,2025-04-15
ASM,,2090,2025-04-15
ATA,,7,2025-04-15
NGA,False,8865,2025-04-15
MAC,,341,2025-04-15
PER,True,4433,2025-04-15
ECU,True,2078,2025-04-15
ZWE,False,568,2025-04-15
MUS,,1604,2025-04-15
FRA,True,64127,2025-04-15
GRL,True,160,2025-04-15
VGB,False,123,2025-04-15
COK,False,26,2025-04-15
SRB,True,3469,2025-04-15
SAU,False,2351,2025-04-15
NGA,True,1487,2025-04-15
CAN,,273720,2025-04-15
PER,False,5112,2025-04-15
WSM,False,1020,2025-04-15
POL,False,28388,2025-04-15
MDV,False,240,2025-04-15
RUS,,245899,2025-04-15
COL,,252112,2025-04-15
AIA,,49209,2025-04-15
ISL,True,1915,2025-04-15
PAK,True,2355,2025-04-15
TUN,True,475,2025-04-15
ROU,,150777,2025-04-15
KIR,,32,2025-04-15
GBR,True,123874,2025-04-15
BEL,True,26928,2025-04-15
BLR,False,786,2025-04-15
BRN,False,69,2025-04-15
ARG,,80808,2025-04-15
MLT,True,484,2025-04-15
IRQ,False,232,2025-04-15
MAC,False,140,2025-04-15
BLZ,,1972,2025-04-15
ITA,False,53908,2025-04-15
DEU,False,163535,2025-04-15
BGD,False,1475,2025-04-15
CUW,False,56,2025-04-15
DNK,,98216,2025-04-15
SWZ,,112,2025-04-15
ESP,False,33954,2025-04-15
TCA,False,112,2025-04-15
BTN,False,34,2025-04-15
TTO,,276,2025-04-15
PRI,,148,2025-04-15
AUT,False,26364,2025-04-15
ESP,,282941,2025-04-15
MYS,False,8696,2025-04-15
CHN,True,7118,2025-04-15
MAR,True,1293,2025-04-15
GUF,False,38,2025-04-15
CYM,False,431,2025-04-15
ZMB,False,291,2025-04-15
NIC,False,460,2025-04-15
PAN,True,311,2025-04-15
KEN,,14779,2025-04-15
STP,True,224,2025-04-15
PRI,True,34,2025-04-15
LKA,,7956,2025-04-15
WSM,,3311,2025-04-15
MYT,,624,2025-04-15
ISR,True,4824,2025-04-15
HRV,False,4014,2025-04-15
ASM,False,1242,2025-04-15
MDV,,1087,2025-04-15
POL,True,222744,2025-04-15
JEY,True,170,2025-04-15
GIB,False,113,2025-04-15
VIR,False,51,2025-04-15
EST,,38106,2025-04-15
MNP,,77,2025-04-15
LBN,,403,2025-04-15
IRL,True,5418,2025-04-15
AGO,,4908,2025-04-15
TWN,True,6273,2025-04-15
KEN,True,2729,2025-04-15
SLB,,99,2025-04-15
IRL,,32739,2025-04-15
AIA,True,12285,2025-04-15
SRB,False,3337,2025-04-15
COD,True,75,2025-04-15
BRB,True,58,2025-04-15
GHA,False,186,2025-04-15
SWE,,92831,2025-04-15
CMR,True,149,2025-04-15
TKM,False,146,2025-04-15
UGA,True,412,2025-04-15
SHN,True,646,2025-04-15
PNG,False,100,2025-04-15
NGA,,23291,2025-04-15
GAB,,669,2025-04-15
TUR,True,18858,2025-04-15
REU,False,1061,2025-04-15
MNE,True,10902,2025-04-15
TUV,True,2527,2025-04-15
KHM,False,187,2025-04-15
GLP,False,90,2025-04-15
HND,,712,2025-04-15
HRV,True,3617,2025-04-15
SVN,,39560,2025-04-15
TON,False,903,2025-04-15
PYF,True,127,2025-04-15
MWI,False,121,2025-04-15
YEM,True,45,2025-04-15
SLV,,1113,2025-04-15
PYF,,314,2025-04-15
STP,False,455,2025-04-15
TCD,True,11,2025-04-15
ECU,,7348,2025-04-15
GRD,,212,2025-04-15
MTQ,,60,2025-04-15
GLP,,134,2025-04-15
ETH,False,87,2025-04-15
IMN,True,564,2025-04-15
SYC,False,255,2025-04-15
GRC,,110006,2025-04-15
SYR,,385,2025-04-15
MSR,False,498,2025-04-15
SGS,False,182,2025-04-15
COD,False,138,2025-04-15
BRB,False,68,2025-04-15
DMA,False,46,2025-04-15
GIN,,217,2025-04-15
CCK,True,4950,2025-04-15
LBN,False,177,2025-04-15
COK,,77,2025-04-15
LBY,False,490,2025-04-15
BLZ,True,332,2025-04-15
MDA,True,1230,2025-04-15
SXM,,216,2025-04-15
NER,True,46,2025-04-15
FJI,False,242,2025-04-15
NZL,False,35706,2025-04-15
RUS,True,60814,2025-04-15
OMN,False,761,2025-04-15
GMB,False,44,2025-04-15
NCL,True,350,2025-04-15
LBY,True,222,2025-04-15
QAT,False,952,2025-04-15
SGP,,23302,2025-04-15
PRT,False,14501,2025-04-15
MUS,False,685,2025-04-15
HND,False,393,2025-04-15
IND,,312118,2025-04-15
KAZ,,12006,2025-04-15
NLD,True,255872,2025-04-15
USA,False,36521,2025-04-15
SPM,True,187,2025-04-15
HTI,False,172,2025-04-15
BRA,False,68285,2025-04-15
LTU,False,4455,2025-04-15
HKG,,16241,2025-04-15
NZL,True,15681,2025-04-15
PHL,False,4070,2025-04-15
LIE,True,777,2025-04-15
KHM,,502,2025-04-15
MMR,,261,2025-04-15
TCD,,113,2025-04-15
DNK,False,92325,2025-04-15
TKL,False,468,2025-04-15
MMR,False,127,2025-04-15
TLS,False,63,2025-04-15
BEL,,211629,2025-04-15
MKD,,5753,2025-04-15
AZE,True,2200,2025-04-15
IRL,False,10924,2025-04-15
ALB,True,1094,2025-04-15
CHN,,18674,2025-04-15
IDN,,108223,2025-04-15
CUB,True,221,2025-04-15
GGY,False,1706,2025-04-15
MKD,True,1046,2025-04-15
SLV,True,421,2025-04-15
BEN,True,85,2025-04-15
PRI,False,325,2025-04-15
DEU,,1455674,2025-04-15
MDA,,6722,2025-04-15
DZA,,2054,2025-04-15
UZB,,12246,2025-04-15
BGR,,10202,2025-04-15
FLK,True,44,2025-04-15
MCO,,511,2025-04-15
NFK,,21,2025-04-15
NPL,False,1904,2025-04-15
BOL,False,875,2025-04-15
GUY,True,162,2025-04-15
VEN,True,666,2025-04-15
CIV,True,183,2025-04-15
JPN,,273275,2025-04-15
ESP,True,42374,2025-04-15
SYR,False,24,2025-04-15
SRB,,16670,2025-04-15
BHR,True,134,2025-04-15
,False,67961,2025-04-15
TZA,,4798,2025-04-15
BHS,False,154,2025-04-15
KGZ,,2088,2025-04-15
PLW,,2841,2025-04-15
LAO,,2421,2025-04-15
CHE,,518640,2025-04-15
JEY,,862,2025-04-15
CAN,False,85915,2025-04-15
CZE,,156237,2025-04-15
PHL,,9290,2025-04-15
IND,True,28092,2025-04-15
BWA,False,502,2025-04-15
NIU,False,7263,2025-04-15
ATG,False,878,2025-04-15
EGY,,1060,2025-04-15
ISL,,11300,2025-04-15
BEN,,617,2025-04-15
SGS,,308,2025-04-15
VGB,,237,2025-04-15
KOR,True,2573,2025-04-15
CAF,False,201,2025-04-15
PRY,True,1638,2025-04-15
ATF,,471,2025-04-15
COL,True,68324,2025-04-15
VNM,False,4743,2025-04-15
URY,False,1985,2025-04-15
QAT,True,490,2025-04-15
FRO,False,638,2025-04-15
NRU,True,3,2025-04-15
SWZ,True,32,2025-04-15
MRT,False,35,2025-04-15
GNB,True,17,2025-04-15
MNP,False,47,2025-04-15
ATA,False,11,2025-04-15
SDN,True,60,2025-04-15
HTI,True,40,2025-04-15
GUM,,4,2025-04-15
NRU,,17,2025-04-15
SGS,True,61,2025-04-15
MTQ,True,12,2025-04-15
SXM,True,55,2025-04-15
GNB,False,12,2025-04-15
GUF,,47,2025-04-15
BHS,True,24,2025-04-15
VIR,True,11,2025-04-15
GLP,True,23,2025-04-15
COM,True,7,2025-04-15
PCN,True,4,2025-04-15
YEM,False,11,2025-04-15
GUM,False,8,2025-04-15
SSD,True,5,2025-04-15
GUF,True,6,2025-04-15
MNP,True,14,2025-04-15
LBR,False,8,2025-04-15
FLK,False,4,2025-04-15
LBR,True,6,2025-04-15
DMA,True,10,2025-04-15
SSD,False,15,2025-04-15
HMD,True,3,2025-04-15
NFK,True,2,2025-04-15
KIR,True,7,2025-04-15
COK,True,6,2025-04-15
HMD,,21,2025-04-15
KNA,True,3,2025-04-15
VAT,False,6,2025-04-15
GIN,True,10,2025-04-15
COM,False,2,2025-04-15
BRA,True,135657,2025-05-15
THA,False,2498,2025-05-15
NIU,,20149,2025-05-15
CCK,,40445,2025-05-15
ZAF,False,46853,2025-05-15
SLB,True,96,2025-05-15
PSE,,1348,2025-05-15
HTI,,282,2025-05-15
IRN,True,20341,2025-05-15
NOR,True,68628,2025-05-15
SWE,True,20025,2025-05-15
CZE,False,26576,2025-05-15
CZE,True,33337,2025-05-15
GRL,False,389,2025-05-15
POL,,826902,2025-05-15
LVA,,14089,2025-05-15
BRB,,121,2025-05-15
BEL,False,69959,2025-05-15
WSM,True,1213,2025-05-15
ZMB,,622,2025-05-15
JAM,,212,2025-05-15
PRY,False,1161,2025-05-15
SVK,False,11436,2025-05-15
BRA,,776349,2025-05-15
SPM,,897,2025-05-15
NLD,False,151296,2025-05-15
ARM,,4048,2025-05-15
SVN,False,4098,2025-05-15
LAO,True,514,2025-05-15
BDI,False,115,2025-05-15
COG,False,60,2025-05-15
MOZ,,1965,2025-05-15
BMU,False,328,2025-05-15
JOR,,503,2025-05-15
CUB,,238,2025-05-15
RUS,False,17330,2025-05-15
RWA,True,291,2025-05-15
DJI,True,29,2025-05-15
TUR,False,11795,2025-05-15
MNE,False,25877,2025-05-15
LSO,True,47,2025-05-15
SEN,False,232,2025-05-15
CCK,False,23137,2025-05-15
VGB,True,62,2025-05-15
WLF,True,45,2025-05-15
FRA,,664178,2025-05-15
SOM,,1767,2025-05-15
ABW,,44,2025-05-15
NPL,True,1653,2025-05-15
ARM,True,1912,2025-05-15
TCA,,302,2025-05-15
ECU,False,2328,2025-05-15
MDG,True,285,2025-05-15
COD,,700,2025-05-15
FSM,,1733,2025-05-15
BRN,,121,2025-05-15
ASM,True,155,2025-05-15
SLB,False,78,2025-05-15
URY,,10409,2025-05-15
BOL,,1846,2025-05-15
AUS,False,163622,2025-05-15
IND,False,97218,2025-05-15
LIE,False,1621,2025-05-15
HKG,True,6523,2025-05-15
SHN,False,1303,2025-05-15
EST,True,3620,2025-05-15
UZB,False,635,2025-05-15
SXM,True,54,2025-05-15
HND,True,270,2025-05-15
VAT,True,71,2025-05-15
LBY,,2719,2025-05-15
GIB,,350,2025-05-15
VAT,,66,2025-05-15
CXR,False,562,2025-05-15
CPV,False,1140,2025-05-15
ISL,False,3117,2025-05-15
CHN,False,36225,2025-05-15
ITA,True,52948,2025-05-15
IDN,True,15913,2025-05-15
BIH,False,1060,2025-05-15
LSO,False,110,2025-05-15
MOZ,False,366,2025-05-15
JPN,True,47202,2025-05-15
IRN,False,8452,2025-05-15
AFG,False,165,2025-05-15
ETH,True,70,2025-05-15
VEN,False,979,2025-05-15
GRD,False,116,2025-05-15
NFK,False,44,2025-05-15
COG,True,25,2025-05-15
HMD,True,3,2025-05-15
ETH,,2269,2025-05-15
GEO,False,1125,2025-05-15
KWT,False,306,2025-05-15
TJK,False,120,2025-05-15
ATG,,1716,2025-05-15
REU,True,677,2025-05-15
GNQ,,117,2025-05-15
AGO,False,365,2025-05-15
LKA,True,1886,2025-05-15
ITA,,872017,2025-05-15
UKR,,31462,2025-05-15
MCO,False,188,2025-05-15
BMU,True,163,2025-05-15
SMR,True,43,2025-05-15
ABW,True,54,2025-05-15
CMR,,1273,2025-05-15
GHA,,535,2025-05-15
NOR,False,24722,2025-05-15
NER,,96,2025-05-15
TZA,True,1740,2025-05-15
BLZ,False,752,2025-05-15
JAM,True,75,2025-05-15
IOT,,115028,2025-05-15
SEN,,1238,2025-05-15
GTM,,778,2025-05-15
MLI,True,87,2025-05-15
SGP,True,4865,2025-05-15
HUN,False,10591,2025-05-15
KNA,False,32,2025-05-15
ARE,False,7185,2025-05-15
GTM,True,132,2025-05-15
GUF,,47,2025-05-15
KWT,True,170,2025-05-15
GUY,,440,2025-05-15
LCA,,677,2025-05-15
IOT,True,27158,2025-05-15
MUS,True,329,2025-05-15
TKL,True,223,2025-05-15
HRV,,42710,2025-05-15
WLF,,238,2025-05-15
VCT,,2624,2025-05-15
ZAF,True,31389,2025-05-15
SPM,False,261,2025-05-15
SHN,,3222,2025-05-15
SLV,False,586,2025-05-15
GUY,False,144,2025-05-15
MNG,False,332,2025-05-15
QAT,,1927,2025-05-15
PCN,,32,2025-05-15
KAZ,False,1162,2025-05-15
BHS,,84,2025-05-15
MAR,False,2115,2025-05-15
FRO,True,120,2025-05-15
GBR,,887992,2025-05-15
MEX,False,27603,2025-05-15
TZA,False,831,2025-05-15
BOL,True,574,2025-05-15
MAC,True,192,2025-05-15
TLS,True,120,2025-05-15
IOT,False,46421,2025-05-15
SOM,True,424,2025-05-15
PRY,,7718,2025-05-15
GMB,,203,2025-05-15
,,369028,2025-05-15
GHA,True,123,2025-05-15
TTO,False,208,2025-05-15
,True,66156,2025-05-15
ATF,False,147,2025-05-15
ARE,,26788,2025-05-15
KAZ,True,2568,2025-05-15
UGA,False,494,2025-05-15
TON,,2513,2025-05-15
FRO,,718,2025-05-15
URY,True,2568,2025-05-15
GEO,True,1544,2025-05-15
BIH,True,4563,2025-05-15
BWA,True,296,2025-05-15
LUX,True,2686,2025-05-15
MDG,False,256,2025-05-15
NIU,True,1451,2025-05-15
CRI,,2378,2025-05-15
JOR,False,427,2025-05-15
GAB,True,78,2025-05-15
TJK,,372,2025-05-15
BMU,,461,2025-05-15
LKA,False,1684,2025-05-15
MMR,True,244,2025-05-15
SMR,False,83,2025-05-15
SYC,True,136,2025-05-15
MYT,False,123,2025-05-15
NAM,False,33,2025-05-15
MDA,False,825,2025-05-15
SUR,True,79,2025-05-15
HMD,False,24,2025-05-15
GBR,False,279974,2025-05-15
LVA,True,3474,2025-05-15
MLI,False,236,2025-05-15
TON,True,457,2025-05-15
DZA,False,261,2025-05-15
NPL,,8730,2025-05-15
CRI,True,811,2025-05-15
SWZ,True,31,2025-05-15
ARM,False,1229,2025-05-15
BRN,True,131,2025-05-15
UGA,,1397,2025-05-15
VUT,,203,2025-05-15
AZE,,6340,2025-05-15
BGR,True,3052,2025-05-15
GNQ,False,59,2025-05-15
AUS,,420956,2025-05-15
MLI,,749,2025-05-15
FLK,,26,2025-05-15
FSM,False,733,2025-05-15
JAM,False,127,2025-05-15
MLT,,2271,2025-05-15
GMB,True,21,2025-05-15
MEX,,106812,2025-05-15
TKL,,1094,2025-05-15
UKR,True,9296,2025-05-15
GRC,False,12067,2025-05-15
LBN,True,127,2025-05-15
MCO,True,116,2025-05-15
FLK,False,4,2025-05-15
DMA,,45,2025-05-15
BGD,,4621,2025-05-15
PNG,,510,2025-05-15
AFG,,993,2025-05-15
WLF,False,74,2025-05-15
BEN,False,43,2025-05-15
CHE,True,28723,2025-05-15
NFK,True,2,2025-05-15
YEM,,73,2025-05-15
AIA,False,34779,2025-05-15
IDN,False,10928,2025-05-15
LVA,False,4313,2025-05-15
MRT,False,35,2025-05-15
MNG,,2194,2025-05-15
BLR,,10681,2025-05-15
DEU,True,185975,2025-05-15
ALA,False,176,2025-05-15
CXR,True,347,2025-05-15
SVK,,63085,2025-05-15
SYC,,354,2025-05-15
ARG,False,13629,2025-05-15
LTU,True,4003,2025-05-15
AZE,False,1337,2025-05-15
NIC,True,285,2025-05-15
STP,,1233,2025-05-15
KOR,False,4440,2025-05-15
COG,,309,2025-05-15
CYM,True,256,2025-05-15
FSM,True,276,2025-05-15
HUN,,153008,2025-05-15
REU,,5944,2025-05-15
TKM,,124,2025-05-15
SVN,True,5338,2025-05-15
NZL,,80644,2025-05-15
TCA,True,83,2025-05-15
USA,True,15460,2025-05-15
THA,,13809,2025-05-15
DJI,,265,2025-05-15
DNK,True,18911,2025-05-15
GGY,True,717,2025-05-15
CYP,False,1079,2025-05-15
NOR,,165270,2025-05-15
IRQ,,1606,2025-05-15
MOZ,True,459,2025-05-15
VEN,,2485,2025-05-15
CHL,False,15056,2025-05-15
FIN,False,15174,2025-05-15
SAU,True,4007,2025-05-15
GTM,False,253,2025-05-15
PCN,False,40,2025-05-15
GAB,False,173,2025-05-15
TUV,,19403,2025-05-15
SYR,True,79,2025-05-15
SOM,False,497,2025-05-15
TLS,,156,2025-05-15
GNB,,96,2025-05-15
EGY,False,472,2025-05-15
FIN,,60856,2025-05-15
SAU,,9828,2025-05-15
BWA,,1330,2025-05-15
GRC,True,14233,2025-05-15
MLT,False,1081,2025-05-15
ALB,False,1110,2025-05-15
BFA,,355,2025-05-15
CUW,,161,2025-05-15
FIN,True,10317,2025-05-15
HUN,True,24037,2025-05-15
CAF,True,62,2025-05-15
CAN,True,43091,2025-05-15
LAO,False,1231,2025-05-15
RWA,False,180,2025-05-15
DOM,,3569,2025-05-15
PRT,True,13234,2025-05-15
ALB,,6247,2025-05-15
TGO,,463,2025-05-15
CYP,True,796,2025-05-15
TGO,False,91,2025-05-15
TGO,True,56,2025-05-15
SUR,False,138,2025-05-15
BHR,,472,2025-05-15
TWN,False,6492,2025-05-15
AUT,True,18871,2025-05-15
PLW,True,648,2025-05-15
NIC,,408,2025-05-15
CHL,True,52824,2025-05-15
DOM,False,1422,2025-05-15
MEX,True,16210,2025-05-15
MNG,True,313,2025-05-15
KHM,True,213,2025-05-15
SEN,True,132,2025-05-15
SWE,False,39287,2025-05-15
GIB,True,105,2025-05-15
SSD,,50,2025-05-15
FJI,True,128,2025-05-15
SUR,,413,2025-05-15
GGY,,4432,2025-05-15
PNG,True,245,2025-05-15
SGP,False,8582,2025-05-15
MSR,True,116,2025-05-15
BIH,,5573,2025-05-15
ISR,False,6327,2025-05-15
UZB,True,1058,2025-05-15
TTO,True,99,2025-05-15
ATF,True,100,2025-05-15
KWT,,526,2025-05-15
UKR,False,5634,2025-05-15
TUN,False,1648,2025-05-15
MWI,,194,2025-05-15
MDV,True,238,2025-05-15
FJI,,282,2025-05-15
CPV,True,77,2025-05-15
MRT,,264,2025-05-15
AND,,653,2025-05-15
PER,,19113,2025-05-15
CAF,,363,2025-05-15
MYS,True,9486,2025-05-15
MYT,True,51,2025-05-15
LUX,False,3909,2025-05-15
NLD,,1493052,2025-05-15
BGD,True,705,2025-05-15
BTN,True,129,2025-05-15
SLE,True,24,2025-05-15
PAK,,20835,2025-05-15
PAN,False,825,2025-05-15
DJI,False,54,2025-05-15
LUX,,12941,2025-05-15
VNM,True,6259,2025-05-15
VCT,True,653,2025-05-15
TUR,,128540,2025-05-15
NCL,,1060,2025-05-15
CYM,,742,2025-05-15
TUV,False,8646,2025-05-15
MKD,False,1028,2025-05-15
BHR,False,340,2025-05-15
HKG,False,6385,2025-05-15
ABW,False,45,2025-05-15
LBR,False,8,2025-05-15
GRD,True,46,2025-05-15
AGO,True,983,2025-05-15
VUT,True,46,2025-05-15
RWA,,641,2025-05-15
SLE,,220,2025-05-15
SVK,True,14604,2025-05-15
EGY,True,379,2025-05-15
CUB,False,46,2025-05-15
VUT,False,115,2025-05-15
MNE,,75455,2025-05-15
AUS,True,79526,2025-05-15
ROU,True,22409,2025-05-15
TKM,True,51,2025-05-15
AUT,,204519,2025-05-15
CPV,,643,2025-05-15
BDI,,525,2025-05-15
USA,,108988,2025-05-15
PHL,True,4544,2025-05-15
PSE,True,583,2025-05-15
LCA,True,57,2025-05-15
MAR,,14601,2025-05-15
MDG,,970,2025-05-15
PYF,False,113,2025-05-15
SDN,,376,2025-05-15
IMN,False,1349,2025-05-15
PLW,False,1196,2025-05-15
GEO,,5903,2025-05-15
OMN,,664,2025-05-15
KEN,False,11100,2025-05-15
BGR,False,3047,2025-05-15
DOM,True,975,2025-05-15
LCA,False,133,2025-05-15
MNP,False,49,2025-05-15
MWI,True,130,2025-05-15
AFG,True,58,2025-05-15
JPN,False,21169,2025-05-15
VCT,False,1249,2025-05-15
CIV,False,281,2025-05-15
KGZ,False,320,2025-05-15
VNM,,18332,2025-05-15
PAN,,1320,2025-05-15
ATG,True,418,2025-05-15
CXR,,1309,2025-05-15
CIV,,2554,2025-05-15
BLR,True,1734,2025-05-15
CUW,True,24,2025-05-15
ROU,False,14671,2025-05-15
IRQ,True,190,2025-05-15
KOR,,10431,2025-05-15
ALA,,650,2025-05-15
SWZ,False,186,2025-05-15
KGZ,True,339,2025-05-15
KIR,False,32,2025-05-15
LIE,,7789,2025-05-15
MTQ,False,62,2025-05-15
JEY,False,332,2025-05-15
SDN,False,120,2025-05-15
BDI,True,56,2025-05-15
CMR,False,355,2025-05-15
COL,False,176379,2025-05-15
ZAF,,201744,2025-05-15
BTN,,265,2025-05-15
LSO,,278,2025-05-15
NER,False,22,2025-05-15
ISR,,36632,2025-05-15
ARE,True,4548,2025-05-15
ZMB,True,221,2025-05-15
PRT,,89978,2025-05-15
FRA,False,107046,2025-05-15
ARG,True,38589,2025-05-15
OMN,True,194,2025-05-15
TUN,,4191,2025-05-15
NAM,,55,2025-05-15
EST,False,3607,2025-05-15
ALA,True,83,2025-05-15
MSR,,676,2025-05-15
SMR,,171,2025-05-15
CHE,False,52535,2025-05-15
NCL,False,295,2025-05-15
JOR,True,618,2025-05-15
SXM,False,109,2025-05-15
AND,False,158,2025-05-15
DZA,True,782,2025-05-15
CRI,False,1100,2025-05-15
GNQ,True,25,2025-05-15
IRN,,78246,2025-05-15
LTU,,31864,2025-05-15
GRL,,749,2025-05-15
PAK,False,2799,2025-05-15
ZWE,True,440,2025-05-15
CYP,,3682,2025-05-15
THA,True,6102,2025-05-15
PSE,False,263,2025-05-15
TWN,,26172,2025-05-15
IMN,,6701,2025-05-15
AND,True,160,2025-05-15
MYS,,34277,2025-05-15
ZWE,,5095,2025-05-15
CHL,,118487,2025-05-15
ASM,,2110,2025-05-15
NGA,False,9154,2025-05-15
MAC,,339,2025-05-15
ECU,True,2207,2025-05-15
PER,True,4550,2025-05-15
ZWE,False,580,2025-05-15
MUS,,1689,2025-05-15
FRA,True,66492,2025-05-15
VGB,False,119,2025-05-15
GRL,True,159,2025-05-15
COK,False,26,2025-05-15
SRB,True,3502,2025-05-15
SAU,False,2431,2025-05-15
NGA,True,1525,2025-05-15
CAN,,302473,2025-05-15
PER,False,5476,2025-05-15
WSM,False,1363,2025-05-15
POL,False,29487,2025-05-15
SDN,True,60,2025-05-15
MDV,False,240,2025-05-15
RUS,,252398,2025-05-15
COL,,278175,2025-05-15
AIA,,67659,2025-05-15
ISL,True,1935,2025-05-15
PAK,True,2500,2025-05-15
TUN,True,497,2025-05-15
HTI,True,44,2025-05-15
ROU,,153814,2025-05-15
KIR,,31,2025-05-15
BEL,True,27528,2025-05-15
GBR,True,126731,2025-05-15
BLR,False,806,2025-05-15
YEM,False,10,2025-05-15
BRN,False,71,2025-05-15
ARG,,84150,2025-05-15
MAC,False,147,2025-05-15
IRQ,False,246,2025-05-15
MLT,True,495,2025-05-15
BLZ,,2060,2025-05-15
ITA,False,56246,2025-05-15
DEU,False,169867,2025-05-15
BGD,False,1490,2025-05-15
CUW,False,60,2025-05-15
DNK,,100537,2025-05-15
SWZ,,121,2025-05-15
ESP,False,36264,2025-05-15
TCA,False,113,2025-05-15
BTN,False,33,2025-05-15
PRI,,151,2025-05-15
TTO,,286,2025-05-15
AUT,False,27488,2025-05-15
ESP,,289052,2025-05-15
MYS,False,8921,2025-05-15
MAR,True,1333,2025-05-15
CHN,True,7426,2025-05-15
CYM,False,540,2025-05-15
NIC,False,369,2025-05-15
ZMB,False,305,2025-05-15
PAN,True,317,2025-05-15
KEN,,16096,2025-05-15
STP,True,217,2025-05-15
PRI,True,35,2025-05-15
LKA,,8491,2025-05-15
WSM,,3766,2025-05-15
MYT,,625,2025-05-15
ISR,True,4923,2025-05-15
ASM,False,1258,2025-05-15
HRV,False,4113,2025-05-15
MDV,,1110,2025-05-15
POL,True,232137,2025-05-15
JEY,True,175,2025-05-15
GIB,False,118,2025-05-15
VIR,False,47,2025-05-15
EST,,38660,2025-05-15
LBN,,405,2025-05-15
MNP,,79,2025-05-15
IRL,True,5594,2025-05-15
AGO,,5151,2025-05-15
KEN,True,2784,2025-05-15
TWN,True,6421,2025-05-15
SLB,,98,2025-05-15
IRL,,33669,2025-05-15
SRB,False,3361,2025-05-15
AIA,True,13038,2025-05-15
GHA,False,196,2025-05-15
BRB,True,60,2025-05-15
COD,True,77,2025-05-15
SWE,,95771,2025-05-15
CMR,True,154,2025-05-15
UGA,True,402,2025-05-15
SHN,True,657,2025-05-15
PNG,False,101,2025-05-15
TKM,False,139,2025-05-15
NGA,,24914,2025-05-15
GAB,,691,2025-05-15
TUV,True,2579,2025-05-15
MNE,True,11146,2025-05-15
TUR,True,19983,2025-05-15
REU,False,1082,2025-05-15
KHM,False,190,2025-05-15
GLP,False,90,2025-05-15
HND,,728,2025-05-15
HRV,True,3706,2025-05-15
SVN,,39950,2025-05-15
TON,False,916,2025-05-15
PYF,True,128,2025-05-15
GUM,,4,2025-05-15
YEM,True,46,2025-05-15
MWI,False,122,2025-05-15
SLV,,1119,2025-05-15
PYF,,313,2025-05-15
STP,False,451,2025-05-15
ECU,,7680,2025-05-15
GLP,,133,2025-05-15
GRD,,217,2025-05-15
MTQ,,62,2025-05-15
ETH,False,88,2025-05-15
SYC,False,252,2025-05-15
IMN,True,573,2025-05-15
GRC,,113575,2025-05-15
SYR,,410,2025-05-15
SGS,False,208,2025-05-15
BRB,False,68,2025-05-15
MSR,False,515,2025-05-15
COD,False,140,2025-05-15
GIN,,227,2025-05-15
CCK,True,4996,2025-05-15
LBN,False,177,2025-05-15
COK,,78,2025-05-15
LBY,False,502,2025-05-15
MDA,True,1239,2025-05-15
BLZ,True,340,2025-05-15
SXM,,221,2025-05-15
NER,True,46,2025-05-15
FJI,False,251,2025-05-15
RUS,True,62298,2025-05-15
NZL,False,37331,2025-05-15
OMN,False,782,2025-05-15
QAT,False,937,2025-05-15
NCL,True,356,2025-05-15
LBY,True,231,2025-05-15
GMB,False,45,2025-05-15
SGP,,24007,2025-05-15
PRT,False,14700,2025-05-15
HND,False,380,2025-05-15
MUS,False,706,2025-05-15
IND,,356148,2025-05-15
KAZ,,12166,2025-05-15
NLD,True,267844,2025-05-15
USA,False,44689,2025-05-15
HTI,False,173,2025-05-15
SPM,True,189,2025-05-15
BRA,False,74140,2025-05-15
LTU,False,4576,2025-05-15
HKG,,16534,2025-05-15
NZL,True,16194,2025-05-15
PHL,False,4350,2025-05-15
LIE,True,786,2025-05-15
SGS,True,61,2025-05-15
KHM,,531,2025-05-15
TCD,,111,2025-05-15
MMR,,269,2025-05-15
DNK,False,93550,2025-05-15
TKL,False,469,2025-05-15
MMR,False,129,2025-05-15
TLS,False,62,2025-05-15
BEL,,215937,2025-05-15
MKD,,5983,2025-05-15
IRL,False,11091,2025-05-15
AZE,True,2267,2025-05-15
ALB,True,1113,2025-05-15
IDN,,118363,2025-05-15
CHN,,20803,2025-05-15
CUB,True,308,2025-05-15
GGY,False,1938,2025-05-15
PRI,False,318,2025-05-15
MKD,True,1065,2025-05-15
SLV,True,421,2025-05-15
BEN,True,88,2025-05-15
DEU,,1484730,2025-05-15
MDA,,6941,2025-05-15
DZA,,2247,2025-05-15
UZB,,12920,2025-05-15
BGR,,10466,2025-05-15
FLK,True,44,2025-05-15
MCO,,516,2025-05-15
NFK,,21,2025-05-15
BOL,False,876,2025-05-15
NPL,False,1947,2025-05-15
GUY,True,164,2025-05-15
VEN,True,682,2025-05-15
CIV,True,188,2025-05-15
JPN,,278098,2025-05-15
ESP,True,42808,2025-05-15
SYR,False,24,2025-05-15
SRB,,17453,2025-05-15
BHR,True,137,2025-05-15
,False,71801,2025-05-15
TZA,,5209,2025-05-15
BHS,False,154,2025-05-15
LAO,,2768,2025-05-15
PLW,,3493,2025-05-15
KGZ,,2219,2025-05-15
CHE,,526733,2025-05-15
JEY,,882,2025-05-15
CAN,False,106238,2025-05-15
CZE,,158391,2025-05-15
PHL,,9676,2025-05-15
IND,True,28482,2025-05-15
BWA,False,514,2025-05-15
NIU,False,7483,2025-05-15
ATG,False,961,2025-05-15
ISL,,11520,2025-05-15
EGY,,1164,2025-05-15
BEN,,626,2025-05-15
SGS,,339,2025-05-15
VGB,,241,2025-05-15
KOR,True,2603,2025-05-15
CAF,False,208,2025-05-15
SSD,False,16,2025-05-15
PRY,True,1674,2025-05-15
ATF,,475,2025-05-15
COL,True,70586,2025-05-15
URY,False,1970,2025-05-15
VNM,False,4905,2025-05-15
FRO,False,634,2025-05-15
QAT,True,498,2025-05-15
NRU,True,3,2025-05-15
VIR,,36,2025-05-15
BHS,True,24,2025-05-15
BFA,False,22,2025-05-15
KNA,,31,2025-05-15
VIR,True,12,2025-05-15
VAT,False,5,2025-05-15
NAM,True,36,2025-05-15
SLE,False,69,2025-05-15
KIR,True,7,2025-05-15
TJK,True,105,2025-05-15
GUF,False,37,2025-05-15
COK,True,6,2025-05-15
DMA,True,9,2025-05-15
DMA,False,49,2025-05-15
GIN,True,9,2025-05-15
HMD,,22,2025-05-15
BFA,True,54,2025-05-15
GNB,False,12,2025-05-15
COM,,21,2025-05-15
MNP,True,14,2025-05-15
GNB,True,17,2025-05-15
LBR,True,6,2025-05-15
COM,True,7,2025-05-15
LBR,,50,2025-05-15
NRU,False,35,2025-05-15
GUM,False,8,2025-05-15
MTQ,True,13,2025-05-15
GLP,True,23,2025-05-15
TCD,False,26,2025-05-15
COM,False,3,2025-05-15
MRT,True,21,2025-05-15
ATA,False,12,2025-05-15
ATA,,8,2025-05-15
NRU,,17,2025-05-15
TCD,True,11,2025-05-15
GIN,False,6,2025-05-15
KNA,True,3,2025-05-15
SSD,True,5,2025-05-15
GUF,True,6,2025-05-15
PCN,True,4,2025-05-15
BRA,True,137697,2025-06-15
THA,False,2507,2025-06-15
CCK,,46081,2025-06-15
NIU,,22997,2025-06-15
ZAF,False,52128,2025-06-15
SLB,True,96,2025-06-15
PSE,,1375,2025-06-15
HTI,,287,2025-06-15
CZE,False,27304,2025-06-15
NOR,True,69371,2025-06-15
IRN,True,19348,2025-06-15
CZE,True,34131,2025-06-15
SWE,True,20536,2025-06-15
GRL,False,389,2025-06-15
POL,,825991,2025-06-15
LVA,,14461,2025-06-15
BRB,,126,2025-06-15
BEL,False,71286,2025-06-15
WSM,True,1022,2025-06-15
JAM,,218,2025-06-15
ZMB,,650,2025-06-15
SVK,False,11644,2025-06-15
PRY,False,1181,2025-06-15
BRA,,797746,2025-06-15
SPM,,922,2025-06-15
NLD,False,154931,2025-06-15
ARM,,4271,2025-06-15
SVN,False,4188,2025-06-15
COG,False,65,2025-06-15
LAO,True,523,2025-06-15
BDI,False,118,2025-06-15
BFA,True,55,2025-06-15
MOZ,,2094,2025-06-15
BMU,False,334,2025-06-15
CUB,,305,2025-06-15
JOR,,517,2025-06-15
RUS,False,17837,2025-06-15
RWA,True,318,2025-06-15
DJI,True,28,2025-06-15
TUR,False,12054,2025-06-15
MNE,False,29713,2025-06-15
LSO,True,48,2025-06-15
SEN,False,237,2025-06-15
CCK,False,27773,2025-06-15
WLF,True,43,2025-06-15
VGB,True,67,2025-06-15
FRA,,683686,2025-06-15
SOM,,1852,2025-06-15
ABW,,44,2025-06-15
NPL,True,1683,2025-06-15
ARM,True,1882,2025-06-15
TCA,,308,2025-06-15
ECU,False,2383,2025-06-15
MDG,True,291,2025-06-15
FSM,,1834,2025-06-15
COD,,730,2025-06-15
BRN,,118,2025-06-15
ASM,True,160,2025-06-15
SLB,False,79,2025-06-15
URY,,11807,2025-06-15
BOL,,1946,2025-06-15
AUS,False,182543,2025-06-15
IND,False,129548,2025-06-15
HKG,True,6566,2025-06-15
LIE,False,1664,2025-06-15
EST,True,3644,2025-06-15
SHN,False,1368,2025-06-15
UZB,False,650,2025-06-15
HND,True,271,2025-06-15
VAT,True,72,2025-06-15
SXM,True,54,2025-06-15
LBY,,2966,2025-06-15
GIB,,361,2025-06-15
VAT,,67,2025-06-15
CPV,False,1147,2025-06-15
ISL,False,3192,2025-06-15
CXR,False,571,2025-06-15
ITA,True,54502,2025-06-15
CHN,False,36007,2025-06-15
IDN,True,16076,2025-06-15
BIH,False,1075,2025-06-15
MOZ,False,372,2025-06-15
LSO,False,115,2025-06-15
JPN,True,47854,2025-06-15
IRN,False,8437,2025-06-15
AFG,False,167,2025-06-15
ETH,True,72,2025-06-15
VEN,False,1005,2025-06-15
COG,True,27,2025-06-15
GRD,False,121,2025-06-15
NFK,False,52,2025-06-15
ETH,,2371,2025-06-15
GEO,False,1161,2025-06-15
TJK,False,128,2025-06-15
KWT,False,311,2025-06-15
GNB,False,12,2025-06-15
ATG,,1788,2025-06-15
REU,True,692,2025-06-15
GNQ,,120,2025-06-15
LKA,True,1950,2025-06-15
AGO,False,369,2025-06-15
ITA,,905694,2025-06-15
UKR,,32236,2025-06-15
BMU,True,169,2025-06-15
MCO,False,190,2025-06-15
SMR,True,45,2025-06-15
ABW,True,54,2025-06-15
CMR,,1286,2025-06-15
GHA,,565,2025-06-15
NOR,False,25277,2025-06-15
NER,,96,2025-06-15
TZA,True,1777,2025-06-15
JAM,True,75,2025-06-15
BLZ,False,831,2025-06-15
IOT,,123539,2025-06-15
SEN,,1297,2025-06-15
GTM,,827,2025-06-15
SGP,True,4941,2025-06-15
GTM,True,135,2025-06-15
ARE,False,7389,2025-06-15
HUN,False,10818,2025-06-15
MLI,True,90,2025-06-15
KNA,False,41,2025-06-15
GUF,,49,2025-06-15
KWT,True,170,2025-06-15
LCA,,706,2025-06-15
GUY,,463,2025-06-15
COM,,21,2025-06-15
IOT,True,27825,2025-06-15
MUS,True,333,2025-06-15
TKL,True,220,2025-06-15
BHS,True,24,2025-06-15
HRV,,43580,2025-06-15
VCT,,2895,2025-06-15
WLF,,239,2025-06-15
ZAF,True,31792,2025-06-15
SPM,False,270,2025-06-15
SHN,,3377,2025-06-15
SLV,False,619,2025-06-15
MNG,False,352,2025-06-15
GUY,False,145,2025-06-15
QAT,,2007,2025-06-15
KAZ,False,1184,2025-06-15
BHS,,87,2025-06-15
MAR,False,2188,2025-06-15
FRO,True,121,2025-06-15
GBR,,957831,2025-06-15
MEX,False,32656,2025-06-15
BOL,True,611,2025-06-15
TZA,False,862,2025-06-15
MAC,True,196,2025-06-15
TLS,True,121,2025-06-15
IOT,False,52704,2025-06-15
SOM,True,434,2025-06-15
MNP,True,14,2025-06-15
PRY,,7977,2025-06-15
GMB,,210,2025-06-15
,,431821,2025-06-15
TTO,False,219,2025-06-15
GHA,True,122,2025-06-15
,True,67151,2025-06-15
ATF,False,147,2025-06-15
ARE,,28731,2025-06-15
KAZ,True,2652,2025-06-15
UGA,False,465,2025-06-15
TON,,2604,2025-06-15
FRO,,729,2025-06-15
URY,True,2597,2025-06-15
BIH,True,4545,2025-06-15
BWA,True,329,2025-06-15
GEO,True,1601,2025-06-15
NIU,True,1476,2025-06-15
LUX,True,2760,2025-06-15
MDG,False,259,2025-06-15
CRI,,2433,2025-06-15
JOR,False,450,2025-06-15
GAB,True,67,2025-06-15
BFA,False,23,2025-06-15
TJK,,375,2025-06-15
BMU,,475,2025-06-15
SMR,False,81,2025-06-15
LKA,False,1739,2025-06-15
MMR,True,242,2025-06-15
MYT,False,127,2025-06-15
SYC,True,135,2025-06-15
SUR,True,81,2025-06-15
MDA,False,843,2025-06-15
GBR,False,324592,2025-06-15
LVA,True,3541,2025-06-15
TON,True,461,2025-06-15
MLI,False,247,2025-06-15
DZA,False,260,2025-06-15
NPL,,9425,2025-06-15
CRI,True,838,2025-06-15
SWZ,True,31,2025-06-15
ARM,False,1317,2025-06-15
BRN,True,131,2025-06-15
UGA,,1495,2025-06-15
VUT,,215,2025-06-15
AZE,,6652,2025-06-15
BGR,True,3117,2025-06-15
GNQ,False,60,2025-06-15
AUS,,446498,2025-06-15
MLI,,757,2025-06-15
FLK,,26,2025-06-15
FSM,False,803,2025-06-15
JAM,False,130,2025-06-15
MLT,,2335,2025-06-15
MEX,,115758,2025-06-15
TKL,,1104,2025-06-15
UKR,True,9450,2025-06-15
GRC,False,12319,2025-06-15
LBN,True,131,2025-06-15
MCO,True,117,2025-06-15
BGD,,4913,2025-06-15
PNG,,529,2025-06-15
AFG,,1030,2025-06-15
DMA,,44,2025-06-15
WLF,False,72,2025-06-15
BEN,False,49,2025-06-15
CHE,True,29156,2025-06-15
YEM,,74,2025-06-15
AIA,False,53908,2025-06-15
IDN,False,11462,2025-06-15
LVA,False,4451,2025-06-15
BLR,,11014,2025-06-15
MNG,,2261,2025-06-15
DEU,True,190411,2025-06-15
CXR,True,353,2025-06-15
ALA,False,184,2025-06-15
SVK,,64127,2025-06-15
SYC,,356,2025-06-15
ARG,False,13908,2025-06-15
LTU,True,4107,2025-06-15
AZE,False,1373,2025-06-15
NIC,True,280,2025-06-15
STP,,1262,2025-06-15
KOR,False,4777,2025-06-15
COG,,321,2025-06-15
FSM,True,276,2025-06-15
CYM,True,259,2025-06-15
HUN,,156499,2025-06-15
REU,,6024,2025-06-15
TKM,,260,2025-06-15
SVN,True,5408,2025-06-15
NZL,,83602,2025-06-15
TCA,True,82,2025-06-15
USA,True,16000,2025-06-15
THA,,14081,2025-06-15
DJI,,273,2025-06-15
DNK,True,20083,2025-06-15
GGY,True,745,2025-06-15
CYP,False,1105,2025-06-15
NOR,,167756,2025-06-15
IRQ,,1735,2025-06-15
MOZ,True,492,2025-06-15
VEN,,2621,2025-06-15
SAU,True,4094,2025-06-15
CHL,False,15829,2025-06-15
FIN,False,15417,2025-06-15
GTM,False,267,2025-06-15
GAB,False,177,2025-06-15
PCN,False,48,2025-06-15
TUV,,20662,2025-06-15
SOM,False,509,2025-06-15
SYR,True,87,2025-06-15
GNB,,103,2025-06-15
TLS,,163,2025-06-15
EGY,False,476,2025-06-15
FIN,,62979,2025-06-15
SAU,,10385,2025-06-15
BWA,,1403,2025-06-15
MLT,False,1103,2025-06-15
GRC,True,14519,2025-06-15
ALB,False,1154,2025-06-15
CUW,,165,2025-06-15
BFA,,376,2025-06-15
FIN,True,10638,2025-06-15
HUN,True,24479,2025-06-15
CAN,True,44119,2025-06-15
LAO,False,1389,2025-06-15
RWA,False,189,2025-06-15
DOM,,3699,2025-06-15
PRT,True,13471,2025-06-15
ALB,,6442,2025-06-15
TGO,,479,2025-06-15
CYP,True,811,2025-06-15
TGO,True,58,2025-06-15
SUR,False,152,2025-06-15
TGO,False,90,2025-06-15
BHR,,492,2025-06-15
AUT,True,19292,2025-06-15
TWN,False,7473,2025-06-15
PLW,True,664,2025-06-15
NIC,,404,2025-06-15
CHL,True,52827,2025-06-15
MEX,True,16630,2025-06-15
DOM,False,1485,2025-06-15
MNG,True,318,2025-06-15
SEN,True,137,2025-06-15
KHM,True,212,2025-06-15
SWE,False,40360,2025-06-15
GIB,True,109,2025-06-15
FJI,True,128,2025-06-15
GGY,,4851,2025-06-15
SUR,,425,2025-06-15
PNG,True,249,2025-06-15
NAM,True,35,2025-06-15
SGP,False,8993,2025-06-15
MSR,True,121,2025-06-15
BIH,,5898,2025-06-15
UZB,True,1089,2025-06-15
ISR,False,6640,2025-06-15
ATF,True,102,2025-06-15
TTO,True,104,2025-06-15
KWT,,532,2025-06-15
UKR,False,5797,2025-06-15
TUN,False,1646,2025-06-15
MWI,,214,2025-06-15
MDV,True,244,2025-06-15
FJI,,287,2025-06-15
CPV,True,86,2025-06-15
AND,,697,2025-06-15
MRT,,292,2025-06-15
PER,,20540,2025-06-15
CAF,,389,2025-06-15
MYS,True,9762,2025-06-15
LUX,False,4004,2025-06-15
MYT,True,53,2025-06-15
NLD,,1754917,2025-06-15
SLE,True,32,2025-06-15
BGD,True,714,2025-06-15
BTN,True,128,2025-06-15
PAK,,22555,2025-06-15
PAN,False,866,2025-06-15
DJI,False,54,2025-06-15
LUX,,13227,2025-06-15
VNM,True,6402,2025-06-15
VCT,True,672,2025-06-15
TUR,,132011,2025-06-15
NCL,,1082,2025-06-15
CYM,,838,2025-06-15
MKD,False,1040,2025-06-15
TUV,False,9173,2025-06-15
BHR,False,370,2025-06-15
HKG,False,6544,2025-06-15
AGO,True,995,2025-06-15
VUT,True,47,2025-06-15
MRT,True,24,2025-06-15
GRD,True,48,2025-06-15
RWA,,753,2025-06-15
SLE,,224,2025-06-15
SVK,True,14963,2025-06-15
EGY,True,382,2025-06-15
CUB,False,43,2025-06-15
VUT,False,126,2025-06-15
MNE,,81201,2025-06-15
ROU,True,22598,2025-06-15
AUS,True,81258,2025-06-15
TKM,True,188,2025-06-15
AUT,,214622,2025-06-15
BDI,,538,2025-06-15
CPV,,691,2025-06-15
USA,,115150,2025-06-15
PHL,True,4626,2025-06-15
PSE,True,556,2025-06-15
LCA,True,59,2025-06-15
COM,True,7,2025-06-15
MAR,,15689,2025-06-15
MDG,,1010,2025-06-15
PYF,False,116,2025-06-15
SDN,,386,2025-06-15
IMN,False,1392,2025-06-15
PLW,False,1353,2025-06-15
GEO,,6300,2025-06-15
OMN,,696,2025-06-15
KEN,False,13814,2025-06-15
BGR,False,3100,2025-06-15
LCA,False,145,2025-06-15
DOM,True,999,2025-06-15
AFG,True,62,2025-06-15
MWI,True,140,2025-06-15
MNP,False,52,2025-06-15
JPN,False,21564,2025-06-15
VCT,False,1470,2025-06-15
CIV,False,290,2025-06-15
KGZ,False,344,2025-06-15
PAN,,1350,2025-06-15
VNM,,18994,2025-06-15
ATG,True,429,2025-06-15
CIV,,2664,2025-06-15
CXR,,1352,2025-06-15
BLR,True,1755,2025-06-15
LBR,,58,2025-06-15
ROU,False,14967,2025-06-15
IRQ,True,195,2025-06-15
KOR,,11173,2025-06-15
ALA,,654,2025-06-15
SWZ,False,185,2025-06-15
KGZ,True,378,2025-06-15
KIR,False,32,2025-06-15
LIE,,7950,2025-06-15
SDN,False,120,2025-06-15
JEY,False,357,2025-06-15
BDI,True,58,2025-06-15
MTQ,False,62,2025-06-15
SLE,False,70,2025-06-15
CMR,False,391,2025-06-15
COL,False,194600,2025-06-15
ZAF,,213372,2025-06-15
BTN,,271,2025-06-15
LSO,,292,2025-06-15
NER,False,22,2025-06-15
ISR,,37809,2025-06-15
ARE,True,4696,2025-06-15
ZMB,True,229,2025-06-15
KIR,True,7,2025-06-15
PRT,,92263,2025-06-15
FRA,False,110566,2025-06-15
ARG,True,38863,2025-06-15
OMN,True,190,2025-06-15
TUN,,4331,2025-06-15
NAM,,54,2025-06-15
EST,False,3653,2025-06-15
TJK,True,110,2025-06-15
ALA,True,83,2025-06-15
MSR,,713,2025-06-15
SMR,,174,2025-06-15
JOR,True,627,2025-06-15
CHE,False,54374,2025-06-15
AND,False,170,2025-06-15
SXM,False,111,2025-06-15
NCL,False,302,2025-06-15
DZA,True,802,2025-06-15
CRI,False,1128,2025-06-15
GNQ,True,26,2025-06-15
IRN,,78104,2025-06-15
LTU,,32792,2025-06-15
GRL,,771,2025-06-15
PAK,False,2877,2025-06-15
ZWE,True,458,2025-06-15
CYP,,3778,2025-06-15
THA,True,6208,2025-06-15
PSE,False,271,2025-06-15
TWN,,27858,2025-06-15
IMN,,6791,2025-06-15
MYS,,35862,2025-06-15
ZWE,,5545,2025-06-15
AND,True,164,2025-06-15
CHL,,125001,2025-06-15
ASM,,2127,2025-06-15
NGA,False,11910,2025-06-15
MAC,,344,2025-06-15
ECU,True,2268,2025-06-15
ZWE,False,586,2025-06-15
PER,True,4638,2025-06-15
MUS,,1757,2025-06-15
FRA,True,68323,2025-06-15
GRL,True,161,2025-06-15
VGB,False,131,2025-06-15
SRB,True,3587,2025-06-15
NGA,True,1551,2025-06-15
SAU,False,2523,2025-06-15
CAN,,321673,2025-06-15
WSM,False,1499,2025-06-15
PER,False,5932,2025-06-15
POL,False,30666,2025-06-15
SDN,True,65,2025-06-15
MDV,False,244,2025-06-15
RUS,,252265,2025-06-15
COL,,299781,2025-06-15
AIA,,90280,2025-06-15
PAK,True,2522,2025-06-15
ISL,True,1972,2025-06-15
TUN,True,499,2025-06-15
ROU,,157982,2025-06-15
KIR,,35,2025-06-15
GBR,True,129302,2025-06-15
BEL,True,27939,2025-06-15
BLR,False,846,2025-06-15
BRN,False,74,2025-06-15
ARG,,87666,2025-06-15
MAC,False,149,2025-06-15
IRQ,False,255,2025-06-15
MLT,True,503,2025-06-15
BLZ,,2136,2025-06-15
ITA,False,59047,2025-06-15
DEU,False,177592,2025-06-15
BGD,False,1491,2025-06-15
CUW,False,61,2025-06-15
DNK,,104151,2025-06-15
SWZ,,123,2025-06-15
ESP,False,39186,2025-06-15
TCA,False,132,2025-06-15
BTN,False,33,2025-06-15
TTO,,289,2025-06-15
PRI,,156,2025-06-15
AUT,False,28445,2025-06-15
ESP,,311905,2025-06-15
MYS,False,9110,2025-06-15
CHN,True,7946,2025-06-15
MAR,True,1386,2025-06-15
CYM,False,640,2025-06-15
GUF,False,37,2025-06-15
NIC,False,364,2025-06-15
ZMB,False,307,2025-06-15
PAN,True,321,2025-06-15
KEN,,16988,2025-06-15
STP,True,231,2025-06-15
PRI,True,34,2025-06-15
WSM,,3731,2025-06-15
LKA,,9250,2025-06-15
MYT,,637,2025-06-15
ISR,True,5088,2025-06-15
HRV,False,4228,2025-06-15
ASM,False,1273,2025-06-15
MDV,,1131,2025-06-15
POL,True,236086,2025-06-15
JEY,True,183,2025-06-15
GIB,False,121,2025-06-15
VIR,False,48,2025-06-15
EST,,39300,2025-06-15
LBN,,420,2025-06-15
MNP,,77,2025-06-15
IRL,True,5740,2025-06-15
AGO,,5308,2025-06-15
TWN,True,6580,2025-06-15
KEN,True,2837,2025-06-15
SLB,,101,2025-06-15
IRL,,35028,2025-06-15
AIA,True,14028,2025-06-15
SRB,False,3452,2025-06-15
GHA,False,195,2025-06-15
BRB,True,61,2025-06-15
COD,True,80,2025-06-15
COK,True,7,2025-06-15
SWE,,111904,2025-06-15
CMR,True,154,2025-06-15
UGA,True,430,2025-06-15
SHN,True,671,2025-06-15
TKM,False,141,2025-06-15
PNG,False,103,2025-06-15
NGA,,27629,2025-06-15
GAB,,658,2025-06-15
TUR,True,20362,2025-06-15
MNE,True,11382,2025-06-15
TUV,True,2619,2025-06-15
REU,False,1111,2025-06-15
GLP,False,95,2025-06-15
KHM,False,195,2025-06-15
HND,,757,2025-06-15
HRV,True,3766,2025-06-15
SVN,,40609,2025-06-15
TON,False,952,2025-06-15
PYF,True,131,2025-06-15
MWI,False,128,2025-06-15
YEM,True,46,2025-06-15
SLV,,1178,2025-06-15
PYF,,318,2025-06-15
STP,False,459,2025-06-15
ECU,,8077,2025-06-15
GRD,,216,2025-06-15
GLP,,134,2025-06-15
MTQ,,65,2025-06-15
ETH,False,87,2025-06-15
IMN,True,592,2025-06-15
SYC,False,256,2025-06-15
GRC,,116849,2025-06-15
SYR,,435,2025-06-15
MSR,False,545,2025-06-15
COD,False,146,2025-06-15
BRB,False,71,2025-06-15
SGS,False,227,2025-06-15
DMA,False,51,2025-06-15
GIN,,232,2025-06-15
CCK,True,5183,2025-06-15
LBN,False,185,2025-06-15
COK,,81,2025-06-15
BLZ,True,346,2025-06-15
MDA,True,1239,2025-06-15
LBY,False,512,2025-06-15
SXM,,229,2025-06-15
FJI,False,260,2025-06-15
NER,True,46,2025-06-15
NZL,False,39202,2025-06-15
RUS,True,62612,2025-06-15
OMN,False,793,2025-06-15
GMB,False,51,2025-06-15
QAT,False,972,2025-06-15
NCL,True,366,2025-06-15
LBY,True,242,2025-06-15
SGP,,24879,2025-06-15
PRT,False,15085,2025-06-15
MUS,False,734,2025-06-15
HND,False,405,2025-06-15
IND,,397079,2025-06-15
KAZ,,12362,2025-06-15
NLD,True,269041,2025-06-15
USA,False,52024,2025-06-15
SPM,True,189,2025-06-15
HTI,False,178,2025-06-15
BRA,False,81192,2025-06-15
LTU,False,4674,2025-06-15
HKG,,16868,2025-06-15
NZL,True,16475,2025-06-15
PHL,False,4743,2025-06-15
SGS,True,62,2025-06-15
LIE,True,801,2025-06-15
KHM,,556,2025-06-15
TCD,,112,2025-06-15
MMR,,281,2025-06-15
DNK,False,94730,2025-06-15
TKL,False,482,2025-06-15
MMR,False,133,2025-06-15
TLS,False,74,2025-06-15
BEL,,238665,2025-06-15
MKD,,6393,2025-06-15
IRL,False,11545,2025-06-15
AZE,True,2350,2025-06-15
ALB,True,1120,2025-06-15
IDN,,126203,2025-06-15
CHN,,20877,2025-06-15
CUB,True,375,2025-06-15
MKD,True,1085,2025-06-15
GGY,False,2241,2025-06-15
SLV,True,433,2025-06-15
BEN,True,92,2025-06-15
PRI,False,337,2025-06-15
DEU,,2203357,2025-06-15
MDA,,7118,2025-06-15
DZA,,2362,2025-06-15
UZB,,13622,2025-06-15
BGR,,10916,2025-06-15
FLK,True,44,2025-06-15
NFK,,21,2025-06-15
MCO,,529,2025-06-15
NPL,False,2025,2025-06-15
BOL,False,895,2025-06-15
GUY,True,166,2025-06-15
VEN,True,697,2025-06-15
CIV,True,197,2025-06-15
JPN,,283606,2025-06-15
ESP,True,43616,2025-06-15
SYR,False,27,2025-06-15
SRB,,18494,2025-06-15
BHR,True,140,2025-06-15
,False,75422,2025-06-15
TZA,,6173,2025-06-15
BHS,False,162,2025-06-15
LAO,,2955,2025-06-15
PLW,,3632,2025-06-15
KGZ,,2293,2025-06-15
MTQ,True,15,2025-06-15
CHE,,539689,2025-06-15
JEY,,891,2025-06-15
CAN,False,124272,2025-06-15
CZE,,161351,2025-06-15
PHL,,10216,2025-06-15
IND,True,29406,2025-06-15
BWA,False,526,2025-06-15
NIU,False,7529,2025-06-15
ATG,False,1011,2025-06-15
ISL,,11709,2025-06-15
VGB,,248,2025-06-15
BEN,,634,2025-06-15
EGY,,1215,2025-06-15
SGS,,362,2025-06-15
KOR,True,2751,2025-06-15
CAF,False,207,2025-06-15
SSD,False,19,2025-06-15
HMD,,22,2025-06-15
PRY,True,1710,2025-06-15
ATF,,480,2025-06-15
COL,True,73691,2025-06-15
VNM,False,5066,2025-06-15
URY,False,1992,2025-06-15
QAT,True,501,2025-06-15
FRO,False,648,2025-06-15
GUF,True,7,2025-06-15
VIR,,37,2025-06-15
NAM,False,35,2025-06-15
HMD,False,46,2025-06-15
KNA,,31,2025-06-15
GMB,True,21,2025-06-15
GNB,True,18,2025-06-15
CAF,True,63,2025-06-15
SSD,,54,2025-06-15
GLP,True,25,2025-06-15
LBR,False,9,2025-06-15
ABW,False,45,2025-06-15
ATA,False,12,2025-06-15
HTI,True,44,2025-06-15
GIN,True,10,2025-06-15
HMD,True,3,2025-06-15
PCN,,32,2025-06-15
MRT,False,35,2025-06-15
PCN,True,4,2025-06-15
CUW,True,26,2025-06-15
TCD,False,26,2025-06-15
NRU,False,35,2025-06-15
ATA,,8,2025-06-15
COK,False,30,2025-06-15
NRU,,17,2025-06-15
SSD,True,6,2025-06-15
VAT,False,5,2025-06-15
LBR,True,6,2025-06-15
YEM,False,10,2025-06-15
COM,False,2,2025-06-15
VIR,True,10,2025-06-15
FLK,False,4,2025-06-15
TCD,True,11,2025-06-15
GUM,False,8,2025-06-15
DMA,True,9,2025-06-15
NFK,True,3,2025-06-15
GUM,,4,2025-06-15
KNA,True,3,2025-06-15
GIN,False,6,2025-06-15
NRU,True,3,2025-06-15
BRA,True,138182,2025-07-15
THA,False,2598,2025-07-15
CCK,,46849,2025-07-15
NIU,,23306,2025-07-15
ZAF,False,56074,2025-07-15
SLB,True,95,2025-07-15
PSE,,1502,2025-07-15
HTI,,294,2025-07-15
IRN,True,20239,2025-07-15
CZE,False,27763,2025-07-15
SWE,True,20795,2025-07-15
CZE,True,34662,2025-07-15
NOR,True,69633,2025-07-15
GRL,False,405,2025-07-15
POL,,830511,2025-07-15
LVA,,14789,2025-07-15
BRB,,127,2025-07-15
BEL,False,71622,2025-07-15
WSM,True,1171,2025-07-15
ZMB,,680,2025-07-15
JAM,,224,2025-07-15
PRY,False,1185,2025-07-15
SVK,False,11811,2025-07-15
BRA,,810648,2025-07-15
SPM,,984,2025-07-15
NLD,False,158585,2025-07-15
ARM,,4459,2025-07-15
SVN,False,4240,2025-07-15
LAO,True,534,2025-07-15
BDI,False,121,2025-07-15
BFA,True,59,2025-07-15
COG,False,69,2025-07-15
MOZ,,2205,2025-07-15
BMU,False,343,2025-07-15
JOR,,541,2025-07-15
CUB,,313,2025-07-15
RUS,False,18399,2025-07-15
RWA,True,320,2025-07-15
DJI,True,29,2025-07-15
MNE,False,33399,2025-07-15
TUR,False,12379,2025-07-15
LSO,True,47,2025-07-15
SEN,False,244,2025-07-15
CCK,False,27714,2025-07-15
VGB,True,69,2025-07-15
WLF,True,44,2025-07-15
FRA,,700679,2025-07-15
SOM,,1950,2025-07-15
ABW,,44,2025-07-15
NPL,True,1692,2025-07-15
ARM,True,1915,2025-07-15
TCA,,315,2025-07-15
ECU,False,2425,2025-07-15
MDG,True,309,2025-07-15
FSM,,1904,2025-07-15
COD,,772,2025-07-15
BRN,,124,2025-07-15
ASM,True,163,2025-07-15
SLB,False,81,2025-07-15
URY,,12510,2025-07-15
BOL,,2033,2025-07-15
IND,False,162350,2025-07-15
AUS,False,202993,2025-07-15
HKG,True,6610,2025-07-15
LIE,False,1703,2025-07-15
SHN,False,1414,2025-07-15
EST,True,3714,2025-07-15
UZB,False,674,2025-07-15
HND,True,278,2025-07-15
VAT,True,79,2025-07-15
LBY,,3192,2025-07-15
GIB,,363,2025-07-15
VAT,,72,2025-07-15
CXR,False,580,2025-07-15
CPV,False,1158,2025-07-15
ISL,False,3267,2025-07-15
ITA,True,62418,2025-07-15
IDN,True,16186,2025-07-15
CHN,False,36768,2025-07-15
BIH,False,1096,2025-07-15
MOZ,False,375,2025-07-15
LSO,False,122,2025-07-15
IRN,False,8368,2025-07-15
JPN,True,48902,2025-07-15
ETH,True,74,2025-07-15
AFG,False,172,2025-07-15
VEN,False,1022,2025-07-15
GRD,False,126,2025-07-15
COG,True,27,2025-07-15
NFK,False,49,2025-07-15
ETH,,2469,2025-07-15
GEO,False,1189,2025-07-15
TJK,False,134,2025-07-15
KWT,False,308,2025-07-15
ATG,,1836,2025-07-15
REU,True,709,2025-07-15
GNQ,,116,2025-07-15
LKA,True,2031,2025-07-15
AGO,False,381,2025-07-15
ITA,,934051,2025-07-15
UKR,,32933,2025-07-15
BMU,True,172,2025-07-15
MCO,False,199,2025-07-15
SMR,True,46,2025-07-15
ABW,True,54,2025-07-15
GHA,,599,2025-07-15
CMR,,1338,2025-07-15
NOR,False,25687,2025-07-15
NER,,102,2025-07-15
VIR,,37,2025-07-15
BLZ,False,885,2025-07-15
TZA,True,1822,2025-07-15
JAM,True,76,2025-07-15
IOT,,131785,2025-07-15
SEN,,1369,2025-07-15
GTM,,889,2025-07-15
ARE,False,7614,2025-07-15
HUN,False,11011,2025-07-15
SGP,True,5021,2025-07-15
GTM,True,139,2025-07-15
MLI,True,92,2025-07-15
KNA,False,37,2025-07-15
KWT,True,175,2025-07-15
GUY,,653,2025-07-15
LCA,,713,2025-07-15
COM,,21,2025-07-15
IOT,True,28554,2025-07-15
MUS,True,335,2025-07-15
TKL,True,224,2025-07-15
HRV,,44442,2025-07-15
WLF,,237,2025-07-15
VCT,,3114,2025-07-15
ZAF,True,32696,2025-07-15
SPM,False,315,2025-07-15
SHN,,3484,2025-07-15
SLV,False,645,2025-07-15
MNG,False,357,2025-07-15
GUY,False,150,2025-07-15
QAT,,2070,2025-07-15
PCN,,36,2025-07-15
KAZ,False,1219,2025-07-15
BHS,,91,2025-07-15
MAR,False,2259,2025-07-15
FRO,True,123,2025-07-15
GBR,,1015164,2025-07-15
MEX,False,36607,2025-07-15
BOL,True,617,2025-07-15
TZA,False,868,2025-07-15
MAC,True,197,2025-07-15
TLS,True,118,2025-07-15
IOT,False,58173,2025-07-15
SOM,True,432,2025-07-15
PRY,,8194,2025-07-15
GMB,,216,2025-07-15
,,442022,2025-07-15
TTO,False,222,2025-07-15
GHA,True,130,2025-07-15
,True,68553,2025-07-15
ATF,False,154,2025-07-15
ARE,,30645,2025-07-15
KAZ,True,2701,2025-07-15
UGA,False,476,2025-07-15
TON,,2675,2025-07-15
FRO,,731,2025-07-15
URY,True,2889,2025-07-15
BWA,True,335,2025-07-15
BIH,True,4500,2025-07-15
GEO,True,1645,2025-07-15
LUX,True,2794,2025-07-15
MDG,False,270,2025-07-15
NIU,True,1481,2025-07-15
CRI,,2511,2025-07-15
GAB,True,71,2025-07-15
JOR,False,458,2025-07-15
BFA,False,23,2025-07-15
TJK,,384,2025-07-15
BMU,,485,2025-07-15
LKA,False,1757,2025-07-15
SYC,True,137,2025-07-15
MMR,True,303,2025-07-15
MYT,False,129,2025-07-15
SMR,False,84,2025-07-15
NAM,False,37,2025-07-15
MDA,False,865,2025-07-15
SUR,True,81,2025-07-15
HMD,False,46,2025-07-15
GBR,False,362645,2025-07-15
LVA,True,3575,2025-07-15
TON,True,486,2025-07-15
DZA,False,260,2025-07-15
MLI,False,245,2025-07-15
NPL,,9944,2025-07-15
CRI,True,840,2025-07-15
ARM,False,1372,2025-07-15
BRN,True,134,2025-07-15
UGA,,1679,2025-07-15
VUT,,224,2025-07-15
AZE,,6972,2025-07-15
BGR,True,3159,2025-07-15
GNQ,False,59,2025-07-15
AUS,,475435,2025-07-15
MLI,,774,2025-07-15
FLK,,28,2025-07-15
FSM,False,851,2025-07-15
JAM,False,142,2025-07-15
MLT,,2390,2025-07-15
KNA,,33,2025-07-15
GMB,True,22,2025-07-15
MEX,,141683,2025-07-15
TKL,,1106,2025-07-15
UKR,True,9525,2025-07-15
GRC,False,12562,2025-07-15
LBN,True,135,2025-07-15
MCO,True,120,2025-07-15
BGD,,5269,2025-07-15
PNG,,553,2025-07-15
AFG,,1060,2025-07-15
DMA,,45,2025-07-15
WLF,False,75,2025-07-15
BEN,False,48,2025-07-15
CHE,True,29780,2025-07-15
YEM,,76,2025-07-15
AIA,False,70777,2025-07-15
IDN,False,11900,2025-07-15
LVA,False,4519,2025-07-15
BLR,,11344,2025-07-15
MNG,,2302,2025-07-15
DEU,True,194797,2025-07-15
CXR,True,359,2025-07-15
ALA,False,181,2025-07-15
SVK,,65088,2025-07-15
SYC,,360,2025-07-15
ARG,False,14190,2025-07-15
LTU,True,4180,2025-07-15
AZE,False,1380,2025-07-15
NIC,True,289,2025-07-15
STP,,1288,2025-07-15
KOR,False,5043,2025-07-15
COG,,335,2025-07-15
FSM,True,288,2025-07-15
CYM,True,258,2025-07-15
REU,,6154,2025-07-15
HUN,,159129,2025-07-15
TKM,,309,2025-07-15
SVN,True,5497,2025-07-15
NZL,,86854,2025-07-15
TCA,True,84,2025-07-15
USA,True,17010,2025-07-15
THA,,14328,2025-07-15
DJI,,278,2025-07-15
DNK,True,20639,2025-07-15
CYP,False,1140,2025-07-15
GGY,True,763,2025-07-15
NOR,,169981,2025-07-15
IRQ,,1824,2025-07-15
MOZ,True,508,2025-07-15
VEN,,2654,2025-07-15
CHL,False,16629,2025-07-15
FIN,False,15652,2025-07-15
GTM,False,288,2025-07-15
SAU,True,4267,2025-07-15
GAB,False,184,2025-07-15
PCN,False,40,2025-07-15
TUV,,21563,2025-07-15
SYR,True,88,2025-07-15
SOM,False,524,2025-07-15
TLS,,178,2025-07-15
GNB,,107,2025-07-15
EGY,False,474,2025-07-15
SAU,,11041,2025-07-15
FIN,,64415,2025-07-15
BWA,,1498,2025-07-15
GRC,True,14703,2025-07-15
MLT,False,1130,2025-07-15
ALB,False,1176,2025-07-15
BFA,,395,2025-07-15
CUW,,165,2025-07-15
FIN,True,10780,2025-07-15
HUN,True,24488,2025-07-15
CAF,True,62,2025-07-15
CAN,True,45126,2025-07-15
LAO,False,1538,2025-07-15
RWA,False,190,2025-07-15
DOM,,3869,2025-07-15
PRT,True,13690,2025-07-15
ALB,,6751,2025-07-15
TGO,,549,2025-07-15
CYP,True,826,2025-07-15
SUR,False,157,2025-07-15
TGO,False,100,2025-07-15
TGO,True,61,2025-07-15
BHR,,504,2025-07-15
TWN,False,8197,2025-07-15
AUT,True,19695,2025-07-15
PLW,True,674,2025-07-15
NIC,,413,2025-07-15
CHL,True,53175,2025-07-15
MEX,True,16905,2025-07-15
DOM,False,1523,2025-07-15
MNG,True,332,2025-07-15
SEN,True,144,2025-07-15
KHM,True,219,2025-07-15
SWE,False,41518,2025-07-15
GIB,True,109,2025-07-15
SSD,,63,2025-07-15
FJI,True,129,2025-07-15
GGY,,5174,2025-07-15
SUR,,443,2025-07-15
PNG,True,250,2025-07-15
NAM,True,34,2025-07-15
SGP,False,9407,2025-07-15
MSR,True,126,2025-07-15
BIH,,6219,2025-07-15
UZB,True,1122,2025-07-15
ISR,False,6735,2025-07-15
ATF,True,103,2025-07-15
TTO,True,104,2025-07-15
KWT,,541,2025-07-15
UKR,False,5914,2025-07-15
TUN,False,1144,2025-07-15
MWI,,217,2025-07-15
MDV,True,250,2025-07-15
FJI,,303,2025-07-15
CPV,True,99,2025-07-15
MRT,,294,2025-07-15
AND,,738,2025-07-15
PER,,21855,2025-07-15
CAF,,379,2025-07-15
MYS,True,9941,2025-07-15
LUX,False,4060,2025-07-15
MYT,True,54,2025-07-15
NLD,,1784485,2025-07-15
BGD,True,730,2025-07-15
BTN,True,136,2025-07-15
SLE,True,49,2025-07-15
PAK,,23944,2025-07-15
PAN,False,866,2025-07-15
DJI,False,57,2025-07-15
LUX,,13450,2025-07-15
VNM,True,6529,2025-07-15
VCT,True,688,2025-07-15
TUR,,135274,2025-07-15
NCL,,1120,2025-07-15
CYM,,919,2025-07-15
TUV,False,9874,2025-07-15
MKD,False,1060,2025-07-15
BHR,False,370,2025-07-15
HKG,False,6719,2025-07-15
ABW,False,45,2025-07-15
GRD,True,47,2025-07-15
AGO,True,1055,2025-07-15
VUT,True,44,2025-07-15
MRT,True,27,2025-07-15
RWA,,794,2025-07-15
SLE,,221,2025-07-15
SVK,True,15405,2025-07-15
VUT,False,134,2025-07-15
EGY,True,383,2025-07-15
CUB,False,48,2025-07-15
MNE,,86329,2025-07-15
AUS,True,83360,2025-07-15
ROU,True,22805,2025-07-15
TKM,True,233,2025-07-15
AUT,,218693,2025-07-15
CPV,,1827,2025-07-15
BDI,,586,2025-07-15
USA,,126139,2025-07-15
PHL,True,4721,2025-07-15
PSE,True,624,2025-07-15
LCA,True,60,2025-07-15
MAR,,16763,2025-07-15
MDG,,1056,2025-07-15
PYF,False,119,2025-07-15
SDN,,399,2025-07-15
IMN,False,1421,2025-07-15
PLW,False,1502,2025-07-15
OMN,,750,2025-07-15
GEO,,6674,2025-07-15
BGR,False,3181,2025-07-15
DOM,True,1024,2025-07-15
KEN,False,13815,2025-07-15
LCA,False,149,2025-07-15
AFG,True,62,2025-07-15
MWI,True,137,2025-07-15
MNP,False,59,2025-07-15
JPN,False,22122,2025-07-15
VCT,False,1643,2025-07-15
CIV,False,295,2025-07-15
KGZ,False,417,2025-07-15
VNM,,19555,2025-07-15
PAN,,1408,2025-07-15
ATG,True,434,2025-07-15
CIV,,2763,2025-07-15
CXR,,1403,2025-07-15
BLR,True,1794,2025-07-15
CUW,True,27,2025-07-15
LBR,,61,2025-07-15
ROU,False,15197,2025-07-15
IRQ,True,198,2025-07-15
KOR,,11748,2025-07-15
ALA,,663,2025-07-15
SWZ,False,186,2025-07-15
KGZ,True,433,2025-07-15
TCD,False,26,2025-07-15
KIR,False,33,2025-07-15
LIE,,8083,2025-07-15
MTQ,False,61,2025-07-15
SDN,False,120,2025-07-15
JEY,False,359,2025-07-15
BDI,True,59,2025-07-15
CMR,False,399,2025-07-15
SLE,False,73,2025-07-15
COL,False,233272,2025-07-15
ZAF,,222614,2025-07-15
BTN,,276,2025-07-15
LSO,,317,2025-07-15
NER,False,22,2025-07-15
ISR,,38157,2025-07-15
ARE,True,4902,2025-07-15
ZMB,True,231,2025-07-15
GIN,False,6,2025-07-15
PRT,,93987,2025-07-15
FRA,False,114344,2025-07-15
ARG,True,39074,2025-07-15
OMN,True,198,2025-07-15
TUN,,3844,2025-07-15
NAM,,56,2025-07-15
TJK,True,113,2025-07-15
EST,False,3708,2025-07-15
ALA,True,87,2025-07-15
SMR,,178,2025-07-15
MSR,,742,2025-07-15
CHE,False,56408,2025-07-15
JOR,True,629,2025-07-15
SXM,False,113,2025-07-15
AND,False,177,2025-07-15
NCL,False,303,2025-07-15
CRI,False,1170,2025-07-15
DZA,True,821,2025-07-15
GNQ,True,27,2025-07-15
LTU,,33489,2025-07-15
IRN,,85921,2025-07-15
GRL,,821,2025-07-15
PAK,False,2883,2025-07-15
ZWE,True,480,2025-07-15
CYP,,3907,2025-07-15
THA,True,6349,2025-07-15
PSE,False,277,2025-07-15
TWN,,29592,2025-07-15
IMN,,6784,2025-07-15
AND,True,173,2025-07-15
ZWE,,6154,2025-07-15
MYS,,38080,2025-07-15
NRU,False,33,2025-07-15
CHL,,131255,2025-07-15
ASM,,2145,2025-07-15
ATA,,8,2025-07-15
NGA,False,11888,2025-07-15
MAC,,341,2025-07-15
ZWE,False,593,2025-07-15
ECU,True,2347,2025-07-15
PER,True,4752,2025-07-15
MUS,,1831,2025-07-15
FRA,True,70250,2025-07-15
GRL,True,162,2025-07-15
VGB,False,133,2025-07-15
COK,False,30,2025-07-15
NGA,True,1601,2025-07-15
SRB,True,3648,2025-07-15
SAU,False,2581,2025-07-15
CAN,,349530,2025-07-15
PER,False,6280,2025-07-15
WSM,False,1621,2025-07-15
POL,False,31763,2025-07-15
MDV,False,245,2025-07-15
RUS,,251984,2025-07-15
COL,,346105,2025-07-15
AIA,,110231,2025-07-15
PAK,True,2557,2025-07-15
TUN,True,524,2025-07-15
ISL,True,1997,2025-07-15
ROU,,161080,2025-07-15
KIR,,39,2025-07-15
GBR,True,131426,2025-07-15
BEL,True,28507,2025-07-15
BLR,False,857,2025-07-15
BRN,False,76,2025-07-15
ARG,,90372,2025-07-15
IRQ,False,267,2025-07-15
MLT,True,517,2025-07-15
MAC,False,149,2025-07-15
BLZ,,2235,2025-07-15
ITA,False,61377,2025-07-15
DEU,False,185232,2025-07-15
BGD,False,1518,2025-07-15
CUW,False,60,2025-07-15
DNK,,106970,2025-07-15
SWZ,,127,2025-07-15
ESP,False,41759,2025-07-15
TCA,False,135,2025-07-15
BTN,False,35,2025-07-15
PRI,,166,2025-07-15
TTO,,294,2025-07-15
AUT,False,29639,2025-07-15
ESP,,319107,2025-07-15
CHN,True,8202,2025-07-15
MYS,False,9288,2025-07-15
CYM,False,711,2025-07-15
MAR,True,1438,2025-07-15
GUF,False,39,2025-07-15
NIC,False,376,2025-07-15
ZMB,False,320,2025-07-15
PAN,True,330,2025-07-15
KEN,,18700,2025-07-15
STP,True,240,2025-07-15
PRI,True,36,2025-07-15
LKA,,9902,2025-07-15
WSM,,4032,2025-07-15
MYT,,654,2025-07-15
ISR,True,5079,2025-07-15
HRV,False,4405,2025-07-15
ASM,False,1281,2025-07-15
MDV,,1137,2025-07-15
POL,True,240720,2025-07-15
VIR,False,48,2025-07-15
GIB,False,120,2025-07-15
JEY,True,186,2025-07-15
EST,,40041,2025-07-15
LBN,,435,2025-07-15
MNP,,86,2025-07-15
IRL,True,5856,2025-07-15
AGO,,5541,2025-07-15
TWN,True,6781,2025-07-15
KEN,True,2918,2025-07-15
SLB,,101,2025-07-15
IRL,,36004,2025-07-15
AIA,True,14975,2025-07-15
SRB,False,3484,2025-07-15
BRB,True,62,2025-07-15
COD,True,85,2025-07-15
GHA,False,202,2025-07-15
SWE,,115237,2025-07-15
CMR,True,159,2025-07-15
SHN,True,687,2025-07-15
TKM,False,143,2025-07-15
UGA,True,444,2025-07-15
PNG,False,106,2025-07-15
NGA,,32553,2025-07-15
GAB,,679,2025-07-15
TUR,True,20776,2025-07-15
MNE,True,11615,2025-07-15
TUV,True,2653,2025-07-15
GLP,False,103,2025-07-15
KHM,False,208,2025-07-15
REU,False,1144,2025-07-15
HND,,786,2025-07-15
HRV,True,3725,2025-07-15
SVN,,41170,2025-07-15
TON,False,962,2025-07-15
PYF,True,133,2025-07-15
YEM,True,46,2025-07-15
MWI,False,135,2025-07-15
SLV,,1210,2025-07-15
PYF,,319,2025-07-15
STP,False,458,2025-07-15
TCD,True,12,2025-07-15
ECU,,8455,2025-07-15
GRD,,230,2025-07-15
MTQ,,60,2025-07-15
GLP,,148,2025-07-15
ETH,False,92,2025-07-15
IMN,True,596,2025-07-15
SYC,False,261,2025-07-15
GRC,,121995,2025-07-15
SYR,,471,2025-07-15
MSR,False,552,2025-07-15
COD,False,152,2025-07-15
BRB,False,73,2025-07-15
SGS,False,260,2025-07-15
DMA,False,49,2025-07-15
GIN,,236,2025-07-15
CCK,True,5344,2025-07-15
LBN,False,190,2025-07-15
COK,,84,2025-07-15
MDA,True,1274,2025-07-15
BLZ,True,361,2025-07-15
LBY,False,530,2025-07-15
SXM,,236,2025-07-15
FJI,False,260,2025-07-15
NER,True,46,2025-07-15
NZL,False,40696,2025-07-15
RUS,True,64601,2025-07-15
OMN,False,822,2025-07-15
NCL,True,379,2025-07-15
QAT,False,1018,2025-07-15
GMB,False,52,2025-07-15
LBY,True,255,2025-07-15
SGP,,25672,2025-07-15
PRT,False,15354,2025-07-15
HND,False,422,2025-07-15
MUS,False,754,2025-07-15
IND,,439108,2025-07-15
KAZ,,12515,2025-07-15
NLD,True,270589,2025-07-15
USA,False,60287,2025-07-15
SPM,True,193,2025-07-15
HTI,False,184,2025-07-15
BRA,False,86647,2025-07-15
LTU,False,4764,2025-07-15
HKG,,17156,2025-07-15
NZL,True,16516,2025-07-15
PHL,False,5090,2025-07-15
LIE,True,830,2025-07-15
KHM,,583,2025-07-15
MMR,,291,2025-07-15
TCD,,121,2025-07-15
DNK,False,96325,2025-07-15
TKL,False,473,2025-07-15
MMR,False,132,2025-07-15
TLS,False,76,2025-07-15
BEL,,243691,2025-07-15
MKD,,6578,2025-07-15
IRL,False,11811,2025-07-15
AZE,True,2414,2025-07-15
ALB,True,1134,2025-07-15
IDN,,133355,2025-07-15
CHN,,21876,2025-07-15
CUB,True,385,2025-07-15
MKD,True,1093,2025-07-15
BEN,True,97,2025-07-15
PRI,False,343,2025-07-15
GGY,False,2483,2025-07-15
SLV,True,435,2025-07-15
DEU,,2240066,2025-07-15
MDA,,7387,2025-07-15
DZA,,2458,2025-07-15
UZB,,14376,2025-07-15
BGR,,11686,2025-07-15
FLK,True,45,2025-07-15
MCO,,539,2025-07-15
NFK,,23,2025-07-15
NPL,False,2061,2025-07-15
BOL,False,925,2025-07-15
GUY,True,166,2025-07-15
CIV,True,201,2025-07-15
VEN,True,713,2025-07-15
JPN,,289209,2025-07-15
ESP,True,44386,2025-07-15
SYR,False,27,2025-07-15
SRB,,19337,2025-07-15
BHR,True,144,2025-07-15
,False,78297,2025-07-15
TZA,,6822,2025-07-15
BHS,False,163,2025-07-15
KGZ,,2379,2025-07-15
PLW,,3941,2025-07-15
LAO,,3124,2025-07-15
CHE,,549756,2025-07-15
JEY,,910,2025-07-15
CAN,False,144368,2025-07-15
CZE,,163661,2025-07-15
PHL,,10834,2025-07-15
IND,True,30109,2025-07-15
BWA,False,539,2025-07-15
NIU,False,7601,2025-07-15
ATG,False,1049,2025-07-15
ISL,,11878,2025-07-15
SGS,,383,2025-07-15
BEN,,659,2025-07-15
EGY,,1250,2025-07-15
VGB,,251,2025-07-15
KOR,True,2851,2025-07-15
CAF,False,212,2025-07-15
SSD,False,20,2025-07-15
PRY,True,1733,2025-07-15
ATF,,495,2025-07-15
COL,True,89158,2025-07-15
URY,False,2029,2025-07-15
QAT,True,520,2025-07-15
VNM,False,5189,2025-07-15
FRO,False,654,2025-07-15
SXM,True,57,2025-07-15
NRU,True,3,2025-07-15
SWZ,True,33,2025-07-15
MRT,False,38,2025-07-15
GNB,True,18,2025-07-15
ATA,False,12,2025-07-15
SDN,True,67,2025-07-15
HTI,True,45,2025-07-15
GUM,,4,2025-07-15
NRU,,19,2025-07-15
SGS,True,59,2025-07-15
MTQ,True,15,2025-07-15
GNB,False,12,2025-07-15
GUF,,47,2025-07-15
BHS,True,24,2025-07-15
VIR,True,10,2025-07-15
GLP,True,25,2025-07-15
COM,True,7,2025-07-15
PCN,True,5,2025-07-15
YEM,False,13,2025-07-15
GUM,False,8,2025-07-15
SSD,True,6,2025-07-15
GUF,True,6,2025-07-15
MNP,True,14,2025-07-15
NFK,True,3,2025-07-15
LBR,False,9,2025-07-15
COK,True,7,2025-07-15
FLK,False,4,2025-07-15
LBR,True,6,2025-07-15
DMA,True,9,2025-07-15
HMD,True,4,2025-07-15
HMD,,22,2025-07-15
VAT,False,5,2025-07-15
KNA,True,3,2025-07-15
KIR,True,7,2025-07-15
GIN,True,10,2025-07-15
COM,False,5,2025-07-15
BRA,True,140683,2025-08-15
THA,False,2670,2025-08-15
CCK,,45056,2025-08-15
NIU,,23545,2025-08-15
ZAF,False,61110,2025-08-15
SLB,True,98,2025-08-15
PSE,,1576,2025-08-15
HTI,,296,2025-08-15
IRN,True,20650,2025-08-15
NOR,True,69658,2025-08-15
CZE,True,35297,2025-08-15
SWE,True,21062,2025-08-15
CZE,False,28422,2025-08-15
GRL,False,405,2025-08-15
POL,,833108,2025-08-15
LVA,,15112,2025-08-15
BRB,,130,2025-08-15
BEL,False,73126,2025-08-15
WSM,True,1242,2025-08-15
ZMB,,706,2025-08-15
JAM,,229,2025-08-15
PRY,False,1197,2025-08-15
SVK,False,11951,2025-08-15
BRA,,828456,2025-08-15
SPM,,1015,2025-08-15
NLD,False,161611,2025-08-15
ARM,,4655,2025-08-15
SVN,False,4347,2025-08-15
BDI,False,124,2025-08-15
LAO,True,561,2025-08-15
COG,False,73,2025-08-15
MOZ,,2371,2025-08-15
BMU,False,345,2025-08-15
JOR,,556,2025-08-15
CUB,,323,2025-08-15
RUS,False,18639,2025-08-15
RWA,True,326,2025-08-15
DJI,True,31,2025-08-15
TUR,False,12686,2025-08-15
MNE,False,37046,2025-08-15
LSO,True,47,2025-08-15
SEN,False,252,2025-08-15
CCK,False,24923,2025-08-15
VGB,True,68,2025-08-15
WLF,True,44,2025-08-15
FRA,,711476,2025-08-15
SOM,,2067,2025-08-15
ABW,,42,2025-08-15
NPL,True,1732,2025-08-15
ARM,True,1945,2025-08-15
TCA,,314,2025-08-15
ECU,False,2479,2025-08-15
MDG,True,315,2025-08-15
FSM,,1982,2025-08-15
COD,,829,2025-08-15
BRN,,128,2025-08-15
ASM,True,169,2025-08-15
SLB,False,83,2025-08-15
URY,,13728,2025-08-15
BOL,,2252,2025-08-15
AUS,False,222535,2025-08-15
LIE,False,1735,2025-08-15
IND,False,197369,2025-08-15
HKG,True,6628,2025-08-15
SHN,False,1498,2025-08-15
EST,True,3797,2025-08-15
UZB,False,690,2025-08-15
SXM,True,58,2025-08-15
VAT,True,78,2025-08-15
HND,True,281,2025-08-15
LBY,,3293,2025-08-15
VAT,,71,2025-08-15
GIB,,368,2025-08-15
ISL,False,3362,2025-08-15
CXR,False,590,2025-08-15
CPV,False,1176,2025-08-15
ITA,True,65594,2025-08-15
CHN,False,37207,2025-08-15
IDN,True,16521,2025-08-15
MOZ,False,385,2025-08-15
BIH,False,1118,2025-08-15
LSO,False,119,2025-08-15
JPN,True,49800,2025-08-15
IRN,False,8481,2025-08-15
AFG,False,176,2025-08-15
ETH,True,63,2025-08-15
NFK,False,51,2025-08-15
GRD,False,135,2025-08-15
VEN,False,1035,2025-08-15
COG,True,27,2025-08-15
HMD,True,4,2025-08-15
ETH,,2253,2025-08-15
KWT,False,312,2025-08-15
GEO,False,1213,2025-08-15
TJK,False,135,2025-08-15
ATG,,1908,2025-08-15
REU,True,734,2025-08-15
GNQ,,121,2025-08-15
LKA,True,2102,2025-08-15
AGO,False,389,2025-08-15
ITA,,951159,2025-08-15
UKR,,33586,2025-08-15
ABW,True,54,2025-08-15
BMU,True,185,2025-08-15
MCO,False,203,2025-08-15
SMR,True,47,2025-08-15
GHA,,640,2025-08-15
CMR,,1411,2025-08-15
NOR,False,26064,2025-08-15
NER,,104,2025-08-15
TZA,True,1848,2025-08-15
BLZ,False,951,2025-08-15
JAM,True,79,2025-08-15
IOT,,141094,2025-08-15
GTM,,915,2025-08-15
SEN,,1421,2025-08-15
HUN,False,11208,2025-08-15
SGP,True,5161,2025-08-15
ARE,False,7886,2025-08-15
GTM,True,142,2025-08-15
MLI,True,146,2025-08-15
KNA,False,39,2025-08-15
GUF,,47,2025-08-15
KWT,True,179,2025-08-15
LCA,,699,2025-08-15
GUY,,725,2025-08-15
IOT,True,29282,2025-08-15
MUS,True,346,2025-08-15
TKL,True,222,2025-08-15
HRV,,44999,2025-08-15
VCT,,3659,2025-08-15
WLF,,236,2025-08-15
ZAF,True,33503,2025-08-15
SPM,False,324,2025-08-15
SHN,,3625,2025-08-15
SLV,False,658,2025-08-15
MNG,False,363,2025-08-15
GUY,False,157,2025-08-15
QAT,,2145,2025-08-15
PCN,,32,2025-08-15
KAZ,False,1254,2025-08-15
BHS,,93,2025-08-15
MAR,False,2302,2025-08-15
FRO,True,135,2025-08-15
GBR,,1073017,2025-08-15
MEX,False,41327,2025-08-15
TZA,False,884,2025-08-15
BOL,True,636,2025-08-15
MAC,True,196,2025-08-15
TLS,True,123,2025-08-15
IOT,False,64507,2025-08-15
SOM,True,440,2025-08-15
PRY,,8664,2025-08-15
GMB,,221,2025-08-15
,,451762,2025-08-15
TTO,False,223,2025-08-15
GHA,True,128,2025-08-15
,True,70840,2025-08-15
ATF,False,162,2025-08-15
ARE,,32815,2025-08-15
KAZ,True,2805,2025-08-15
UGA,False,493,2025-08-15
TON,,2770,2025-08-15
FRO,,751,2025-08-15
GEO,True,1684,2025-08-15
BIH,True,4462,2025-08-15
BWA,True,339,2025-08-15
URY,True,2907,2025-08-15
NIU,True,1538,2025-08-15
LUX,True,2802,2025-08-15
MDG,False,279,2025-08-15
CRI,,2590,2025-08-15
JOR,False,467,2025-08-15
GAB,True,71,2025-08-15
TJK,,402,2025-08-15
BMU,,486,2025-08-15
LKA,False,1805,2025-08-15
SYC,True,142,2025-08-15
MYT,False,131,2025-08-15
MMR,True,310,2025-08-15
NAM,False,39,2025-08-15
SMR,False,85,2025-08-15
MDA,False,893,2025-08-15
HMD,False,46,2025-08-15
SUR,True,84,2025-08-15
GBR,False,401529,2025-08-15
LVA,True,3617,2025-08-15
TON,True,509,2025-08-15
DZA,False,269,2025-08-15
MLI,False,247,2025-08-15
NPL,,9611,2025-08-15
CRI,True,857,2025-08-15
SWZ,True,36,2025-08-15
ARM,False,1388,2025-08-15
BRN,True,135,2025-08-15
UGA,,1774,2025-08-15
VUT,,318,2025-08-15
AZE,,7145,2025-08-15
BGR,True,3239,2025-08-15
GNQ,False,61,2025-08-15
AUS,,505674,2025-08-15
MLI,,645,2025-08-15
FLK,,30,2025-08-15
FSM,False,902,2025-08-15
JAM,False,143,2025-08-15
MLT,,2444,2025-08-15
GMB,True,21,2025-08-15
MEX,,152555,2025-08-15
TKL,,1110,2025-08-15
UKR,True,9646,2025-08-15
GRC,False,12754,2025-08-15
LBN,True,138,2025-08-15
MCO,True,124,2025-08-15
FLK,False,4,2025-08-15
BGD,,7129,2025-08-15
PNG,,588,2025-08-15
AFG,,1096,2025-08-15
DMA,,49,2025-08-15
WLF,False,74,2025-08-15
BEN,False,51,2025-08-15
CHE,True,31832,2025-08-15
NFK,True,3,2025-08-15
YEM,,82,2025-08-15
AIA,False,90855,2025-08-15
LVA,False,4620,2025-08-15
IDN,False,12572,2025-08-15
MRT,False,41,2025-08-15
BLR,,11558,2025-08-15
MNG,,2337,2025-08-15
DEU,True,197334,2025-08-15
CXR,True,366,2025-08-15
ALA,False,186,2025-08-15
SVK,,65589,2025-08-15
SYC,,364,2025-08-15
ARG,False,14701,2025-08-15
LTU,True,4286,2025-08-15
AZE,False,1417,2025-08-15
NIC,True,294,2025-08-15
STP,,1331,2025-08-15
KOR,False,5305,2025-08-15
COG,,350,2025-08-15
CYM,True,257,2025-08-15
FSM,True,293,2025-08-15
HUN,,161948,2025-08-15
REU,,6313,2025-08-15
TKM,,323,2025-08-15
SVN,True,5573,2025-08-15
NZL,,89654,2025-08-15
TCA,True,83,2025-08-15
USA,True,16917,2025-08-15
THA,,14595,2025-08-15
DJI,,284,2025-08-15
DNK,True,19934,2025-08-15
CYP,False,1188,2025-08-15
GGY,True,775,2025-08-15
NOR,,171988,2025-08-15
IRQ,,1949,2025-08-15
MOZ,True,531,2025-08-15
VEN,,2916,2025-08-15
CHL,False,17365,2025-08-15
FIN,False,15841,2025-08-15
SAU,True,4420,2025-08-15
GTM,False,290,2025-08-15
GAB,False,183,2025-08-15
PCN,False,44,2025-08-15
TUV,,22295,2025-08-15
SOM,False,529,2025-08-15
SYR,True,98,2025-08-15
GNB,,109,2025-08-15
TLS,,183,2025-08-15
EGY,False,505,2025-08-15
FIN,,65439,2025-08-15
SAU,,11814,2025-08-15
BWA,,1556,2025-08-15
GRC,True,14807,2025-08-15
ALB,False,1182,2025-08-15
MLT,False,1157,2025-08-15
BFA,,417,2025-08-15
CUW,,165,2025-08-15
FIN,True,10898,2025-08-15
HUN,True,24608,2025-08-15
CAF,True,64,2025-08-15
CAN,True,46139,2025-08-15
LAO,False,1763,2025-08-15
RWA,False,229,2025-08-15
DOM,,4123,2025-08-15
PRT,True,13887,2025-08-15
ALB,,6990,2025-08-15
TGO,,543,2025-08-15
CYP,True,849,2025-08-15
TGO,False,102,2025-08-15
TGO,True,63,2025-08-15
SUR,False,151,2025-08-15
BHR,,525,2025-08-15
AUT,True,19989,2025-08-15
TWN,False,8971,2025-08-15
PLW,True,673,2025-08-15
NIC,,430,2025-08-15
CHL,True,53398,2025-08-15
MEX,True,17362,2025-08-15
DOM,False,1635,2025-08-15
MNG,True,340,2025-08-15
KHM,True,223,2025-08-15
SEN,True,153,2025-08-15
SWE,False,42250,2025-08-15
GIB,True,110,2025-08-15
SSD,,69,2025-08-15
FJI,True,137,2025-08-15
GGY,,5496,2025-08-15
SUR,,458,2025-08-15
PNG,True,248,2025-08-15
SGP,False,9909,2025-08-15
MSR,True,131,2025-08-15
BIH,,6472,2025-08-15
ISR,False,6898,2025-08-15
UZB,True,1171,2025-08-15
ATF,True,97,2025-08-15
TTO,True,105,2025-08-15
KWT,,546,2025-08-15
UKR,False,6117,2025-08-15
TUN,False,959,2025-08-15
MWI,,236,2025-08-15
MDV,True,254,2025-08-15
FJI,,320,2025-08-15
CPV,True,109,2025-08-15
AND,,768,2025-08-15
MRT,,308,2025-08-15
PER,,23748,2025-08-15
CAF,,384,2025-08-15
LUX,False,4208,2025-08-15
MYS,True,10346,2025-08-15
MYT,True,55,2025-08-15
NLD,,1787806,2025-08-15
BGD,True,779,2025-08-15
SLE,True,52,2025-08-15
BTN,True,139,2025-08-15
PAK,,25547,2025-08-15
PAN,False,889,2025-08-15
DJI,False,57,2025-08-15
LUX,,13665,2025-08-15
VNM,True,6684,2025-08-15
VCT,True,707,2025-08-15
TUR,,139745,2025-08-15
NCL,,1157,2025-08-15
CYM,,1018,2025-08-15
TUV,False,10613,2025-08-15
BHR,False,382,2025-08-15
MKD,False,1079,2025-08-15
HKG,False,6847,2025-08-15
ABW,False,49,2025-08-15
LBR,False,10,2025-08-15
AGO,True,1049,2025-08-15
VUT,True,46,2025-08-15
GRD,True,46,2025-08-15
RWA,,933,2025-08-15
SLE,,230,2025-08-15
SVK,True,15652,2025-08-15
EGY,True,395,2025-08-15
VUT,False,215,2025-08-15
CUB,False,53,2025-08-15
MNE,,91671,2025-08-15
AUS,True,85282,2025-08-15
ROU,True,22944,2025-08-15
TKM,True,244,2025-08-15
AUT,,222039,2025-08-15
CPV,,928,2025-08-15
BDI,,612,2025-08-15
USA,,133380,2025-08-15
PHL,True,4771,2025-08-15
PSE,True,621,2025-08-15
LCA,True,59,2025-08-15
MAR,,17557,2025-08-15
MDG,,1111,2025-08-15
PYF,False,121,2025-08-15
SDN,,413,2025-08-15
PLW,False,1611,2025-08-15
IMN,False,1459,2025-08-15
GEO,,6954,2025-08-15
OMN,,791,2025-08-15
KEN,False,14354,2025-08-15
MNP,False,62,2025-08-15
BGR,False,3233,2025-08-15
MWI,True,120,2025-08-15
DOM,True,1061,2025-08-15
LCA,False,148,2025-08-15
AFG,True,69,2025-08-15
JPN,False,22670,2025-08-15
VCT,False,2146,2025-08-15
CIV,False,307,2025-08-15
KGZ,False,464,2025-08-15
VNM,,20049,2025-08-15
PAN,,1497,2025-08-15
ATG,True,445,2025-08-15
CIV,,2858,2025-08-15
CXR,,1448,2025-08-15
BLR,True,1830,2025-08-15
CUW,True,32,2025-08-15
ROU,False,15455,2025-08-15
IRQ,True,215,2025-08-15
KOR,,12311,2025-08-15
ALA,,673,2025-08-15
SWZ,False,187,2025-08-15
KGZ,True,480,2025-08-15
KIR,False,33,2025-08-15
LIE,,8211,2025-08-15
JEY,False,368,2025-08-15
SDN,False,121,2025-08-15
BDI,True,59,2025-08-15
MTQ,False,62,2025-08-15
CMR,False,412,2025-08-15
COL,False,256776,2025-08-15
ZAF,,233447,2025-08-15
LSO,,337,2025-08-15
BTN,,284,2025-08-15
NER,False,22,2025-08-15
ISR,,39429,2025-08-15
ARE,True,5160,2025-08-15
ZMB,True,234,2025-08-15
PRT,,95759,2025-08-15
FRA,False,117019,2025-08-15
ARG,True,39560,2025-08-15
OMN,True,217,2025-08-15
TUN,,3900,2025-08-15
NAM,,59,2025-08-15
EST,False,3775,2025-08-15
ALA,True,88,2025-08-15
SMR,,186,2025-08-15
MSR,,774,2025-08-15
CHE,False,58173,2025-08-15
JOR,True,624,2025-08-15
SXM,False,117,2025-08-15
NCL,False,315,2025-08-15
AND,False,183,2025-08-15
CRI,False,1190,2025-08-15
DZA,True,854,2025-08-15
GNQ,True,28,2025-08-15
IRN,,92315,2025-08-15
LTU,,34445,2025-08-15
GRL,,833,2025-08-15
PAK,False,2971,2025-08-15
ZWE,True,502,2025-08-15
CYP,,4032,2025-08-15
THA,True,6489,2025-08-15
PSE,False,281,2025-08-15
TWN,,30787,2025-08-15
IMN,,6726,2025-08-15
AND,True,182,2025-08-15
MYS,,40012,2025-08-15
ZWE,,6613,2025-08-15
CHL,,137561,2025-08-15
ASM,,2158,2025-08-15
NGA,False,12079,2025-08-15
MAC,,344,2025-08-15
PER,True,4922,2025-08-15
ECU,True,2426,2025-08-15
ZWE,False,592,2025-08-15
MUS,,1914,2025-08-15
FRA,True,72001,2025-08-15
VGB,False,133,2025-08-15
GRL,True,162,2025-08-15
COK,False,32,2025-08-15
SRB,True,3706,2025-08-15
NGA,True,1700,2025-08-15
SAU,False,2687,2025-08-15
CAN,,369824,2025-08-15
PER,False,6647,2025-08-15
WSM,False,1777,2025-08-15
POL,False,32796,2025-08-15
MDV,False,255,2025-08-15
SDN,True,65,2025-08-15
COL,,374309,2025-08-15
RUS,,255558,2025-08-15
AIA,,133804,2025-08-15
ISL,True,2050,2025-08-15
PAK,True,2626,2025-08-15
TUN,True,563,2025-08-15
HTI,True,47,2025-08-15
ROU,,164485,2025-08-15
KIR,,39,2025-08-15
GBR,True,134888,2025-08-15
BEL,True,29106,2025-08-15
BLR,False,858,2025-08-15
BRN,False,77,2025-08-15
YEM,False,12,2025-08-15
ARG,,141113,2025-08-15
MLT,True,532,2025-08-15
IRQ,False,280,2025-08-15
MAC,False,153,2025-08-15
BLZ,,2313,2025-08-15
DEU,False,192666,2025-08-15
ITA,False,63737,2025-08-15
BGD,False,1501,2025-08-15
CUW,False,63,2025-08-15
DNK,,108643,2025-08-15
SWZ,,140,2025-08-15
ESP,False,44202,2025-08-15
TCA,False,138,2025-08-15
BTN,False,38,2025-08-15
TTO,,297,2025-08-15
PRI,,167,2025-08-15
AUT,False,30656,2025-08-15
ESP,,326866,2025-08-15
MYS,False,9507,2025-08-15
CHN,True,8630,2025-08-15
CYM,False,813,2025-08-15
MAR,True,1491,2025-08-15
GUF,False,39,2025-08-15
NIC,False,387,2025-08-15
ZMB,False,325,2025-08-15
PAN,True,347,2025-08-15
KEN,,20262,2025-08-15
STP,True,245,2025-08-15
PRI,True,37,2025-08-15
LKA,,10583,2025-08-15
WSM,,4311,2025-08-15
MYT,,675,2025-08-15
ISR,True,5219,2025-08-15
HRV,False,4484,2025-08-15
ASM,False,1289,2025-08-15
MDV,,1161,2025-08-15
POL,True,244546,2025-08-15
JEY,True,191,2025-08-15
GIB,False,123,2025-08-15
VIR,False,50,2025-08-15
EST,,40419,2025-08-15
LBN,,459,2025-08-15
MNP,,89,2025-08-15
IRL,True,5993,2025-08-15
AGO,,5662,2025-08-15
KEN,True,2974,2025-08-15
TWN,True,6963,2025-08-15
SLB,,106,2025-08-15
IRL,,37071,2025-08-15
AIA,True,16097,2025-08-15
SRB,False,3568,2025-08-15
COD,True,88,2025-08-15
GHA,False,208,2025-08-15
BRB,True,62,2025-08-15
SWE,,117207,2025-08-15
CMR,True,156,2025-08-15
SHN,True,700,2025-08-15
UGA,True,452,2025-08-15
PNG,False,106,2025-08-15
TKM,False,142,2025-08-15
NGA,,34668,2025-08-15
GAB,,734,2025-08-15
TUR,True,21512,2025-08-15
TUV,True,2702,2025-08-15
KHM,False,211,2025-08-15
MNE,True,11903,2025-08-15
REU,False,1170,2025-08-15
GLP,False,104,2025-08-15
HND,,826,2025-08-15
HRV,True,3767,2025-08-15
SVN,,41840,2025-08-15
TON,False,998,2025-08-15
PYF,True,134,2025-08-15
GUM,,4,2025-08-15
MWI,False,129,2025-08-15
YEM,True,50,2025-08-15
SLV,,1281,2025-08-15
PYF,,326,2025-08-15
STP,False,467,2025-08-15
TCD,True,13,2025-08-15
ECU,,8872,2025-08-15
GRD,,239,2025-08-15
GLP,,149,2025-08-15
MTQ,,62,2025-08-15
ETH,False,95,2025-08-15
IMN,True,613,2025-08-15
SYC,False,267,2025-08-15
GRC,,124973,2025-08-15
SYR,,557,2025-08-15
SGS,False,271,2025-08-15
COD,False,157,2025-08-15
MSR,False,574,2025-08-15
BRB,False,76,2025-08-15
GIN,,243,2025-08-15
CCK,True,5538,2025-08-15
LBN,False,192,2025-08-15
COK,,85,2025-08-15
MDA,True,1302,2025-08-15
LBY,False,544,2025-08-15
BLZ,True,374,2025-08-15
SXM,,243,2025-08-15
FJI,False,274,2025-08-15
NER,True,48,2025-08-15
NZL,False,42669,2025-08-15
RUS,True,66063,2025-08-15
OMN,False,832,2025-08-15
NCL,True,396,2025-08-15
GMB,False,53,2025-08-15
QAT,False,1041,2025-08-15
LBY,True,261,2025-08-15
SGP,,26583,2025-08-15
PRT,False,15675,2025-08-15
HND,False,430,2025-08-15
MUS,False,791,2025-08-15
IND,,482409,2025-08-15
KAZ,,12677,2025-08-15
NLD,True,274835,2025-08-15
USA,False,65853,2025-08-15
HTI,False,185,2025-08-15
SPM,True,199,2025-08-15
BRA,False,93006,2025-08-15
LTU,False,4843,2025-08-15
GIN,True,12,2025-08-15
HKG,,17523,2025-08-15
NZL,True,16907,2025-08-15
PHL,False,5453,2025-08-15
LIE,True,846,2025-08-15
SGS,True,59,2025-08-15
TCD,,138,2025-08-15
KHM,,631,2025-08-15
MMR,,307,2025-08-15
DNK,False,97150,2025-08-15
TKL,False,473,2025-08-15
MMR,False,132,2025-08-15
TLS,False,77,2025-08-15
BEL,,248572,2025-08-15
MKD,,6679,2025-08-15
IRL,False,12110,2025-08-15
ALB,True,1159,2025-08-15
AZE,True,2473,2025-08-15
CHN,,22762,2025-08-15
IDN,,144760,2025-08-15
CUB,True,393,2025-08-15
MKD,True,1121,2025-08-15
PRI,False,347,2025-08-15
GGY,False,2707,2025-08-15
SLV,True,459,2025-08-15
BEN,True,98,2025-08-15
DEU,,2266119,2025-08-15
MDA,,7591,2025-08-15
DZA,,2663,2025-08-15
BGR,,12483,2025-08-15
UZB,,15310,2025-08-15
FLK,True,44,2025-08-15
MCO,,551,2025-08-15
NFK,,21,2025-08-15
BOL,False,958,2025-08-15
NPL,False,2126,2025-08-15
GUY,True,170,2025-08-15
VEN,True,737,2025-08-15
CIV,True,206,2025-08-15
JPN,,292910,2025-08-15
ESP,True,44989,2025-08-15
SYR,False,29,2025-08-15
SRB,,20189,2025-08-15
BHR,True,151,2025-08-15
,False,81703,2025-08-15
TZA,,7544,2025-08-15
BHS,False,164,2025-08-15
KGZ,,2520,2025-08-15
LAO,,3413,2025-08-15
PLW,,4141,2025-08-15
CHE,,556136,2025-08-15
JEY,,918,2025-08-15
CAN,False,158832,2025-08-15
CZE,,166534,2025-08-15
PHL,,11396,2025-08-15
IND,True,31050,2025-08-15
BWA,False,532,2025-08-15
NIU,False,7645,2025-08-15
ATG,False,1120,2025-08-15
ISL,,12092,2025-08-15
BEN,,672,2025-08-15
EGY,,1284,2025-08-15
SGS,,404,2025-08-15
VGB,,255,2025-08-15
CAF,False,213,2025-08-15
KOR,True,2966,2025-08-15
SSD,False,19,2025-08-15
PRY,True,1774,2025-08-15
ATF,,519,2025-08-15
COL,True,100755,2025-08-15
URY,False,2046,2025-08-15
FRO,False,661,2025-08-15
VNM,False,5309,2025-08-15
QAT,True,538,2025-08-15
NRU,True,3,2025-08-15
VIR,,37,2025-08-15
BHS,True,24,2025-08-15
BFA,False,27,2025-08-15
KNA,,32,2025-08-15
VIR,True,9,2025-08-15
VAT,False,5,2025-08-15
NAM,True,33,2025-08-15
COM,True,8,2025-08-15
SLE,False,73,2025-08-15
KIR,True,7,2025-08-15
TJK,True,119,2025-08-15
COK,True,8,2025-08-15
COM,False,4,2025-08-15
DMA,True,8,2025-08-15
DMA,False,53,2025-08-15
HMD,,25,2025-08-15
BFA,True,62,2025-08-15
GNB,False,12,2025-08-15
COM,,21,2025-08-15
MNP,True,14,2025-08-15
GNB,True,19,2025-08-15
LBR,True,6,2025-08-15
GLP,True,24,2025-08-15
MRT,True,31,2025-08-15
PCN,True,5,2025-08-15
LBR,,62,2025-08-15
NRU,False,33,2025-08-15
GUM,False,8,2025-08-15
MTQ,True,15,2025-08-15
TCD,False,27,2025-08-15
NRU,,19,2025-08-15
GUF,True,6,2025-08-15
ATA,False,12,2025-08-15
ATA,,9,2025-08-15
SSD,True,6,2025-08-15
KNA,True,3,2025-08-15
GIN,False,6,2025-08-15
BRA,True,142860,2025-09-15
THA,False,2731,2025-09-15
CCK,,48352,2025-09-15
NIU,,25749,2025-09-15
ZAF,False,66564,2025-09-15
SLB,True,102,2025-09-15
PSE,,1679,2025-09-15
HTI,,298,2025-09-15
NOR,True,69990,2025-09-15
CZE,False,29032,2025-09-15
CZE,True,35973,2025-09-15
IRN,True,21823,2025-09-15
SWE,True,21570,2025-09-15
GRL,False,401,2025-09-15
POL,,838417,2025-09-15
LVA,,15508,2025-09-15
BRB,,131,2025-09-15
BEL,False,74567,2025-09-15
WSM,True,1126,2025-09-15
ZMB,,740,2025-09-15
JAM,,235,2025-09-15
SVK,False,12106,2025-09-15
PRY,False,1210,2025-09-15
BRA,,851705,2025-09-15
SPM,,1021,2025-09-15
NLD,False,165404,2025-09-15
ARM,,4846,2025-09-15
SVN,False,4422,2025-09-15
LAO,True,572,2025-09-15
BDI,False,125,2025-09-15
COG,False,75,2025-09-15
MOZ,,2511,2025-09-15
BMU,False,348,2025-09-15
JOR,,569,2025-09-15
CUB,,333,2025-09-15
RUS,False,18866,2025-09-15
RWA,True,334,2025-09-15
DJI,True,31,2025-09-15
MNE,False,41313,2025-09-15
TUR,False,12949,2025-09-15
LSO,True,46,2025-09-15
SEN,False,254,2025-09-15
CCK,False,27414,2025-09-15
VGB,True,68,2025-09-15
WLF,True,45,2025-09-15
FRA,,725554,2025-09-15
SOM,,2175,2025-09-15
ABW,,42,2025-09-15
ARM,True,1946,2025-09-15
NPL,True,1766,2025-09-15
TCA,,320,2025-09-15
ECU,False,2492,2025-09-15
MDG,True,317,2025-09-15
FSM,,2069,2025-09-15
COD,,863,2025-09-15
BRN,,131,2025-09-15
ASM,True,170,2025-09-15
SLB,False,85,2025-09-15
URY,,14317,2025-09-15
BOL,,2350,2025-09-15
IND,False,233867,2025-09-15
AUS,False,244167,2025-09-15
HKG,True,6707,2025-09-15
LIE,False,1761,2025-09-15
EST,True,3830,2025-09-15
SHN,False,1576,2025-09-15
UZB,False,696,2025-09-15
HND,True,287,2025-09-15
VAT,True,80,2025-09-15
SXM,True,61,2025-09-15
LBY,,3448,2025-09-15
GIB,,382,2025-09-15
VAT,,73,2025-09-15
ISL,False,3439,2025-09-15
CPV,False,1150,2025-09-15
CXR,False,594,2025-09-15
ITA,True,66290,2025-09-15
BIH,False,1151,2025-09-15
CHN,False,37539,2025-09-15
IDN,True,19746,2025-09-15
LSO,False,121,2025-09-15
MOZ,False,387,2025-09-15
JPN,True,50733,2025-09-15
IRN,False,8729,2025-09-15
ETH,True,80,2025-09-15
AFG,False,173,2025-09-15
VEN,False,1055,2025-09-15
NFK,False,52,2025-09-15
GRD,False,138,2025-09-15
COG,True,28,2025-09-15
HMD,True,4,2025-09-15
ETH,,2592,2025-09-15
TJK,False,139,2025-09-15
KWT,False,318,2025-09-15
GEO,False,1242,2025-09-15
ATG,,2005,2025-09-15
REU,True,745,2025-09-15
GNQ,,123,2025-09-15
AGO,False,400,2025-09-15
LKA,True,2233,2025-09-15
ITA,,959169,2025-09-15
UKR,,34333,2025-09-15
BMU,True,188,2025-09-15
ABW,True,63,2025-09-15
SMR,True,47,2025-09-15
MCO,False,202,2025-09-15
GHA,,683,2025-09-15
CMR,,1678,2025-09-15
NOR,False,26749,2025-09-15
NER,,108,2025-09-15
TZA,True,1826,2025-09-15
BLZ,False,993,2025-09-15
JAM,True,78,2025-09-15
IOT,,150767,2025-09-15
SEN,,1476,2025-09-15
GTM,,941,2025-09-15
SGP,True,5260,2025-09-15
HUN,False,11429,2025-09-15
ARE,False,8042,2025-09-15
MLI,True,145,2025-09-15
GTM,True,147,2025-09-15
KNA,False,39,2025-09-15
GUF,,48,2025-09-15
KWT,True,186,2025-09-15
LCA,,682,2025-09-15
GUY,,726,2025-09-15
IOT,True,30137,2025-09-15
MUS,True,362,2025-09-15
TKL,True,224,2025-09-15
HRV,,45789,2025-09-15
VCT,,3950,2025-09-15
WLF,,244,2025-09-15
ZAF,True,32555,2025-09-15
SPM,False,322,2025-09-15
SHN,,3802,2025-09-15
GUY,False,165,2025-09-15
SLV,False,662,2025-09-15
MNG,False,377,2025-09-15
QAT,,2234,2025-09-15
PCN,,32,2025-09-15
KAZ,False,1251,2025-09-15
BHS,,97,2025-09-15
MAR,False,2299,2025-09-15
FRO,True,137,2025-09-15
GBR,,1134273,2025-09-15
MEX,False,45959,2025-09-15
BOL,True,653,2025-09-15
TZA,False,854,2025-09-15
MAC,True,197,2025-09-15
TLS,True,134,2025-09-15
IOT,False,71184,2025-09-15
SOM,True,459,2025-09-15
MNP,True,17,2025-09-15
PRY,,9069,2025-09-15
GMB,,232,2025-09-15
,,462607,2025-09-15
TTO,False,224,2025-09-15
GHA,True,136,2025-09-15
,True,72822,2025-09-15
ATF,False,166,2025-09-15
ARE,,34769,2025-09-15
KAZ,True,2934,2025-09-15
UGA,False,490,2025-09-15
TON,,2864,2025-09-15
FRO,,757,2025-09-15
URY,True,2952,2025-09-15
BIH,True,4421,2025-09-15
GEO,True,1743,2025-09-15
BWA,True,357,2025-09-15
NIU,True,1564,2025-09-15
LUX,True,2890,2025-09-15
MDG,False,286,2025-09-15
CRI,,2669,2025-09-15
GAB,True,70,2025-09-15
JOR,False,479,2025-09-15
TJK,,419,2025-09-15
BMU,,493,2025-09-15
LKA,False,1832,2025-09-15
NAM,False,50,2025-09-15
MYT,False,132,2025-09-15
MMR,True,310,2025-09-15
SYC,True,143,2025-09-15
SMR,False,85,2025-09-15
MDA,False,919,2025-09-15
SUR,True,86,2025-09-15
HMD,False,22,2025-09-15
GBR,False,443703,2025-09-15
TON,True,526,2025-09-15
LVA,True,3657,2025-09-15
DZA,False,272,2025-09-15
MLI,False,256,2025-09-15
NPL,,11048,2025-09-15
CRI,True,877,2025-09-15
SWZ,True,35,2025-09-15
ARM,False,1447,2025-09-15
BRN,True,135,2025-09-15
UGA,,1839,2025-09-15
VUT,,463,2025-09-15
AZE,,7441,2025-09-15
BGR,True,3277,2025-09-15
GNQ,False,64,2025-09-15
AUS,,535282,2025-09-15
MLI,,658,2025-09-15
FLK,,32,2025-09-15
FSM,False,963,2025-09-15
JAM,False,146,2025-09-15
MLT,,2484,2025-09-15
GMB,True,21,2025-09-15
MEX,,161708,2025-09-15
TKL,,1125,2025-09-15
UKR,True,9762,2025-09-15
GRC,False,12924,2025-09-15
LBN,True,143,2025-09-15
MCO,True,128,2025-09-15
FLK,False,4,2025-09-15
AFG,,1224,2025-09-15
BGD,,7967,2025-09-15
PNG,,613,2025-09-15
DMA,,50,2025-09-15
WLF,False,79,2025-09-15
BEN,False,55,2025-09-15
CHE,True,33481,2025-09-15
YEM,,84,2025-09-15
AIA,False,111661,2025-09-15
IDN,False,13074,2025-09-15
LVA,False,4746,2025-09-15
MRT,False,42,2025-09-15
BLR,,12411,2025-09-15
MNG,,2401,2025-09-15
DEU,True,199894,2025-09-15
ALA,False,187,2025-09-15
CXR,True,373,2025-09-15
SVK,,66169,2025-09-15
SYC,,373,2025-09-15
ARG,False,15061,2025-09-15
LTU,True,4371,2025-09-15
AZE,False,1418,2025-09-15
NIC,True,294,2025-09-15
STP,,1371,2025-09-15
KOR,False,5558,2025-09-15
COG,,363,2025-09-15
FSM,True,302,2025-09-15
CYM,True,259,2025-09-15
HUN,,165148,2025-09-15
REU,,6464,2025-09-15
TKM,,333,2025-09-15
SVN,True,5686,2025-09-15
NZL,,92822,2025-09-15
TCA,True,82,2025-09-15
USA,True,17623,2025-09-15
THA,,14821,2025-09-15
DJI,,291,2025-09-15
DNK,True,20192,2025-09-15
GGY,True,809,2025-09-15
CYP,False,1211,2025-09-15
NOR,,175562,2025-09-15
IRQ,,2029,2025-09-15
MOZ,True,524,2025-09-15
VEN,,3009,2025-09-15
FIN,False,16039,2025-09-15
CHL,False,18102,2025-09-15
SAU,True,4572,2025-09-15
GTM,False,289,2025-09-15
GAB,False,188,2025-09-15
PCN,False,45,2025-09-15
TUV,,23377,2025-09-15
SOM,False,542,2025-09-15
SYR,True,101,2025-09-15
TLS,,187,2025-09-15
GNB,,112,2025-09-15
EGY,False,513,2025-09-15
FIN,,67479,2025-09-15
SAU,,12587,2025-09-15
BWA,,1660,2025-09-15
GRC,True,14984,2025-09-15
ALB,False,1197,2025-09-15
MLT,False,1195,2025-09-15
CUW,,170,2025-09-15
BFA,,421,2025-09-15
FIN,True,11096,2025-09-15
HUN,True,24666,2025-09-15
CAF,True,65,2025-09-15
CAN,True,47310,2025-09-15
LAO,False,1941,2025-09-15
RWA,False,228,2025-09-15
DOM,,4260,2025-09-15
PRT,True,14018,2025-09-15
TGO,,583,2025-09-15
ALB,,7114,2025-09-15
SUR,False,150,2025-09-15
TGO,False,99,2025-09-15
TGO,True,68,2025-09-15
CYP,True,866,2025-09-15
BHR,,539,2025-09-15
AUT,True,20424,2025-09-15
TWN,False,9785,2025-09-15
PLW,True,679,2025-09-15
NIC,,440,2025-09-15
CHL,True,53848,2025-09-15
SEN,True,164,2025-09-15
MEX,True,17915,2025-09-15
DOM,False,1680,2025-09-15
MNG,True,340,2025-09-15
KHM,True,232,2025-09-15
SWE,False,43390,2025-09-15
GIB,True,115,2025-09-15
SSD,,85,2025-09-15
FJI,True,143,2025-09-15
GGY,,5778,2025-09-15
SUR,,508,2025-09-15
PNG,True,241,2025-09-15
SGP,False,10347,2025-09-15
MSR,True,133,2025-09-15
BIH,,6817,2025-09-15
UZB,True,1216,2025-09-15
ISR,False,7050,2025-09-15
TTO,True,107,2025-09-15
ATF,True,97,2025-09-15
KWT,,568,2025-09-15
UKR,False,6263,2025-09-15
TUN,False,965,2025-09-15
MWI,,258,2025-09-15
MDV,True,262,2025-09-15
FJI,,334,2025-09-15
CPV,True,113,2025-09-15
AND,,812,2025-09-15
MRT,,311,2025-09-15
PER,,25516,2025-09-15
CAF,,387,2025-09-15
MYS,True,10613,2025-09-15
LUX,False,4280,2025-09-15
MYT,True,55,2025-09-15
NLD,,1804038,2025-09-15
BGD,True,827,2025-09-15
SLE,True,56,2025-09-15
BTN,True,143,2025-09-15
PAK,,27898,2025-09-15
PAN,False,906,2025-09-15
DJI,False,58,2025-09-15
LUX,,13976,2025-09-15
VCT,True,735,2025-09-15
VNM,True,6878,2025-09-15
TUR,,143079,2025-09-15
NCL,,1213,2025-09-15
CYM,,1113,2025-09-15
TUV,False,11565,2025-09-15
MKD,False,1101,2025-09-15
BHR,False,399,2025-09-15
HKG,False,6938,2025-09-15
LBR,False,14,2025-09-15
ABW,False,49,2025-09-15
AGO,True,1048,2025-09-15
VUT,True,74,2025-09-15
GRD,True,49,2025-09-15
SLE,,256,2025-09-15
RWA,,993,2025-09-15
SVK,True,16016,2025-09-15
EGY,True,412,2025-09-15
VUT,False,318,2025-09-15
CUB,False,51,2025-09-15
MNE,,97511,2025-09-15
AUS,True,87043,2025-09-15
ROU,True,23250,2025-09-15
TKM,True,246,2025-09-15
AUT,,226120,2025-09-15
CPV,,871,2025-09-15
BDI,,616,2025-09-15
USA,,142985,2025-09-15
PHL,True,4833,2025-09-15
PSE,True,627,2025-09-15
LCA,True,60,2025-09-15
MAR,,19193,2025-09-15
MDG,,1151,2025-09-15
PYF,False,124,2025-09-15
SDN,,420,2025-09-15
IMN,False,1483,2025-09-15
PLW,False,1655,2025-09-15
OMN,,834,2025-09-15
GEO,,7267,2025-09-15
KEN,False,14445,2025-09-15
BGR,False,3299,2025-09-15
DOM,True,1094,2025-09-15
MWI,True,122,2025-09-15
MNP,False,62,2025-09-15
LCA,False,157,2025-09-15
AFG,True,71,2025-09-15
JPN,False,23199,2025-09-15
VCT,False,2406,2025-09-15
KGZ,False,500,2025-09-15
CIV,False,315,2025-09-15
VNM,,20611,2025-09-15
PAN,,1566,2025-09-15
ATG,True,457,2025-09-15
CIV,,2937,2025-09-15
CXR,,1469,2025-09-15
BLR,True,1858,2025-09-15
CUW,True,33,2025-09-15
ROU,False,15645,2025-09-15
IRQ,True,220,2025-09-15
KOR,,12982,2025-09-15
ALA,,689,2025-09-15
SWZ,False,148,2025-09-15
KGZ,True,494,2025-09-15
KIR,False,33,2025-09-15
LIE,,8396,2025-09-15
BDI,True,61,2025-09-15
JEY,False,375,2025-09-15
SDN,False,120,2025-09-15
MTQ,False,64,2025-09-15
CMR,False,419,2025-09-15
COL,False,273525,2025-09-15
ZAF,,241190,2025-09-15
LSO,,355,2025-09-15
BTN,,291,2025-09-15
NER,False,23,2025-09-15
ISR,,40403,2025-09-15
ARE,True,5354,2025-09-15
ZMB,True,231,2025-09-15
PRT,,97779,2025-09-15
FRA,False,120967,2025-09-15
ARG,True,39830,2025-09-15
OMN,True,234,2025-09-15
TUN,,4012,2025-09-15
NAM,,58,2025-09-15
EST,False,3842,2025-09-15
ALA,True,91,2025-09-15
MSR,,802,2025-09-15
SMR,,188,2025-09-15
CHE,False,60545,2025-09-15
JOR,True,604,2025-09-15
AND,False,189,2025-09-15
NCL,False,324,2025-09-15
SXM,False,117,2025-09-15
DZA,True,858,2025-09-15
CRI,False,1211,2025-09-15
GNQ,True,29,2025-09-15
IRN,,98255,2025-09-15
LTU,,35311,2025-09-15
GRL,,836,2025-09-15
PAK,False,3065,2025-09-15
ZWE,True,536,2025-09-15
CYP,,4161,2025-09-15
THA,True,6618,2025-09-15
PSE,False,286,2025-09-15
IMN,,6527,2025-09-15
TWN,,32235,2025-09-15
AND,True,184,2025-09-15
MYS,,41706,2025-09-15
ZWE,,7407,2025-09-15
CHL,,143399,2025-09-15
ASM,,2173,2025-09-15
NGA,False,12029,2025-09-15
MAC,,353,2025-09-15
PER,True,5084,2025-09-15
ECU,True,2491,2025-09-15
ZWE,False,615,2025-09-15
MUS,,1997,2025-09-15
FRA,True,74180,2025-09-15
GRL,True,161,2025-09-15
COK,False,32,2025-09-15
VGB,False,134,2025-09-15
SRB,True,3785,2025-09-15
SAU,False,2749,2025-09-15
NGA,True,1751,2025-09-15
CAN,,397497,2025-09-15
PER,False,7055,2025-09-15
WSM,False,1907,2025-09-15
POL,False,33921,2025-09-15
MDV,False,272,2025-09-15
SDN,True,67,2025-09-15
RUS,,262612,2025-09-15
COL,,408109,2025-09-15
AIA,,157925,2025-09-15
TUN,True,586,2025-09-15
PAK,True,2710,2025-09-15
ISL,True,2094,2025-09-15
HTI,True,49,2025-09-15
ROU,,167283,2025-09-15
KIR,,40,2025-09-15
BEL,True,29613,2025-09-15
GBR,True,137574,2025-09-15
BLR,False,869,2025-09-15
BRN,False,76,2025-09-15
YEM,False,13,2025-09-15
ARG,,153049,2025-09-15
MLT,True,551,2025-09-15
IRQ,False,290,2025-09-15
MAC,False,162,2025-09-15
BLZ,,2368,2025-09-15
ITA,False,66094,2025-09-15
BGD,False,1440,2025-09-15
DEU,False,200573,2025-09-15
CUW,False,62,2025-09-15
DNK,,112005,2025-09-15
SWZ,,147,2025-09-15
ESP,False,46609,2025-09-15
TCA,False,141,2025-09-15
BTN,False,38,2025-09-15
PRI,,171,2025-09-15
TTO,,296,2025-09-15
AUT,False,32092,2025-09-15
ESP,,333270,2025-09-15
MYS,False,9707,2025-09-15
CHN,True,8789,2025-09-15
MAR,True,1549,2025-09-15
CYM,False,897,2025-09-15
GUF,False,41,2025-09-15
NIC,False,411,2025-09-15
ZMB,False,337,2025-09-15
PAN,True,368,2025-09-15
KEN,,21729,2025-09-15
STP,True,257,2025-09-15
PRI,True,37,2025-09-15
LKA,,11417,2025-09-15
MYT,,709,2025-09-15
WSM,,4349,2025-09-15
ISR,True,5421,2025-09-15
ASM,False,1312,2025-09-15
HRV,False,4583,2025-09-15
MDV,,1187,2025-09-15
POL,True,247914,2025-09-15
JEY,True,197,2025-09-15
GIB,False,123,2025-09-15
EST,,41096,2025-09-15
LBN,,465,2025-09-15
MNP,,89,2025-09-15
IRL,True,6163,2025-09-15
AGO,,5843,2025-09-15
TWN,True,7128,2025-09-15
KEN,True,3046,2025-09-15
SLB,,108,2025-09-15
IRL,,38102,2025-09-15
AIA,True,17282,2025-09-15
BRB,True,64,2025-09-15
SRB,False,3600,2025-09-15
GHA,False,215,2025-09-15
COD,True,95,2025-09-15
SWE,,139617,2025-09-15
CMR,True,158,2025-09-15
SHN,True,726,2025-09-15
UGA,True,451,2025-09-15
PNG,False,107,2025-09-15
TKM,False,143,2025-09-15
NGA,,37087,2025-09-15
GAB,,758,2025-09-15
MNE,True,12182,2025-09-15
TUR,True,21810,2025-09-15
REU,False,1189,2025-09-15
TUV,True,2738,2025-09-15
KHM,False,223,2025-09-15
GLP,False,107,2025-09-15
HND,,850,2025-09-15
HRV,True,3841,2025-09-15
SVN,,42602,2025-09-15
TON,False,1007,2025-09-15
PYF,True,144,2025-09-15
GUM,,4,2025-09-15
YEM,True,48,2025-09-15
MWI,False,131,2025-09-15
SLV,,1356,2025-09-15
PYF,,336,2025-09-15
STP,False,476,2025-09-15
TCD,True,13,2025-09-15
ECU,,9210,2025-09-15
GRD,,250,2025-09-15
GLP,,150,2025-09-15
MTQ,,63,2025-09-15
ETH,False,99,2025-09-15
IMN,True,629,2025-09-15
SYC,False,273,2025-09-15
GRC,,127378,2025-09-15
SYR,,525,2025-09-15
MSR,False,600,2025-09-15
COD,False,160,2025-09-15
SGS,False,309,2025-09-15
BRB,False,79,2025-09-15
GIN,,252,2025-09-15
CCK,True,5768,2025-09-15
LBN,False,196,2025-09-15
COK,,85,2025-09-15
LBY,False,561,2025-09-15
MDA,True,1325,2025-09-15
BLZ,True,378,2025-09-15
SXM,,241,2025-09-15
NER,True,50,2025-09-15
FJI,False,275,2025-09-15
NZL,False,44578,2025-09-15
RUS,True,67140,2025-09-15
OMN,False,839,2025-09-15
QAT,False,1059,2025-09-15
NCL,True,413,2025-09-15
LBY,True,263,2025-09-15
GMB,False,54,2025-09-15
SGP,,27444,2025-09-15
PRT,False,15808,2025-09-15
HND,False,443,2025-09-15
MUS,False,809,2025-09-15
IND,,529239,2025-09-15
KAZ,,12867,2025-09-15
NLD,True,276682,2025-09-15
USA,False,74713,2025-09-15
HTI,False,189,2025-09-15
SPM,True,204,2025-09-15
BRA,False,100832,2025-09-15
LTU,False,4939,2025-09-15
GIN,True,12,2025-09-15
HKG,,17992,2025-09-15
NZL,True,17211,2025-09-15
PHL,False,6023,2025-09-15
LIE,True,870,2025-09-15
SGS,True,60,2025-09-15
KHM,,692,2025-09-15
MMR,,322,2025-09-15
TCD,,148,2025-09-15
DNK,False,98650,2025-09-15
MMR,False,133,2025-09-15
TKL,False,478,2025-09-15
TLS,False,76,2025-09-15
BEL,,253789,2025-09-15
MKD,,6922,2025-09-15
IRL,False,12355,2025-09-15
ALB,True,1173,2025-09-15
AZE,True,2510,2025-09-15
IDN,,164513,2025-09-15
CHN,,23459,2025-09-15
CUB,True,384,2025-09-15
GGY,False,2916,2025-09-15
SLV,True,475,2025-09-15
PRI,False,353,2025-09-15
MKD,True,1140,2025-09-15
BEN,True,109,2025-09-15
DEU,,2319051,2025-09-15
MDA,,7767,2025-09-15
DZA,,2840,2025-09-15
UZB,,16213,2025-09-15
BGR,,13153,2025-09-15
FLK,True,44,2025-09-15
MCO,,558,2025-09-15
NFK,,21,2025-09-15
NPL,False,2174,2025-09-15
GUY,True,169,2025-09-15
BOL,False,980,2025-09-15
VEN,True,735,2025-09-15
CIV,True,212,2025-09-15
JPN,,298904,2025-09-15
ESP,True,45525,2025-09-15
SYR,False,32,2025-09-15
SRB,,21111,2025-09-15
BHR,True,154,2025-09-15
,False,85558,2025-09-15
TZA,,8122,2025-09-15
BHS,False,162,2025-09-15
KGZ,,2603,2025-09-15
PLW,,4319,2025-09-15
LAO,,3639,2025-09-15
CHE,,566495,2025-09-15
JEY,,944,2025-09-15
CAN,False,178813,2025-09-15
CZE,,169320,2025-09-15
PHL,,12105,2025-09-15
IND,True,32167,2025-09-15
BWA,False,543,2025-09-15
NIU,False,7682,2025-09-15
ATG,False,1192,2025-09-15
ISL,,12371,2025-09-15
EGY,,1339,2025-09-15
BEN,,690,2025-09-15
VGB,,260,2025-09-15
SGS,,445,2025-09-15
KOR,True,3101,2025-09-15
CAF,False,212,2025-09-15
SSD,False,21,2025-09-15
PRY,True,1811,2025-09-15
ATF,,522,2025-09-15
COL,True,105604,2025-09-15
VNM,False,5408,2025-09-15
FRO,False,674,2025-09-15
QAT,True,550,2025-09-15
URY,False,2098,2025-09-15
NRU,True,3,2025-09-15
VIR,,41,2025-09-15
BHS,True,25,2025-09-15
BFA,False,26,2025-09-15
KNA,,32,2025-09-15
VIR,True,11,2025-09-15
VAT,False,5,2025-09-15
NAM,True,27,2025-09-15
COM,True,8,2025-09-15
SLE,False,76,2025-09-15
KIR,True,9,2025-09-15
TJK,True,122,2025-09-15
VIR,False,53,2025-09-15
COK,True,8,2025-09-15
COM,False,4,2025-09-15
DMA,True,8,2025-09-15
DMA,False,55,2025-09-15
HMD,,26,2025-09-15
BFA,True,61,2025-09-15
GNB,False,12,2025-09-15
COM,,21,2025-09-15
GNB,True,16,2025-09-15
LBR,True,7,2025-09-15
GLP,True,24,2025-09-15
MRT,True,32,2025-09-15
LBR,,65,2025-09-15
NRU,False,33,2025-09-15
GUM,False,8,2025-09-15
MTQ,True,15,2025-09-15
NFK,True,2,2025-09-15
TCD,False,27,2025-09-15
KNA,True,3,2025-09-15
GIN,False,6,2025-09-15
SSD,True,6,2025-09-15
GUF,True,6,2025-09-15
PCN,True,4,2025-09-15
NRU,,19,2025-09-15
ATA,False,12,2025-09-15
ATA,,9,2025-09-15
BRA,True,144097,2025-10-09
THA,False,2772,2025-10-09
CCK,,49658,2025-10-09
NIU,,25912,2025-10-09
ZAF,False,69762,2025-10-09
SLB,True,105,2025-10-09
PSE,,1714,2025-10-09
HTI,,297,2025-10-09
CZE,True,36661,2025-10-09
IRN,True,21874,2025-10-09
CZE,False,29536,2025-10-09
SWE,True,21999,2025-10-09
NOR,True,70176,2025-10-09
GRL,False,399,2025-10-09
POL,,846386,2025-10-09
LVA,,16013,2025-10-09
BRB,,133,2025-10-09
BEL,False,75514,2025-10-09
GUF,True,6,2025-10-09
WSM,True,1099,2025-10-09
ZMB,,752,2025-10-09
JAM,,242,2025-10-09
SVK,False,12225,2025-10-09
PRY,False,1221,2025-10-09
BRA,,867812,2025-10-09
SPM,,1045,2025-10-09
NLD,False,166346,2025-10-09
ARM,,5010,2025-10-09
SVN,False,4485,2025-10-09
LAO,True,584,2025-10-09
BDI,False,125,2025-10-09
COG,False,75,2025-10-09
BFA,True,64,2025-10-09
MOZ,,2647,2025-10-09
BMU,False,364,2025-10-09
JOR,,584,2025-10-09
CUB,,334,2025-10-09
RUS,False,18995,2025-10-09
RWA,True,340,2025-10-09
TUR,False,13208,2025-10-09
MNE,False,44048,2025-10-09
LSO,True,46,2025-10-09
SEN,False,255,2025-10-09
CCK,False,28269,2025-10-09
VGB,True,68,2025-10-09
WLF,True,46,2025-10-09
FRA,,734126,2025-10-09
SOM,,2268,2025-10-09
ABW,,43,2025-10-09
ARM,True,1948,2025-10-09
NPL,True,1763,2025-10-09
TCA,,329,2025-10-09
ECU,False,2533,2025-10-09
MDG,True,325,2025-10-09
FSM,,2129,2025-10-09
COD,,927,2025-10-09
BRN,,135,2025-10-09
SLB,False,83,2025-10-09
ASM,True,170,2025-10-09
BOL,,2422,2025-10-09
URY,,15068,2025-10-09
IND,False,258191,2025-10-09
AUS,False,256243,2025-10-09
HKG,True,6797,2025-10-09
LIE,False,1795,2025-10-09
EST,True,3866,2025-10-09
UZB,False,703,2025-10-09
SHN,False,1640,2025-10-09
VAT,True,107,2025-10-09
HND,True,284,2025-10-09
SXM,True,61,2025-10-09
LBY,,3524,2025-10-09
GIB,,389,2025-10-09
VAT,,98,2025-10-09
ISL,False,3486,2025-10-09
CPV,False,1156,2025-10-09
CXR,False,601,2025-10-09
CHN,False,37785,2025-10-09
ITA,True,67086,2025-10-09
IDN,True,22267,2025-10-09
MOZ,False,390,2025-10-09
BIH,False,1160,2025-10-09
LSO,False,121,2025-10-09
JPN,True,51535,2025-10-09
IRN,False,8909,2025-10-09
ETH,True,80,2025-10-09
AFG,False,175,2025-10-09
VEN,False,1070,2025-10-09
GRD,False,135,2025-10-09
COG,True,30,2025-10-09
NFK,False,52,2025-10-09
NRU,True,3,2025-10-09
ETH,,2654,2025-10-09
GEO,False,1267,2025-10-09
KWT,False,322,2025-10-09
TJK,False,139,2025-10-09
GNB,False,12,2025-10-09
ATG,,2058,2025-10-09
REU,True,760,2025-10-09
GNQ,,128,2025-10-09
AGO,False,408,2025-10-09
LKA,True,2311,2025-10-09
ITA,,968121,2025-10-09
UKR,,34952,2025-10-09
MCO,False,207,2025-10-09
ABW,True,150,2025-10-09
SMR,True,48,2025-10-09
BMU,True,190,2025-10-09
GHA,,721,2025-10-09
CMR,,1721,2025-10-09
NOR,False,27164,2025-10-09
VIR,,43,2025-10-09
NER,,113,2025-10-09
BLZ,False,1038,2025-10-09
TZA,True,1831,2025-10-09
JAM,True,78,2025-10-09
IOT,,156930,2025-10-09
GTM,,971,2025-10-09
SEN,,1501,2025-10-09
ARE,False,8202,2025-10-09
HUN,False,11755,2025-10-09
SGP,True,5334,2025-10-09
GTM,True,149,2025-10-09
MLI,True,145,2025-10-09
KWT,True,190,2025-10-09
LCA,,650,2025-10-09
GUY,,734,2025-10-09
COM,,24,2025-10-09
IOT,True,30865,2025-10-09
MUS,True,366,2025-10-09
TKL,True,224,2025-10-09
BHS,True,27,2025-10-09
VCT,,4101,2025-10-09
HRV,,46438,2025-10-09
WLF,,248,2025-10-09
ZAF,True,33084,2025-10-09
SPM,False,326,2025-10-09
SHN,,3922,2025-10-09
SLV,False,695,2025-10-09
GUY,False,172,2025-10-09
MNG,False,382,2025-10-09
QAT,,2318,2025-10-09
PCN,,32,2025-10-09
KAZ,False,1255,2025-10-09
BHS,,101,2025-10-09
MAR,False,2334,2025-10-09
FRO,True,132,2025-10-09
GBR,,1180712,2025-10-09
MEX,False,48995,2025-10-09
TZA,False,850,2025-10-09
BOL,True,668,2025-10-09
MAC,True,197,2025-10-09
TLS,True,122,2025-10-09
IOT,False,75111,2025-10-09
SOM,True,468,2025-10-09
PRY,,9256,2025-10-09
GMB,,242,2025-10-09
,,478047,2025-10-09
TTO,False,227,2025-10-09
GHA,True,139,2025-10-09
,True,75548,2025-10-09
ATF,False,166,2025-10-09
ARE,,36569,2025-10-09
KAZ,True,3003,2025-10-09
UGA,False,501,2025-10-09
TON,,2945,2025-10-09
FRO,,757,2025-10-09
BIH,True,4391,2025-10-09
BWA,True,366,2025-10-09
URY,True,2967,2025-10-09
GEO,True,1766,2025-10-09
LUX,True,2940,2025-10-09
NIU,True,1595,2025-10-09
MDG,False,294,2025-10-09
CRI,,2715,2025-10-09
GAB,True,75,2025-10-09
JOR,False,481,2025-10-09
BFA,False,26,2025-10-09
TJK,,421,2025-10-09
BMU,,511,2025-10-09
MMR,True,310,2025-10-09
LKA,False,1831,2025-10-09
SYC,True,148,2025-10-09
MYT,False,142,2025-10-09
SMR,False,84,2025-10-09
NAM,False,47,2025-10-09
MDA,False,924,2025-10-09
SUR,True,91,2025-10-09
HMD,False,23,2025-10-09
GBR,False,472828,2025-10-09
TON,True,537,2025-10-09
LVA,True,3734,2025-10-09
DZA,False,275,2025-10-09
MLI,False,255,2025-10-09
NPL,,11237,2025-10-09
CRI,True,899,2025-10-09
SWZ,True,38,2025-10-09
ARM,False,1491,2025-10-09
BRN,True,137,2025-10-09
UGA,,1919,2025-10-09
VUT,,483,2025-10-09
AZE,,7611,2025-10-09
BGR,True,3327,2025-10-09
GNQ,False,65,2025-10-09
AUS,,552882,2025-10-09
MLI,,666,2025-10-09
JAM,False,148,2025-10-09
FSM,False,1003,2025-10-09
MLT,,2531,2025-10-09
KNA,,32,2025-10-09
MEX,,167733,2025-10-09
TKL,,1135,2025-10-09
UKR,True,9853,2025-10-09
GRC,False,13121,2025-10-09
LBN,True,146,2025-10-09
MCO,True,129,2025-10-09
AFG,,1252,2025-10-09
BGD,,8315,2025-10-09
PNG,,620,2025-10-09
DMA,,50,2025-10-09
BEN,False,56,2025-10-09
WLF,False,81,2025-10-09
CHE,True,33426,2025-10-09
YEM,,88,2025-10-09
AIA,False,123953,2025-10-09
IDN,False,13571,2025-10-09
LVA,False,4863,2025-10-09
MRT,False,44,2025-10-09
BLR,,12799,2025-10-09
MNG,,2417,2025-10-09
DEU,True,202623,2025-10-09
CXR,True,378,2025-10-09
ALA,False,187,2025-10-09
SVK,,66786,2025-10-09
SYC,,389,2025-10-09
ARG,False,15249,2025-10-09
AZE,False,1448,2025-10-09
LTU,True,4476,2025-10-09
NIC,True,298,2025-10-09
STP,,1397,2025-10-09
KOR,False,5685,2025-10-09
VIR,True,11,2025-10-09
COG,,371,2025-10-09
FSM,True,306,2025-10-09
CYM,True,268,2025-10-09
HUN,,167809,2025-10-09
REU,,6554,2025-10-09
TKM,,336,2025-10-09
SVN,True,5809,2025-10-09
NZL,,94883,2025-10-09
TCA,True,84,2025-10-09
USA,True,17671,2025-10-09
THA,,15063,2025-10-09
DJI,,291,2025-10-09
DNK,True,20498,2025-10-09
GGY,True,823,2025-10-09
CYP,False,1237,2025-10-09
NOR,,177996,2025-10-09
IRQ,,2110,2025-10-09
MOZ,True,545,2025-10-09
VEN,,3102,2025-10-09
CHL,False,18616,2025-10-09
FIN,False,16203,2025-10-09
SAU,True,4779,2025-10-09
GTM,False,290,2025-10-09
GAB,False,190,2025-10-09
PCN,False,45,2025-10-09
TUV,,24060,2025-10-09
SOM,False,552,2025-10-09
SYR,True,99,2025-10-09
TLS,,194,2025-10-09
GNB,,114,2025-10-09
EGY,False,511,2025-10-09
SAU,,13158,2025-10-09
FIN,,69064,2025-10-09
BWA,,1707,2025-10-09
ALB,False,1236,2025-10-09
GRC,True,15216,2025-10-09
MLT,False,1215,2025-10-09
GNB,True,16,2025-10-09
CUW,,171,2025-10-09
BFA,,424,2025-10-09
FIN,True,11265,2025-10-09
HUN,True,24816,2025-10-09
CAF,True,66,2025-10-09
CAN,True,48250,2025-10-09
LAO,False,2080,2025-10-09
RWA,False,237,2025-10-09
DOM,,4368,2025-10-09
PRT,True,14257,2025-10-09
ALB,,7253,2025-10-09
TGO,,580,2025-10-09
CYP,True,883,2025-10-09
SUR,False,152,2025-10-09
TGO,False,101,2025-10-09
TGO,True,65,2025-10-09
BHR,,551,2025-10-09
AUT,True,20754,2025-10-09
TWN,False,10389,2025-10-09
PLW,True,690,2025-10-09
NIC,,450,2025-10-09
CHL,True,54016,2025-10-09
MEX,True,18321,2025-10-09
KHM,True,234,2025-10-09
DOM,False,1699,2025-10-09
MNG,True,349,2025-10-09
SEN,True,171,2025-10-09
SWE,False,44188,2025-10-09
GIB,True,116,2025-10-09
SSD,,94,2025-10-09
FJI,True,147,2025-10-09
GGY,,5981,2025-10-09
SUR,,519,2025-10-09
PNG,True,247,2025-10-09
NAM,True,32,2025-10-09
SGP,False,10611,2025-10-09
MSR,True,131,2025-10-09
BIH,,7078,2025-10-09
UZB,True,1268,2025-10-09
ISR,False,7047,2025-10-09
ATF,True,97,2025-10-09
TTO,True,117,2025-10-09
KWT,,577,2025-10-09
TUN,False,1634,2025-10-09
UKR,False,6385,2025-10-09
MWI,,270,2025-10-09
MDV,True,264,2025-10-09
FJI,,346,2025-10-09
CPV,True,117,2025-10-09
AND,,837,2025-10-09
MRT,,331,2025-10-09
GLP,True,23,2025-10-09
PER,,26603,2025-10-09
CAF,,391,2025-10-09
MYS,True,10648,2025-10-09
LUX,False,4374,2025-10-09
MYT,True,58,2025-10-09
NLD,,1809224,2025-10-09
BGD,True,875,2025-10-09
BTN,True,152,2025-10-09
SLE,True,56,2025-10-09
PAK,,29483,2025-10-09
PAN,False,921,2025-10-09
LUX,,14212,2025-10-09
VNM,True,7041,2025-10-09
VCT,True,743,2025-10-09
TUR,,144971,2025-10-09
CYM,,1176,2025-10-09
NCL,,1232,2025-10-09
TUV,False,12254,2025-10-09
MKD,False,1125,2025-10-09
BHR,False,410,2025-10-09
HKG,False,7002,2025-10-09
ABW,False,49,2025-10-09
LBR,False,15,2025-10-09
VUT,True,73,2025-10-09
AGO,True,1084,2025-10-09
MRT,True,32,2025-10-09
GRD,True,48,2025-10-09
RWA,,1073,2025-10-09
SLE,,258,2025-10-09
SVK,True,16424,2025-10-09
EGY,True,425,2025-10-09
VUT,False,337,2025-10-09
CUB,False,52,2025-10-09
MNE,,101109,2025-10-09
AUS,True,88548,2025-10-09
ROU,True,23578,2025-10-09
TKM,True,248,2025-10-09
AUT,,228774,2025-10-09
CPV,,906,2025-10-09
BDI,,597,2025-10-09
USA,,144248,2025-10-09
PHL,True,4908,2025-10-09
PSE,True,636,2025-10-09
LCA,True,62,2025-10-09
MAR,,20118,2025-10-09
MDG,,1164,2025-10-09
PYF,False,125,2025-10-09
SDN,,440,2025-10-09
IMN,False,1492,2025-10-09
PLW,False,1727,2025-10-09
GEO,,7541,2025-10-09
OMN,,871,2025-10-09
KEN,False,14643,2025-10-09
DOM,True,1122,2025-10-09
BGR,False,3338,2025-10-09
LCA,False,159,2025-10-09
MWI,True,124,2025-10-09
MNP,False,60,2025-10-09
JPN,False,23519,2025-10-09
VCT,False,2558,2025-10-09
CIV,False,316,2025-10-09
KGZ,False,533,2025-10-09
VNM,,21297,2025-10-09
PAN,,1598,2025-10-09
ATG,True,460,2025-10-09
PCN,True,4,2025-10-09
CIV,,3008,2025-10-09
CXR,,1495,2025-10-09
BLR,True,1898,2025-10-09
LBR,,64,2025-10-09
ROU,False,15884,2025-10-09
IRQ,True,226,2025-10-09
KOR,,13333,2025-10-09
ALA,,696,2025-10-09
SWZ,False,193,2025-10-09
KGZ,True,523,2025-10-09
TCD,False,27,2025-10-09
KIR,False,33,2025-10-09
LIE,,8508,2025-10-09
SDN,False,120,2025-10-09
JEY,False,377,2025-10-09
MTQ,False,65,2025-10-09
BDI,True,63,2025-10-09
CMR,False,421,2025-10-09
SLE,False,75,2025-10-09
COL,False,280427,2025-10-09
ZAF,,245846,2025-10-09
BTN,,297,2025-10-09
LSO,,365,2025-10-09
NER,False,24,2025-10-09
ISR,,40618,2025-10-09
ARE,True,5578,2025-10-09
ZMB,True,234,2025-10-09
PRT,,99483,2025-10-09
FRA,False,124500,2025-10-09
ARG,True,40002,2025-10-09
OMN,True,255,2025-10-09
TUN,,4654,2025-10-09
NAM,,63,2025-10-09
EST,False,3934,2025-10-09
TJK,True,126,2025-10-09
ALA,True,88,2025-10-09
MSR,,844,2025-10-09
SMR,,191,2025-10-09
CHE,False,61928,2025-10-09
JOR,True,606,2025-10-09
AND,False,195,2025-10-09
SXM,False,116,2025-10-09
NCL,False,332,2025-10-09
CRI,False,1224,2025-10-09
DZA,True,869,2025-10-09
GNQ,True,31,2025-10-09
IRN,,102218,2025-10-09
LTU,,35994,2025-10-09
GRL,,839,2025-10-09
ZWE,True,551,2025-10-09
PAK,False,3141,2025-10-09
CYP,,4241,2025-10-09
PSE,False,288,2025-10-09
THA,True,6713,2025-10-09
TWN,,32866,2025-10-09
IMN,,6373,2025-10-09
AND,True,204,2025-10-09
MYS,,42826,2025-10-09
ZWE,,7739,2025-10-09
NRU,False,33,2025-10-09
CHL,,146038,2025-10-09
ASM,,2181,2025-10-09
NGA,False,12131,2025-10-09
MAC,,360,2025-10-09
PER,True,5191,2025-10-09
ECU,True,2526,2025-10-09
ZWE,False,686,2025-10-09
MUS,,2033,2025-10-09
FRA,True,75865,2025-10-09
VGB,False,140,2025-10-09
GRL,True,160,2025-10-09
COK,False,32,2025-10-09
SRB,True,3834,2025-10-09
NGA,True,1799,2025-10-09
SAU,False,2831,2025-10-09
CAN,,413644,2025-10-09
PER,False,7360,2025-10-09
WSM,False,1965,2025-10-09
POL,False,34799,2025-10-09
SDN,True,72,2025-10-09
MDV,False,275,2025-10-09
COL,,425654,2025-10-09
RUS,,271540,2025-10-09
AIA,,173290,2025-10-09
PAK,True,2725,2025-10-09
ISL,True,2150,2025-10-09
TUN,True,606,2025-10-09
HTI,True,48,2025-10-09
ROU,,169831,2025-10-09
GBR,True,139485,2025-10-09
BEL,True,30092,2025-10-09
BLR,False,877,2025-10-09
BRN,False,76,2025-10-09
YEM,False,13,2025-10-09
ARG,,156979,2025-10-09
MLT,True,568,2025-10-09
IRQ,False,288,2025-10-09
MAC,False,160,2025-10-09
BLZ,,2415,2025-10-09
DEU,False,208324,2025-10-09
ITA,False,68042,2025-10-09
BGD,False,1409,2025-10-09
CUW,False,66,2025-10-09
DNK,,113356,2025-10-09
SWZ,,146,2025-10-09
ESP,False,48584,2025-10-09
TCA,False,149,2025-10-09
BTN,False,38,2025-10-09
TTO,,310,2025-10-09
PRI,,180,2025-10-09
AUT,False,32348,2025-10-09
ESP,,337514,2025-10-09
MYS,False,9763,2025-10-09
CHN,True,9071,2025-10-09
CYM,False,956,2025-10-09
MAR,True,1590,2025-10-09
NIC,False,405,2025-10-09
ZMB,False,341,2025-10-09
PAN,True,369,2025-10-09
KEN,,23009,2025-10-09
STP,True,261,2025-10-09
PRI,True,39,2025-10-09
LKA,,12032,2025-10-09
MYT,,731,2025-10-09
WSM,,4338,2025-10-09
ISR,True,5460,2025-10-09
HRV,False,4667,2025-10-09
ASM,False,1303,2025-10-09
MDV,,1221,2025-10-09
POL,True,250752,2025-10-09
JEY,True,197,2025-10-09
VIR,False,54,2025-10-09
GIB,False,126,2025-10-09
EST,,41518,2025-10-09
LBN,,480,2025-10-09
MNP,,85,2025-10-09
IRL,True,6300,2025-10-09
AGO,,5980,2025-10-09
KEN,True,3098,2025-10-09
TWN,True,7309,2025-10-09
SLB,,106,2025-10-09
IRL,,39075,2025-10-09
SRB,False,3650,2025-10-09
AIA,True,18231,2025-10-09
COK,True,8,2025-10-09
COD,True,101,2025-10-09
GHA,False,218,2025-10-09
BRB,True,66,2025-10-09
SWE,,142563,2025-10-09
CMR,True,164,2025-10-09
UGA,True,458,2025-10-09
PNG,False,107,2025-10-09
SHN,True,748,2025-10-09
TKM,False,144,2025-10-09
NGA,,38880,2025-10-09
GAB,,774,2025-10-09
TUR,True,21815,2025-10-09
TUV,True,2782,2025-10-09
REU,False,1217,2025-10-09
MNE,True,12310,2025-10-09
KHM,False,222,2025-10-09
GLP,False,105,2025-10-09
HND,,858,2025-10-09
HRV,True,3940,2025-10-09
SVN,,43346,2025-10-09
TON,False,1034,2025-10-09
PYF,True,144,2025-10-09
NRU,,19,2025-10-09
MWI,False,131,2025-10-09
YEM,True,49,2025-10-09
SLV,,1407,2025-10-09
PYF,,340,2025-10-09
STP,False,487,2025-10-09
ECU,,9503,2025-10-09
GRD,,249,2025-10-09
MTQ,,64,2025-10-09
GLP,,151,2025-10-09
ETH,False,102,2025-10-09
IMN,True,642,2025-10-09
SYC,False,275,2025-10-09
GRC,,130044,2025-10-09
SYR,,588,2025-10-09
MSR,False,637,2025-10-09
SGS,False,331,2025-10-09
COD,False,159,2025-10-09
BRB,False,80,2025-10-09
DMA,False,55,2025-10-09
GIN,,251,2025-10-09
CCK,True,6041,2025-10-09
LBN,False,204,2025-10-09
COK,,85,2025-10-09
MDA,True,1347,2025-10-09
BLZ,True,385,2025-10-09
LBY,False,563,2025-10-09
SXM,,244,2025-10-09
FJI,False,274,2025-10-09
NER,True,52,2025-10-09
RUS,True,68269,2025-10-09
NZL,False,45939,2025-10-09
OMN,False,835,2025-10-09
QAT,False,1072,2025-10-09
NCL,True,420,2025-10-09
LBY,True,266,2025-10-09
GMB,False,56,2025-10-09
SGP,,28067,2025-10-09
PRT,False,16048,2025-10-09
MUS,False,833,2025-10-09
HND,False,451,2025-10-09
IND,,561022,2025-10-09
KAZ,,12997,2025-10-09
NLD,True,277694,2025-10-09
USA,False,76502,2025-10-09
SPM,True,209,2025-10-09
HTI,False,194,2025-10-09
BRA,False,104713,2025-10-09
LTU,False,4997,2025-10-09
HKG,,18280,2025-10-09
NZL,True,17552,2025-10-09
PHL,False,6220,2025-10-09
LIE,True,904,2025-10-09
SGS,True,63,2025-10-09
TCD,,156,2025-10-09
MMR,,325,2025-10-09
KHM,,718,2025-10-09
DNK,False,97687,2025-10-09
TKL,False,481,2025-10-09
MMR,False,134,2025-10-09
TLS,False,78,2025-10-09
BEL,,264940,2025-10-09
MKD,,7146,2025-10-09
IRL,False,12486,2025-10-09
AZE,True,2557,2025-10-09
ALB,True,1172,2025-10-09
IDN,,169083,2025-10-09
CHN,,24014,2025-10-09
CUB,True,385,2025-10-09
MKD,True,1146,2025-10-09
GGY,False,3043,2025-10-09
PRI,False,352,2025-10-09
BEN,True,114,2025-10-09
SLV,True,488,2025-10-09
DEU,,2344038,2025-10-09
MDA,,7897,2025-10-09
DZA,,2907,2025-10-09
UZB,,16863,2025-10-09
BGR,,13724,2025-10-09
FLK,True,44,2025-10-09
MCO,,568,2025-10-09
NFK,,21,2025-10-09
BOL,False,986,2025-10-09
GUY,True,168,2025-10-09
NPL,False,2198,2025-10-09
CIV,True,223,2025-10-09
VEN,True,751,2025-10-09
JPN,,301999,2025-10-09
ESP,True,46012,2025-10-09
SYR,False,33,2025-10-09
SRB,,22030,2025-10-09
BHR,True,158,2025-10-09
,False,88239,2025-10-09
TZA,,7646,2025-10-09
BHS,False,162,2025-10-09
PLW,,4500,2025-10-09
LAO,,3806,2025-10-09
KGZ,,2702,2025-10-09
CHE,,574246,2025-10-09
JEY,,955,2025-10-09
CAN,False,191263,2025-10-09
CZE,,171846,2025-10-09
PHL,,12444,2025-10-09
IND,True,33298,2025-10-09
BWA,False,545,2025-10-09
NIU,False,7726,2025-10-09
ATG,False,1233,2025-10-09
ISL,,12579,2025-10-09
SGS,,466,2025-10-09
EGY,,1401,2025-10-09
VGB,,271,2025-10-09
BEN,,711,2025-10-09
KOR,True,3191,2025-10-09
CAF,False,216,2025-10-09
SSD,False,21,2025-10-09
HMD,,28,2025-10-09
PRY,True,1848,2025-10-09
ATF,,530,2025-10-09
QAT,True,564,2025-10-09
COL,True,116152,2025-10-09
URY,False,2131,2025-10-09
VNM,False,5463,2025-10-09
FRO,False,663,2025-10-09
DJI,True,32,2025-10-09
KNA,False,39,2025-10-09
GUF,,48,2025-10-09
MNP,True,19,2025-10-09
FLK,,32,2025-10-09
GMB,True,21,2025-10-09
DJI,False,59,2025-10-09
COM,True,8,2025-10-09
CUW,True,34,2025-10-09
KIR,,41,2025-10-09
GUF,False,42,2025-10-09
GUM,False,8,2025-10-09
COM,False,4,2025-10-09
MTQ,True,16,2025-10-09
AFG,True,73,2025-10-09
KIR,True,9,2025-10-09
TCD,True,13,2025-10-09
ATA,False,12,2025-10-09
GIN,False,6,2025-10-09
DMA,True,8,2025-10-09
ATA,,9,2025-10-09
VAT,False,5,2025-10-09
GIN,True,12,2025-10-09
LBR,True,7,2025-10-09
KNA,True,3,2025-10-09
GUM,,4,2025-10-09
SSD,True,5,2025-10-09
HMD,True,4,2025-10-09
FLK,False,4,2025-10-09
NFK,True,2,2025-10-09
