country,policy,count,timestamp
NGA,quarantine,27,2024-02-15
UGA,none,29,2024-02-15
NGA,reject,17,2024-02-15
UKR,none,815,2024-02-15
CHN,none,91,2024-02-15
ITA,none,33,2024-02-15
DZA,quarantine,8,2024-02-15
NZL,quarantine,47,2024-02-15
SWE,quarantine,77,2024-02-15
SLE,none,42,2024-02-15
KAZ,none,18,2024-02-15
ISL,none,22,2024-02-15
PAN,quarantine,8,2024-02-15
NOR,none,148,2024-02-15
POL,quarantine,92,2024-02-15
DOM,reject,67,2024-02-15
GBR,quarantine,430,2024-02-15
IDN,quarantine,170,2024-02-15
POL,none,159,2024-02-15
IDN,none,355,2024-02-15
KEN,quarantine,191,2024-02-15
BOL,quarantine,38,2024-02-15
ECU,reject,97,2024-02-15
PER,none,218,2024-02-15
EGY,quarantine,30,2024-02-15
ESP,none,14,2024-02-15
THA,reject,56,2024-02-15
RWA,quarantine,87,2024-02-15
TUR,reject,43,2024-02-15
CHE,none,254,2024-02-15
PRT,reject,37,2024-02-15
FJI,none,5,2024-02-15
BRN,reject,2,2024-02-15
GBR,reject,900,2024-02-15
IND,none,136,2024-02-15
EGY,none,25,2024-02-15
NOR,quarantine,100,2024-02-15
IRN,reject,16,2024-02-15
CHE,quarantine,156,2024-02-15
SAU,reject,146,2024-02-15
BHR,none,7,2024-02-15
CHN,reject,1,2024-02-15
AUT,none,104,2024-02-15
GEO,none,76,2024-02-15
SLV,reject,23,2024-02-15
DNK,quarantine,28,2024-02-15
MOZ,none,85,2024-02-15
LKA,quarantine,6,2024-02-15
SAU,none,106,2024-02-15
MEX,quarantine,140,2024-02-15
MAR,quarantine,10,2024-02-15
VEN,quarantine,53,2024-02-15
MDV,reject,5,2024-02-15
MNG,reject,244,2024-02-15
NLD,none,56,2024-02-15
AUT,quarantine,19,2024-02-15
QAT,none,14,2024-02-15
VEN,none,58,2024-02-15
DMA,quarantine,1,2024-02-15
LVA,reject,94,2024-02-15
TTO,none,19,2024-02-15
MYS,reject,26,2024-02-15
BLR,quarantine,3,2024-02-15
HKG,quarantine,168,2024-02-15
FIN,none,129,2024-02-15
IRQ,none,34,2024-02-15
KGZ,quarantine,10,2024-02-15
JPN,quarantine,26,2024-02-15
GUY,quarantine,90,2024-02-15
LUX,none,32,2024-02-15
IND,quarantine,426,2024-02-15
PRY,reject,18,2024-02-15
CRI,none,51,2024-02-15
UKR,reject,81,2024-02-15
SSD,none,4,2024-02-15
PER,reject,49,2024-02-15
WSM,quarantine,10,2024-02-15
COK,none,7,2024-02-15
GBR,none,813,2024-02-15
BHR,quarantine,5,2024-02-15
TWN,reject,18,2024-02-15
BRA,none,246,2024-02-15
ECU,quarantine,105,2024-02-15
BRN,quarantine,59,2024-02-15
DOM,quarantine,42,2024-02-15
ISR,none,89,2024-02-15
ISR,reject,2,2024-02-15
TLS,none,57,2024-02-15
PRT,none,125,2024-02-15
GIN,none,98,2024-02-15
SOM,none,3,2024-02-15
UKR,quarantine,105,2024-02-15
SLB,none,34,2024-02-15
HKG,none,8,2024-02-15
BLZ,quarantine,49,2024-02-15
JOR,none,10,2024-02-15
NZL,none,271,2024-02-15
THA,none,692,2024-02-15
DNK,reject,83,2024-02-15
MMR,quarantine,57,2024-02-15
VNM,none,45,2024-02-15
NGA,none,68,2024-02-15
JPN,none,119,2024-02-15
LVA,none,19,2024-02-15
SRB,none,10,2024-02-15
URY,reject,39,2024-02-15
PHL,none,181,2024-02-15
PER,quarantine,79,2024-02-15
MNE,quarantine,63,2024-02-15
MLI,quarantine,5,2024-02-15
VEN,reject,45,2024-02-15
PHL,quarantine,55,2024-02-15
LKA,none,17,2024-02-15
CHL,none,49,2024-02-15
SWE,reject,100,2024-02-15
HND,quarantine,10,2024-02-15
MOZ,reject,5,2024-02-15
MKD,reject,5,2024-02-15
LAO,reject,7,2024-02-15
TWN,none,44,2024-02-15
NZL,reject,106,2024-02-15
MDV,quarantine,22,2024-02-15
PNG,none,48,2024-02-15
KHM,quarantine,9,2024-02-15
PRT,quarantine,57,2024-02-15
NLD,quarantine,132,2024-02-15
PHL,reject,21,2024-02-15
GIN,quarantine,11,2024-02-15
BRA,reject,33,2024-02-15
FJI,quarantine,45,2024-02-15
TUR,quarantine,569,2024-02-15
BRA,quarantine,153,2024-02-15
LBN,none,15,2024-02-15
MDV,none,117,2024-02-15
PRY,none,120,2024-02-15
MYS,quarantine,232,2024-02-15
ZAF,reject,31,2024-02-15
URY,none,32,2024-02-15
NPL,quarantine,398,2024-02-15
GRC,none,49,2024-02-15
NLD,reject,168,2024-02-15
MYS,none,125,2024-02-15
KWT,reject,10,2024-02-15
SAU,quarantine,47,2024-02-15
PNG,quarantine,32,2024-02-15
ZAF,none,65,2024-02-15
BLR,reject,114,2024-02-15
IDN,reject,160,2024-02-15
NIC,quarantine,30,2024-02-15
SGP,reject,250,2024-02-15
JOR,quarantine,229,2024-02-15
KHM,none,37,2024-02-15
MAR,reject,8,2024-02-15
GRC,quarantine,8,2024-02-15
FIN,reject,12,2024-02-15
THA,quarantine,1507,2024-02-15
MMR,none,11,2024-02-15
UGA,quarantine,132,2024-02-15
JPN,reject,3,2024-02-15
MWI,none,52,2024-02-15
JAM,reject,13,2024-02-15
HKG,reject,276,2024-02-15
JAM,none,24,2024-02-15
PSE,quarantine,19,2024-02-15
PAK,quarantine,24,2024-02-15
SDN,quarantine,10,2024-02-15
CRI,reject,33,2024-02-15
PAN,reject,7,2024-02-15
ECU,none,178,2024-02-15
POL,reject,124,2024-02-15
MEX,none,552,2024-02-15
TUR,none,291,2024-02-15
BHS,none,3,2024-02-15
LAO,quarantine,5,2024-02-15
NOR,reject,211,2024-02-15
SWE,none,184,2024-02-15
MEX,reject,86,2024-02-15
KEN,none,38,2024-02-15
IRL,none,9,2024-02-15
ETH,none,328,2024-02-15
SLV,quarantine,75,2024-02-15
MAR,none,45,2024-02-15
MDG,reject,32,2024-02-15
IND,reject,1867,2024-02-15
TZA,none,663,2024-02-15
GHA,quarantine,15,2024-02-15
DOM,none,161,2024-02-15
GRC,reject,6,2024-02-15
KOR,none,45,2024-02-15
URY,quarantine,25,2024-02-15
BOL,reject,59,2024-02-15
HTI,none,10,2024-02-15
SLV,none,19,2024-02-15
ETH,quarantine,13,2024-02-15
IRN,none,6,2024-02-15
DZA,none,5,2024-02-15
TKM,reject,5,2024-02-15
CHL,reject,19,2024-02-15
OMN,reject,48,2024-02-15
SGP,none,14,2024-02-15
TZA,quarantine,4,2024-02-15
MKD,none,43,2024-02-15
CMR,none,22,2024-02-15
PAK,reject,17,2024-02-15
OMN,none,32,2024-02-15
PAK,none,61,2024-02-15
CYP,none,7,2024-02-15
RWA,none,16,2024-02-15
SDN,none,17,2024-02-15
VNM,reject,25,2024-02-15
CHN,quarantine,11,2024-02-15
JAM,quarantine,16,2024-02-15
KNA,none,1,2024-02-15
KGZ,none,18,2024-02-15
IRQ,reject,39,2024-02-15
NRU,none,2,2024-02-15
TTO,quarantine,9,2024-02-15
BOL,none,40,2024-02-15
DEU,none,12,2024-02-15
OMN,quarantine,10,2024-02-15
TON,none,13,2024-02-15
CHL,quarantine,32,2024-02-15
ZMB,none,6,2024-02-15
ZAF,quarantine,21,2024-02-15
PRY,quarantine,55,2024-02-15
LVA,quarantine,18,2024-02-15
LBN,reject,3,2024-02-15
MRT,none,23,2024-02-15
HND,none,21,2024-02-15
KHM,reject,53,2024-02-15
GIB,none,17,2024-02-15
DZA,reject,24,2024-02-15
ESP,quarantine,13,2024-02-15
BTN,reject,50,2024-02-15
CHE,reject,27,2024-02-15
CZE,none,32,2024-02-15
EGY,reject,6,2024-02-15
YEM,reject,6,2024-02-15
BHR,reject,6,2024-02-15
LKA,reject,21,2024-02-15
MMR,reject,22,2024-02-15
SYC,none,33,2024-02-15
,none,8,2024-02-15
KWT,quarantine,23,2024-02-15
CMR,reject,1,2024-02-15
KWT,none,14,2024-02-15
PCN,none,1,2024-02-15
QAT,reject,22,2024-02-15
KIR,none,2,2024-02-15
PRI,none,2,2024-02-15
GEO,quarantine,14,2024-02-15
NIC,none,13,2024-02-15
FLK,reject,4,2024-02-15
GHA,none,7,2024-02-15
TKM,none,6,2024-02-15
TUN,quarantine,3,2024-02-15
LBN,quarantine,5,2024-02-15
CZE,reject,15,2024-02-15
GUY,invalid,1,2024-02-15
LAO,none,17,2024-02-15
PNG,reject,6,2024-02-15
FIN,quarantine,20,2024-02-15
MNG,quarantine,3,2024-02-15
CRI,quarantine,37,2024-02-15
IRN,quarantine,3,2024-02-15
CZE,quarantine,27,2024-02-15
MAC,none,12,2024-02-15
MOZ,quarantine,15,2024-02-15
ESP,reject,11,2024-02-15
VNM,quarantine,21,2024-02-15
KAZ,quarantine,7,2024-02-15
MMR,invalid,1,2024-02-15
EGY,invalid,1,2024-02-15
AUT,reject,9,2024-02-15
IRQ,quarantine,15,2024-02-15
SRB,quarantine,3,2024-02-15
SYR,none,2,2024-02-15
DEU,reject,5,2024-02-15
TLS,quarantine,6,2024-02-15
CMR,quarantine,4,2024-02-15
TON,reject,6,2024-02-15
GIN,reject,1,2024-02-15
ISL,quarantine,2,2024-02-15
MLT,none,1,2024-02-15
LUX,reject,3,2024-02-15
LTU,none,3,2024-02-15
GRL,none,3,2024-02-15
CIV,reject,2,2024-02-15
MDG,quarantine,5,2024-02-15
SLE,quarantine,4,2024-02-15
YEM,none,4,2024-02-15
TWN,quarantine,20,2024-02-15
TUN,none,3,2024-02-15
QAT,quarantine,21,2024-02-15
ITA,quarantine,13,2024-02-15
GHA,reject,4,2024-02-15
BHS,reject,2,2024-02-15
ETH,reject,5,2024-02-15
CIV,none,7,2024-02-15
HND,reject,6,2024-02-15
BRN,none,1,2024-02-15
GEO,reject,13,2024-02-15
KEN,reject,5,2024-02-15
SLE,reject,2,2024-02-15
CIV,quarantine,10,2024-02-15
ZWE,reject,3,2024-02-15
ITA,reject,10,2024-02-15
TON,quarantine,7,2024-02-15
GUY,none,13,2024-02-15
SGP,quarantine,2,2024-02-15
IRL,reject,10,2024-02-15
NPL,none,6,2024-02-15
PSE,none,3,2024-02-15
CAN,none,7,2024-02-15
LBR,none,3,2024-02-15
LBY,quarantine,2,2024-02-15
MKD,quarantine,11,2024-02-15
MNG,none,4,2024-02-15
KAZ,invalid,1,2024-02-15
MDG,none,5,2024-02-15
SVN,none,1,2024-02-15
COM,none,1,2024-02-15
NIC,reject,16,2024-02-15
LBY,none,7,2024-02-15
ISR,quarantine,2,2024-02-15
HTI,quarantine,3,2024-02-15
SLV,invalid,1,2024-02-15
KAZ,reject,2,2024-02-15
BLR,none,3,2024-02-15
IRL,quarantine,3,2024-02-15
MDA,reject,1,2024-02-15
SHN,quarantine,3,2024-02-15
BTN,none,3,2024-02-15
LCA,quarantine,1,2024-02-15
COM,reject,6,2024-02-15
PAN,none,6,2024-02-15
UKR,invalid,1,2024-02-15
DNK,none,6,2024-02-15
UGA,reject,3,2024-02-15
ISL,reject,3,2024-02-15
,quarantine,2,2024-02-15
KIR,quarantine,2,2024-02-15
TWN,invalid,3,2024-02-15
SYR,quarantine,3,2024-02-15
WSM,none,6,2024-02-15
KOR,quarantine,3,2024-02-15
ZMB,reject,2,2024-02-15
DMA,none,2,2024-02-15
NPL,reject,2,2024-02-15
SRB,reject,4,2024-02-15
LCA,reject,1,2024-02-15
RWA,reject,4,2024-02-15
MCO,none,1,2024-02-15
SYC,reject,1,2024-02-15
EST,reject,1,2024-02-15
CYP,quarantine,1,2024-02-15
CUB,reject,1,2024-02-15
KIR,reject,1,2024-02-15
HUN,none,1,2024-02-15
LBR,quarantine,1,2024-02-15
LTU,quarantine,2,2024-02-15
COM,quarantine,1,2024-02-15
RUS,reject,2,2024-02-15
COG,quarantine,1,2024-02-15
BRA,invalid,1,2024-02-15
CAN,quarantine,2,2024-02-15
JOR,reject,2,2024-02-15
MRT,quarantine,1,2024-02-15
TLS,reject,2,2024-02-15
SWZ,none,1,2024-02-15
LTU,reject,1,2024-02-15
GRD,none,1,2024-02-15
NER,reject,1,2024-02-15
BTN,quarantine,1,2024-02-15
KGZ,reject,1,2024-02-15
,reject,2,2024-02-15
SDN,reject,1,2024-02-15
SEN,none,1,2024-02-15
CPV,none,1,2024-02-15
NAM,quarantine,1,2024-02-15
SLB,reject,1,2024-02-15
IDN,invalid,1,2024-02-15
PCN,invalid,1,2024-02-15
BMU,none,1,2024-02-15
RUS,none,1,2024-02-15
FRA,none,1,2024-02-15
LUX,quarantine,1,2024-02-15
MWI,quarantine,1,2024-02-15
LIE,none,1,2024-02-15
TTO,reject,1,2024-02-15
MAC,quarantine,1,2024-02-15
BEN,reject,1,2024-02-15
ROU,none,1,2024-02-15
NGA,quarantine,27,2024-03-15
UGA,none,28,2024-03-15
NGA,reject,17,2024-03-15
UKR,none,835,2024-03-15
URY,quarantine,26,2024-03-15
CHN,none,92,2024-03-15
ITA,none,34,2024-03-15
DZA,quarantine,8,2024-03-15
NZL,quarantine,47,2024-03-15
KAZ,none,20,2024-03-15
SWE,quarantine,80,2024-03-15
SLE,none,43,2024-03-15
ISL,none,23,2024-03-15
PAN,quarantine,8,2024-03-15
NOR,none,170,2024-03-15
POL,quarantine,99,2024-03-15
DOM,reject,67,2024-03-15
GBR,quarantine,437,2024-03-15
IDN,quarantine,169,2024-03-15
POL,none,159,2024-03-15
IDN,none,355,2024-03-15
KEN,quarantine,201,2024-03-15
BOL,quarantine,38,2024-03-15
ECU,reject,98,2024-03-15
PER,none,213,2024-03-15
EGY,quarantine,33,2024-03-15
ESP,none,16,2024-03-15
THA,reject,57,2024-03-15
RWA,quarantine,87,2024-03-15
TUR,reject,44,2024-03-15
CHE,none,242,2024-03-15
PRT,reject,38,2024-03-15
FJI,none,5,2024-03-15
BRN,reject,2,2024-03-15
GBR,reject,914,2024-03-15
IND,none,139,2024-03-15
EGY,none,26,2024-03-15
NOR,quarantine,103,2024-03-15
IRN,reject,16,2024-03-15
CHE,quarantine,170,2024-03-15
SAU,reject,150,2024-03-15
BHR,none,7,2024-03-15
CHN,reject,1,2024-03-15
AUT,none,110,2024-03-15
GEO,none,78,2024-03-15
SLV,reject,23,2024-03-15
DNK,quarantine,30,2024-03-15
MOZ,none,83,2024-03-15
LKA,quarantine,6,2024-03-15
MEX,quarantine,145,2024-03-15
SAU,none,104,2024-03-15
MAR,quarantine,12,2024-03-15
VEN,quarantine,55,2024-03-15
MDV,reject,5,2024-03-15
MNG,reject,250,2024-03-15
NLD,none,51,2024-03-15
AUT,quarantine,19,2024-03-15
QAT,none,15,2024-03-15
VEN,none,63,2024-03-15
DMA,quarantine,1,2024-03-15
LVA,reject,96,2024-03-15
TTO,none,18,2024-03-15
MYS,reject,29,2024-03-15
BLR,quarantine,3,2024-03-15
HKG,quarantine,168,2024-03-15
FIN,none,141,2024-03-15
IRQ,none,34,2024-03-15
KGZ,quarantine,12,2024-03-15
JPN,quarantine,29,2024-03-15
GUY,quarantine,90,2024-03-15
LUX,none,35,2024-03-15
IND,quarantine,425,2024-03-15
PRY,reject,17,2024-03-15
CRI,none,52,2024-03-15
UKR,reject,83,2024-03-15
SSD,none,5,2024-03-15
PER,reject,56,2024-03-15
WSM,quarantine,10,2024-03-15
COK,none,7,2024-03-15
GBR,none,942,2024-03-15
BHR,quarantine,5,2024-03-15
TWN,reject,19,2024-03-15
BRA,none,261,2024-03-15
ECU,quarantine,107,2024-03-15
BRN,quarantine,59,2024-03-15
DOM,quarantine,42,2024-03-15
ISR,none,89,2024-03-15
ISR,reject,2,2024-03-15
TLS,none,61,2024-03-15
PRT,none,124,2024-03-15
GIN,none,99,2024-03-15
SOM,none,2,2024-03-15
UKR,quarantine,107,2024-03-15
SLB,none,34,2024-03-15
HKG,none,10,2024-03-15
BLZ,quarantine,49,2024-03-15
JOR,none,10,2024-03-15
NZL,none,283,2024-03-15
THA,none,689,2024-03-15
DNK,reject,83,2024-03-15
MMR,quarantine,56,2024-03-15
VNM,none,44,2024-03-15
NGA,none,69,2024-03-15
JPN,none,126,2024-03-15
LVA,none,20,2024-03-15
SRB,none,9,2024-03-15
URY,reject,41,2024-03-15
PHL,none,185,2024-03-15
PER,quarantine,85,2024-03-15
MNE,quarantine,63,2024-03-15
MLI,quarantine,5,2024-03-15
VEN,reject,48,2024-03-15
PHL,quarantine,55,2024-03-15
LKA,none,17,2024-03-15
CHL,none,47,2024-03-15
SWE,reject,105,2024-03-15
HND,quarantine,10,2024-03-15
MOZ,reject,9,2024-03-15
MKD,reject,5,2024-03-15
LAO,reject,7,2024-03-15
TWN,none,46,2024-03-15
NZL,reject,108,2024-03-15
MDV,quarantine,22,2024-03-15
PNG,none,47,2024-03-15
KHM,quarantine,9,2024-03-15
PRT,quarantine,60,2024-03-15
NLD,quarantine,128,2024-03-15
PHL,reject,20,2024-03-15
GIN,quarantine,10,2024-03-15
BRA,reject,35,2024-03-15
FJI,quarantine,46,2024-03-15
TUR,quarantine,578,2024-03-15
BRA,quarantine,208,2024-03-15
LBN,none,15,2024-03-15
MDV,none,119,2024-03-15
PRY,none,118,2024-03-15
MYS,quarantine,237,2024-03-15
ZAF,reject,34,2024-03-15
URY,none,32,2024-03-15
NPL,quarantine,370,2024-03-15
GRC,none,58,2024-03-15
NLD,reject,165,2024-03-15
MYS,none,125,2024-03-15
KWT,reject,10,2024-03-15
SAU,quarantine,48,2024-03-15
PNG,quarantine,31,2024-03-15
ZAF,none,67,2024-03-15
BLR,reject,116,2024-03-15
IDN,reject,154,2024-03-15
NIC,quarantine,30,2024-03-15
SGP,reject,249,2024-03-15
JOR,quarantine,230,2024-03-15
KHM,none,37,2024-03-15
MAR,reject,9,2024-03-15
GRC,quarantine,8,2024-03-15
FIN,reject,12,2024-03-15
THA,quarantine,1512,2024-03-15
MMR,none,13,2024-03-15
UGA,quarantine,135,2024-03-15
JPN,reject,4,2024-03-15
MWI,none,48,2024-03-15
JAM,reject,14,2024-03-15
HKG,reject,281,2024-03-15
JAM,none,26,2024-03-15
PSE,quarantine,18,2024-03-15
PAK,quarantine,24,2024-03-15
SDN,quarantine,10,2024-03-15
CRI,reject,32,2024-03-15
PAN,reject,7,2024-03-15
ECU,none,180,2024-03-15
POL,reject,133,2024-03-15
MEX,none,554,2024-03-15
TUR,none,298,2024-03-15
BHS,none,3,2024-03-15
LAO,quarantine,4,2024-03-15
NOR,reject,215,2024-03-15
SWE,none,184,2024-03-15
MEX,reject,87,2024-03-15
KEN,none,40,2024-03-15
CRI,quarantine,53,2024-03-15
IRL,none,12,2024-03-15
ETH,none,352,2024-03-15
SLV,quarantine,76,2024-03-15
MAR,none,46,2024-03-15
CHE,reject,115,2024-03-15
MDG,reject,33,2024-03-15
IND,reject,1876,2024-03-15
TZA,none,663,2024-03-15
GHA,quarantine,15,2024-03-15
DOM,none,164,2024-03-15
GRC,reject,6,2024-03-15
KOR,none,50,2024-03-15
BOL,reject,59,2024-03-15
HTI,none,8,2024-03-15
SLV,none,20,2024-03-15
ETH,quarantine,12,2024-03-15
IRN,none,6,2024-03-15
DZA,none,4,2024-03-15
TKM,reject,6,2024-03-15
CHL,reject,22,2024-03-15
OMN,reject,48,2024-03-15
SGP,none,14,2024-03-15
TZA,quarantine,5,2024-03-15
MKD,none,44,2024-03-15
CMR,none,21,2024-03-15
PAK,reject,17,2024-03-15
OMN,none,31,2024-03-15
PAK,none,65,2024-03-15
CYP,none,7,2024-03-15
RWA,none,17,2024-03-15
SDN,none,21,2024-03-15
VNM,reject,26,2024-03-15
CHN,quarantine,12,2024-03-15
JAM,quarantine,17,2024-03-15
KNA,none,1,2024-03-15
KGZ,none,17,2024-03-15
IRQ,reject,41,2024-03-15
NRU,none,2,2024-03-15
MAC,quarantine,2,2024-03-15
TTO,quarantine,8,2024-03-15
BOL,none,42,2024-03-15
DEU,none,12,2024-03-15
OMN,quarantine,12,2024-03-15
TON,none,13,2024-03-15
CHL,quarantine,33,2024-03-15
ZMB,none,6,2024-03-15
ZAF,quarantine,22,2024-03-15
PRY,quarantine,58,2024-03-15
LVA,quarantine,19,2024-03-15
LBN,reject,3,2024-03-15
MRT,none,24,2024-03-15
HND,none,22,2024-03-15
KHM,reject,54,2024-03-15
GIB,none,18,2024-03-15
DZA,reject,25,2024-03-15
ESP,quarantine,12,2024-03-15
BTN,reject,50,2024-03-15
CZE,none,33,2024-03-15
EGY,reject,6,2024-03-15
YEM,reject,6,2024-03-15
BHR,reject,6,2024-03-15
LKA,reject,21,2024-03-15
MMR,reject,22,2024-03-15
SYC,none,33,2024-03-15
,none,8,2024-03-15
KWT,quarantine,21,2024-03-15
CMR,reject,1,2024-03-15
KWT,none,16,2024-03-15
PCN,none,1,2024-03-15
QAT,reject,22,2024-03-15
KIR,none,2,2024-03-15
PRI,none,2,2024-03-15
GEO,quarantine,11,2024-03-15
NIC,none,13,2024-03-15
FLK,reject,4,2024-03-15
GHA,none,8,2024-03-15
TKM,none,6,2024-03-15
TUN,quarantine,3,2024-03-15
LBN,quarantine,5,2024-03-15
CZE,reject,15,2024-03-15
GUY,invalid,1,2024-03-15
LAO,none,17,2024-03-15
PNG,reject,6,2024-03-15
FIN,quarantine,20,2024-03-15
MNG,quarantine,2,2024-03-15
ZWE,reject,8,2024-03-15
IRN,quarantine,3,2024-03-15
CZE,quarantine,30,2024-03-15
MAC,none,12,2024-03-15
MOZ,quarantine,12,2024-03-15
VNM,quarantine,21,2024-03-15
KAZ,quarantine,6,2024-03-15
MMR,invalid,1,2024-03-15
EGY,invalid,1,2024-03-15
AUT,reject,8,2024-03-15
IRQ,quarantine,15,2024-03-15
SRB,quarantine,3,2024-03-15
SYR,none,2,2024-03-15
DEU,reject,5,2024-03-15
TLS,quarantine,6,2024-03-15
CMR,quarantine,3,2024-03-15
TON,reject,6,2024-03-15
GIN,reject,1,2024-03-15
ISL,quarantine,2,2024-03-15
MLT,none,1,2024-03-15
LUX,reject,3,2024-03-15
LTU,none,3,2024-03-15
GRL,none,3,2024-03-15
CIV,reject,1,2024-03-15
MDG,quarantine,6,2024-03-15
SLE,quarantine,5,2024-03-15
YEM,none,4,2024-03-15
TWN,quarantine,23,2024-03-15
TUN,none,3,2024-03-15
QAT,quarantine,21,2024-03-15
ITA,quarantine,13,2024-03-15
GHA,reject,4,2024-03-15
BHS,reject,2,2024-03-15
ETH,reject,5,2024-03-15
HND,reject,6,2024-03-15
BRN,none,1,2024-03-15
GEO,reject,11,2024-03-15
KEN,reject,5,2024-03-15
NPL,none,8,2024-03-15
SLE,reject,2,2024-03-15
ITA,reject,11,2024-03-15
ESP,reject,5,2024-03-15
TON,quarantine,7,2024-03-15
GUY,none,13,2024-03-15
SGP,quarantine,2,2024-03-15
IRL,reject,10,2024-03-15
PSE,none,2,2024-03-15
CAN,none,7,2024-03-15
LBR,none,3,2024-03-15
LBY,quarantine,2,2024-03-15
LTU,quarantine,3,2024-03-15
MKD,quarantine,11,2024-03-15
MNG,none,4,2024-03-15
KAZ,invalid,1,2024-03-15
MDG,none,6,2024-03-15
SVN,none,1,2024-03-15
COM,none,1,2024-03-15
NIC,reject,18,2024-03-15
LBY,none,8,2024-03-15
ISR,quarantine,4,2024-03-15
HTI,quarantine,2,2024-03-15
SLV,invalid,1,2024-03-15
KAZ,reject,3,2024-03-15
BLR,none,3,2024-03-15
IRL,quarantine,3,2024-03-15
MDA,reject,1,2024-03-15
SHN,quarantine,4,2024-03-15
BTN,none,4,2024-03-15
LCA,quarantine,1,2024-03-15
COM,reject,6,2024-03-15
PAN,none,6,2024-03-15
UKR,invalid,2,2024-03-15
DNK,none,3,2024-03-15
BRA,invalid,2,2024-03-15
UGA,reject,3,2024-03-15
SSD,quarantine,1,2024-03-15
CIV,quarantine,7,2024-03-15
ISL,reject,3,2024-03-15
CIV,none,3,2024-03-15
,quarantine,2,2024-03-15
KIR,quarantine,2,2024-03-15
TWN,invalid,3,2024-03-15
SYR,quarantine,4,2024-03-15
WSM,none,6,2024-03-15
KOR,quarantine,3,2024-03-15
IND,invalid,1,2024-03-15
GBR,invalid,1,2024-03-15
ZMB,reject,2,2024-03-15
DMA,none,2,2024-03-15
NPL,reject,2,2024-03-15
SRB,reject,4,2024-03-15
LCA,reject,1,2024-03-15
RWA,reject,3,2024-03-15
MCO,none,1,2024-03-15
SYC,reject,1,2024-03-15
EST,reject,1,2024-03-15
CYP,quarantine,1,2024-03-15
CUB,reject,1,2024-03-15
KIR,reject,1,2024-03-15
HUN,none,1,2024-03-15
LBR,quarantine,1,2024-03-15
COM,quarantine,1,2024-03-15
RUS,reject,2,2024-03-15
COG,quarantine,1,2024-03-15
CAN,quarantine,2,2024-03-15
ZWE,quarantine,1,2024-03-15
JOR,reject,2,2024-03-15
MRT,quarantine,1,2024-03-15
TLS,reject,2,2024-03-15
SWZ,none,1,2024-03-15
LTU,reject,1,2024-03-15
GRD,none,1,2024-03-15
NER,reject,1,2024-03-15
BTN,quarantine,1,2024-03-15
KGZ,reject,1,2024-03-15
,reject,2,2024-03-15
SDN,reject,1,2024-03-15
SEN,none,1,2024-03-15
CPV,none,1,2024-03-15
NAM,quarantine,1,2024-03-15
SLB,reject,1,2024-03-15
IDN,invalid,1,2024-03-15
MLI,none,1,2024-03-15
PCN,invalid,1,2024-03-15
BMU,none,1,2024-03-15
RUS,none,1,2024-03-15
FRA,none,1,2024-03-15
LUX,quarantine,1,2024-03-15
MWI,quarantine,1,2024-03-15
LIE,none,1,2024-03-15
TTO,reject,1,2024-03-15
BEN,reject,1,2024-03-15
ROU,none,1,2024-03-15
NGA,quarantine,28,2024-04-15
UGA,none,30,2024-04-15
NGA,reject,18,2024-04-15
UKR,none,856,2024-04-15
URY,quarantine,26,2024-04-15
CHN,none,91,2024-04-15
ITA,none,35,2024-04-15
DZA,quarantine,7,2024-04-15
NZL,quarantine,56,2024-04-15
KAZ,none,20,2024-04-15
SWE,quarantine,76,2024-04-15
SLE,none,45,2024-04-15
SLV,none,22,2024-04-15
ISL,none,23,2024-04-15
PAN,quarantine,8,2024-04-15
NOR,none,165,2024-04-15
POL,quarantine,108,2024-04-15
DOM,reject,67,2024-04-15
GBR,quarantine,710,2024-04-15
IDN,quarantine,167,2024-04-15
POL,none,162,2024-04-15
IDN,none,363,2024-04-15
KEN,quarantine,202,2024-04-15
BOL,quarantine,39,2024-04-15
PER,none,222,2024-04-15
ECU,reject,103,2024-04-15
EGY,quarantine,34,2024-04-15
ESP,none,16,2024-04-15
,none,8,2024-04-15
THA,reject,56,2024-04-15
RWA,quarantine,87,2024-04-15
TUR,reject,44,2024-04-15
CHE,none,282,2024-04-15
PRT,reject,40,2024-04-15
FJI,none,5,2024-04-15
BRN,reject,2,2024-04-15
GBR,reject,922,2024-04-15
IND,none,130,2024-04-15
EGY,none,25,2024-04-15
NOR,quarantine,109,2024-04-15
IRN,reject,16,2024-04-15
CHE,quarantine,196,2024-04-15
SAU,reject,152,2024-04-15
BHR,none,7,2024-04-15
CHN,reject,1,2024-04-15
AUT,none,121,2024-04-15
GEO,none,76,2024-04-15
DNK,quarantine,30,2024-04-15
MOZ,none,86,2024-04-15
LKA,quarantine,6,2024-04-15
MEX,quarantine,148,2024-04-15
SAU,none,106,2024-04-15
MAR,quarantine,12,2024-04-15
VEN,quarantine,55,2024-04-15
MDV,reject,5,2024-04-15
MNG,reject,252,2024-04-15
NLD,none,52,2024-04-15
AUT,quarantine,19,2024-04-15
QAT,none,17,2024-04-15
VEN,none,63,2024-04-15
DMA,quarantine,1,2024-04-15
LVA,reject,98,2024-04-15
TTO,none,23,2024-04-15
MYS,reject,27,2024-04-15
BLR,quarantine,3,2024-04-15
HKG,quarantine,169,2024-04-15
FIN,none,147,2024-04-15
IRQ,none,32,2024-04-15
KGZ,quarantine,16,2024-04-15
JPN,quarantine,29,2024-04-15
GUY,quarantine,91,2024-04-15
LUX,none,38,2024-04-15
IND,quarantine,427,2024-04-15
PRY,reject,17,2024-04-15
CRI,none,46,2024-04-15
UKR,reject,84,2024-04-15
SSD,none,5,2024-04-15
PER,reject,54,2024-04-15
WSM,quarantine,10,2024-04-15
COK,none,8,2024-04-15
GBR,none,1020,2024-04-15
BHR,quarantine,5,2024-04-15
TWN,reject,19,2024-04-15
BRA,none,267,2024-04-15
ECU,quarantine,107,2024-04-15
BRN,quarantine,59,2024-04-15
DOM,quarantine,42,2024-04-15
ISR,none,89,2024-04-15
ISR,reject,2,2024-04-15
TLS,none,64,2024-04-15
PRT,none,129,2024-04-15
GIN,none,100,2024-04-15
SOM,none,2,2024-04-15
UKR,quarantine,112,2024-04-15
SLB,none,34,2024-04-15
HKG,none,10,2024-04-15
BLZ,quarantine,50,2024-04-15
JOR,none,9,2024-04-15
NZL,none,297,2024-04-15
THA,none,664,2024-04-15
DNK,reject,83,2024-04-15
MMR,quarantine,57,2024-04-15
VNM,none,51,2024-04-15
NGA,none,73,2024-04-15
JPN,none,136,2024-04-15
LVA,none,19,2024-04-15
SRB,none,10,2024-04-15
URY,reject,41,2024-04-15
PHL,none,185,2024-04-15
PER,quarantine,85,2024-04-15
MNE,quarantine,63,2024-04-15
MLI,quarantine,5,2024-04-15
PHL,quarantine,60,2024-04-15
VEN,reject,49,2024-04-15
LKA,none,16,2024-04-15
CHL,none,51,2024-04-15
SWE,reject,108,2024-04-15
HND,quarantine,9,2024-04-15
MOZ,reject,9,2024-04-15
MKD,reject,5,2024-04-15
LAO,reject,7,2024-04-15
TWN,none,49,2024-04-15
NZL,reject,105,2024-04-15
MDV,quarantine,22,2024-04-15
PNG,none,47,2024-04-15
KHM,quarantine,9,2024-04-15
PRT,quarantine,60,2024-04-15
NLD,quarantine,132,2024-04-15
PHL,reject,22,2024-04-15
GIN,quarantine,11,2024-04-15
BRA,reject,36,2024-04-15
FJI,quarantine,49,2024-04-15
TUR,quarantine,585,2024-04-15
BRA,quarantine,212,2024-04-15
LBN,none,16,2024-04-15
MDV,none,121,2024-04-15
PRY,none,119,2024-04-15
MYS,quarantine,242,2024-04-15
ZAF,reject,33,2024-04-15
URY,none,33,2024-04-15
GRC,none,60,2024-04-15
NPL,quarantine,399,2024-04-15
NLD,reject,167,2024-04-15
MYS,none,127,2024-04-15
KWT,reject,11,2024-04-15
SAU,quarantine,53,2024-04-15
ZAF,none,68,2024-04-15
BLR,reject,118,2024-04-15
IDN,reject,157,2024-04-15
NIC,quarantine,30,2024-04-15
SGP,reject,248,2024-04-15
JOR,quarantine,233,2024-04-15
KHM,none,38,2024-04-15
MAR,reject,9,2024-04-15
GRC,quarantine,8,2024-04-15
FIN,reject,14,2024-04-15
THA,quarantine,1519,2024-04-15
MMR,none,13,2024-04-15
UGA,quarantine,135,2024-04-15
JPN,reject,4,2024-04-15
MWI,none,59,2024-04-15
JAM,reject,15,2024-04-15
HKG,reject,282,2024-04-15
JAM,none,28,2024-04-15
PSE,quarantine,16,2024-04-15
PAK,quarantine,24,2024-04-15
SDN,quarantine,10,2024-04-15
CRI,reject,36,2024-04-15
PAN,reject,7,2024-04-15
ECU,none,177,2024-04-15
POL,reject,139,2024-04-15
MEX,none,574,2024-04-15
TUR,none,303,2024-04-15
BHS,none,3,2024-04-15
LAO,quarantine,4,2024-04-15
NOR,reject,219,2024-04-15
SWE,none,201,2024-04-15
MEX,reject,86,2024-04-15
KEN,none,40,2024-04-15
CRI,quarantine,53,2024-04-15
IRL,none,13,2024-04-15
ETH,none,361,2024-04-15
SLV,quarantine,74,2024-04-15
MAR,none,47,2024-04-15
CHE,reject,93,2024-04-15
MDG,reject,35,2024-04-15
IND,reject,1873,2024-04-15
TZA,none,670,2024-04-15
GHA,quarantine,14,2024-04-15
DOM,none,168,2024-04-15
GRC,reject,7,2024-04-15
KOR,none,53,2024-04-15
BOL,reject,60,2024-04-15
HTI,none,8,2024-04-15
ETH,quarantine,11,2024-04-15
IRN,none,6,2024-04-15
DZA,none,4,2024-04-15
TKM,reject,6,2024-04-15
CHL,reject,24,2024-04-15
OMN,reject,49,2024-04-15
SGP,none,14,2024-04-15
TZA,quarantine,5,2024-04-15
MKD,none,43,2024-04-15
CMR,none,22,2024-04-15
PAK,reject,17,2024-04-15
OMN,none,32,2024-04-15
PAK,none,65,2024-04-15
CYP,none,7,2024-04-15
RWA,none,17,2024-04-15
SDN,none,21,2024-04-15
VNM,reject,25,2024-04-15
CHN,quarantine,13,2024-04-15
JAM,quarantine,18,2024-04-15
KNA,none,2,2024-04-15
KGZ,none,17,2024-04-15
IRQ,reject,42,2024-04-15
NRU,none,2,2024-04-15
MAC,quarantine,2,2024-04-15
TTO,quarantine,9,2024-04-15
BOL,none,42,2024-04-15
DEU,none,12,2024-04-15
OMN,quarantine,12,2024-04-15
TON,none,14,2024-04-15
ZMB,none,6,2024-04-15
ZAF,quarantine,24,2024-04-15
PRY,quarantine,57,2024-04-15
LVA,quarantine,19,2024-04-15
LBN,reject,3,2024-04-15
MRT,none,24,2024-04-15
HND,none,21,2024-04-15
KHM,reject,55,2024-04-15
GIB,none,18,2024-04-15
DZA,reject,26,2024-04-15
ESP,quarantine,12,2024-04-15
BTN,reject,50,2024-04-15
CZE,none,32,2024-04-15
EGY,reject,6,2024-04-15
YEM,reject,7,2024-04-15
BHR,reject,6,2024-04-15
LKA,reject,22,2024-04-15
PAN,none,7,2024-04-15
MMR,reject,24,2024-04-15
SYC,none,33,2024-04-15
KWT,quarantine,22,2024-04-15
SLV,reject,24,2024-04-15
CMR,reject,1,2024-04-15
KWT,none,15,2024-04-15
PCN,none,1,2024-04-15
QAT,reject,21,2024-04-15
KIR,none,3,2024-04-15
PRI,none,2,2024-04-15
GEO,quarantine,15,2024-04-15
NIC,none,13,2024-04-15
FLK,reject,4,2024-04-15
GHA,none,8,2024-04-15
TKM,none,6,2024-04-15
TUN,quarantine,3,2024-04-15
LBN,quarantine,5,2024-04-15
CZE,reject,15,2024-04-15
GUY,invalid,1,2024-04-15
LAO,none,15,2024-04-15
CHL,quarantine,32,2024-04-15
PNG,reject,6,2024-04-15
PNG,quarantine,29,2024-04-15
FIN,quarantine,20,2024-04-15
MNG,quarantine,3,2024-04-15
IRN,quarantine,3,2024-04-15
CZE,quarantine,29,2024-04-15
MAC,none,12,2024-04-15
MOZ,quarantine,13,2024-04-15
VNM,quarantine,22,2024-04-15
KAZ,quarantine,7,2024-04-15
MMR,invalid,1,2024-04-15
EGY,invalid,1,2024-04-15
AUT,reject,8,2024-04-15
IRQ,quarantine,16,2024-04-15
SRB,quarantine,3,2024-04-15
SYR,none,2,2024-04-15
DEU,reject,5,2024-04-15
TLS,quarantine,6,2024-04-15
CMR,quarantine,4,2024-04-15
TON,reject,6,2024-04-15
GIN,reject,1,2024-04-15
ISL,quarantine,2,2024-04-15
MLT,none,1,2024-04-15
LUX,reject,3,2024-04-15
LTU,none,3,2024-04-15
GRL,none,3,2024-04-15
CIV,reject,2,2024-04-15
MDG,quarantine,6,2024-04-15
SLE,quarantine,6,2024-04-15
YEM,none,3,2024-04-15
TWN,quarantine,24,2024-04-15
TUN,none,3,2024-04-15
QAT,quarantine,23,2024-04-15
ITA,quarantine,12,2024-04-15
GHA,reject,4,2024-04-15
CIV,quarantine,12,2024-04-15
BHS,reject,2,2024-04-15
ETH,reject,5,2024-04-15
CIV,none,7,2024-04-15
HND,reject,6,2024-04-15
BRN,none,1,2024-04-15
GEO,reject,12,2024-04-15
KEN,reject,7,2024-04-15
SLE,reject,2,2024-04-15
ZWE,reject,4,2024-04-15
ITA,reject,11,2024-04-15
ESP,reject,6,2024-04-15
TON,quarantine,7,2024-04-15
RWA,reject,4,2024-04-15
GUY,none,13,2024-04-15
SGP,quarantine,2,2024-04-15
IRL,reject,11,2024-04-15
NPL,none,7,2024-04-15
PSE,none,2,2024-04-15
CAN,none,7,2024-04-15
LBR,none,3,2024-04-15
LBY,quarantine,2,2024-04-15
LTU,quarantine,3,2024-04-15
MKD,quarantine,13,2024-04-15
MNG,none,4,2024-04-15
KAZ,invalid,1,2024-04-15
MDG,none,6,2024-04-15
SVN,none,1,2024-04-15
COM,none,1,2024-04-15
NIC,reject,18,2024-04-15
LBY,none,9,2024-04-15
ISR,quarantine,4,2024-04-15
HTI,quarantine,3,2024-04-15
SLV,invalid,1,2024-04-15
KAZ,reject,3,2024-04-15
BLR,none,3,2024-04-15
IRL,quarantine,3,2024-04-15
MDA,reject,1,2024-04-15
SHN,quarantine,4,2024-04-15
BTN,none,4,2024-04-15
LCA,quarantine,1,2024-04-15
COM,reject,6,2024-04-15
UKR,invalid,2,2024-04-15
DNK,none,4,2024-04-15
ZWE,none,1,2024-04-15
UGA,reject,3,2024-04-15
SSD,quarantine,1,2024-04-15
ISL,reject,3,2024-04-15
,quarantine,2,2024-04-15
KIR,quarantine,2,2024-04-15
TWN,invalid,3,2024-04-15
SYR,quarantine,4,2024-04-15
WSM,none,6,2024-04-15
KOR,quarantine,4,2024-04-15
IND,invalid,1,2024-04-15
GBR,invalid,1,2024-04-15
ZMB,reject,2,2024-04-15
DMA,none,2,2024-04-15
NPL,reject,4,2024-04-15
SRB,reject,4,2024-04-15
LCA,reject,1,2024-04-15
MCO,none,1,2024-04-15
SYC,reject,1,2024-04-15
EST,reject,1,2024-04-15
CYP,quarantine,1,2024-04-15
CUB,reject,1,2024-04-15
KIR,reject,1,2024-04-15
HUN,none,1,2024-04-15
LBR,quarantine,1,2024-04-15
COM,quarantine,1,2024-04-15
RUS,reject,2,2024-04-15
COG,quarantine,1,2024-04-15
BRA,invalid,1,2024-04-15
CAN,quarantine,2,2024-04-15
JOR,reject,2,2024-04-15
MRT,quarantine,1,2024-04-15
TLS,reject,2,2024-04-15
PER,invalid,1,2024-04-15
SWZ,none,1,2024-04-15
LTU,reject,1,2024-04-15
GRD,none,1,2024-04-15
NER,reject,1,2024-04-15
BTN,quarantine,1,2024-04-15
IDN,invalid,2,2024-04-15
,reject,3,2024-04-15
KGZ,reject,1,2024-04-15
SDN,reject,1,2024-04-15
SEN,none,1,2024-04-15
SLE,invalid,1,2024-04-15
CPV,none,1,2024-04-15
NAM,quarantine,1,2024-04-15
SLB,reject,1,2024-04-15
PCN,invalid,1,2024-04-15
BMU,none,1,2024-04-15
RUS,none,1,2024-04-15
FRA,none,1,2024-04-15
LUX,quarantine,1,2024-04-15
MWI,quarantine,1,2024-04-15
LIE,none,1,2024-04-15
TTO,reject,1,2024-04-15
BEN,reject,1,2024-04-15
ROU,none,1,2024-04-15
NGA,quarantine,28,2024-05-15
UGA,none,31,2024-05-15
NGA,reject,16,2024-05-15
UKR,none,867,2024-05-15
URY,quarantine,25,2024-05-15
CHN,none,90,2024-05-15
ITA,none,34,2024-05-15
DZA,quarantine,7,2024-05-15
NZL,quarantine,49,2024-05-15
KAZ,none,23,2024-05-15
SWE,quarantine,79,2024-05-15
SLE,none,45,2024-05-15
SLV,none,22,2024-05-15
ISL,none,24,2024-05-15
PAN,quarantine,8,2024-05-15
NOR,none,164,2024-05-15
POL,quarantine,112,2024-05-15
DOM,reject,68,2024-05-15
GBR,quarantine,718,2024-05-15
IDN,quarantine,146,2024-05-15
POL,none,160,2024-05-15
IDN,none,317,2024-05-15
KEN,quarantine,204,2024-05-15
ECU,reject,99,2024-05-15
PER,none,223,2024-05-15
EGY,quarantine,36,2024-05-15
ESP,none,17,2024-05-15
,none,8,2024-05-15
THA,reject,55,2024-05-15
RWA,quarantine,86,2024-05-15
TUR,reject,45,2024-05-15
CHE,none,309,2024-05-15
PRT,reject,43,2024-05-15
FJI,none,3,2024-05-15
BRN,reject,1,2024-05-15
GBR,reject,963,2024-05-15
IND,none,133,2024-05-15
EGY,none,27,2024-05-15
NOR,quarantine,110,2024-05-15
IRN,reject,16,2024-05-15
CHE,quarantine,211,2024-05-15
SAU,reject,156,2024-05-15
BHR,none,7,2024-05-15
CHN,reject,1,2024-05-15
AUT,none,128,2024-05-15
GEO,none,73,2024-05-15
DNK,quarantine,29,2024-05-15
MOZ,none,76,2024-05-15
LKA,quarantine,6,2024-05-15
SAU,none,105,2024-05-15
MEX,quarantine,144,2024-05-15
MAR,quarantine,11,2024-05-15
MDV,reject,5,2024-05-15
MNG,reject,255,2024-05-15
NLD,none,51,2024-05-15
AUT,quarantine,21,2024-05-15
QAT,none,15,2024-05-15
VEN,none,56,2024-05-15
DMA,quarantine,1,2024-05-15
LVA,reject,98,2024-05-15
TTO,none,20,2024-05-15
MYS,reject,24,2024-05-15
BLR,quarantine,3,2024-05-15
HKG,quarantine,171,2024-05-15
FIN,none,149,2024-05-15
IRQ,none,33,2024-05-15
KGZ,quarantine,20,2024-05-15
JPN,quarantine,33,2024-05-15
GUY,quarantine,91,2024-05-15
LUX,none,42,2024-05-15
IND,quarantine,412,2024-05-15
CRI,none,45,2024-05-15
UKR,reject,87,2024-05-15
SSD,none,5,2024-05-15
PER,reject,57,2024-05-15
COK,none,8,2024-05-15
GBR,none,1103,2024-05-15
BHR,quarantine,5,2024-05-15
TWN,reject,16,2024-05-15
BRA,none,263,2024-05-15
ECU,quarantine,107,2024-05-15
BRN,quarantine,53,2024-05-15
DOM,quarantine,42,2024-05-15
ISR,none,89,2024-05-15
ISR,reject,2,2024-05-15
TLS,none,36,2024-05-15
GIN,none,112,2024-05-15
PRT,none,126,2024-05-15
SOM,none,2,2024-05-15
UKR,quarantine,112,2024-05-15
SLB,none,34,2024-05-15
HKG,none,10,2024-05-15
BLZ,quarantine,50,2024-05-15
JOR,none,9,2024-05-15
NZL,none,299,2024-05-15
THA,none,601,2024-05-15
DNK,reject,84,2024-05-15
MMR,quarantine,55,2024-05-15
VNM,none,45,2024-05-15
NGA,none,76,2024-05-15
JPN,none,139,2024-05-15
LVA,none,18,2024-05-15
SRB,none,11,2024-05-15
URY,reject,40,2024-05-15
PHL,none,192,2024-05-15
PER,quarantine,93,2024-05-15
MNE,quarantine,63,2024-05-15
MLI,quarantine,5,2024-05-15
PHL,quarantine,62,2024-05-15
VEN,reject,49,2024-05-15
LKA,none,13,2024-05-15
CHL,none,48,2024-05-15
SWE,reject,111,2024-05-15
HND,quarantine,11,2024-05-15
MOZ,reject,11,2024-05-15
MKD,reject,6,2024-05-15
LAO,reject,6,2024-05-15
TWN,none,40,2024-05-15
NZL,reject,118,2024-05-15
MDV,quarantine,22,2024-05-15
PNG,none,46,2024-05-15
KHM,quarantine,7,2024-05-15
PRT,quarantine,62,2024-05-15
NLD,quarantine,128,2024-05-15
PHL,reject,22,2024-05-15
GIN,quarantine,9,2024-05-15
BRA,reject,34,2024-05-15
FJI,quarantine,29,2024-05-15
TUR,quarantine,602,2024-05-15
BRA,quarantine,214,2024-05-15
LBN,none,16,2024-05-15
MDV,none,121,2024-05-15
PRY,none,116,2024-05-15
MYS,quarantine,198,2024-05-15
ZAF,reject,34,2024-05-15
URY,none,33,2024-05-15
NPL,quarantine,376,2024-05-15
GRC,none,61,2024-05-15
NLD,reject,163,2024-05-15
MYS,none,109,2024-05-15
KWT,reject,11,2024-05-15
SAU,quarantine,52,2024-05-15
ZAF,none,73,2024-05-15
BLR,reject,120,2024-05-15
IDN,reject,152,2024-05-15
NIC,quarantine,28,2024-05-15
SGP,reject,244,2024-05-15
JOR,quarantine,233,2024-05-15
KHM,none,37,2024-05-15
MAR,reject,10,2024-05-15
GRC,quarantine,8,2024-05-15
FIN,reject,14,2024-05-15
THA,quarantine,1516,2024-05-15
MMR,none,11,2024-05-15
UGA,quarantine,130,2024-05-15
JPN,reject,6,2024-05-15
MWI,none,31,2024-05-15
JAM,reject,15,2024-05-15
HKG,reject,281,2024-05-15
JAM,none,28,2024-05-15
PSE,quarantine,13,2024-05-15
PAK,quarantine,23,2024-05-15
SDN,quarantine,10,2024-05-15
CRI,reject,36,2024-05-15
QAT,quarantine,23,2024-05-15
PAN,reject,7,2024-05-15
ECU,none,175,2024-05-15
POL,reject,139,2024-05-15
MEX,none,576,2024-05-15
TUR,none,298,2024-05-15
BHS,none,4,2024-05-15
NOR,reject,220,2024-05-15
SWE,none,201,2024-05-15
MEX,reject,90,2024-05-15
KEN,none,42,2024-05-15
CRI,quarantine,54,2024-05-15
IRL,none,14,2024-05-15
ETH,none,363,2024-05-15
SLV,quarantine,78,2024-05-15
MAR,none,49,2024-05-15
CHE,reject,83,2024-05-15
MDG,reject,36,2024-05-15
IND,reject,1823,2024-05-15
TZA,none,298,2024-05-15
GHA,quarantine,13,2024-05-15
DOM,none,166,2024-05-15
GRC,reject,8,2024-05-15
KOR,none,53,2024-05-15
ESP,reject,12,2024-05-15
BOL,reject,57,2024-05-15
HTI,none,8,2024-05-15
ETH,quarantine,12,2024-05-15
IRN,none,5,2024-05-15
DZA,none,4,2024-05-15
TKM,reject,6,2024-05-15
BOL,quarantine,40,2024-05-15
CHL,reject,22,2024-05-15
IRN,invalid,1,2024-05-15
OMN,reject,48,2024-05-15
SGP,none,14,2024-05-15
TZA,quarantine,3,2024-05-15
MKD,none,44,2024-05-15
CMR,none,22,2024-05-15
VEN,quarantine,51,2024-05-15
PAK,reject,16,2024-05-15
OMN,none,33,2024-05-15
PAK,none,67,2024-05-15
CYP,none,9,2024-05-15
RWA,none,17,2024-05-15
SDN,none,20,2024-05-15
VNM,reject,25,2024-05-15
CHN,quarantine,13,2024-05-15
JAM,quarantine,20,2024-05-15
KNA,none,2,2024-05-15
KGZ,none,16,2024-05-15
IRQ,reject,43,2024-05-15
NRU,none,2,2024-05-15
MAC,quarantine,2,2024-05-15
TTO,quarantine,9,2024-05-15
BLZ,reject,1,2024-05-15
BOL,none,43,2024-05-15
DEU,none,12,2024-05-15
OMN,quarantine,11,2024-05-15
TON,none,14,2024-05-15
CHL,quarantine,32,2024-05-15
ZMB,none,6,2024-05-15
ZAF,quarantine,26,2024-05-15
PRY,quarantine,54,2024-05-15
LVA,quarantine,20,2024-05-15
LBN,reject,3,2024-05-15
MRT,none,24,2024-05-15
HND,none,21,2024-05-15
KHM,reject,57,2024-05-15
GIB,none,19,2024-05-15
DZA,reject,24,2024-05-15
ESP,quarantine,13,2024-05-15
CZE,none,32,2024-05-15
EGY,reject,6,2024-05-15
YEM,reject,7,2024-05-15
BHR,reject,6,2024-05-15
LKA,reject,21,2024-05-15
PAN,none,6,2024-05-15
MMR,reject,25,2024-05-15
SYC,none,33,2024-05-15
KWT,quarantine,20,2024-05-15
SLV,reject,23,2024-05-15
CMR,reject,1,2024-05-15
KWT,none,14,2024-05-15
PCN,none,1,2024-05-15
QAT,reject,21,2024-05-15
WSM,quarantine,7,2024-05-15
KIR,none,3,2024-05-15
PRI,none,2,2024-05-15
GEO,quarantine,15,2024-05-15
FLK,reject,4,2024-05-15
GHA,none,8,2024-05-15
TKM,none,6,2024-05-15
TUN,quarantine,3,2024-05-15
NIC,reject,17,2024-05-15
CZE,reject,15,2024-05-15
GUY,invalid,1,2024-05-15
LAO,none,15,2024-05-15
PNG,reject,7,2024-05-15
PNG,quarantine,31,2024-05-15
FIN,quarantine,23,2024-05-15
MNG,quarantine,2,2024-05-15
BTN,reject,40,2024-05-15
ZWE,reject,10,2024-05-15
IRN,quarantine,4,2024-05-15
CZE,quarantine,30,2024-05-15
MAC,none,12,2024-05-15
MOZ,quarantine,11,2024-05-15
KAZ,quarantine,6,2024-05-15
VNM,quarantine,20,2024-05-15
EGY,invalid,1,2024-05-15
AUT,reject,8,2024-05-15
IRQ,quarantine,15,2024-05-15
SRB,quarantine,3,2024-05-15
SYR,none,2,2024-05-15
DEU,reject,5,2024-05-15
TLS,quarantine,6,2024-05-15
CMR,quarantine,4,2024-05-15
TON,reject,6,2024-05-15
GIN,reject,1,2024-05-15
ISL,quarantine,2,2024-05-15
MLT,none,1,2024-05-15
LUX,reject,3,2024-05-15
LTU,none,3,2024-05-15
GRL,none,3,2024-05-15
LBN,quarantine,4,2024-05-15
CIV,reject,2,2024-05-15
MDG,quarantine,6,2024-05-15
SLE,quarantine,6,2024-05-15
YEM,none,4,2024-05-15
TWN,quarantine,22,2024-05-15
TUN,none,3,2024-05-15
ITA,quarantine,12,2024-05-15
GHA,reject,3,2024-05-15
CIV,quarantine,13,2024-05-15
BHS,reject,2,2024-05-15
ETH,reject,5,2024-05-15
CIV,none,7,2024-05-15
LCA,none,2,2024-05-15
HND,reject,6,2024-05-15
BRN,none,1,2024-05-15
GEO,reject,11,2024-05-15
KEN,reject,7,2024-05-15
SLE,reject,2,2024-05-15
ITA,reject,11,2024-05-15
TON,quarantine,7,2024-05-15
RWA,reject,4,2024-05-15
GUY,none,13,2024-05-15
SGP,quarantine,2,2024-05-15
IRL,reject,11,2024-05-15
PRY,reject,12,2024-05-15
PSE,reject,1,2024-05-15
NPL,none,5,2024-05-15
CAN,none,7,2024-05-15
LBR,none,3,2024-05-15
LBY,quarantine,1,2024-05-15
LTU,quarantine,3,2024-05-15
MKD,quarantine,13,2024-05-15
MNG,none,3,2024-05-15
KAZ,invalid,1,2024-05-15
MDG,none,6,2024-05-15
SVN,none,1,2024-05-15
COM,none,2,2024-05-15
LBY,none,9,2024-05-15
ISR,quarantine,4,2024-05-15
HTI,quarantine,3,2024-05-15
LAO,quarantine,3,2024-05-15
SLV,invalid,1,2024-05-15
HND,invalid,1,2024-05-15
KAZ,reject,3,2024-05-15
BLR,none,3,2024-05-15
IRL,quarantine,3,2024-05-15
NIC,none,10,2024-05-15
MDA,reject,1,2024-05-15
SHN,quarantine,4,2024-05-15
BTN,none,3,2024-05-15
LCA,quarantine,1,2024-05-15
COM,reject,6,2024-05-15
UKR,invalid,2,2024-05-15
DNK,none,4,2024-05-15
ZWE,none,1,2024-05-15
UGA,reject,3,2024-05-15
SSD,quarantine,1,2024-05-15
ISL,reject,3,2024-05-15
,quarantine,2,2024-05-15
KIR,quarantine,2,2024-05-15
TWN,invalid,3,2024-05-15
SYR,quarantine,4,2024-05-15
WSM,none,5,2024-05-15
KOR,quarantine,4,2024-05-15
IND,invalid,1,2024-05-15
GBR,invalid,1,2024-05-15
ZMB,reject,2,2024-05-15
DMA,none,2,2024-05-15
GRD,none,2,2024-05-15
NPL,reject,4,2024-05-15
SRB,reject,4,2024-05-15
LCA,reject,1,2024-05-15
MCO,none,1,2024-05-15
SYC,reject,1,2024-05-15
DEU,quarantine,1,2024-05-15
EST,reject,1,2024-05-15
CYP,quarantine,1,2024-05-15
CUB,reject,1,2024-05-15
KIR,reject,1,2024-05-15
HUN,none,1,2024-05-15
LBR,quarantine,1,2024-05-15
COM,quarantine,1,2024-05-15
RUS,reject,2,2024-05-15
COG,quarantine,1,2024-05-15
BRA,invalid,1,2024-05-15
CAN,quarantine,2,2024-05-15
JOR,reject,2,2024-05-15
MRT,quarantine,1,2024-05-15
TLS,reject,2,2024-05-15
SWZ,none,1,2024-05-15
LTU,reject,1,2024-05-15
NER,reject,1,2024-05-15
BTN,quarantine,1,2024-05-15
IDN,invalid,2,2024-05-15
,reject,3,2024-05-15
FLK,none,1,2024-05-15
SOM,quarantine,1,2024-05-15
SDN,reject,1,2024-05-15
SEN,none,1,2024-05-15
SLE,invalid,1,2024-05-15
MWI,quarantine,2,2024-05-15
CPV,none,1,2024-05-15
NAM,quarantine,1,2024-05-15
SLB,reject,1,2024-05-15
PCN,invalid,1,2024-05-15
LSO,reject,1,2024-05-15
BMU,none,1,2024-05-15
RUS,none,1,2024-05-15
FRA,none,1,2024-05-15
LUX,quarantine,1,2024-05-15
LIE,none,1,2024-05-15
TTO,reject,1,2024-05-15
BEN,reject,1,2024-05-15
ROU,none,1,2024-05-15
NGA,quarantine,31,2024-06-15
UGA,none,30,2024-06-15
NGA,reject,18,2024-06-15
UKR,none,884,2024-06-15
URY,quarantine,25,2024-06-15
CHN,none,92,2024-06-15
ITA,none,35,2024-06-15
DZA,quarantine,7,2024-06-15
NZL,quarantine,47,2024-06-15
KAZ,none,24,2024-06-15
SWE,quarantine,83,2024-06-15
SLE,none,44,2024-06-15
MWI,quarantine,10,2024-06-15
SLV,none,24,2024-06-15
ISL,none,23,2024-06-15
PAN,quarantine,9,2024-06-15
NOR,none,159,2024-06-15
POL,quarantine,114,2024-06-15
DOM,reject,68,2024-06-15
GBR,quarantine,745,2024-06-15
IDN,quarantine,146,2024-06-15
POL,none,157,2024-06-15
IDN,none,334,2024-06-15
KEN,quarantine,217,2024-06-15
BOL,quarantine,39,2024-06-15
ECU,reject,104,2024-06-15
PER,none,232,2024-06-15
EGY,quarantine,39,2024-06-15
ESP,none,19,2024-06-15
,none,8,2024-06-15
THA,reject,53,2024-06-15
RWA,quarantine,86,2024-06-15
TUR,reject,45,2024-06-15
CHE,none,314,2024-06-15
PRT,reject,42,2024-06-15
FJI,none,2,2024-06-15
BRN,reject,1,2024-06-15
GBR,reject,991,2024-06-15
IND,none,133,2024-06-15
EGY,none,29,2024-06-15
NOR,quarantine,100,2024-06-15
IRN,reject,16,2024-06-15
CHE,quarantine,210,2024-06-15
SAU,reject,164,2024-06-15
BHR,none,7,2024-06-15
CHN,reject,2,2024-06-15
AUT,none,133,2024-06-15
GEO,none,77,2024-06-15
DNK,quarantine,29,2024-06-15
MOZ,none,85,2024-06-15
LKA,quarantine,6,2024-06-15
MEX,quarantine,141,2024-06-15
SAU,none,102,2024-06-15
MAR,quarantine,11,2024-06-15
MDV,reject,5,2024-06-15
MNG,reject,257,2024-06-15
NLD,none,50,2024-06-15
AUT,quarantine,21,2024-06-15
QAT,none,16,2024-06-15
VEN,none,61,2024-06-15
DMA,quarantine,1,2024-06-15
LVA,reject,98,2024-06-15
TTO,none,20,2024-06-15
MYS,reject,30,2024-06-15
BLR,quarantine,3,2024-06-15
HKG,quarantine,171,2024-06-15
FIN,none,153,2024-06-15
IRQ,none,33,2024-06-15
KGZ,quarantine,21,2024-06-15
JPN,quarantine,35,2024-06-15
GUY,quarantine,92,2024-06-15
LUX,none,43,2024-06-15
IND,quarantine,419,2024-06-15
PRY,reject,17,2024-06-15
CRI,none,49,2024-06-15
UKR,reject,94,2024-06-15
SSD,none,5,2024-06-15
PER,reject,60,2024-06-15
COK,none,8,2024-06-15
GBR,none,1141,2024-06-15
BHR,quarantine,6,2024-06-15
TWN,reject,16,2024-06-15
ECU,quarantine,107,2024-06-15
BRA,none,264,2024-06-15
BRN,quarantine,74,2024-06-15
DOM,quarantine,41,2024-06-15
ISR,none,86,2024-06-15
ISR,reject,2,2024-06-15
TLS,none,46,2024-06-15
GIN,none,120,2024-06-15
PRT,none,128,2024-06-15
UKR,quarantine,121,2024-06-15
SOM,none,2,2024-06-15
SLB,none,34,2024-06-15
HKG,none,11,2024-06-15
BLZ,quarantine,50,2024-06-15
JOR,none,9,2024-06-15
NZL,none,299,2024-06-15
THA,none,661,2024-06-15
DNK,reject,84,2024-06-15
JAM,quarantine,24,2024-06-15
MMR,quarantine,56,2024-06-15
VNM,none,49,2024-06-15
NGA,none,81,2024-06-15
JPN,none,144,2024-06-15
LVA,none,19,2024-06-15
SRB,none,11,2024-06-15
URY,reject,36,2024-06-15
PHL,none,198,2024-06-15
PER,quarantine,88,2024-06-15
MNE,quarantine,63,2024-06-15
MLI,quarantine,5,2024-06-15
PHL,quarantine,67,2024-06-15
VEN,reject,50,2024-06-15
LKA,none,15,2024-06-15
CHL,none,48,2024-06-15
SWE,reject,112,2024-06-15
HND,quarantine,12,2024-06-15
MOZ,reject,11,2024-06-15
MKD,reject,5,2024-06-15
TWN,none,49,2024-06-15
NZL,reject,137,2024-06-15
MDV,quarantine,22,2024-06-15
PNG,none,46,2024-06-15
KHM,quarantine,9,2024-06-15
PRT,quarantine,63,2024-06-15
NLD,quarantine,121,2024-06-15
PHL,reject,21,2024-06-15
BRA,reject,37,2024-06-15
TUR,quarantine,609,2024-06-15
BRA,quarantine,215,2024-06-15
LBN,none,17,2024-06-15
MDV,none,122,2024-06-15
PRY,none,117,2024-06-15
MYS,quarantine,211,2024-06-15
ZAF,reject,35,2024-06-15
URY,none,32,2024-06-15
NPL,quarantine,382,2024-06-15
GRC,none,66,2024-06-15
NLD,reject,165,2024-06-15
MYS,none,124,2024-06-15
KWT,reject,10,2024-06-15
SAU,quarantine,53,2024-06-15
ZAF,none,76,2024-06-15
BLR,reject,121,2024-06-15
IDN,reject,142,2024-06-15
NIC,quarantine,29,2024-06-15
SGP,reject,255,2024-06-15
JOR,quarantine,233,2024-06-15
KHM,none,38,2024-06-15
MAR,reject,11,2024-06-15
GRC,quarantine,9,2024-06-15
FIN,reject,16,2024-06-15
THA,quarantine,1526,2024-06-15
MMR,none,12,2024-06-15
UGA,quarantine,133,2024-06-15
JPN,reject,8,2024-06-15
MWI,none,44,2024-06-15
JAM,reject,19,2024-06-15
HKG,reject,281,2024-06-15
JAM,none,26,2024-06-15
PSE,quarantine,13,2024-06-15
PAK,quarantine,27,2024-06-15
SDN,quarantine,12,2024-06-15
CRI,reject,36,2024-06-15
QAT,quarantine,26,2024-06-15
PAN,reject,7,2024-06-15
ECU,none,177,2024-06-15
POL,reject,144,2024-06-15
MEX,none,585,2024-06-15
TUR,none,301,2024-06-15
BHS,none,4,2024-06-15
LAO,quarantine,4,2024-06-15
NOR,reject,237,2024-06-15
SWE,none,201,2024-06-15
MEX,reject,97,2024-06-15
KEN,none,48,2024-06-15
CRI,quarantine,53,2024-06-15
IRL,none,14,2024-06-15
ETH,none,342,2024-06-15
SLV,quarantine,79,2024-06-15
MAR,none,52,2024-06-15
CHE,reject,94,2024-06-15
MDG,reject,36,2024-06-15
IND,reject,1814,2024-06-15
TZA,none,488,2024-06-15
GHA,quarantine,12,2024-06-15
DOM,none,170,2024-06-15
GRC,reject,9,2024-06-15
KOR,none,54,2024-06-15
ESP,reject,14,2024-06-15
BOL,reject,58,2024-06-15
HTI,none,8,2024-06-15
EGY,reject,8,2024-06-15
ETH,quarantine,12,2024-06-15
IRN,none,5,2024-06-15
DZA,none,4,2024-06-15
TKM,reject,6,2024-06-15
CHL,reject,23,2024-06-15
IRN,invalid,1,2024-06-15
OMN,reject,49,2024-06-15
SGP,none,14,2024-06-15
TZA,quarantine,3,2024-06-15
MKD,none,45,2024-06-15
CMR,none,22,2024-06-15
VEN,quarantine,52,2024-06-15
PAK,reject,18,2024-06-15
OMN,none,33,2024-06-15
PAK,none,70,2024-06-15
CYP,none,9,2024-06-15
RWA,none,17,2024-06-15
SDN,none,19,2024-06-15
VNM,reject,25,2024-06-15
CHN,quarantine,15,2024-06-15
KNA,none,2,2024-06-15
GHA,none,8,2024-06-15
KGZ,none,17,2024-06-15
IRQ,reject,45,2024-06-15
MAC,quarantine,2,2024-06-15
TTO,quarantine,9,2024-06-15
BLZ,reject,1,2024-06-15
GIN,quarantine,10,2024-06-15
BOL,none,42,2024-06-15
DEU,none,12,2024-06-15
TON,none,13,2024-06-15
ZMB,none,7,2024-06-15
ZAF,quarantine,25,2024-06-15
PRY,quarantine,58,2024-06-15
LVA,quarantine,21,2024-06-15
LBN,reject,3,2024-06-15
MRT,none,24,2024-06-15
HND,none,20,2024-06-15
KHM,reject,56,2024-06-15
GIB,none,21,2024-06-15
DZA,reject,26,2024-06-15
ESP,quarantine,14,2024-06-15
LBY,quarantine,3,2024-06-15
CZE,none,31,2024-06-15
YEM,reject,7,2024-06-15
KAZ,quarantine,8,2024-06-15
BHR,reject,6,2024-06-15
LKA,reject,17,2024-06-15
PAN,none,8,2024-06-15
MMR,reject,24,2024-06-15
SYC,none,33,2024-06-15
KWT,quarantine,20,2024-06-15
SLV,reject,24,2024-06-15
CMR,reject,1,2024-06-15
KWT,none,14,2024-06-15
PCN,none,1,2024-06-15
QAT,reject,21,2024-06-15
WSM,quarantine,7,2024-06-15
KIR,none,3,2024-06-15
PRI,none,3,2024-06-15
GEO,quarantine,15,2024-06-15
FLK,reject,3,2024-06-15
TKM,none,6,2024-06-15
TUN,quarantine,3,2024-06-15
NIC,reject,17,2024-06-15
CZE,reject,15,2024-06-15
GUY,invalid,1,2024-06-15
OMN,quarantine,12,2024-06-15
CHL,quarantine,29,2024-06-15
PNG,reject,7,2024-06-15
PNG,quarantine,31,2024-06-15
FIN,quarantine,23,2024-06-15
MNG,quarantine,3,2024-06-15
BTN,reject,40,2024-06-15
ZWE,reject,13,2024-06-15
IRN,quarantine,5,2024-06-15
CZE,quarantine,32,2024-06-15
MAC,none,12,2024-06-15
MOZ,quarantine,13,2024-06-15
VNM,quarantine,17,2024-06-15
MMR,invalid,1,2024-06-15
EGY,invalid,1,2024-06-15
AUT,reject,8,2024-06-15
IRQ,quarantine,15,2024-06-15
SRB,quarantine,3,2024-06-15
SYR,none,2,2024-06-15
DEU,reject,5,2024-06-15
TLS,quarantine,5,2024-06-15
CMR,quarantine,3,2024-06-15
TON,reject,6,2024-06-15
GIN,reject,1,2024-06-15
ISL,quarantine,2,2024-06-15
MLT,none,1,2024-06-15
LUX,reject,3,2024-06-15
LTU,none,3,2024-06-15
GRL,none,3,2024-06-15
LBN,quarantine,4,2024-06-15
LAO,none,10,2024-06-15
CIV,reject,2,2024-06-15
MDG,quarantine,5,2024-06-15
SLE,quarantine,6,2024-06-15
YEM,none,4,2024-06-15
TWN,quarantine,25,2024-06-15
TUN,none,3,2024-06-15
ITA,quarantine,12,2024-06-15
GHA,reject,4,2024-06-15
CIV,quarantine,13,2024-06-15
BHS,reject,2,2024-06-15
ETH,reject,5,2024-06-15
CIV,none,8,2024-06-15
LCA,none,2,2024-06-15
HND,reject,6,2024-06-15
BRN,none,1,2024-06-15
GEO,reject,12,2024-06-15
KEN,reject,9,2024-06-15
LAO,reject,4,2024-06-15
NPL,none,6,2024-06-15
SLE,reject,2,2024-06-15
ITA,reject,11,2024-06-15
TON,quarantine,8,2024-06-15
RWA,reject,4,2024-06-15
GUY,none,12,2024-06-15
SGP,quarantine,2,2024-06-15
IRL,reject,11,2024-06-15
KOR,reject,2,2024-06-15
CAN,none,7,2024-06-15
LBR,none,3,2024-06-15
LTU,quarantine,3,2024-06-15
MKD,quarantine,13,2024-06-15
MNG,none,3,2024-06-15
KAZ,invalid,1,2024-06-15
MDG,none,6,2024-06-15
SVN,none,1,2024-06-15
COM,none,3,2024-06-15
LBY,none,10,2024-06-15
ISR,quarantine,4,2024-06-15
HTI,quarantine,3,2024-06-15
SLV,invalid,1,2024-06-15
HND,invalid,1,2024-06-15
KAZ,reject,3,2024-06-15
BLR,none,3,2024-06-15
IRL,quarantine,3,2024-06-15
NIC,none,11,2024-06-15
MDA,reject,1,2024-06-15
SHN,quarantine,4,2024-06-15
BTN,none,4,2024-06-15
FJI,quarantine,5,2024-06-15
LCA,quarantine,1,2024-06-15
COM,reject,6,2024-06-15
UKR,invalid,1,2024-06-15
DNK,none,4,2024-06-15
ZWE,none,2,2024-06-15
UGA,reject,4,2024-06-15
SSD,quarantine,2,2024-06-15
ISL,reject,4,2024-06-15
,quarantine,2,2024-06-15
KIR,quarantine,2,2024-06-15
TWN,invalid,3,2024-06-15
SYR,quarantine,4,2024-06-15
ECU,invalid,1,2024-06-15
WSM,none,4,2024-06-15
KOR,quarantine,4,2024-06-15
IND,invalid,1,2024-06-15
GBR,invalid,1,2024-06-15
ZMB,reject,1,2024-06-15
DMA,none,2,2024-06-15
GRD,none,2,2024-06-15
NPL,reject,4,2024-06-15
SRB,reject,4,2024-06-15
LCA,reject,1,2024-06-15
MCO,none,1,2024-06-15
SYC,reject,1,2024-06-15
DEU,quarantine,1,2024-06-15
EST,reject,1,2024-06-15
CYP,quarantine,1,2024-06-15
CUB,reject,1,2024-06-15
KIR,reject,1,2024-06-15
HUN,none,1,2024-06-15
LBR,quarantine,1,2024-06-15
COM,quarantine,1,2024-06-15
RUS,reject,2,2024-06-15
COG,quarantine,1,2024-06-15
BRA,invalid,1,2024-06-15
CAN,quarantine,2,2024-06-15
JOR,reject,2,2024-06-15
MWI,invalid,1,2024-06-15
MRT,quarantine,1,2024-06-15
TLS,reject,2,2024-06-15
SWZ,none,1,2024-06-15
LTU,reject,1,2024-06-15
SVK,none,2,2024-06-15
GUY,reject,1,2024-06-15
BTN,quarantine,1,2024-06-15
IDN,invalid,2,2024-06-15
,reject,3,2024-06-15
FLK,none,1,2024-06-15
SOM,quarantine,1,2024-06-15
KGZ,reject,1,2024-06-15
SDN,reject,1,2024-06-15
SOM,reject,2,2024-06-15
SEN,none,1,2024-06-15
SLE,invalid,1,2024-06-15
CPV,none,1,2024-06-15
NAM,quarantine,1,2024-06-15
SLB,reject,1,2024-06-15
BLZ,none,1,2024-06-15
PCN,invalid,1,2024-06-15
BMU,none,1,2024-06-15
RUS,none,1,2024-06-15
FRA,none,1,2024-06-15
LUX,quarantine,1,2024-06-15
LIE,none,1,2024-06-15
TTO,reject,1,2024-06-15
BEN,reject,1,2024-06-15
ROU,none,1,2024-06-15
UKR,none,912,2024-07-15
ITA,none,36,2024-07-15
SWE,quarantine,85,2024-07-15
GBR,quarantine,760,2024-07-15
CHE,none,321,2024-07-15
GBR,reject,980,2024-07-15
CHE,quarantine,212,2024-07-15
AUT,none,137,2024-07-15
DNK,quarantine,28,2024-07-15
MEX,quarantine,151,2024-07-15
NLD,none,53,2024-07-15
AUT,quarantine,23,2024-07-15
FIN,none,153,2024-07-15
IRQ,none,31,2024-07-15
UKR,reject,96,2024-07-15
GBR,none,1117,2024-07-15
UKR,quarantine,122,2024-07-15
SOM,none,2,2024-07-15
DNK,reject,85,2024-07-15
SWE,reject,113,2024-07-15
NLD,quarantine,124,2024-07-15
NLD,reject,167,2024-07-15
FIN,reject,16,2024-07-15
MEX,none,587,2024-07-15
SWE,none,202,2024-07-15
MEX,reject,98,2024-07-15
CHE,reject,161,2024-07-15
IRQ,reject,45,2024-07-15
DEU,none,6,2024-07-15
CZE,none,32,2024-07-15
CZE,reject,15,2024-07-15
FIN,quarantine,23,2024-07-15
CZE,quarantine,32,2024-07-15
AUT,reject,9,2024-07-15
IRQ,quarantine,15,2024-07-15
DEU,reject,2,2024-07-15
ITA,quarantine,12,2024-07-15
ITA,reject,11,2024-07-15
DEU,quarantine,3,2024-07-15
CAN,none,6,2024-07-15
UKR,invalid,1,2024-07-15
DNK,none,4,2024-07-15
GBR,invalid,1,2024-07-15
EST,reject,1,2024-07-15
RUS,reject,2,2024-07-15
CAN,quarantine,3,2024-07-15
SVK,none,2,2024-07-15
SOM,quarantine,1,2024-07-15
SOM,reject,2,2024-07-15
NAM,quarantine,1,2024-07-15
RUS,none,1,2024-07-15
FRA,none,1,2024-07-15
LIE,none,1,2024-07-15
NGA,quarantine,35,2024-08-15
UGA,none,33,2024-08-15
NGA,reject,19,2024-08-15
UKR,none,927,2024-08-15
URY,quarantine,23,2024-08-15
ITA,none,36,2024-08-15
DZA,quarantine,6,2024-08-15
HTI,none,8,2024-08-15
NZL,quarantine,55,2024-08-15
KAZ,none,21,2024-08-15
SWE,quarantine,84,2024-08-15
SLE,none,48,2024-08-15
SLV,none,22,2024-08-15
ISL,none,23,2024-08-15
PAN,quarantine,15,2024-08-15
NOR,none,157,2024-08-15
POL,quarantine,115,2024-08-15
DOM,reject,65,2024-08-15
GBR,quarantine,865,2024-08-15
IDN,quarantine,167,2024-08-15
POL,none,160,2024-08-15
IDN,none,351,2024-08-15
KEN,quarantine,221,2024-08-15
BOL,quarantine,39,2024-08-15
ECU,reject,110,2024-08-15
PER,none,242,2024-08-15
EGY,quarantine,43,2024-08-15
ESP,none,20,2024-08-15
,none,9,2024-08-15
THA,reject,73,2024-08-15
RWA,quarantine,86,2024-08-15
TUR,reject,45,2024-08-15
CHE,none,323,2024-08-15
PRT,reject,44,2024-08-15
GBR,reject,1041,2024-08-15
IND,none,131,2024-08-15
EGY,none,32,2024-08-15
NOR,quarantine,98,2024-08-15
IRN,reject,16,2024-08-15
CHE,quarantine,223,2024-08-15
SAU,reject,169,2024-08-15
BHR,none,7,2024-08-15
CHN,reject,2,2024-08-15
AUT,none,218,2024-08-15
GEO,none,78,2024-08-15
DNK,quarantine,28,2024-08-15
MEX,quarantine,157,2024-08-15
SAU,none,101,2024-08-15
MAR,quarantine,11,2024-08-15
MDV,reject,6,2024-08-15
MNG,reject,262,2024-08-15
NLD,none,53,2024-08-15
AUT,quarantine,24,2024-08-15
QAT,none,15,2024-08-15
DMA,quarantine,1,2024-08-15
LVA,reject,99,2024-08-15
TTO,none,20,2024-08-15
MYS,reject,30,2024-08-15
BLR,quarantine,4,2024-08-15
FIN,none,155,2024-08-15
HKG,quarantine,171,2024-08-15
IRQ,none,31,2024-08-15
KGZ,quarantine,22,2024-08-15
JPN,quarantine,39,2024-08-15
GUY,quarantine,91,2024-08-15
LUX,none,46,2024-08-15
IND,quarantine,425,2024-08-15
PRY,reject,14,2024-08-15
CRI,none,49,2024-08-15
MWI,reject,26,2024-08-15
UKR,reject,98,2024-08-15
SSD,none,5,2024-08-15
PER,reject,66,2024-08-15
COK,none,8,2024-08-15
GBR,none,1144,2024-08-15
BHR,quarantine,6,2024-08-15
TWN,reject,17,2024-08-15
ECU,quarantine,113,2024-08-15
BRA,none,262,2024-08-15
BRN,quarantine,80,2024-08-15
DOM,quarantine,47,2024-08-15
ISR,none,88,2024-08-15
ISR,reject,2,2024-08-15
TLS,none,39,2024-08-15
GIN,none,127,2024-08-15
PRT,none,132,2024-08-15
UKR,quarantine,123,2024-08-15
SOM,none,2,2024-08-15
SLB,none,34,2024-08-15
HKG,none,12,2024-08-15
BLZ,quarantine,51,2024-08-15
JOR,none,9,2024-08-15
NZL,none,292,2024-08-15
THA,none,718,2024-08-15
DNK,reject,85,2024-08-15
JAM,quarantine,27,2024-08-15
MMR,quarantine,57,2024-08-15
VNM,none,46,2024-08-15
NGA,none,83,2024-08-15
JPN,none,151,2024-08-15
LVA,none,20,2024-08-15
SRB,none,12,2024-08-15
URY,reject,42,2024-08-15
PHL,none,185,2024-08-15
PER,quarantine,94,2024-08-15
MNE,quarantine,63,2024-08-15
MLI,quarantine,5,2024-08-15
VEN,reject,38,2024-08-15
PHL,quarantine,70,2024-08-15
LKA,none,12,2024-08-15
CHL,none,44,2024-08-15
SWE,reject,114,2024-08-15
HND,quarantine,13,2024-08-15
MOZ,reject,10,2024-08-15
MKD,reject,5,2024-08-15
LAO,reject,7,2024-08-15
TWN,none,46,2024-08-15
NZL,reject,145,2024-08-15
MDV,quarantine,24,2024-08-15
PNG,none,45,2024-08-15
PHL,reject,22,2024-08-15
KHM,quarantine,10,2024-08-15
PRT,quarantine,66,2024-08-15
NLD,quarantine,123,2024-08-15
GIN,quarantine,7,2024-08-15
BRA,reject,38,2024-08-15
FJI,quarantine,35,2024-08-15
TUR,quarantine,633,2024-08-15
BRA,quarantine,242,2024-08-15
LBN,none,18,2024-08-15
BGR,quarantine,2,2024-08-15
MDV,none,123,2024-08-15
PRY,none,106,2024-08-15
MYS,quarantine,234,2024-08-15
ZAF,reject,40,2024-08-15
URY,none,28,2024-08-15
NPL,quarantine,371,2024-08-15
GRC,none,70,2024-08-15
NLD,reject,171,2024-08-15
MYS,none,130,2024-08-15
KWT,reject,10,2024-08-15
PNG,reject,8,2024-08-15
SAU,quarantine,49,2024-08-15
ZAF,none,75,2024-08-15
BLR,reject,131,2024-08-15
IDN,reject,153,2024-08-15
NIC,quarantine,32,2024-08-15
SGP,reject,268,2024-08-15
JOR,quarantine,234,2024-08-15
KHM,none,42,2024-08-15
MAR,reject,12,2024-08-15
GRC,quarantine,12,2024-08-15
FIN,reject,16,2024-08-15
THA,quarantine,1513,2024-08-15
MMR,none,14,2024-08-15
UGA,quarantine,130,2024-08-15
JPN,reject,9,2024-08-15
MWI,none,37,2024-08-15
JAM,reject,22,2024-08-15
HKG,reject,284,2024-08-15
JAM,none,22,2024-08-15
PSE,quarantine,10,2024-08-15
PAK,quarantine,27,2024-08-15
SDN,quarantine,14,2024-08-15
CRI,reject,38,2024-08-15
QAT,quarantine,25,2024-08-15
PAN,reject,7,2024-08-15
ECU,none,195,2024-08-15
POL,reject,154,2024-08-15
MEX,none,590,2024-08-15
TUR,none,301,2024-08-15
BHS,none,4,2024-08-15
LAO,quarantine,4,2024-08-15
MEX,reject,102,2024-08-15
NOR,reject,242,2024-08-15
SWE,none,204,2024-08-15
KEN,none,54,2024-08-15
CRI,quarantine,57,2024-08-15
IRL,none,13,2024-08-15
ETH,none,379,2024-08-15
SLV,quarantine,80,2024-08-15
MAR,none,50,2024-08-15
CHE,reject,155,2024-08-15
LBY,quarantine,4,2024-08-15
MDG,reject,37,2024-08-15
IND,reject,1851,2024-08-15
TZA,none,700,2024-08-15
GHA,quarantine,10,2024-08-15
DOM,none,172,2024-08-15
GRC,reject,10,2024-08-15
KOR,none,54,2024-08-15
ESP,reject,15,2024-08-15
CHN,none,89,2024-08-15
BOL,reject,61,2024-08-15
EGY,reject,8,2024-08-15
MWI,quarantine,2,2024-08-15
ETH,quarantine,13,2024-08-15
IRN,none,6,2024-08-15
DZA,none,4,2024-08-15
LKA,reject,25,2024-08-15
TKM,reject,5,2024-08-15
CHL,reject,21,2024-08-15
IRN,invalid,1,2024-08-15
OMN,reject,52,2024-08-15
FJI,none,6,2024-08-15
SGP,none,13,2024-08-15
MKD,none,47,2024-08-15
MOZ,none,52,2024-08-15
VEN,quarantine,42,2024-08-15
PAK,reject,14,2024-08-15
PAK,none,60,2024-08-15
VEN,none,51,2024-08-15
CYP,none,9,2024-08-15
RWA,none,17,2024-08-15
VNM,reject,26,2024-08-15
CHN,quarantine,18,2024-08-15
KNA,none,2,2024-08-15
GHA,none,7,2024-08-15
KGZ,none,17,2024-08-15
IRQ,reject,47,2024-08-15
NRU,none,1,2024-08-15
MAC,quarantine,2,2024-08-15
TTO,quarantine,9,2024-08-15
BLZ,reject,1,2024-08-15
BOL,none,48,2024-08-15
DEU,none,10,2024-08-15
TON,none,13,2024-08-15
ZMB,none,6,2024-08-15
ZAF,quarantine,28,2024-08-15
PRY,quarantine,64,2024-08-15
LVA,quarantine,21,2024-08-15
LBN,reject,3,2024-08-15
MRT,none,24,2024-08-15
HND,none,19,2024-08-15
KHM,reject,61,2024-08-15
GIB,none,20,2024-08-15
DZA,reject,22,2024-08-15
ESP,quarantine,15,2024-08-15
CZE,none,32,2024-08-15
YEM,reject,7,2024-08-15
KAZ,quarantine,9,2024-08-15
BHR,reject,6,2024-08-15
PAN,none,9,2024-08-15
MMR,reject,24,2024-08-15
SYC,none,33,2024-08-15
BMU,none,2,2024-08-15
KWT,quarantine,23,2024-08-15
SLV,reject,26,2024-08-15
OMN,none,35,2024-08-15
CMR,reject,1,2024-08-15
KWT,none,15,2024-08-15
PCN,none,1,2024-08-15
QAT,reject,21,2024-08-15
WSM,quarantine,7,2024-08-15
SDN,none,17,2024-08-15
KIR,none,3,2024-08-15
PRI,none,3,2024-08-15
GEO,quarantine,15,2024-08-15
FLK,reject,4,2024-08-15
TKM,none,6,2024-08-15
TUN,quarantine,3,2024-08-15
NIC,reject,19,2024-08-15
CZE,reject,15,2024-08-15
GUY,invalid,1,2024-08-15
LAO,none,15,2024-08-15
OMN,quarantine,11,2024-08-15
CHL,quarantine,32,2024-08-15
PNG,quarantine,31,2024-08-15
FIN,quarantine,23,2024-08-15
MNG,quarantine,2,2024-08-15
BTN,reject,45,2024-08-15
ZWE,reject,13,2024-08-15
IRN,quarantine,5,2024-08-15
CZE,quarantine,32,2024-08-15
MAC,none,12,2024-08-15
MOZ,quarantine,16,2024-08-15
VNM,quarantine,19,2024-08-15
MMR,invalid,1,2024-08-15
EGY,invalid,1,2024-08-15
AUT,reject,8,2024-08-15
IRQ,quarantine,15,2024-08-15
SRB,quarantine,3,2024-08-15
SYR,none,2,2024-08-15
DEU,reject,5,2024-08-15
TLS,quarantine,4,2024-08-15
TON,reject,7,2024-08-15
GIN,reject,1,2024-08-15
ISL,quarantine,2,2024-08-15
MLT,none,1,2024-08-15
LUX,reject,3,2024-08-15
LTU,none,4,2024-08-15
GRL,none,3,2024-08-15
LBN,quarantine,4,2024-08-15
CIV,reject,2,2024-08-15
MDG,quarantine,7,2024-08-15
SLE,quarantine,6,2024-08-15
YEM,none,4,2024-08-15
TWN,quarantine,23,2024-08-15
TUN,none,3,2024-08-15
ITA,quarantine,12,2024-08-15
GHA,reject,4,2024-08-15
CIV,quarantine,13,2024-08-15
BHS,reject,2,2024-08-15
ETH,reject,5,2024-08-15
CIV,none,8,2024-08-15
LKA,quarantine,7,2024-08-15
LCA,none,2,2024-08-15
HND,reject,6,2024-08-15
BRN,none,1,2024-08-15
GEO,reject,13,2024-08-15
KEN,reject,9,2024-08-15
ISR,quarantine,5,2024-08-15
SLE,reject,2,2024-08-15
ITA,reject,11,2024-08-15
TON,quarantine,8,2024-08-15
RWA,reject,4,2024-08-15
GUY,none,12,2024-08-15
SGP,quarantine,2,2024-08-15
GUY,reject,2,2024-08-15
GRD,reject,5,2024-08-15
IRL,reject,12,2024-08-15
DEU,quarantine,3,2024-08-15
PSE,reject,1,2024-08-15
NPL,none,6,2024-08-15
CAN,none,6,2024-08-15
LBR,none,3,2024-08-15
LTU,quarantine,3,2024-08-15
MKD,quarantine,14,2024-08-15
MNG,none,3,2024-08-15
KAZ,invalid,1,2024-08-15
MDG,none,6,2024-08-15
BWA,reject,1,2024-08-15
SVN,none,1,2024-08-15
COM,none,3,2024-08-15
LBY,none,10,2024-08-15
HTI,quarantine,4,2024-08-15
SLV,invalid,1,2024-08-15
HND,invalid,1,2024-08-15
KAZ,reject,3,2024-08-15
BLR,none,6,2024-08-15
IRL,quarantine,3,2024-08-15
NIC,none,13,2024-08-15
MDA,reject,1,2024-08-15
SHN,quarantine,4,2024-08-15
LCA,quarantine,1,2024-08-15
COM,reject,6,2024-08-15
UKR,invalid,1,2024-08-15
TZA,quarantine,3,2024-08-15
DNK,none,4,2024-08-15
ZWE,none,1,2024-08-15
BTN,none,3,2024-08-15
UGA,reject,4,2024-08-15
SSD,quarantine,2,2024-08-15
ISL,reject,5,2024-08-15
,quarantine,2,2024-08-15
KIR,quarantine,2,2024-08-15
TWN,invalid,4,2024-08-15
SYR,quarantine,5,2024-08-15
WSM,none,4,2024-08-15
KOR,quarantine,4,2024-08-15
IND,invalid,1,2024-08-15
ZMB,reject,2,2024-08-15
DMA,none,2,2024-08-15
GRD,none,2,2024-08-15
CMR,quarantine,1,2024-08-15
NPL,reject,4,2024-08-15
SRB,reject,4,2024-08-15
LCA,reject,1,2024-08-15
MCO,none,1,2024-08-15
SYC,reject,1,2024-08-15
EST,reject,1,2024-08-15
CYP,quarantine,1,2024-08-15
CUB,reject,1,2024-08-15
KIR,reject,1,2024-08-15
HUN,none,1,2024-08-15
LBR,quarantine,1,2024-08-15
COM,quarantine,1,2024-08-15
CMR,none,1,2024-08-15
RUS,reject,2,2024-08-15
COG,quarantine,1,2024-08-15
BRA,invalid,1,2024-08-15
CAN,quarantine,3,2024-08-15
KOR,reject,1,2024-08-15
JOR,reject,2,2024-08-15
MRT,quarantine,1,2024-08-15
TLS,reject,2,2024-08-15
SWZ,none,1,2024-08-15
LTU,reject,1,2024-08-15
SVK,none,2,2024-08-15
NER,reject,1,2024-08-15
IDN,invalid,2,2024-08-15
,reject,3,2024-08-15
FLK,none,1,2024-08-15
SOM,quarantine,1,2024-08-15
KGZ,reject,1,2024-08-15
SDN,reject,1,2024-08-15
SOM,reject,2,2024-08-15
SEN,none,1,2024-08-15
SLE,invalid,1,2024-08-15
CPV,none,1,2024-08-15
PSE,none,2,2024-08-15
NAM,quarantine,1,2024-08-15
SLB,reject,1,2024-08-15
MLI,none,1,2024-08-15
BLZ,none,1,2024-08-15
PCN,invalid,1,2024-08-15
LSO,reject,1,2024-08-15
RUS,none,1,2024-08-15
FRA,none,1,2024-08-15
LUX,quarantine,1,2024-08-15
LIE,none,1,2024-08-15
BEN,reject,1,2024-08-15
ROU,none,1,2024-08-15
NGA,quarantine,37,2024-09-15
UGA,none,33,2024-09-15
NGA,reject,21,2024-09-15
UKR,none,936,2024-09-15
URY,quarantine,29,2024-09-15
CHN,none,98,2024-09-15
ITA,none,36,2024-09-15
DZA,quarantine,7,2024-09-15
HTI,none,10,2024-09-15
NZL,quarantine,59,2024-09-15
KAZ,none,23,2024-09-15
SWE,quarantine,85,2024-09-15
SLE,none,49,2024-09-15
SLV,none,23,2024-09-15
ISL,none,25,2024-09-15
PAN,quarantine,17,2024-09-15
NOR,none,156,2024-09-15
POL,quarantine,116,2024-09-15
DOM,reject,65,2024-09-15
GBR,quarantine,949,2024-09-15
IDN,quarantine,178,2024-09-15
POL,none,161,2024-09-15
IDN,none,383,2024-09-15
KEN,quarantine,227,2024-09-15
BOL,quarantine,41,2024-09-15
ECU,reject,111,2024-09-15
PER,none,251,2024-09-15
EGY,quarantine,44,2024-09-15
ESP,none,21,2024-09-15
,none,9,2024-09-15
THA,reject,74,2024-09-15
RWA,quarantine,87,2024-09-15
TUR,reject,45,2024-09-15
CHE,none,328,2024-09-15
PRT,reject,47,2024-09-15
FJI,none,7,2024-09-15
BRN,reject,1,2024-09-15
GBR,reject,1048,2024-09-15
IND,none,135,2024-09-15
EGY,none,30,2024-09-15
NOR,quarantine,99,2024-09-15
IRN,reject,17,2024-09-15
CHE,quarantine,225,2024-09-15
SAU,reject,165,2024-09-15
BHR,none,7,2024-09-15
CHN,reject,3,2024-09-15
AUT,none,219,2024-09-15
GEO,none,67,2024-09-15
DNK,quarantine,27,2024-09-15
MOZ,none,90,2024-09-15
LKA,quarantine,8,2024-09-15
MEX,quarantine,157,2024-09-15
SAU,none,92,2024-09-15
MAR,quarantine,10,2024-09-15
MDV,reject,6,2024-09-15
MNG,reject,265,2024-09-15
NLD,none,51,2024-09-15
AUT,quarantine,25,2024-09-15
QAT,none,16,2024-09-15
VEN,none,67,2024-09-15
DMA,quarantine,1,2024-09-15
LVA,reject,102,2024-09-15
TTO,none,21,2024-09-15
MYS,reject,31,2024-09-15
BLR,quarantine,4,2024-09-15
HKG,quarantine,175,2024-09-15
FIN,none,157,2024-09-15
IRQ,none,33,2024-09-15
KGZ,quarantine,24,2024-09-15
JPN,quarantine,37,2024-09-15
GUY,quarantine,94,2024-09-15
LUX,none,47,2024-09-15
IND,quarantine,428,2024-09-15
CRI,none,48,2024-09-15
MWI,reject,27,2024-09-15
UKR,reject,99,2024-09-15
SSD,none,4,2024-09-15
PER,reject,68,2024-09-15
WSM,quarantine,10,2024-09-15
COK,none,8,2024-09-15
GBR,none,1113,2024-09-15
BHR,quarantine,6,2024-09-15
TWN,reject,19,2024-09-15
ECU,quarantine,115,2024-09-15
BRA,none,266,2024-09-15
BRN,quarantine,83,2024-09-15
DOM,quarantine,49,2024-09-15
ISR,none,90,2024-09-15
ISR,reject,2,2024-09-15
GIN,none,133,2024-09-15
PRT,none,132,2024-09-15
UKR,quarantine,122,2024-09-15
SOM,none,2,2024-09-15
SLB,none,34,2024-09-15
TLS,reject,57,2024-09-15
HKG,none,13,2024-09-15
BLZ,quarantine,50,2024-09-15
JOR,none,10,2024-09-15
NZL,none,293,2024-09-15
THA,none,725,2024-09-15
DNK,reject,89,2024-09-15
MMR,quarantine,56,2024-09-15
VNM,none,49,2024-09-15
NGA,none,89,2024-09-15
JPN,none,155,2024-09-15
LVA,none,21,2024-09-15
SRB,none,12,2024-09-15
URY,reject,46,2024-09-15
PHL,none,182,2024-09-15
PER,quarantine,99,2024-09-15
MNE,quarantine,63,2024-09-15
MLI,quarantine,4,2024-09-15
VEN,reject,49,2024-09-15
PHL,quarantine,70,2024-09-15
LKA,none,14,2024-09-15
CHL,none,56,2024-09-15
SWE,reject,113,2024-09-15
HND,quarantine,12,2024-09-15
MOZ,reject,11,2024-09-15
MKD,reject,6,2024-09-15
LAO,reject,7,2024-09-15
TWN,none,49,2024-09-15
NZL,reject,152,2024-09-15
MDV,quarantine,24,2024-09-15
PNG,none,45,2024-09-15
PHL,reject,24,2024-09-15
KHM,quarantine,10,2024-09-15
PRT,quarantine,68,2024-09-15
NLD,quarantine,124,2024-09-15
GIN,quarantine,10,2024-09-15
BRA,reject,39,2024-09-15
FJI,quarantine,49,2024-09-15
TUR,quarantine,638,2024-09-15
BRA,quarantine,251,2024-09-15
LBN,none,20,2024-09-15
BGR,quarantine,2,2024-09-15
MDV,none,124,2024-09-15
PRY,none,112,2024-09-15
MYS,quarantine,245,2024-09-15
ZAF,reject,41,2024-09-15
URY,none,30,2024-09-15
ISR,quarantine,6,2024-09-15
NPL,quarantine,600,2024-09-15
GRC,none,71,2024-09-15
NPL,none,10,2024-09-15
NLD,reject,169,2024-09-15
MYS,none,135,2024-09-15
KWT,reject,10,2024-09-15
PNG,reject,7,2024-09-15
SAU,quarantine,48,2024-09-15
ZAF,none,78,2024-09-15
BLR,reject,135,2024-09-15
IDN,reject,167,2024-09-15
ZAF,quarantine,30,2024-09-15
SGP,reject,269,2024-09-15
JOR,quarantine,233,2024-09-15
PRY,quarantine,71,2024-09-15
KHM,none,42,2024-09-15
MAR,reject,12,2024-09-15
GRC,quarantine,12,2024-09-15
FIN,reject,16,2024-09-15
THA,quarantine,1525,2024-09-15
MMR,none,17,2024-09-15
UGA,quarantine,135,2024-09-15
JPN,reject,10,2024-09-15
MWI,none,36,2024-09-15
JAM,reject,20,2024-09-15
HKG,reject,288,2024-09-15
JAM,none,27,2024-09-15
PSE,quarantine,9,2024-09-15
PAK,quarantine,28,2024-09-15
SDN,quarantine,18,2024-09-15
CRI,reject,43,2024-09-15
QAT,quarantine,26,2024-09-15
PAN,reject,8,2024-09-15
ECU,none,201,2024-09-15
POL,reject,163,2024-09-15
MEX,none,593,2024-09-15
TUR,none,300,2024-09-15
BHS,none,4,2024-09-15
LAO,quarantine,5,2024-09-15
NOR,reject,243,2024-09-15
SWE,none,205,2024-09-15
MEX,reject,101,2024-09-15
KEN,none,53,2024-09-15
CRI,quarantine,58,2024-09-15
IRL,none,13,2024-09-15
ETH,none,381,2024-09-15
SLV,quarantine,82,2024-09-15
MAR,none,52,2024-09-15
CHE,reject,182,2024-09-15
LBY,quarantine,4,2024-09-15
MDG,reject,37,2024-09-15
IND,reject,1860,2024-09-15
TZA,none,726,2024-09-15
GHA,quarantine,14,2024-09-15
DOM,none,168,2024-09-15
GRC,reject,10,2024-09-15
KOR,none,55,2024-09-15
ESP,reject,15,2024-09-15
BOL,reject,62,2024-09-15
EGY,reject,8,2024-09-15
MWI,quarantine,2,2024-09-15
ETH,quarantine,13,2024-09-15
IRN,none,6,2024-09-15
DZA,none,4,2024-09-15
LKA,reject,26,2024-09-15
TKM,reject,5,2024-09-15
CHL,reject,23,2024-09-15
IRN,invalid,1,2024-09-15
OMN,reject,52,2024-09-15
SGP,none,14,2024-09-15
MKD,none,48,2024-09-15
CMR,none,22,2024-09-15
CYP,quarantine,2,2024-09-15
VEN,quarantine,58,2024-09-15
PAK,reject,16,2024-09-15
PAK,none,68,2024-09-15
CYP,none,8,2024-09-15
RWA,none,17,2024-09-15
VNM,reject,29,2024-09-15
CHN,quarantine,21,2024-09-15
JAM,quarantine,28,2024-09-15
KNA,none,3,2024-09-15
GHA,none,11,2024-09-15
KGZ,none,19,2024-09-15
IRQ,reject,48,2024-09-15
NRU,none,2,2024-09-15
MAC,quarantine,2,2024-09-15
TTO,quarantine,10,2024-09-15
BLZ,reject,1,2024-09-15
BOL,none,49,2024-09-15
DEU,none,9,2024-09-15
TON,none,16,2024-09-15
ZMB,none,6,2024-09-15
NIC,quarantine,34,2024-09-15
LVA,quarantine,21,2024-09-15
LBN,reject,3,2024-09-15
MRT,none,25,2024-09-15
HND,none,23,2024-09-15
KHM,reject,60,2024-09-15
GIB,none,20,2024-09-15
DZA,reject,30,2024-09-15
ESP,quarantine,15,2024-09-15
BTN,reject,49,2024-09-15
CZE,none,32,2024-09-15
YEM,reject,7,2024-09-15
KAZ,quarantine,7,2024-09-15
BHR,reject,6,2024-09-15
PAN,none,9,2024-09-15
MMR,reject,24,2024-09-15
SYC,none,33,2024-09-15
BMU,none,2,2024-09-15
KWT,quarantine,23,2024-09-15
SLV,reject,27,2024-09-15
OMN,none,35,2024-09-15
KWT,none,16,2024-09-15
PCN,none,1,2024-09-15
QAT,reject,20,2024-09-15
PRY,reject,18,2024-09-15
SDN,none,16,2024-09-15
KIR,none,3,2024-09-15
PRI,none,4,2024-09-15
TLS,none,16,2024-09-15
NIC,none,14,2024-09-15
FLK,reject,4,2024-09-15
TKM,none,6,2024-09-15
TUN,quarantine,3,2024-09-15
NIC,reject,17,2024-09-15
CZE,reject,15,2024-09-15
GUY,invalid,1,2024-09-15
LAO,none,14,2024-09-15
OMN,quarantine,11,2024-09-15
CHL,quarantine,34,2024-09-15
PNG,quarantine,34,2024-09-15
FIN,quarantine,23,2024-09-15
MNG,quarantine,3,2024-09-15
ZWE,reject,13,2024-09-15
IRN,quarantine,5,2024-09-15
CZE,quarantine,32,2024-09-15
MAC,none,12,2024-09-15
MOZ,quarantine,17,2024-09-15
VNM,quarantine,25,2024-09-15
MMR,invalid,1,2024-09-15
EGY,invalid,1,2024-09-15
AUT,reject,8,2024-09-15
TZA,quarantine,5,2024-09-15
IRQ,quarantine,16,2024-09-15
SRB,quarantine,3,2024-09-15
SYR,none,2,2024-09-15
DEU,reject,5,2024-09-15
TLS,quarantine,6,2024-09-15
CMR,quarantine,4,2024-09-15
TON,reject,7,2024-09-15
GIN,reject,1,2024-09-15
MLT,none,1,2024-09-15
LUX,reject,3,2024-09-15
LTU,none,4,2024-09-15
GRL,none,3,2024-09-15
LBN,quarantine,4,2024-09-15
CIV,reject,2,2024-09-15
MDG,quarantine,7,2024-09-15
SLE,quarantine,6,2024-09-15
YEM,none,5,2024-09-15
TWN,quarantine,26,2024-09-15
TUN,none,3,2024-09-15
ITA,quarantine,12,2024-09-15
GHA,reject,5,2024-09-15
CIV,quarantine,13,2024-09-15
BHS,reject,2,2024-09-15
ETH,reject,5,2024-09-15
CIV,none,8,2024-09-15
GRD,reject,7,2024-09-15
LCA,none,2,2024-09-15
BLR,none,7,2024-09-15
HND,reject,7,2024-09-15
BRN,none,1,2024-09-15
GEO,quarantine,9,2024-09-15
KEN,reject,9,2024-09-15
SLE,reject,2,2024-09-15
ITA,reject,12,2024-09-15
TON,quarantine,8,2024-09-15
RWA,reject,4,2024-09-15
GUY,none,11,2024-09-15
SGP,quarantine,2,2024-09-15
GUY,reject,2,2024-09-15
IRL,reject,13,2024-09-15
DEU,quarantine,4,2024-09-15
PSE,reject,1,2024-09-15
KOR,quarantine,5,2024-09-15
CAN,none,6,2024-09-15
LBR,none,4,2024-09-15
LTU,quarantine,3,2024-09-15
MKD,quarantine,14,2024-09-15
MNG,none,3,2024-09-15
KAZ,invalid,1,2024-09-15
MDG,none,6,2024-09-15
BWA,reject,1,2024-09-15
GEO,reject,7,2024-09-15
SVN,none,1,2024-09-15
COM,none,3,2024-09-15
LBY,none,10,2024-09-15
HTI,quarantine,3,2024-09-15
SLV,invalid,1,2024-09-15
HND,invalid,1,2024-09-15
KAZ,reject,3,2024-09-15
MDA,reject,1,2024-09-15
BTN,none,4,2024-09-15
LCA,quarantine,1,2024-09-15
COM,reject,6,2024-09-15
UKR,invalid,1,2024-09-15
DNK,none,4,2024-09-15
ZWE,none,1,2024-09-15
UGA,reject,4,2024-09-15
SSD,quarantine,2,2024-09-15
ISL,reject,5,2024-09-15
ISL,quarantine,1,2024-09-15
,quarantine,2,2024-09-15
KIR,quarantine,2,2024-09-15
TWN,invalid,4,2024-09-15
SYR,quarantine,5,2024-09-15
WSM,none,4,2024-09-15
IND,invalid,1,2024-09-15
ZMB,reject,2,2024-09-15
DMA,none,2,2024-09-15
GRD,none,2,2024-09-15
NPL,reject,4,2024-09-15
SRB,reject,4,2024-09-15
LCA,reject,1,2024-09-15
MCO,none,1,2024-09-15
SYC,reject,1,2024-09-15
EST,reject,1,2024-09-15
CUB,reject,1,2024-09-15
KIR,reject,1,2024-09-15
HUN,none,1,2024-09-15
LBR,quarantine,1,2024-09-15
COM,quarantine,1,2024-09-15
RUS,reject,2,2024-09-15
COG,quarantine,1,2024-09-15
BRA,invalid,1,2024-09-15
CAN,quarantine,3,2024-09-15
KOR,reject,1,2024-09-15
JOR,reject,2,2024-09-15
MRT,quarantine,1,2024-09-15
SWZ,none,1,2024-09-15
LTU,reject,1,2024-09-15
SVK,none,2,2024-09-15
NER,reject,1,2024-09-15
BTN,quarantine,1,2024-09-15
IDN,invalid,2,2024-09-15
,reject,3,2024-09-15
FLK,none,1,2024-09-15
SOM,quarantine,1,2024-09-15
KGZ,reject,1,2024-09-15
SDN,reject,1,2024-09-15
SHN,quarantine,3,2024-09-15
SOM,reject,2,2024-09-15
SEN,none,1,2024-09-15
SLE,invalid,1,2024-09-15
IRL,quarantine,2,2024-09-15
CPV,none,1,2024-09-15
PSE,none,2,2024-09-15
NAM,quarantine,1,2024-09-15
SLB,reject,1,2024-09-15
MLI,none,1,2024-09-15
BLZ,none,1,2024-09-15
PCN,invalid,1,2024-09-15
RUS,none,1,2024-09-15
FRA,none,1,2024-09-15
LUX,quarantine,1,2024-09-15
LIE,none,1,2024-09-15
TTO,reject,1,2024-09-15
BEN,reject,1,2024-09-15
ROU,none,1,2024-09-15
NGA,quarantine,34,2024-10-15
UGA,none,30,2024-10-15
NGA,reject,19,2024-10-15
UKR,none,940,2024-10-15
URY,quarantine,29,2024-10-15
CHN,none,96,2024-10-15
DZA,quarantine,7,2024-10-15
HTI,none,11,2024-10-15
NZL,quarantine,56,2024-10-15
KAZ,none,22,2024-10-15
SWE,quarantine,88,2024-10-15
SLE,none,49,2024-10-15
BIH,quarantine,19,2024-10-15
SLV,none,24,2024-10-15
ISL,none,25,2024-10-15
PAN,quarantine,17,2024-10-15
ARE,reject,32,2024-10-15
NOR,none,153,2024-10-15
POL,quarantine,120,2024-10-15
DOM,reject,65,2024-10-15
GBR,quarantine,986,2024-10-15
IDN,quarantine,178,2024-10-15
POL,none,160,2024-10-15
IDN,none,384,2024-10-15
KEN,quarantine,229,2024-10-15
BGD,quarantine,374,2024-10-15
BOL,quarantine,38,2024-10-15
ECU,reject,117,2024-10-15
PER,none,247,2024-10-15
EGY,quarantine,46,2024-10-15
BEL,reject,76,2024-10-15
ESP,none,21,2024-10-15
,none,11,2024-10-15
THA,reject,74,2024-10-15
RWA,quarantine,87,2024-10-15
TUR,reject,45,2024-10-15
OMN,reject,55,2024-10-15
CHE,none,334,2024-10-15
PRT,reject,51,2024-10-15
ARE,none,102,2024-10-15
FJI,none,7,2024-10-15
BRN,reject,1,2024-10-15
GBR,reject,1057,2024-10-15
IND,none,133,2024-10-15
EGY,none,29,2024-10-15
NOR,quarantine,99,2024-10-15
IRN,reject,18,2024-10-15
CHE,quarantine,229,2024-10-15
AFG,none,85,2024-10-15
SAU,reject,167,2024-10-15
BHR,none,7,2024-10-15
CHN,reject,3,2024-10-15
AUT,none,220,2024-10-15
GEO,none,76,2024-10-15
DNK,quarantine,27,2024-10-15
MOZ,none,91,2024-10-15
LKA,quarantine,8,2024-10-15
MEX,quarantine,167,2024-10-15
SAU,none,95,2024-10-15
MAR,quarantine,10,2024-10-15
MDV,reject,6,2024-10-15
MNG,reject,276,2024-10-15
NLD,none,51,2024-10-15
AFG,reject,32,2024-10-15
AUT,quarantine,24,2024-10-15
QAT,none,16,2024-10-15
VEN,none,63,2024-10-15
DMA,quarantine,1,2024-10-15
LVA,reject,103,2024-10-15
TTO,none,22,2024-10-15
MYS,reject,31,2024-10-15
BLR,quarantine,4,2024-10-15
HKG,quarantine,176,2024-10-15
FIN,none,160,2024-10-15
IRQ,none,35,2024-10-15
KGZ,quarantine,24,2024-10-15
JPN,quarantine,37,2024-10-15
GUY,quarantine,94,2024-10-15
LUX,none,48,2024-10-15
IND,quarantine,430,2024-10-15
CRI,none,48,2024-10-15
ARG,quarantine,223,2024-10-15
MWI,reject,25,2024-10-15
UKR,reject,100,2024-10-15
SSD,none,5,2024-10-15
PER,reject,73,2024-10-15
WSM,quarantine,10,2024-10-15
COK,none,8,2024-10-15
AUS,none,127,2024-10-15
GBR,none,1158,2024-10-15
BHR,quarantine,6,2024-10-15
TWN,reject,20,2024-10-15
ECU,quarantine,120,2024-10-15
BRA,none,267,2024-10-15
BRN,quarantine,82,2024-10-15
DOM,quarantine,48,2024-10-15
ISR,none,90,2024-10-15
ISR,reject,2,2024-10-15
GIN,none,132,2024-10-15
PRT,none,129,2024-10-15
UKR,quarantine,128,2024-10-15
SOM,none,3,2024-10-15
SLB,none,33,2024-10-15
TLS,reject,60,2024-10-15
HKG,none,13,2024-10-15
BLZ,quarantine,50,2024-10-15
JOR,none,10,2024-10-15
NZL,none,298,2024-10-15
THA,none,719,2024-10-15
DNK,reject,89,2024-10-15
MMR,quarantine,59,2024-10-15
VNM,none,50,2024-10-15
NGA,none,97,2024-10-15
JPN,none,161,2024-10-15
LVA,none,21,2024-10-15
SRB,none,14,2024-10-15
URY,reject,47,2024-10-15
PHL,none,182,2024-10-15
PER,quarantine,100,2024-10-15
ALB,reject,174,2024-10-15
MNE,quarantine,63,2024-10-15
VEN,reject,50,2024-10-15
PHL,quarantine,71,2024-10-15
LKA,none,15,2024-10-15
CHL,none,56,2024-10-15
SWE,reject,115,2024-10-15
HND,quarantine,13,2024-10-15
AUS,reject,510,2024-10-15
MOZ,reject,12,2024-10-15
AZE,quarantine,6,2024-10-15
MKD,reject,6,2024-10-15
AUS,quarantine,121,2024-10-15
AZE,reject,248,2024-10-15
TWN,none,53,2024-10-15
NZL,reject,156,2024-10-15
MAC,quarantine,3,2024-10-15
MDV,quarantine,24,2024-10-15
PNG,none,44,2024-10-15
PHL,reject,26,2024-10-15
KHM,quarantine,10,2024-10-15
PRT,quarantine,73,2024-10-15
NLD,quarantine,120,2024-10-15
GIN,quarantine,10,2024-10-15
BRA,reject,39,2024-10-15
FJI,quarantine,51,2024-10-15
TUR,quarantine,653,2024-10-15
BRA,quarantine,252,2024-10-15
LBN,none,20,2024-10-15
BGR,quarantine,2,2024-10-15
MDV,none,124,2024-10-15
PRY,none,110,2024-10-15
MYS,quarantine,245,2024-10-15
BIH,none,32,2024-10-15
ZAF,reject,43,2024-10-15
URY,none,29,2024-10-15
ISR,quarantine,6,2024-10-15
NPL,quarantine,594,2024-10-15
GRC,none,73,2024-10-15
NPL,none,10,2024-10-15
NLD,reject,173,2024-10-15
BRB,none,8,2024-10-15
MYS,none,139,2024-10-15
KWT,reject,10,2024-10-15
PNG,reject,7,2024-10-15
ARG,none,610,2024-10-15
SAU,quarantine,48,2024-10-15
ZAF,none,78,2024-10-15
BLR,reject,146,2024-10-15
IDN,reject,167,2024-10-15
ZAF,quarantine,30,2024-10-15
ARG,reject,111,2024-10-15
SGP,reject,272,2024-10-15
JOR,quarantine,235,2024-10-15
PRY,quarantine,74,2024-10-15
KHM,none,41,2024-10-15
MAR,reject,12,2024-10-15
GRC,quarantine,13,2024-10-15
FIN,reject,16,2024-10-15
THA,quarantine,1564,2024-10-15
BGD,none,148,2024-10-15
MMR,none,17,2024-10-15
UGA,quarantine,97,2024-10-15
JPN,reject,10,2024-10-15
MWI,none,38,2024-10-15
JAM,reject,20,2024-10-15
HKG,reject,290,2024-10-15
JAM,none,29,2024-10-15
PSE,quarantine,10,2024-10-15
PAK,quarantine,28,2024-10-15
SDN,quarantine,18,2024-10-15
TUN,none,4,2024-10-15
CRI,reject,42,2024-10-15
QAT,quarantine,26,2024-10-15
PAN,reject,8,2024-10-15
ARE,quarantine,52,2024-10-15
ECU,none,205,2024-10-15
BEL,none,205,2024-10-15
POL,reject,164,2024-10-15
MEX,none,602,2024-10-15
TUR,none,299,2024-10-15
BHS,none,4,2024-10-15
LAO,quarantine,5,2024-10-15
MEX,reject,110,2024-10-15
NOR,reject,247,2024-10-15
SWE,none,204,2024-10-15
KEN,none,57,2024-10-15
CRI,quarantine,59,2024-10-15
IRL,none,24,2024-10-15
ETH,none,390,2024-10-15
SLV,quarantine,79,2024-10-15
MAR,none,51,2024-10-15
CHE,reject,181,2024-10-15
LBY,quarantine,4,2024-10-15
MDG,reject,37,2024-10-15
IND,reject,1853,2024-10-15
TZA,none,683,2024-10-15
GHA,quarantine,14,2024-10-15
DOM,none,169,2024-10-15
GRC,reject,10,2024-10-15
BEL,quarantine,120,2024-10-15
KOR,none,57,2024-10-15
ESP,reject,15,2024-10-15
BOL,reject,63,2024-10-15
EGY,reject,8,2024-10-15
MWI,quarantine,2,2024-10-15
ETH,quarantine,14,2024-10-15
IRN,none,5,2024-10-15
DZA,none,5,2024-10-15
LKA,reject,27,2024-10-15
TKM,reject,5,2024-10-15
AUT,reject,32,2024-10-15
CHL,reject,22,2024-10-15
IRN,invalid,1,2024-10-15
SGP,none,14,2024-10-15
TZA,quarantine,6,2024-10-15
AZE,none,9,2024-10-15
MKD,none,47,2024-10-15
ALB,quarantine,7,2024-10-15
ALA,none,8,2024-10-15
CMR,none,22,2024-10-15
CYP,quarantine,2,2024-10-15
VEN,quarantine,61,2024-10-15
PAK,reject,17,2024-10-15
PAK,none,73,2024-10-15
CYP,none,8,2024-10-15
IRL,reject,14,2024-10-15
RWA,none,18,2024-10-15
BIH,reject,31,2024-10-15
VNM,reject,29,2024-10-15
CHN,quarantine,22,2024-10-15
JAM,quarantine,32,2024-10-15
KNA,none,3,2024-10-15
ALB,none,20,2024-10-15
GHA,none,11,2024-10-15
KGZ,none,19,2024-10-15
BGD,reject,67,2024-10-15
IRQ,reject,50,2024-10-15
NRU,none,2,2024-10-15
TTO,quarantine,10,2024-10-15
BLZ,reject,1,2024-10-15
BOL,none,48,2024-10-15
DEU,none,9,2024-10-15
TON,none,16,2024-10-15
ZMB,none,6,2024-10-15
NIC,quarantine,34,2024-10-15
LVA,quarantine,21,2024-10-15
AGO,none,4,2024-10-15
LBN,reject,3,2024-10-15
MRT,none,24,2024-10-15
HND,none,20,2024-10-15
KHM,reject,59,2024-10-15
GIB,none,20,2024-10-15
DZA,reject,30,2024-10-15
ESP,quarantine,16,2024-10-15
BTN,reject,50,2024-10-15
CZE,none,31,2024-10-15
ITA,none,35,2024-10-15
YEM,reject,7,2024-10-15
KAZ,quarantine,8,2024-10-15
BHR,reject,6,2024-10-15
PAN,none,10,2024-10-15
MMR,reject,22,2024-10-15
SYC,none,35,2024-10-15
BMU,none,2,2024-10-15
KWT,quarantine,26,2024-10-15
SLV,reject,27,2024-10-15
OMN,none,37,2024-10-15
CMR,reject,1,2024-10-15
KWT,none,14,2024-10-15
PCN,none,1,2024-10-15
QAT,reject,21,2024-10-15
PRY,reject,18,2024-10-15
SDN,none,12,2024-10-15
KIR,none,2,2024-10-15
PRI,none,5,2024-10-15
TLS,none,13,2024-10-15
GEO,quarantine,15,2024-10-15
GEO,reject,14,2024-10-15
FLK,reject,4,2024-10-15
TKM,none,6,2024-10-15
TUN,quarantine,5,2024-10-15
NIC,reject,17,2024-10-15
AFG,quarantine,5,2024-10-15
CZE,reject,15,2024-10-15
GUY,invalid,1,2024-10-15
LAO,none,15,2024-10-15
OMN,quarantine,11,2024-10-15
CHL,quarantine,33,2024-10-15
PNG,quarantine,35,2024-10-15
FIN,quarantine,24,2024-10-15
MNG,quarantine,2,2024-10-15
ZWE,reject,15,2024-10-15
IRN,quarantine,5,2024-10-15
CZE,quarantine,32,2024-10-15
MAC,none,12,2024-10-15
MOZ,quarantine,16,2024-10-15
VNM,quarantine,26,2024-10-15
MMR,invalid,1,2024-10-15
EGY,invalid,1,2024-10-15
IRQ,quarantine,17,2024-10-15
SRB,quarantine,3,2024-10-15
SYR,none,3,2024-10-15
DEU,reject,5,2024-10-15
CMR,quarantine,4,2024-10-15
TON,reject,7,2024-10-15
GIN,reject,1,2024-10-15
MLT,none,1,2024-10-15
LUX,reject,3,2024-10-15
MLI,quarantine,4,2024-10-15
LTU,none,4,2024-10-15
GRL,none,3,2024-10-15
LBN,quarantine,4,2024-10-15
CIV,reject,2,2024-10-15
MDG,quarantine,7,2024-10-15
SLE,quarantine,6,2024-10-15
TWN,quarantine,26,2024-10-15
ITA,quarantine,12,2024-10-15
GHA,reject,5,2024-10-15
CIV,quarantine,13,2024-10-15
BHS,reject,2,2024-10-15
ETH,reject,5,2024-10-15
CIV,none,8,2024-10-15
GRD,reject,7,2024-10-15
LCA,none,2,2024-10-15
BLR,none,9,2024-10-15
HND,reject,7,2024-10-15
BRN,none,1,2024-10-15
BRB,quarantine,25,2024-10-15
KEN,reject,9,2024-10-15
LAO,reject,6,2024-10-15
SLE,reject,2,2024-10-15
ITA,reject,12,2024-10-15
TON,quarantine,8,2024-10-15
RWA,reject,4,2024-10-15
GUY,none,11,2024-10-15
SGP,quarantine,2,2024-10-15
GUY,reject,2,2024-10-15
DEU,quarantine,4,2024-10-15
PSE,reject,1,2024-10-15
KOR,quarantine,5,2024-10-15
CAN,none,6,2024-10-15
LBR,none,4,2024-10-15
LTU,quarantine,3,2024-10-15
MKD,quarantine,15,2024-10-15
MNG,none,3,2024-10-15
KAZ,invalid,1,2024-10-15
MDG,none,6,2024-10-15
BWA,reject,1,2024-10-15
SVN,none,1,2024-10-15
COM,none,3,2024-10-15
LBY,none,10,2024-10-15
HTI,quarantine,3,2024-10-15
SLV,invalid,1,2024-10-15
HND,invalid,1,2024-10-15
UKR,invalid,2,2024-10-15
KAZ,reject,3,2024-10-15
NIC,none,12,2024-10-15
MDA,reject,1,2024-10-15
SHN,quarantine,4,2024-10-15
BTN,none,4,2024-10-15
LCA,quarantine,1,2024-10-15
YEM,none,3,2024-10-15
COM,reject,6,2024-10-15
DNK,none,4,2024-10-15
SDN,reject,4,2024-10-15
ZWE,none,1,2024-10-15
UGA,reject,4,2024-10-15
SSD,quarantine,2,2024-10-15
ISL,reject,5,2024-10-15
ISL,quarantine,1,2024-10-15
,quarantine,2,2024-10-15
KIR,quarantine,2,2024-10-15
TWN,invalid,4,2024-10-15
SYR,quarantine,5,2024-10-15
WSM,none,4,2024-10-15
IND,invalid,1,2024-10-15
ZMB,reject,2,2024-10-15
DMA,none,2,2024-10-15
GRD,none,2,2024-10-15
NPL,reject,4,2024-10-15
SRB,reject,4,2024-10-15
LCA,reject,1,2024-10-15
MCO,none,1,2024-10-15
SYC,reject,1,2024-10-15
EST,reject,1,2024-10-15
CUB,reject,1,2024-10-15
KIR,reject,1,2024-10-15
HUN,none,1,2024-10-15
LBR,quarantine,1,2024-10-15
COM,quarantine,1,2024-10-15
ARM,reject,1,2024-10-15
BRB,reject,1,2024-10-15
RUS,reject,2,2024-10-15
COG,quarantine,1,2024-10-15
BRA,invalid,2,2024-10-15
CAN,quarantine,3,2024-10-15
KOR,reject,1,2024-10-15
JOR,reject,2,2024-10-15
MRT,quarantine,1,2024-10-15
GEO,invalid,1,2024-10-15
SWZ,none,1,2024-10-15
LTU,reject,1,2024-10-15
SVK,none,2,2024-10-15
NER,reject,1,2024-10-15
BTN,quarantine,1,2024-10-15
IDN,invalid,2,2024-10-15
TLS,quarantine,3,2024-10-15
,reject,3,2024-10-15
FLK,none,2,2024-10-15
SOM,quarantine,1,2024-10-15
KGZ,reject,2,2024-10-15
DJI,reject,1,2024-10-15
SOM,reject,2,2024-10-15
SEN,none,1,2024-10-15
SLE,invalid,1,2024-10-15
IRL,quarantine,2,2024-10-15
CPV,none,1,2024-10-15
NAM,quarantine,1,2024-10-15
SLB,reject,1,2024-10-15
MLI,none,1,2024-10-15
BLZ,none,1,2024-10-15
PCN,invalid,1,2024-10-15
LSO,reject,1,2024-10-15
BFA,reject,1,2024-10-15
AND,reject,1,2024-10-15
RUS,none,1,2024-10-15
FRA,none,1,2024-10-15
LUX,quarantine,1,2024-10-15
LIE,none,1,2024-10-15
TTO,reject,1,2024-10-15
BEN,reject,1,2024-10-15
ROU,none,1,2024-10-15
PSE,none,1,2024-10-15
NGA,quarantine,33,2024-11-15
UGA,none,33,2024-11-15
NGA,reject,19,2024-11-15
UKR,none,961,2024-11-15
URY,quarantine,30,2024-11-15
CHN,none,99,2024-11-15
DZA,quarantine,9,2024-11-15
HTI,none,12,2024-11-15
NZL,quarantine,56,2024-11-15
KAZ,none,22,2024-11-15
SWE,quarantine,88,2024-11-15
SLE,none,47,2024-11-15
BIH,quarantine,19,2024-11-15
SLV,none,24,2024-11-15
ISL,none,25,2024-11-15
PAN,quarantine,17,2024-11-15
ARE,reject,34,2024-11-15
NOR,none,151,2024-11-15
POL,quarantine,122,2024-11-15
DOM,reject,67,2024-11-15
GBR,quarantine,1030,2024-11-15
IDN,quarantine,183,2024-11-15
POL,none,158,2024-11-15
IDN,none,392,2024-11-15
KEN,quarantine,229,2024-11-15
BGD,quarantine,363,2024-11-15
BOL,quarantine,40,2024-11-15
ECU,reject,116,2024-11-15
PER,none,262,2024-11-15
EGY,quarantine,49,2024-11-15
BEL,reject,83,2024-11-15
ESP,none,21,2024-11-15
,none,11,2024-11-15
THA,reject,73,2024-11-15
RWA,quarantine,87,2024-11-15
TUR,reject,47,2024-11-15
OMN,reject,56,2024-11-15
CHE,none,342,2024-11-15
PRT,reject,52,2024-11-15
ARE,none,106,2024-11-15
FJI,none,8,2024-11-15
BRN,reject,1,2024-11-15
GBR,reject,1066,2024-11-15
IND,none,133,2024-11-15
EGY,none,30,2024-11-15
NOR,quarantine,103,2024-11-15
IRN,reject,18,2024-11-15
ALA,none,9,2024-11-15
CHE,quarantine,230,2024-11-15
AFG,none,51,2024-11-15
SAU,reject,173,2024-11-15
BHR,none,8,2024-11-15
CHN,reject,3,2024-11-15
AUT,none,230,2024-11-15
GEO,none,75,2024-11-15
DNK,quarantine,25,2024-11-15
MOZ,none,92,2024-11-15
LKA,quarantine,8,2024-11-15
MEX,quarantine,168,2024-11-15
SAU,none,88,2024-11-15
MAR,quarantine,8,2024-11-15
MDV,reject,6,2024-11-15
MNG,reject,278,2024-11-15
NLD,none,49,2024-11-15
AFG,reject,32,2024-11-15
AUT,quarantine,26,2024-11-15
QAT,none,20,2024-11-15
VEN,none,68,2024-11-15
DMA,quarantine,1,2024-11-15
LVA,reject,104,2024-11-15
TTO,none,21,2024-11-15
MYS,reject,32,2024-11-15
BLR,quarantine,4,2024-11-15
HKG,quarantine,176,2024-11-15
FIN,none,161,2024-11-15
IRQ,none,37,2024-11-15
KGZ,quarantine,24,2024-11-15
JPN,quarantine,40,2024-11-15
GUY,quarantine,95,2024-11-15
LUX,none,49,2024-11-15
IND,quarantine,434,2024-11-15
CRI,none,48,2024-11-15
ARG,quarantine,219,2024-11-15
MWI,reject,26,2024-11-15
UKR,reject,102,2024-11-15
SSD,none,6,2024-11-15
PER,reject,73,2024-11-15
WSM,quarantine,11,2024-11-15
COK,none,8,2024-11-15
AUS,none,126,2024-11-15
GBR,none,1226,2024-11-15
BHR,quarantine,6,2024-11-15
TWN,reject,21,2024-11-15
ECU,quarantine,119,2024-11-15
BRA,none,273,2024-11-15
BRN,quarantine,82,2024-11-15
DOM,quarantine,48,2024-11-15
ISR,none,89,2024-11-15
ISR,reject,2,2024-11-15
GIN,none,133,2024-11-15
PRT,none,129,2024-11-15
UKR,quarantine,132,2024-11-15
SOM,none,5,2024-11-15
SLB,none,33,2024-11-15
TLS,reject,60,2024-11-15
HKG,none,13,2024-11-15
BLZ,quarantine,50,2024-11-15
JOR,none,10,2024-11-15
NZL,none,297,2024-11-15
THA,none,720,2024-11-15
DNK,reject,91,2024-11-15
MMR,quarantine,58,2024-11-15
VNM,none,49,2024-11-15
NGA,none,98,2024-11-15
JPN,none,163,2024-11-15
LVA,none,21,2024-11-15
SRB,none,14,2024-11-15
URY,reject,46,2024-11-15
PHL,none,188,2024-11-15
PER,quarantine,98,2024-11-15
ALB,reject,178,2024-11-15
MNE,quarantine,63,2024-11-15
MLI,quarantine,5,2024-11-15
VEN,reject,53,2024-11-15
PHL,quarantine,73,2024-11-15
LKA,none,16,2024-11-15
CHL,none,58,2024-11-15
SWE,reject,115,2024-11-15
IRQ,reject,53,2024-11-15
HND,quarantine,13,2024-11-15
AUS,reject,510,2024-11-15
MOZ,reject,13,2024-11-15
AZE,quarantine,6,2024-11-15
MKD,reject,6,2024-11-15
AUS,quarantine,123,2024-11-15
AZE,reject,246,2024-11-15
LAO,reject,6,2024-11-15
TWN,none,56,2024-11-15
NZL,reject,168,2024-11-15
MAC,quarantine,3,2024-11-15
TTO,quarantine,11,2024-11-15
MDV,quarantine,27,2024-11-15
PNG,none,45,2024-11-15
PHL,reject,25,2024-11-15
KHM,quarantine,10,2024-11-15
PRT,quarantine,76,2024-11-15
NLD,quarantine,123,2024-11-15
GIN,quarantine,11,2024-11-15
BRA,reject,33,2024-11-15
FJI,quarantine,51,2024-11-15
TUR,quarantine,655,2024-11-15
BRA,quarantine,256,2024-11-15
LBN,none,21,2024-11-15
BGR,quarantine,2,2024-11-15
MDV,none,122,2024-11-15
PRY,none,108,2024-11-15
MYS,quarantine,247,2024-11-15
BIH,none,33,2024-11-15
ZAF,reject,45,2024-11-15
URY,none,28,2024-11-15
ISR,quarantine,6,2024-11-15
NPL,quarantine,595,2024-11-15
GRC,none,75,2024-11-15
NPL,none,10,2024-11-15
NLD,reject,177,2024-11-15
BRB,none,8,2024-11-15
MYS,none,143,2024-11-15
KWT,reject,10,2024-11-15
PNG,reject,7,2024-11-15
ARG,none,626,2024-11-15
SAU,quarantine,49,2024-11-15
ZAF,none,81,2024-11-15
BLR,reject,181,2024-11-15
IDN,reject,160,2024-11-15
ARG,reject,117,2024-11-15
SGP,reject,272,2024-11-15
JOR,quarantine,237,2024-11-15
PRY,quarantine,72,2024-11-15
KHM,none,41,2024-11-15
MAR,reject,12,2024-11-15
GRC,quarantine,15,2024-11-15
FIN,reject,17,2024-11-15
THA,quarantine,1590,2024-11-15
BGD,none,145,2024-11-15
MMR,none,17,2024-11-15
UGA,quarantine,139,2024-11-15
JPN,reject,11,2024-11-15
MWI,none,37,2024-11-15
JAM,reject,21,2024-11-15
HKG,reject,292,2024-11-15
JAM,none,28,2024-11-15
PAK,quarantine,29,2024-11-15
SDN,quarantine,19,2024-11-15
TUN,none,4,2024-11-15
CRI,reject,42,2024-11-15
QAT,quarantine,26,2024-11-15
PAN,reject,8,2024-11-15
ARE,quarantine,52,2024-11-15
ECU,none,219,2024-11-15
BEL,none,204,2024-11-15
POL,reject,164,2024-11-15
MEX,none,626,2024-11-15
TUR,none,299,2024-11-15
BHS,none,4,2024-11-15
LAO,quarantine,5,2024-11-15
MEX,reject,117,2024-11-15
NOR,reject,247,2024-11-15
SWE,none,207,2024-11-15
KEN,none,56,2024-11-15
CRI,quarantine,62,2024-11-15
IRL,none,30,2024-11-15
ETH,none,403,2024-11-15
SLV,quarantine,81,2024-11-15
MAR,none,51,2024-11-15
CHE,reject,184,2024-11-15
LBY,quarantine,4,2024-11-15
MDG,reject,37,2024-11-15
IND,reject,1848,2024-11-15
TZA,none,740,2024-11-15
GHA,quarantine,14,2024-11-15
DOM,none,170,2024-11-15
GRC,reject,10,2024-11-15
BEL,quarantine,121,2024-11-15
KOR,none,57,2024-11-15
ESP,reject,16,2024-11-15
BOL,reject,65,2024-11-15
EGY,reject,8,2024-11-15
MWI,quarantine,2,2024-11-15
ETH,quarantine,13,2024-11-15
IRN,none,5,2024-11-15
DZA,none,5,2024-11-15
LKA,reject,27,2024-11-15
TKM,reject,5,2024-11-15
AUT,reject,32,2024-11-15
CHL,reject,24,2024-11-15
IRN,invalid,1,2024-11-15
SGP,none,15,2024-11-15
TZA,quarantine,6,2024-11-15
AZE,none,9,2024-11-15
MKD,none,46,2024-11-15
ALB,quarantine,8,2024-11-15
CMR,none,23,2024-11-15
VEN,quarantine,61,2024-11-15
PAK,reject,17,2024-11-15
PAK,none,76,2024-11-15
CYP,none,8,2024-11-15
IRL,reject,14,2024-11-15
RWA,none,18,2024-11-15
BIH,reject,31,2024-11-15
VNM,reject,28,2024-11-15
CHN,quarantine,28,2024-11-15
JAM,quarantine,34,2024-11-15
KNA,none,3,2024-11-15
ALB,none,21,2024-11-15
GHA,none,10,2024-11-15
KGZ,none,21,2024-11-15
BGD,reject,67,2024-11-15
NRU,none,2,2024-11-15
BLZ,reject,1,2024-11-15
NIC,reject,17,2024-11-15
BOL,none,44,2024-11-15
CYP,reject,1,2024-11-15
DEU,none,10,2024-11-15
TON,none,16,2024-11-15
ZMB,none,7,2024-11-15
ZAF,quarantine,31,2024-11-15
NIC,quarantine,35,2024-11-15
LVA,quarantine,21,2024-11-15
AGO,none,4,2024-11-15
LBN,reject,3,2024-11-15
MRT,none,24,2024-11-15
PSE,quarantine,8,2024-11-15
HND,none,21,2024-11-15
KHM,reject,62,2024-11-15
GIB,none,20,2024-11-15
DZA,reject,29,2024-11-15
ESP,quarantine,15,2024-11-15
BTN,reject,51,2024-11-15
CZE,none,31,2024-11-15
ITA,none,34,2024-11-15
YEM,reject,7,2024-11-15
KAZ,quarantine,8,2024-11-15
BHR,reject,6,2024-11-15
PAN,none,11,2024-11-15
MMR,reject,22,2024-11-15
SYC,none,35,2024-11-15
BMU,none,2,2024-11-15
KWT,quarantine,27,2024-11-15
MKD,quarantine,16,2024-11-15
SLV,reject,27,2024-11-15
OMN,none,36,2024-11-15
CMR,reject,1,2024-11-15
KWT,none,14,2024-11-15
PCN,none,1,2024-11-15
QAT,reject,22,2024-11-15
SDN,none,12,2024-11-15
KIR,none,2,2024-11-15
PRI,none,5,2024-11-15
TLS,none,15,2024-11-15
GEO,quarantine,16,2024-11-15
GEO,reject,21,2024-11-15
NIC,none,13,2024-11-15
FLK,reject,4,2024-11-15
TKM,none,6,2024-11-15
TUN,quarantine,6,2024-11-15
AFG,quarantine,6,2024-11-15
CZE,reject,15,2024-11-15
GUY,invalid,1,2024-11-15
LAO,none,14,2024-11-15
OMN,quarantine,11,2024-11-15
CHL,quarantine,33,2024-11-15
PNG,quarantine,36,2024-11-15
FIN,quarantine,25,2024-11-15
MNG,quarantine,3,2024-11-15
ZWE,reject,15,2024-11-15
IRN,quarantine,5,2024-11-15
CZE,quarantine,32,2024-11-15
MAC,none,12,2024-11-15
MOZ,quarantine,14,2024-11-15
VNM,quarantine,25,2024-11-15
MMR,invalid,1,2024-11-15
EGY,invalid,1,2024-11-15
IRQ,quarantine,17,2024-11-15
SRB,quarantine,3,2024-11-15
SYR,none,3,2024-11-15
DEU,reject,5,2024-11-15
CMR,quarantine,4,2024-11-15
TON,reject,7,2024-11-15
GIN,reject,1,2024-11-15
MLT,none,1,2024-11-15
LUX,reject,3,2024-11-15
LTU,none,4,2024-11-15
GRL,none,4,2024-11-15
LBN,quarantine,4,2024-11-15
CIV,reject,2,2024-11-15
MDG,quarantine,7,2024-11-15
SLE,quarantine,6,2024-11-15
TWN,quarantine,26,2024-11-15
ITA,quarantine,12,2024-11-15
GHA,reject,5,2024-11-15
LBR,none,5,2024-11-15
CIV,quarantine,14,2024-11-15
BHS,reject,2,2024-11-15
ETH,reject,5,2024-11-15
CIV,none,7,2024-11-15
GRD,reject,7,2024-11-15
LCA,none,2,2024-11-15
HND,reject,7,2024-11-15
BRN,none,1,2024-11-15
BRB,quarantine,25,2024-11-15
KEN,reject,8,2024-11-15
SLE,reject,2,2024-11-15
ITA,reject,12,2024-11-15
TON,quarantine,8,2024-11-15
RWA,reject,4,2024-11-15
YEM,quarantine,1,2024-11-15
GUY,none,11,2024-11-15
SGP,quarantine,2,2024-11-15
GUY,reject,2,2024-11-15
PRY,reject,18,2024-11-15
DEU,quarantine,4,2024-11-15
PSE,reject,1,2024-11-15
KOR,quarantine,5,2024-11-15
CAN,none,6,2024-11-15
LTU,quarantine,3,2024-11-15
MNG,none,4,2024-11-15
KAZ,invalid,1,2024-11-15
MDG,none,6,2024-11-15
BWA,reject,1,2024-11-15
SVN,none,1,2024-11-15
COM,none,3,2024-11-15
LBY,none,9,2024-11-15
HTI,quarantine,3,2024-11-15
SLV,invalid,1,2024-11-15
HND,invalid,1,2024-11-15
UKR,invalid,2,2024-11-15
KAZ,reject,3,2024-11-15
BLR,none,8,2024-11-15
MDA,reject,1,2024-11-15
SHN,quarantine,4,2024-11-15
BTN,none,3,2024-11-15
LCA,quarantine,1,2024-11-15
COM,reject,6,2024-11-15
DNK,none,4,2024-11-15
SDN,reject,4,2024-11-15
ZWE,none,1,2024-11-15
UGA,reject,4,2024-11-15
SSD,quarantine,2,2024-11-15
ISL,reject,5,2024-11-15
ISL,quarantine,1,2024-11-15
,quarantine,2,2024-11-15
KIR,quarantine,2,2024-11-15
TWN,invalid,4,2024-11-15
SYR,quarantine,5,2024-11-15
BFA,none,1,2024-11-15
WSM,none,4,2024-11-15
IND,invalid,1,2024-11-15
ZMB,reject,2,2024-11-15
DMA,none,2,2024-11-15
GRD,none,2,2024-11-15
NPL,reject,4,2024-11-15
SRB,reject,4,2024-11-15
LCA,reject,1,2024-11-15
MCO,none,1,2024-11-15
SYC,reject,1,2024-11-15
EST,reject,1,2024-11-15
CYP,quarantine,1,2024-11-15
CUB,reject,1,2024-11-15
KIR,reject,1,2024-11-15
HUN,none,1,2024-11-15
LBR,quarantine,1,2024-11-15
COM,quarantine,1,2024-11-15
ARM,reject,1,2024-11-15
BRB,reject,1,2024-11-15
TLS,quarantine,5,2024-11-15
RUS,reject,2,2024-11-15
COG,quarantine,1,2024-11-15
BRA,invalid,1,2024-11-15
CAN,quarantine,3,2024-11-15
KOR,reject,1,2024-11-15
JOR,reject,2,2024-11-15
MRT,quarantine,1,2024-11-15
SWZ,none,1,2024-11-15
LTU,reject,1,2024-11-15
SVK,none,2,2024-11-15
NER,reject,1,2024-11-15
YEM,none,3,2024-11-15
BTN,quarantine,1,2024-11-15
IDN,invalid,2,2024-11-15
,reject,3,2024-11-15
FLK,none,2,2024-11-15
SOM,quarantine,1,2024-11-15
KGZ,reject,2,2024-11-15
DJI,reject,1,2024-11-15
SOM,reject,2,2024-11-15
SEN,none,1,2024-11-15
SLE,invalid,1,2024-11-15
IRL,quarantine,2,2024-11-15
CPV,none,1,2024-11-15
NAM,quarantine,1,2024-11-15
SLB,reject,1,2024-11-15
MLI,none,1,2024-11-15
BLZ,none,1,2024-11-15
PCN,invalid,1,2024-11-15
LSO,reject,1,2024-11-15
BFA,reject,1,2024-11-15
AND,reject,1,2024-11-15
RUS,none,1,2024-11-15
FRA,none,1,2024-11-15
LUX,quarantine,1,2024-11-15
LIE,none,1,2024-11-15
TTO,reject,1,2024-11-15
BEN,reject,1,2024-11-15
ROU,none,1,2024-11-15
PSE,none,1,2024-11-15
NGA,quarantine,34,2024-12-15
UGA,none,33,2024-12-15
NGA,reject,20,2024-12-15
UKR,none,966,2024-12-15
URY,quarantine,31,2024-12-15
CHN,none,101,2024-12-15
DZA,quarantine,9,2024-12-15
HTI,none,10,2024-12-15
NZL,quarantine,50,2024-12-15
KAZ,none,24,2024-12-15
SWE,quarantine,89,2024-12-15
SLE,none,53,2024-12-15
BIH,quarantine,20,2024-12-15
SLV,none,27,2024-12-15
ISL,none,26,2024-12-15
PAN,quarantine,17,2024-12-15
ARE,reject,32,2024-12-15
NOR,none,149,2024-12-15
POL,quarantine,123,2024-12-15
DOM,reject,66,2024-12-15
GBR,quarantine,1071,2024-12-15
IDN,quarantine,188,2024-12-15
POL,none,164,2024-12-15
IDN,none,445,2024-12-15
KEN,quarantine,229,2024-12-15
BGD,quarantine,365,2024-12-15
BOL,quarantine,44,2024-12-15
ECU,reject,118,2024-12-15
PER,none,279,2024-12-15
EGY,quarantine,49,2024-12-15
BEL,reject,85,2024-12-15
ESP,none,23,2024-12-15
,none,11,2024-12-15
THA,reject,74,2024-12-15
RWA,quarantine,87,2024-12-15
TUR,reject,48,2024-12-15
OMN,reject,57,2024-12-15
CHE,none,348,2024-12-15
PRT,reject,50,2024-12-15
ARE,none,108,2024-12-15
FJI,none,8,2024-12-15
BRN,reject,1,2024-12-15
GBR,reject,1087,2024-12-15
IND,none,133,2024-12-15
MKD,none,57,2024-12-15
EGY,none,31,2024-12-15
NOR,quarantine,89,2024-12-15
IRN,reject,18,2024-12-15
ALA,none,10,2024-12-15
CHE,quarantine,242,2024-12-15
AFG,none,51,2024-12-15
SAU,reject,176,2024-12-15
BHR,none,8,2024-12-15
CHN,reject,3,2024-12-15
AUT,none,233,2024-12-15
GEO,none,77,2024-12-15
DNK,quarantine,23,2024-12-15
MOZ,none,95,2024-12-15
LKA,quarantine,8,2024-12-15
MEX,quarantine,173,2024-12-15
SAU,none,83,2024-12-15
MAR,quarantine,9,2024-12-15
MDV,reject,6,2024-12-15
MNG,reject,280,2024-12-15
NLD,none,51,2024-12-15
AFG,reject,32,2024-12-15
AUT,quarantine,28,2024-12-15
CMR,quarantine,5,2024-12-15
QAT,none,19,2024-12-15
VEN,none,66,2024-12-15
DMA,quarantine,1,2024-12-15
LVA,reject,105,2024-12-15
TTO,none,22,2024-12-15
MYS,reject,31,2024-12-15
BLR,quarantine,4,2024-12-15
HKG,quarantine,176,2024-12-15
FIN,none,164,2024-12-15
IRQ,none,37,2024-12-15
KGZ,quarantine,25,2024-12-15
JPN,quarantine,41,2024-12-15
GUY,quarantine,95,2024-12-15
LUX,none,50,2024-12-15
IND,quarantine,433,2024-12-15
CRI,none,44,2024-12-15
ARG,quarantine,224,2024-12-15
MWI,reject,26,2024-12-15
UKR,reject,103,2024-12-15
SSD,none,5,2024-12-15
PER,reject,73,2024-12-15
RWA,none,19,2024-12-15
WSM,quarantine,11,2024-12-15
COK,none,8,2024-12-15
AUS,none,123,2024-12-15
GBR,none,1275,2024-12-15
BHR,quarantine,8,2024-12-15
TWN,reject,21,2024-12-15
ECU,quarantine,120,2024-12-15
BRA,none,276,2024-12-15
BRN,quarantine,82,2024-12-15
DOM,quarantine,49,2024-12-15
ISR,none,87,2024-12-15
ISR,reject,2,2024-12-15
GIN,none,135,2024-12-15
PRT,none,125,2024-12-15
UKR,quarantine,135,2024-12-15
SOM,none,9,2024-12-15
SLB,none,33,2024-12-15
TLS,reject,62,2024-12-15
HKG,none,13,2024-12-15
BLZ,quarantine,50,2024-12-15
JOR,none,10,2024-12-15
NZL,none,284,2024-12-15
THA,none,715,2024-12-15
DNK,reject,93,2024-12-15
MMR,quarantine,61,2024-12-15
IRL,quarantine,3,2024-12-15
VNM,none,48,2024-12-15
NGA,none,106,2024-12-15
JPN,none,165,2024-12-15
LVA,none,21,2024-12-15
SRB,none,14,2024-12-15
URY,reject,47,2024-12-15
PHL,none,189,2024-12-15
PER,quarantine,98,2024-12-15
ALB,reject,178,2024-12-15
MNE,quarantine,63,2024-12-15
MLI,quarantine,5,2024-12-15
VEN,reject,54,2024-12-15
PHL,quarantine,73,2024-12-15
LKA,none,17,2024-12-15
SWE,reject,118,2024-12-15
HND,quarantine,13,2024-12-15
AUS,reject,516,2024-12-15
MOZ,reject,13,2024-12-15
AZE,quarantine,6,2024-12-15
MKD,reject,6,2024-12-15
AUS,quarantine,125,2024-12-15
AZE,reject,259,2024-12-15
LAO,reject,5,2024-12-15
TWN,none,61,2024-12-15
NZL,reject,190,2024-12-15
MAC,quarantine,4,2024-12-15
TTO,quarantine,11,2024-12-15
MDV,quarantine,28,2024-12-15
PNG,none,42,2024-12-15
PHL,reject,25,2024-12-15
KHM,quarantine,10,2024-12-15
PRT,quarantine,80,2024-12-15
NLD,quarantine,119,2024-12-15
GIN,quarantine,11,2024-12-15
BRA,reject,32,2024-12-15
FJI,quarantine,51,2024-12-15
TUR,quarantine,653,2024-12-15
BRA,quarantine,254,2024-12-15
LBN,none,22,2024-12-15
BGR,quarantine,2,2024-12-15
MDV,none,129,2024-12-15
PRY,none,111,2024-12-15
MYS,quarantine,248,2024-12-15
BIH,none,30,2024-12-15
ZAF,reject,47,2024-12-15
URY,none,28,2024-12-15
ISR,quarantine,6,2024-12-15
NPL,quarantine,588,2024-12-15
GRC,none,77,2024-12-15
NPL,none,10,2024-12-15
NLD,reject,176,2024-12-15
BRB,none,7,2024-12-15
MYS,none,142,2024-12-15
KWT,reject,10,2024-12-15
PNG,reject,7,2024-12-15
ARG,none,648,2024-12-15
PNG,quarantine,38,2024-12-15
SAU,quarantine,54,2024-12-15
ZAF,none,86,2024-12-15
BLR,reject,182,2024-12-15
IDN,reject,156,2024-12-15
ARG,reject,113,2024-12-15
SGP,reject,273,2024-12-15
JOR,quarantine,237,2024-12-15
PRY,quarantine,75,2024-12-15
KHM,none,39,2024-12-15
MAR,reject,11,2024-12-15
GRC,quarantine,15,2024-12-15
FIN,reject,17,2024-12-15
THA,quarantine,1603,2024-12-15
BGD,none,146,2024-12-15
MMR,none,17,2024-12-15
UGA,quarantine,141,2024-12-15
JPN,reject,11,2024-12-15
MWI,none,38,2024-12-15
JAM,reject,21,2024-12-15
HKG,reject,290,2024-12-15
JAM,none,29,2024-12-15
PAK,quarantine,191,2024-12-15
SDN,quarantine,20,2024-12-15
KHM,reject,63,2024-12-15
TUN,none,4,2024-12-15
CRI,reject,44,2024-12-15
QAT,quarantine,26,2024-12-15
PAN,reject,9,2024-12-15
ARE,quarantine,54,2024-12-15
ECU,none,248,2024-12-15
BEL,none,208,2024-12-15
POL,reject,167,2024-12-15
MEX,none,684,2024-12-15
TUR,none,303,2024-12-15
BHS,none,4,2024-12-15
LAO,quarantine,5,2024-12-15
MEX,reject,118,2024-12-15
NOR,reject,263,2024-12-15
SWE,none,206,2024-12-15
KEN,none,59,2024-12-15
CRI,quarantine,63,2024-12-15
IRL,none,29,2024-12-15
ETH,none,415,2024-12-15
SLV,quarantine,78,2024-12-15
MAR,none,52,2024-12-15
CHE,reject,189,2024-12-15
LBY,quarantine,3,2024-12-15
MDG,reject,38,2024-12-15
IND,reject,1850,2024-12-15
TZA,none,759,2024-12-15
GHA,quarantine,13,2024-12-15
DOM,none,170,2024-12-15
GRC,reject,10,2024-12-15
BEL,quarantine,121,2024-12-15
KOR,none,60,2024-12-15
ESP,reject,16,2024-12-15
BOL,reject,64,2024-12-15
EGY,reject,8,2024-12-15
MWI,quarantine,3,2024-12-15
ETH,quarantine,12,2024-12-15
DZA,none,4,2024-12-15
LKA,reject,27,2024-12-15
TKM,reject,7,2024-12-15
AUT,reject,32,2024-12-15
IRN,invalid,1,2024-12-15
CHL,reject,6,2024-12-15
SGP,none,17,2024-12-15
TZA,quarantine,6,2024-12-15
AZE,none,10,2024-12-15
ALB,quarantine,7,2024-12-15
CMR,none,23,2024-12-15
VEN,quarantine,62,2024-12-15
PAK,reject,17,2024-12-15
PAK,none,77,2024-12-15
CYP,none,8,2024-12-15
IRL,reject,14,2024-12-15
LCA,none,3,2024-12-15
BIH,reject,31,2024-12-15
VNM,reject,27,2024-12-15
CHN,quarantine,28,2024-12-15
JAM,quarantine,36,2024-12-15
KNA,none,3,2024-12-15
ALB,none,24,2024-12-15
GHA,none,10,2024-12-15
KGZ,none,19,2024-12-15
BGD,reject,68,2024-12-15
IRQ,reject,53,2024-12-15
NRU,none,2,2024-12-15
BLZ,reject,1,2024-12-15
NIC,reject,18,2024-12-15
BOL,none,54,2024-12-15
CYP,reject,1,2024-12-15
DEU,none,9,2024-12-15
TON,none,16,2024-12-15
ZMB,none,8,2024-12-15
ZAF,quarantine,30,2024-12-15
NIC,quarantine,35,2024-12-15
LVA,quarantine,21,2024-12-15
AGO,none,4,2024-12-15
LBN,reject,3,2024-12-15
MRT,none,25,2024-12-15
HND,none,25,2024-12-15
GIB,none,21,2024-12-15
DZA,reject,31,2024-12-15
ESP,quarantine,16,2024-12-15
BTN,reject,50,2024-12-15
CZE,none,34,2024-12-15
ITA,none,37,2024-12-15
YEM,reject,7,2024-12-15
KAZ,quarantine,7,2024-12-15
BHR,reject,6,2024-12-15
PAN,none,13,2024-12-15
MMR,reject,24,2024-12-15
SYC,none,35,2024-12-15
BMU,none,2,2024-12-15
KWT,quarantine,27,2024-12-15
MKD,quarantine,18,2024-12-15
SLV,reject,26,2024-12-15
OMN,none,35,2024-12-15
CMR,reject,1,2024-12-15
KWT,none,13,2024-12-15
PCN,none,1,2024-12-15
QAT,reject,22,2024-12-15
SDN,none,14,2024-12-15
KIR,none,2,2024-12-15
PRI,none,5,2024-12-15
TLS,none,17,2024-12-15
GEO,quarantine,16,2024-12-15
GEO,reject,22,2024-12-15
NIC,none,12,2024-12-15
FLK,reject,6,2024-12-15
TKM,none,5,2024-12-15
TUN,quarantine,7,2024-12-15
AFG,quarantine,6,2024-12-15
CZE,reject,15,2024-12-15
GUY,invalid,1,2024-12-15
LAO,none,15,2024-12-15
OMN,quarantine,11,2024-12-15
YEM,none,4,2024-12-15
FIN,quarantine,27,2024-12-15
MNG,quarantine,3,2024-12-15
ZWE,reject,15,2024-12-15
IRN,quarantine,6,2024-12-15
CZE,quarantine,32,2024-12-15
MAC,none,16,2024-12-15
MOZ,quarantine,14,2024-12-15
VNM,quarantine,24,2024-12-15
MMR,invalid,1,2024-12-15
EGY,invalid,1,2024-12-15
IRQ,quarantine,17,2024-12-15
SRB,quarantine,3,2024-12-15
SYR,none,4,2024-12-15
DEU,reject,6,2024-12-15
TON,reject,7,2024-12-15
GIN,reject,1,2024-12-15
MLT,none,1,2024-12-15
LUX,reject,3,2024-12-15
LTU,none,4,2024-12-15
GRL,none,4,2024-12-15
LBN,quarantine,3,2024-12-15
CIV,reject,2,2024-12-15
BFA,none,3,2024-12-15
MDG,quarantine,7,2024-12-15
SLE,quarantine,6,2024-12-15
TWN,quarantine,28,2024-12-15
UGA,reject,6,2024-12-15
TUN,reject,1,2024-12-15
ITA,quarantine,12,2024-12-15
GHA,reject,5,2024-12-15
LBR,none,5,2024-12-15
CIV,quarantine,15,2024-12-15
BHS,reject,2,2024-12-15
ETH,reject,5,2024-12-15
CIV,none,8,2024-12-15
GRD,reject,7,2024-12-15
BLR,none,10,2024-12-15
HND,reject,6,2024-12-15
BRN,none,1,2024-12-15
BRB,quarantine,26,2024-12-15
KEN,reject,8,2024-12-15
SLE,reject,2,2024-12-15
ITA,reject,12,2024-12-15
TON,quarantine,8,2024-12-15
RWA,reject,4,2024-12-15
YEM,quarantine,2,2024-12-15
GUY,none,11,2024-12-15
SGP,quarantine,2,2024-12-15
GUY,reject,2,2024-12-15
PRY,reject,18,2024-12-15
DEU,quarantine,4,2024-12-15
PSE,reject,1,2024-12-15
LBY,none,11,2024-12-15
KOR,quarantine,5,2024-12-15
CAN,none,6,2024-12-15
LTU,quarantine,3,2024-12-15
MNG,none,4,2024-12-15
KAZ,invalid,1,2024-12-15
MDG,none,6,2024-12-15
BWA,reject,1,2024-12-15
SVN,none,1,2024-12-15
COM,none,4,2024-12-15
HTI,quarantine,3,2024-12-15
SLV,invalid,1,2024-12-15
HND,invalid,1,2024-12-15
UKR,invalid,2,2024-12-15
KAZ,reject,3,2024-12-15
CHL,none,6,2024-12-15
MDA,reject,1,2024-12-15
SHN,quarantine,4,2024-12-15
BTN,none,3,2024-12-15
LCA,quarantine,1,2024-12-15
CHL,quarantine,3,2024-12-15
PSE,quarantine,4,2024-12-15
COM,reject,6,2024-12-15
DNK,none,4,2024-12-15
SDN,reject,5,2024-12-15
ZWE,none,1,2024-12-15
SSD,quarantine,2,2024-12-15
IRN,none,4,2024-12-15
ISL,reject,5,2024-12-15
ISL,quarantine,1,2024-12-15
,quarantine,2,2024-12-15
KIR,quarantine,2,2024-12-15
TWN,invalid,4,2024-12-15
SYR,quarantine,5,2024-12-15
WSM,none,4,2024-12-15
IND,invalid,1,2024-12-15
ZMB,reject,2,2024-12-15
DMA,none,2,2024-12-15
GRD,none,3,2024-12-15
NPL,reject,4,2024-12-15
SRB,reject,4,2024-12-15
LCA,reject,1,2024-12-15
MCO,none,1,2024-12-15
SYC,reject,1,2024-12-15
EST,reject,1,2024-12-15
CYP,quarantine,1,2024-12-15
CUB,reject,1,2024-12-15
KIR,reject,1,2024-12-15
HUN,none,1,2024-12-15
LBR,quarantine,1,2024-12-15
ARM,reject,1,2024-12-15
BRB,reject,1,2024-12-15
TLS,quarantine,5,2024-12-15
RUS,reject,2,2024-12-15
COG,quarantine,1,2024-12-15
BRA,invalid,1,2024-12-15
CAN,quarantine,3,2024-12-15
KOR,reject,1,2024-12-15
JOR,reject,2,2024-12-15
MRT,quarantine,1,2024-12-15
SWZ,none,1,2024-12-15
LTU,reject,1,2024-12-15
SVK,none,2,2024-12-15
NER,reject,1,2024-12-15
BTN,quarantine,1,2024-12-15
IDN,invalid,2,2024-12-15
,reject,3,2024-12-15
FLK,none,2,2024-12-15
SOM,quarantine,1,2024-12-15
KGZ,reject,2,2024-12-15
DJI,reject,1,2024-12-15
SOM,reject,2,2024-12-15
SEN,none,1,2024-12-15
SLE,invalid,1,2024-12-15
CPV,none,1,2024-12-15
NAM,quarantine,1,2024-12-15
HTI,reject,1,2024-12-15
GNB,none,1,2024-12-15
SLB,reject,1,2024-12-15
MLI,none,1,2024-12-15
BLZ,none,1,2024-12-15
PCN,invalid,1,2024-12-15
LSO,reject,1,2024-12-15
BFA,reject,1,2024-12-15
AND,reject,1,2024-12-15
RUS,none,1,2024-12-15
FRA,none,1,2024-12-15
LBR,reject,1,2024-12-15
LIE,none,1,2024-12-15
TTO,reject,1,2024-12-15
BEN,reject,1,2024-12-15
ROU,none,1,2024-12-15
PSE,none,1,2024-12-15
NGA,quarantine,34,2025-01-15
UGA,none,36,2025-01-15
NGA,reject,21,2025-01-15
UKR,none,986,2025-01-15
URY,quarantine,31,2025-01-15
CHN,none,99,2025-01-15
DZA,quarantine,8,2025-01-15
HTI,none,11,2025-01-15
NZL,quarantine,49,2025-01-15
KAZ,none,21,2025-01-15
SWE,quarantine,89,2025-01-15
SLE,none,55,2025-01-15
BIH,quarantine,20,2025-01-15
SLV,none,28,2025-01-15
ISL,none,26,2025-01-15
PAN,quarantine,17,2025-01-15
ARE,reject,33,2025-01-15
NOR,none,150,2025-01-15
POL,quarantine,125,2025-01-15
DOM,reject,66,2025-01-15
GBR,quarantine,1100,2025-01-15
IDN,quarantine,192,2025-01-15
POL,none,162,2025-01-15
IDN,none,487,2025-01-15
KEN,quarantine,229,2025-01-15
BGD,quarantine,367,2025-01-15
BOL,quarantine,42,2025-01-15
ECU,reject,120,2025-01-15
PER,none,288,2025-01-15
EGY,quarantine,51,2025-01-15
BEL,reject,88,2025-01-15
ESP,none,23,2025-01-15
AUT,reject,33,2025-01-15
,none,11,2025-01-15
THA,reject,75,2025-01-15
RWA,quarantine,84,2025-01-15
TUR,reject,48,2025-01-15
OMN,reject,58,2025-01-15
CHE,none,350,2025-01-15
PRT,reject,51,2025-01-15
ARE,none,112,2025-01-15
FJI,none,9,2025-01-15
BRN,reject,1,2025-01-15
GBR,reject,1097,2025-01-15
MKD,none,60,2025-01-15
IND,none,128,2025-01-15
EGY,none,33,2025-01-15
NOR,quarantine,88,2025-01-15
IRN,reject,19,2025-01-15
ALA,none,9,2025-01-15
CHE,quarantine,250,2025-01-15
AFG,none,46,2025-01-15
SAU,reject,186,2025-01-15
BHR,none,8,2025-01-15
CHN,reject,3,2025-01-15
AUT,none,233,2025-01-15
GEO,none,79,2025-01-15
DNK,quarantine,23,2025-01-15
MOZ,none,98,2025-01-15
LKA,quarantine,9,2025-01-15
MEX,quarantine,173,2025-01-15
SAU,none,83,2025-01-15
MAR,quarantine,9,2025-01-15
VEN,quarantine,64,2025-01-15
MDV,reject,6,2025-01-15
MNG,reject,282,2025-01-15
NLD,none,51,2025-01-15
AFG,reject,27,2025-01-15
AUT,quarantine,30,2025-01-15
CMR,quarantine,5,2025-01-15
QAT,none,18,2025-01-15
VEN,none,70,2025-01-15
DMA,quarantine,1,2025-01-15
LVA,reject,105,2025-01-15
TTO,none,24,2025-01-15
KWT,none,16,2025-01-15
MYS,reject,36,2025-01-15
BLR,quarantine,4,2025-01-15
HKG,quarantine,175,2025-01-15
FIN,none,165,2025-01-15
IRQ,none,37,2025-01-15
KGZ,quarantine,27,2025-01-15
JPN,quarantine,42,2025-01-15
GUY,quarantine,95,2025-01-15
LUX,none,51,2025-01-15
IND,quarantine,432,2025-01-15
CRI,none,47,2025-01-15
ARG,quarantine,229,2025-01-15
MWI,reject,26,2025-01-15
UKR,reject,104,2025-01-15
SSD,none,6,2025-01-15
PER,reject,74,2025-01-15
RWA,none,21,2025-01-15
WSM,quarantine,12,2025-01-15
COK,none,8,2025-01-15
AUS,none,124,2025-01-15
GBR,none,1325,2025-01-15
BHR,quarantine,8,2025-01-15
TWN,reject,22,2025-01-15
ECU,quarantine,125,2025-01-15
BRA,none,278,2025-01-15
BRN,quarantine,81,2025-01-15
DOM,quarantine,48,2025-01-15
ISR,none,89,2025-01-15
ISR,reject,2,2025-01-15
GIN,none,136,2025-01-15
PRT,none,127,2025-01-15
UKR,quarantine,133,2025-01-15
SOM,none,12,2025-01-15
SLB,none,33,2025-01-15
TLS,reject,59,2025-01-15
HKG,none,13,2025-01-15
BLZ,quarantine,50,2025-01-15
JOR,none,10,2025-01-15
NZL,none,280,2025-01-15
THA,none,700,2025-01-15
DNK,reject,93,2025-01-15
MMR,quarantine,60,2025-01-15
IRL,quarantine,3,2025-01-15
VNM,none,51,2025-01-15
NGA,none,114,2025-01-15
JPN,none,174,2025-01-15
LVA,none,21,2025-01-15
SRB,none,14,2025-01-15
URY,reject,47,2025-01-15
PER,quarantine,102,2025-01-15
PHL,none,195,2025-01-15
ALB,reject,175,2025-01-15
MNE,quarantine,63,2025-01-15
MLI,quarantine,5,2025-01-15
VEN,reject,52,2025-01-15
PHL,quarantine,73,2025-01-15
LKA,none,17,2025-01-15
BGD,reject,65,2025-01-15
SWE,reject,120,2025-01-15
HND,quarantine,12,2025-01-15
AUS,reject,520,2025-01-15
MOZ,reject,14,2025-01-15
AZE,quarantine,6,2025-01-15
AUS,quarantine,124,2025-01-15
AZE,reject,261,2025-01-15
LAO,reject,5,2025-01-15
TWN,none,63,2025-01-15
NZL,reject,194,2025-01-15
MAC,quarantine,4,2025-01-15
TTO,quarantine,11,2025-01-15
MDV,quarantine,31,2025-01-15
PNG,none,45,2025-01-15
PHL,reject,27,2025-01-15
KHM,quarantine,10,2025-01-15
PRT,quarantine,78,2025-01-15
NLD,quarantine,120,2025-01-15
GIN,quarantine,12,2025-01-15
BRA,reject,32,2025-01-15
FJI,quarantine,50,2025-01-15
TUR,quarantine,650,2025-01-15
BRA,quarantine,259,2025-01-15
LBN,none,23,2025-01-15
BGR,quarantine,2,2025-01-15
MDV,none,130,2025-01-15
PRY,none,110,2025-01-15
MYS,quarantine,251,2025-01-15
BIH,none,30,2025-01-15
ZAF,reject,47,2025-01-15
URY,none,29,2025-01-15
ISR,quarantine,6,2025-01-15
NPL,quarantine,599,2025-01-15
GRC,none,81,2025-01-15
NPL,none,9,2025-01-15
NLD,reject,177,2025-01-15
BRB,none,7,2025-01-15
MYS,none,140,2025-01-15
KWT,reject,10,2025-01-15
PNG,reject,7,2025-01-15
ARG,none,648,2025-01-15
ZMB,none,9,2025-01-15
PNG,quarantine,38,2025-01-15
SAU,quarantine,57,2025-01-15
ZAF,none,86,2025-01-15
BLR,reject,180,2025-01-15
IDN,reject,157,2025-01-15
ARG,reject,119,2025-01-15
SGP,reject,272,2025-01-15
JOR,quarantine,239,2025-01-15
PRY,quarantine,76,2025-01-15
KHM,none,42,2025-01-15
MAR,reject,11,2025-01-15
GRC,quarantine,16,2025-01-15
FIN,reject,17,2025-01-15
THA,quarantine,1816,2025-01-15
BGD,none,147,2025-01-15
MMR,none,17,2025-01-15
UGA,quarantine,142,2025-01-15
JPN,reject,14,2025-01-15
MWI,none,40,2025-01-15
JAM,reject,21,2025-01-15
HKG,reject,289,2025-01-15
JAM,none,30,2025-01-15
PAK,quarantine,194,2025-01-15
SDN,quarantine,23,2025-01-15
KHM,reject,64,2025-01-15
TUN,none,3,2025-01-15
QAT,quarantine,27,2025-01-15
PAN,reject,9,2025-01-15
ARE,quarantine,55,2025-01-15
ECU,none,276,2025-01-15
BEL,none,208,2025-01-15
POL,reject,167,2025-01-15
MEX,none,722,2025-01-15
TUR,none,297,2025-01-15
BHS,none,4,2025-01-15
LAO,quarantine,7,2025-01-15
MEX,reject,116,2025-01-15
NOR,reject,263,2025-01-15
SWE,none,204,2025-01-15
KEN,none,59,2025-01-15
CRI,quarantine,59,2025-01-15
IRL,none,29,2025-01-15
ETH,none,451,2025-01-15
SLV,quarantine,79,2025-01-15
MAR,none,52,2025-01-15
CHE,reject,190,2025-01-15
LBY,quarantine,3,2025-01-15
MDG,reject,38,2025-01-15
IND,reject,1846,2025-01-15
TZA,none,784,2025-01-15
GHA,quarantine,13,2025-01-15
DOM,none,170,2025-01-15
GRC,reject,10,2025-01-15
BEL,quarantine,122,2025-01-15
KOR,none,59,2025-01-15
ESP,reject,16,2025-01-15
BOL,reject,63,2025-01-15
EGY,reject,9,2025-01-15
MWI,quarantine,3,2025-01-15
ETH,quarantine,12,2025-01-15
DZA,none,4,2025-01-15
LKA,reject,28,2025-01-15
TKM,reject,6,2025-01-15
IRN,invalid,1,2025-01-15
CHL,reject,6,2025-01-15
SGP,none,18,2025-01-15
TZA,quarantine,6,2025-01-15
AZE,none,10,2025-01-15
ALB,quarantine,7,2025-01-15
CMR,none,23,2025-01-15
PAK,reject,17,2025-01-15
PAK,none,86,2025-01-15
CYP,none,9,2025-01-15
IRL,reject,17,2025-01-15
LCA,none,3,2025-01-15
BIH,reject,34,2025-01-15
VNM,reject,29,2025-01-15
CHN,quarantine,28,2025-01-15
JAM,quarantine,37,2025-01-15
KNA,none,3,2025-01-15
ALB,none,24,2025-01-15
GHA,none,10,2025-01-15
KGZ,none,20,2025-01-15
IRQ,reject,53,2025-01-15
NRU,none,2,2025-01-15
BLZ,reject,1,2025-01-15
NIC,reject,17,2025-01-15
BOL,none,56,2025-01-15
CYP,reject,1,2025-01-15
DEU,none,9,2025-01-15
TON,none,16,2025-01-15
ZAF,quarantine,30,2025-01-15
NIC,quarantine,36,2025-01-15
LVA,quarantine,21,2025-01-15
AGO,none,4,2025-01-15
LBN,reject,3,2025-01-15
MRT,none,25,2025-01-15
HND,none,28,2025-01-15
CRI,reject,48,2025-01-15
GIB,none,21,2025-01-15
DZA,reject,32,2025-01-15
ESP,quarantine,16,2025-01-15
LBR,none,11,2025-01-15
BTN,reject,50,2025-01-15
CZE,none,34,2025-01-15
ITA,none,37,2025-01-15
YEM,reject,7,2025-01-15
BHR,reject,6,2025-01-15
PAN,none,13,2025-01-15
MMR,reject,24,2025-01-15
SYC,none,36,2025-01-15
BMU,none,2,2025-01-15
KWT,quarantine,27,2025-01-15
MKD,quarantine,17,2025-01-15
SLV,reject,26,2025-01-15
OMN,none,37,2025-01-15
CMR,reject,1,2025-01-15
PCN,none,1,2025-01-15
QAT,reject,24,2025-01-15
PRY,reject,20,2025-01-15
SDN,none,14,2025-01-15
KIR,none,2,2025-01-15
PRI,none,5,2025-01-15
TLS,none,17,2025-01-15
GEO,quarantine,16,2025-01-15
GEO,reject,22,2025-01-15
NIC,none,14,2025-01-15
FLK,reject,6,2025-01-15
TKM,none,5,2025-01-15
TUN,quarantine,8,2025-01-15
AFG,quarantine,6,2025-01-15
CZE,reject,15,2025-01-15
GUY,invalid,1,2025-01-15
LAO,none,15,2025-01-15
OMN,quarantine,11,2025-01-15
YEM,none,5,2025-01-15
FIN,quarantine,26,2025-01-15
MNG,quarantine,2,2025-01-15
ZWE,reject,16,2025-01-15
IRN,quarantine,6,2025-01-15
CZE,quarantine,32,2025-01-15
MAC,none,16,2025-01-15
MOZ,quarantine,14,2025-01-15
VNM,quarantine,26,2025-01-15
KAZ,quarantine,7,2025-01-15
MMR,invalid,1,2025-01-15
EGY,invalid,1,2025-01-15
IRQ,quarantine,16,2025-01-15
SRB,quarantine,2,2025-01-15
SYR,none,4,2025-01-15
DEU,reject,6,2025-01-15
TON,reject,7,2025-01-15
GIN,reject,1,2025-01-15
MLT,none,1,2025-01-15
LUX,reject,3,2025-01-15
LTU,none,4,2025-01-15
GRL,none,3,2025-01-15
LBN,quarantine,3,2025-01-15
CIV,reject,2,2025-01-15
BFA,none,5,2025-01-15
MDG,quarantine,6,2025-01-15
SLE,quarantine,6,2025-01-15
TWN,quarantine,27,2025-01-15
UGA,reject,6,2025-01-15
TUN,reject,1,2025-01-15
ITA,quarantine,12,2025-01-15
GHA,reject,5,2025-01-15
CIV,quarantine,15,2025-01-15
BHS,reject,2,2025-01-15
ETH,reject,5,2025-01-15
CIV,none,8,2025-01-15
GRD,reject,7,2025-01-15
HND,reject,7,2025-01-15
BRN,none,1,2025-01-15
BRB,quarantine,26,2025-01-15
KEN,reject,11,2025-01-15
SLE,reject,2,2025-01-15
ITA,reject,12,2025-01-15
TON,quarantine,8,2025-01-15
RWA,reject,3,2025-01-15
YEM,quarantine,1,2025-01-15
GUY,none,11,2025-01-15
SGP,quarantine,2,2025-01-15
GUY,reject,2,2025-01-15
DEU,quarantine,4,2025-01-15
PSE,reject,1,2025-01-15
LBY,none,11,2025-01-15
KOR,quarantine,5,2025-01-15
CAN,none,6,2025-01-15
LTU,quarantine,3,2025-01-15
MNG,none,4,2025-01-15
KAZ,invalid,1,2025-01-15
MDG,none,6,2025-01-15
BWA,reject,1,2025-01-15
SVN,none,1,2025-01-15
MKD,reject,5,2025-01-15
COM,none,4,2025-01-15
HTI,quarantine,3,2025-01-15
SLV,invalid,2,2025-01-15
BEL,invalid,1,2025-01-15
HND,invalid,1,2025-01-15
UKR,invalid,2,2025-01-15
KAZ,reject,3,2025-01-15
BLR,none,9,2025-01-15
CHL,none,6,2025-01-15
MDA,reject,1,2025-01-15
SHN,quarantine,4,2025-01-15
BTN,none,3,2025-01-15
LCA,quarantine,1,2025-01-15
CHL,quarantine,3,2025-01-15
PSE,quarantine,4,2025-01-15
COM,reject,6,2025-01-15
DNK,none,4,2025-01-15
SDN,reject,5,2025-01-15
ZWE,none,1,2025-01-15
SSD,quarantine,2,2025-01-15
IRN,none,4,2025-01-15
ISL,reject,5,2025-01-15
ISL,quarantine,1,2025-01-15
,quarantine,2,2025-01-15
KIR,quarantine,2,2025-01-15
TWN,invalid,4,2025-01-15
SYR,quarantine,5,2025-01-15
WSM,none,4,2025-01-15
IND,invalid,1,2025-01-15
ZMB,reject,2,2025-01-15
DMA,none,2,2025-01-15
GRD,none,3,2025-01-15
NPL,reject,4,2025-01-15
SRB,reject,4,2025-01-15
FLK,none,3,2025-01-15
LCA,reject,1,2025-01-15
MCO,none,1,2025-01-15
SYC,reject,1,2025-01-15
GRL,quarantine,1,2025-01-15
EST,reject,1,2025-01-15
CYP,quarantine,1,2025-01-15
CUB,reject,1,2025-01-15
KIR,reject,1,2025-01-15
HUN,none,1,2025-01-15
LBR,quarantine,1,2025-01-15
ARM,reject,1,2025-01-15
BRB,reject,1,2025-01-15
TLS,quarantine,5,2025-01-15
RUS,reject,2,2025-01-15
COG,quarantine,1,2025-01-15
BRA,invalid,1,2025-01-15
CAN,quarantine,3,2025-01-15
KOR,reject,1,2025-01-15
JOR,reject,2,2025-01-15
MRT,quarantine,1,2025-01-15
SWZ,none,1,2025-01-15
LTU,reject,1,2025-01-15
SVK,none,2,2025-01-15
NER,reject,1,2025-01-15
BTN,quarantine,1,2025-01-15
,reject,3,2025-01-15
SOM,quarantine,1,2025-01-15
KGZ,reject,2,2025-01-15
DJI,reject,1,2025-01-15
SOM,reject,2,2025-01-15
SEN,none,1,2025-01-15
SLE,invalid,1,2025-01-15
SWE,invalid,1,2025-01-15
CPV,none,1,2025-01-15
NAM,quarantine,1,2025-01-15
HTI,reject,1,2025-01-15
GNB,none,1,2025-01-15
SLB,reject,1,2025-01-15
IDN,invalid,1,2025-01-15
MLI,none,1,2025-01-15
BLZ,none,2,2025-01-15
PCN,invalid,1,2025-01-15
LSO,reject,1,2025-01-15
BFA,reject,1,2025-01-15
AND,reject,1,2025-01-15
RUS,none,1,2025-01-15
FRA,none,1,2025-01-15
LBR,reject,1,2025-01-15
LIE,none,1,2025-01-15
TTO,reject,1,2025-01-15
BEN,reject,1,2025-01-15
ROU,none,1,2025-01-15
PSE,none,1,2025-01-15
NGA,quarantine,37,2025-02-15
UGA,none,40,2025-02-15
NGA,reject,22,2025-02-15
UKR,none,1000,2025-02-15
URY,quarantine,31,2025-02-15
CHN,none,99,2025-02-15
DZA,quarantine,8,2025-02-15
HTI,none,11,2025-02-15
NZL,quarantine,48,2025-02-15
KAZ,none,22,2025-02-15
SWE,quarantine,90,2025-02-15
SLE,none,57,2025-02-15
BIH,quarantine,22,2025-02-15
SLV,none,29,2025-02-15
ISL,none,26,2025-02-15
PAN,quarantine,19,2025-02-15
ARE,reject,32,2025-02-15
NOR,none,140,2025-02-15
POL,quarantine,126,2025-02-15
DOM,reject,67,2025-02-15
GBR,quarantine,1132,2025-02-15
IDN,quarantine,194,2025-02-15
POL,none,160,2025-02-15
IDN,none,494,2025-02-15
KEN,quarantine,231,2025-02-15
BGD,quarantine,368,2025-02-15
BOL,quarantine,42,2025-02-15
ECU,reject,122,2025-02-15
PER,none,309,2025-02-15
EGY,quarantine,54,2025-02-15
BEL,reject,89,2025-02-15
ESP,none,24,2025-02-15
AUT,reject,33,2025-02-15
,none,12,2025-02-15
THA,reject,76,2025-02-15
RWA,quarantine,78,2025-02-15
TUR,reject,49,2025-02-15
CHE,none,356,2025-02-15
PRT,reject,52,2025-02-15
ARE,none,115,2025-02-15
FJI,none,9,2025-02-15
BRN,reject,1,2025-02-15
GBR,reject,1134,2025-02-15
MKD,none,61,2025-02-15
IND,none,129,2025-02-15
EGY,none,30,2025-02-15
NOR,quarantine,94,2025-02-15
IRN,reject,19,2025-02-15
ALA,none,10,2025-02-15
CHE,quarantine,262,2025-02-15
SAU,reject,198,2025-02-15
AFG,none,48,2025-02-15
BHR,none,8,2025-02-15
CHN,reject,3,2025-02-15
AUT,none,235,2025-02-15
GEO,none,82,2025-02-15
DNK,quarantine,22,2025-02-15
MOZ,none,98,2025-02-15
LKA,quarantine,11,2025-02-15
SAU,none,78,2025-02-15
MEX,quarantine,178,2025-02-15
MAR,quarantine,9,2025-02-15
VEN,quarantine,70,2025-02-15
MDV,reject,5,2025-02-15
MNG,reject,288,2025-02-15
NLD,none,50,2025-02-15
AFG,reject,29,2025-02-15
AUT,quarantine,34,2025-02-15
CMR,quarantine,6,2025-02-15
OMN,none,34,2025-02-15
QAT,none,19,2025-02-15
VEN,none,75,2025-02-15
DMA,quarantine,1,2025-02-15
LVA,reject,106,2025-02-15
TTO,none,24,2025-02-15
KWT,none,15,2025-02-15
MYS,reject,39,2025-02-15
BLR,quarantine,4,2025-02-15
HKG,quarantine,176,2025-02-15
FIN,none,171,2025-02-15
IRQ,none,36,2025-02-15
KGZ,quarantine,29,2025-02-15
JPN,quarantine,47,2025-02-15
GUY,quarantine,96,2025-02-15
LUX,none,51,2025-02-15
IND,quarantine,431,2025-02-15
CRI,none,47,2025-02-15
ARG,quarantine,225,2025-02-15
MWI,reject,26,2025-02-15
UKR,reject,105,2025-02-15
RWA,none,29,2025-02-15
SSD,none,7,2025-02-15
PER,reject,76,2025-02-15
WSM,quarantine,12,2025-02-15
COK,none,7,2025-02-15
AUS,none,121,2025-02-15
GBR,none,1377,2025-02-15
BHR,quarantine,8,2025-02-15
TWN,reject,22,2025-02-15
ECU,quarantine,124,2025-02-15
BRA,none,275,2025-02-15
BRN,quarantine,81,2025-02-15
DOM,quarantine,51,2025-02-15
ISR,none,90,2025-02-15
ISR,reject,2,2025-02-15
GIN,none,137,2025-02-15
UKR,quarantine,140,2025-02-15
PRT,none,127,2025-02-15
SOM,none,14,2025-02-15
SLB,none,33,2025-02-15
TLS,reject,61,2025-02-15
HKG,none,13,2025-02-15
BLZ,quarantine,50,2025-02-15
JOR,none,10,2025-02-15
NZL,none,285,2025-02-15
THA,none,662,2025-02-15
DNK,reject,95,2025-02-15
MMR,quarantine,59,2025-02-15
IRL,quarantine,3,2025-02-15
VNM,none,52,2025-02-15
NGA,none,118,2025-02-15
JPN,none,178,2025-02-15
LVA,none,21,2025-02-15
SRB,none,14,2025-02-15
URY,reject,49,2025-02-15
PER,quarantine,101,2025-02-15
PHL,none,197,2025-02-15
ALB,reject,177,2025-02-15
MNE,quarantine,63,2025-02-15
MLI,quarantine,5,2025-02-15
VEN,reject,53,2025-02-15
PHL,quarantine,75,2025-02-15
LKA,none,18,2025-02-15
BGD,reject,65,2025-02-15
SWE,reject,122,2025-02-15
HND,quarantine,14,2025-02-15
AUS,reject,525,2025-02-15
AZE,quarantine,6,2025-02-15
AUS,quarantine,126,2025-02-15
AZE,reject,266,2025-02-15
LAO,reject,5,2025-02-15
TWN,none,61,2025-02-15
NZL,reject,194,2025-02-15
MAC,quarantine,4,2025-02-15
TTO,quarantine,12,2025-02-15
MDV,quarantine,37,2025-02-15
PNG,none,45,2025-02-15
PHL,reject,27,2025-02-15
KHM,quarantine,9,2025-02-15
PRT,quarantine,78,2025-02-15
NLD,quarantine,120,2025-02-15
GIN,quarantine,12,2025-02-15
BRA,reject,35,2025-02-15
FJI,quarantine,60,2025-02-15
TUR,quarantine,653,2025-02-15
BRA,quarantine,268,2025-02-15
BOL,none,54,2025-02-15
LBN,none,26,2025-02-15
BGR,quarantine,2,2025-02-15
MDV,none,130,2025-02-15
LBY,none,12,2025-02-15
PRY,none,110,2025-02-15
MYS,quarantine,252,2025-02-15
BIH,none,33,2025-02-15
ZAF,reject,47,2025-02-15
URY,none,29,2025-02-15
ISR,quarantine,6,2025-02-15
NPL,quarantine,601,2025-02-15
GRC,none,87,2025-02-15
NPL,none,9,2025-02-15
NLD,reject,178,2025-02-15
BRB,none,7,2025-02-15
MYS,none,138,2025-02-15
KWT,reject,10,2025-02-15
PNG,reject,8,2025-02-15
ARG,none,655,2025-02-15
TWN,quarantine,30,2025-02-15
ZMB,none,10,2025-02-15
PNG,quarantine,39,2025-02-15
SAU,quarantine,55,2025-02-15
ZAF,none,89,2025-02-15
BLR,reject,181,2025-02-15
IDN,reject,158,2025-02-15
ARG,reject,121,2025-02-15
SGP,reject,271,2025-02-15
JOR,quarantine,239,2025-02-15
PRY,quarantine,73,2025-02-15
KHM,none,42,2025-02-15
MAR,reject,12,2025-02-15
GRC,quarantine,16,2025-02-15
FIN,reject,17,2025-02-15
THA,quarantine,1847,2025-02-15
BGD,none,181,2025-02-15
MMR,none,19,2025-02-15
UGA,quarantine,143,2025-02-15
JPN,reject,13,2025-02-15
MWI,none,43,2025-02-15
JAM,reject,23,2025-02-15
HKG,reject,290,2025-02-15
JAM,none,33,2025-02-15
PSE,quarantine,17,2025-02-15
PAK,quarantine,195,2025-02-15
SDN,quarantine,22,2025-02-15
KHM,reject,66,2025-02-15
TUN,none,3,2025-02-15
QAT,quarantine,26,2025-02-15
PAN,reject,10,2025-02-15
ARE,quarantine,56,2025-02-15
ECU,none,300,2025-02-15
BEL,none,204,2025-02-15
POL,reject,171,2025-02-15
MEX,none,764,2025-02-15
TUR,none,293,2025-02-15
BHS,none,4,2025-02-15
LAO,quarantine,7,2025-02-15
MEX,reject,117,2025-02-15
NOR,reject,267,2025-02-15
SWE,none,200,2025-02-15
KEN,none,64,2025-02-15
CRI,quarantine,62,2025-02-15
IRL,none,29,2025-02-15
ETH,none,479,2025-02-15
SLV,quarantine,83,2025-02-15
MAR,none,55,2025-02-15
CHE,reject,206,2025-02-15
LBY,quarantine,3,2025-02-15
MDG,reject,38,2025-02-15
IND,reject,1854,2025-02-15
GHA,quarantine,13,2025-02-15
TZA,none,780,2025-02-15
DOM,none,170,2025-02-15
GRC,reject,10,2025-02-15
BEL,quarantine,128,2025-02-15
KOR,none,62,2025-02-15
ESP,reject,16,2025-02-15
BOL,reject,63,2025-02-15
EGY,reject,10,2025-02-15
MWI,quarantine,3,2025-02-15
ETH,quarantine,14,2025-02-15
DZA,none,4,2025-02-15
LKA,reject,29,2025-02-15
TKM,reject,6,2025-02-15
IRN,invalid,1,2025-02-15
CHL,reject,6,2025-02-15
OMN,reject,59,2025-02-15
SGP,none,19,2025-02-15
AZE,none,10,2025-02-15
ALB,quarantine,7,2025-02-15
CMR,none,25,2025-02-15
PAK,reject,17,2025-02-15
PAK,none,89,2025-02-15
CYP,none,9,2025-02-15
IRL,reject,18,2025-02-15
LCA,none,3,2025-02-15
BIH,reject,34,2025-02-15
VNM,reject,30,2025-02-15
CHN,quarantine,29,2025-02-15
JAM,quarantine,35,2025-02-15
KNA,none,3,2025-02-15
ALB,none,24,2025-02-15
GHA,none,10,2025-02-15
KGZ,none,21,2025-02-15
IRQ,reject,54,2025-02-15
NRU,none,2,2025-02-15
BLZ,reject,1,2025-02-15
NIC,reject,18,2025-02-15
CYP,reject,1,2025-02-15
DEU,none,9,2025-02-15
TON,none,16,2025-02-15
ZAF,quarantine,30,2025-02-15
NIC,quarantine,36,2025-02-15
LVA,quarantine,21,2025-02-15
AGO,none,4,2025-02-15
LBN,reject,3,2025-02-15
MRT,none,25,2025-02-15
HND,none,28,2025-02-15
CRI,reject,51,2025-02-15
GIB,none,21,2025-02-15
DZA,reject,33,2025-02-15
ESP,quarantine,16,2025-02-15
LBR,none,12,2025-02-15
BTN,reject,51,2025-02-15
CZE,none,35,2025-02-15
ITA,none,38,2025-02-15
YEM,reject,7,2025-02-15
BHR,reject,6,2025-02-15
PAN,none,13,2025-02-15
MMR,reject,22,2025-02-15
SYC,none,37,2025-02-15
BMU,none,3,2025-02-15
KWT,quarantine,28,2025-02-15
MKD,quarantine,16,2025-02-15
SLV,reject,27,2025-02-15
CMR,reject,1,2025-02-15
PCN,none,1,2025-02-15
QAT,reject,25,2025-02-15
PRY,reject,21,2025-02-15
SDN,none,15,2025-02-15
KIR,none,3,2025-02-15
PRI,none,5,2025-02-15
TLS,none,18,2025-02-15
GEO,quarantine,15,2025-02-15
GEO,reject,22,2025-02-15
NIC,none,14,2025-02-15
FLK,reject,6,2025-02-15
TKM,none,5,2025-02-15
TUN,quarantine,9,2025-02-15
AFG,quarantine,7,2025-02-15
CZE,reject,15,2025-02-15
GUY,invalid,1,2025-02-15
LAO,none,17,2025-02-15
OMN,quarantine,13,2025-02-15
YEM,none,4,2025-02-15
FIN,quarantine,26,2025-02-15
MNG,quarantine,3,2025-02-15
ZWE,reject,16,2025-02-15
IRN,quarantine,5,2025-02-15
CZE,quarantine,32,2025-02-15
MAC,none,16,2025-02-15
VNM,quarantine,25,2025-02-15
KAZ,quarantine,9,2025-02-15
MMR,invalid,1,2025-02-15
EGY,invalid,1,2025-02-15
TZA,quarantine,5,2025-02-15
IRQ,quarantine,16,2025-02-15
SRB,quarantine,3,2025-02-15
SYR,none,4,2025-02-15
DEU,reject,6,2025-02-15
TON,reject,7,2025-02-15
GIN,reject,1,2025-02-15
MLT,none,1,2025-02-15
LUX,reject,3,2025-02-15
LTU,none,4,2025-02-15
MOZ,reject,9,2025-02-15
GRL,none,3,2025-02-15
LBN,quarantine,3,2025-02-15
CIV,reject,2,2025-02-15
BFA,none,6,2025-02-15
MDG,quarantine,7,2025-02-15
SLE,quarantine,6,2025-02-15
UGA,reject,6,2025-02-15
TUN,reject,1,2025-02-15
ITA,quarantine,12,2025-02-15
GHA,reject,5,2025-02-15
CIV,quarantine,15,2025-02-15
BHS,reject,2,2025-02-15
ETH,reject,5,2025-02-15
CIV,none,9,2025-02-15
GRD,reject,7,2025-02-15
BLR,none,10,2025-02-15
HND,reject,8,2025-02-15
BRN,none,1,2025-02-15
BRB,quarantine,26,2025-02-15
SDN,reject,6,2025-02-15
KEN,reject,15,2025-02-15
SLE,reject,2,2025-02-15
ITA,reject,12,2025-02-15
TON,quarantine,8,2025-02-15
RWA,reject,3,2025-02-15
YEM,quarantine,2,2025-02-15
GUY,none,11,2025-02-15
SGP,quarantine,2,2025-02-15
GUY,reject,2,2025-02-15
DEU,quarantine,4,2025-02-15
PSE,reject,1,2025-02-15
KOR,quarantine,5,2025-02-15
CAN,none,6,2025-02-15
LTU,quarantine,3,2025-02-15
MNG,none,4,2025-02-15
KAZ,invalid,1,2025-02-15
MDG,none,6,2025-02-15
BWA,reject,1,2025-02-15
SVN,none,1,2025-02-15
MKD,reject,5,2025-02-15
COM,none,4,2025-02-15
HTI,quarantine,3,2025-02-15
SLV,invalid,2,2025-02-15
BEL,invalid,1,2025-02-15
UKR,invalid,2,2025-02-15
KAZ,reject,2,2025-02-15
CHL,none,6,2025-02-15
MDA,reject,1,2025-02-15
SHN,quarantine,4,2025-02-15
BTN,none,3,2025-02-15
LCA,quarantine,1,2025-02-15
CHL,quarantine,3,2025-02-15
COM,reject,6,2025-02-15
DNK,none,3,2025-02-15
ZWE,none,1,2025-02-15
SSD,quarantine,2,2025-02-15
IRN,none,5,2025-02-15
ISL,reject,5,2025-02-15
ISL,quarantine,1,2025-02-15
,quarantine,2,2025-02-15
KIR,quarantine,2,2025-02-15
TWN,invalid,4,2025-02-15
SYR,quarantine,5,2025-02-15
WSM,none,4,2025-02-15
IND,invalid,1,2025-02-15
ZMB,reject,2,2025-02-15
MOZ,quarantine,14,2025-02-15
DMA,none,2,2025-02-15
GRD,none,3,2025-02-15
NPL,reject,5,2025-02-15
SRB,reject,4,2025-02-15
FLK,none,3,2025-02-15
LCA,reject,1,2025-02-15
MCO,none,1,2025-02-15
SYC,reject,1,2025-02-15
TJK,none,1,2025-02-15
GRL,quarantine,1,2025-02-15
KGZ,reject,4,2025-02-15
EST,reject,1,2025-02-15
CYP,quarantine,1,2025-02-15
CUB,reject,1,2025-02-15
KIR,reject,1,2025-02-15
HUN,none,1,2025-02-15
LBR,quarantine,1,2025-02-15
ARM,reject,1,2025-02-15
BRB,reject,1,2025-02-15
TLS,quarantine,5,2025-02-15
RUS,reject,2,2025-02-15
COG,quarantine,1,2025-02-15
CAN,reject,1,2025-02-15
BRA,invalid,1,2025-02-15
CAN,quarantine,2,2025-02-15
KOR,reject,1,2025-02-15
JOR,reject,2,2025-02-15
MRT,quarantine,1,2025-02-15
MLI,none,2,2025-02-15
SWZ,none,1,2025-02-15
LTU,reject,1,2025-02-15
SVK,none,2,2025-02-15
NER,reject,1,2025-02-15
BTN,quarantine,1,2025-02-15
,reject,3,2025-02-15
SOM,quarantine,1,2025-02-15
DJI,reject,1,2025-02-15
SOM,reject,2,2025-02-15
SEN,none,1,2025-02-15
SLE,invalid,1,2025-02-15
SWE,invalid,1,2025-02-15
CPV,none,1,2025-02-15
PSE,none,2,2025-02-15
NAM,quarantine,1,2025-02-15
HTI,reject,1,2025-02-15
GIB,quarantine,1,2025-02-15
SLB,reject,1,2025-02-15
IDN,invalid,1,2025-02-15
BLZ,none,2,2025-02-15
PCN,invalid,1,2025-02-15
LSO,reject,1,2025-02-15
BFA,reject,1,2025-02-15
AND,reject,1,2025-02-15
RUS,none,1,2025-02-15
FRA,none,1,2025-02-15
LBR,reject,1,2025-02-15
LIE,none,1,2025-02-15
TTO,reject,1,2025-02-15
COK,quarantine,1,2025-02-15
BEN,reject,1,2025-02-15
ROU,none,1,2025-02-15
UKR,none,1018,2025-03-15
URY,quarantine,32,2025-03-15
CHN,none,102,2025-03-15
NZL,quarantine,49,2025-03-15
KAZ,none,23,2025-03-15
SWE,quarantine,99,2025-03-15
BIH,quarantine,22,2025-03-15
SLV,none,33,2025-03-15
NOR,none,139,2025-03-15
POL,quarantine,139,2025-03-15
GBR,quarantine,1164,2025-03-15
IDN,quarantine,192,2025-03-15
POL,none,153,2025-03-15
IDN,none,505,2025-03-15
ECU,reject,98,2025-03-15
PER,none,324,2025-03-15
EGY,quarantine,54,2025-03-15
BEL,reject,90,2025-03-15
ESP,none,24,2025-03-15
AUT,reject,33,2025-03-15
,none,13,2025-03-15
THA,reject,81,2025-03-15
TUR,reject,37,2025-03-15
CHE,none,364,2025-03-15
PRT,reject,51,2025-03-15
GBR,reject,1151,2025-03-15
IND,none,128,2025-03-15
EGY,none,33,2025-03-15
NOR,quarantine,88,2025-03-15
IRN,reject,19,2025-03-15
CHE,quarantine,264,2025-03-15
CHN,reject,3,2025-03-15
AUT,none,240,2025-03-15
DNK,quarantine,22,2025-03-15
MEX,quarantine,125,2025-03-15
NLD,none,48,2025-03-15
AUT,quarantine,34,2025-03-15
VEN,none,78,2025-03-15
DMA,quarantine,1,2025-03-15
LVA,reject,101,2025-03-15
MYS,reject,39,2025-03-15
FIN,none,176,2025-03-15
JPN,quarantine,47,2025-03-15
IND,quarantine,433,2025-03-15
CRI,none,46,2025-03-15
ARG,quarantine,233,2025-03-15
UKR,reject,107,2025-03-15
PER,reject,79,2025-03-15
AUS,none,123,2025-03-15
GBR,none,1413,2025-03-15
ECU,quarantine,93,2025-03-15
BRA,none,275,2025-03-15
UKR,quarantine,148,2025-03-15
PRT,none,129,2025-03-15
NZL,none,285,2025-03-15
THA,none,661,2025-03-15
DNK,reject,95,2025-03-15
VNM,none,51,2025-03-15
JPN,none,176,2025-03-15
LVA,none,21,2025-03-15
URY,reject,49,2025-03-15
PER,quarantine,102,2025-03-15
MNE,quarantine,47,2025-03-15
MLI,quarantine,5,2025-03-15
VEN,reject,54,2025-03-15
SWE,reject,125,2025-03-15
AUS,reject,525,2025-03-15
AUS,quarantine,127,2025-03-15
LAO,reject,4,2025-03-15
NZL,reject,202,2025-03-15
MDV,quarantine,42,2025-03-15
PRT,quarantine,79,2025-03-15
NLD,quarantine,118,2025-03-15
BRA,reject,36,2025-03-15
TUR,quarantine,532,2025-03-15
BRA,quarantine,267,2025-03-15
LBN,none,26,2025-03-15
MDV,none,129,2025-03-15
LBY,none,10,2025-03-15
MYS,quarantine,252,2025-03-15
BIH,none,33,2025-03-15
ZAF,reject,27,2025-03-15
URY,none,28,2025-03-15
GRC,none,87,2025-03-15
NLD,reject,176,2025-03-15
MYS,none,143,2025-03-15
ARG,none,663,2025-03-15
IDN,reject,155,2025-03-15
ZAF,none,50,2025-03-15
ARG,reject,123,2025-03-15
GRC,quarantine,16,2025-03-15
FIN,reject,17,2025-03-15
THA,quarantine,1891,2025-03-15
JPN,reject,16,2025-03-15
TUN,none,3,2025-03-15
CRI,reject,48,2025-03-15
ECU,none,368,2025-03-15
BEL,none,204,2025-03-15
POL,reject,194,2025-03-15
MEX,none,552,2025-03-15
TUR,none,233,2025-03-15
LAO,quarantine,7,2025-03-15
MEX,reject,72,2025-03-15
NOR,reject,274,2025-03-15
SWE,none,193,2025-03-15
CRI,quarantine,59,2025-03-15
SLV,quarantine,84,2025-03-15
CHE,reject,206,2025-03-15
LBY,quarantine,3,2025-03-15
IND,reject,1865,2025-03-15
GRC,reject,11,2025-03-15
BEL,quarantine,138,2025-03-15
KOR,none,65,2025-03-15
ESP,reject,14,2025-03-15
EGY,reject,10,2025-03-15
IRN,invalid,1,2025-03-15
CHL,reject,6,2025-03-15
SLV,reject,26,2025-03-15
VEN,quarantine,72,2025-03-15
BIH,reject,34,2025-03-15
VNM,reject,29,2025-03-15
CHN,quarantine,30,2025-03-15
DEU,none,9,2025-03-15
ZAF,quarantine,21,2025-03-15
LVA,quarantine,20,2025-03-15
LBN,reject,3,2025-03-15
ESP,quarantine,18,2025-03-15
CZE,none,34,2025-03-15
ITA,none,39,2025-03-15
YEM,reject,7,2025-03-15
PRI,none,5,2025-03-15
FLK,reject,6,2025-03-15
TUN,quarantine,11,2025-03-15
CZE,reject,16,2025-03-15
LAO,none,17,2025-03-15
YEM,none,4,2025-03-15
FIN,quarantine,27,2025-03-15
IRN,quarantine,6,2025-03-15
CZE,quarantine,32,2025-03-15
VNM,quarantine,27,2025-03-15
KAZ,quarantine,9,2025-03-15
EGY,invalid,1,2025-03-15
SYC,none,25,2025-03-15
DEU,reject,6,2025-03-15
LBN,quarantine,3,2025-03-15
TUN,reject,1,2025-03-15
ITA,quarantine,12,2025-03-15
TON,reject,2,2025-03-15
ITA,reject,12,2025-03-15
YEM,quarantine,2,2025-03-15
DEU,quarantine,4,2025-03-15
CAN,none,6,2025-03-15
KAZ,invalid,1,2025-03-15
SLV,invalid,1,2025-03-15
BEL,invalid,1,2025-03-15
UKR,invalid,2,2025-03-15
KAZ,reject,2,2025-03-15
CHL,none,6,2025-03-15
CHL,quarantine,3,2025-03-15
DNK,none,3,2025-03-15
IRN,none,5,2025-03-15
,quarantine,2,2025-03-15
KOR,quarantine,4,2025-03-15
IND,invalid,1,2025-03-15
DMA,none,2,2025-03-15
MDV,reject,4,2025-03-15
FLK,none,3,2025-03-15
SYC,reject,1,2025-03-15
EST,reject,1,2025-03-15
HUN,none,1,2025-03-15
RUS,reject,2,2025-03-15
CAN,reject,1,2025-03-15
BRA,invalid,1,2025-03-15
CAN,quarantine,2,2025-03-15
KOR,reject,1,2025-03-15
MLI,none,2,2025-03-15
NOR,invalid,1,2025-03-15
SVK,none,2,2025-03-15
,reject,3,2025-03-15
SWE,invalid,1,2025-03-15
NAM,quarantine,1,2025-03-15
IDN,invalid,1,2025-03-15
TON,none,1,2025-03-15
RUS,none,1,2025-03-15
FRA,none,1,2025-03-15
LIE,none,1,2025-03-15
ROU,none,1,2025-03-15
NGA,quarantine,35,2025-04-15
UGA,none,46,2025-04-15
NGA,reject,26,2025-04-15
UKR,none,1030,2025-04-15
URY,quarantine,33,2025-04-15
CHN,none,101,2025-04-15
DZA,quarantine,8,2025-04-15
HTI,none,9,2025-04-15
NZL,quarantine,47,2025-04-15
KAZ,none,20,2025-04-15
SWE,quarantine,101,2025-04-15
SLE,none,70,2025-04-15
BIH,quarantine,22,2025-04-15
SLV,none,35,2025-04-15
ISL,none,27,2025-04-15
PAN,quarantine,19,2025-04-15
ARE,reject,34,2025-04-15
NOR,none,140,2025-04-15
POL,quarantine,144,2025-04-15
DZA,none,5,2025-04-15
DOM,reject,67,2025-04-15
GBR,quarantine,1207,2025-04-15
IDN,quarantine,193,2025-04-15
POL,none,154,2025-04-15
IDN,none,546,2025-04-15
KEN,quarantine,233,2025-04-15
BGD,quarantine,368,2025-04-15
BOL,quarantine,39,2025-04-15
ECU,reject,124,2025-04-15
PER,none,339,2025-04-15
EGY,quarantine,54,2025-04-15
BEL,reject,89,2025-04-15
ESP,none,23,2025-04-15
AUT,reject,34,2025-04-15
,none,13,2025-04-15
THA,reject,79,2025-04-15
RWA,quarantine,55,2025-04-15
TUR,reject,52,2025-04-15
CHE,none,368,2025-04-15
PRT,reject,51,2025-04-15
ARE,none,128,2025-04-15
FJI,none,8,2025-04-15
BRN,reject,1,2025-04-15
GBR,reject,1158,2025-04-15
MKD,none,64,2025-04-15
IND,none,131,2025-04-15
EGY,none,31,2025-04-15
NOR,quarantine,84,2025-04-15
IRN,reject,19,2025-04-15
ALA,none,11,2025-04-15
CHE,quarantine,285,2025-04-15
SAU,reject,209,2025-04-15
AFG,none,52,2025-04-15
BHR,none,8,2025-04-15
CHN,reject,3,2025-04-15
AUT,none,243,2025-04-15
GEO,none,87,2025-04-15
DNK,quarantine,20,2025-04-15
MOZ,none,102,2025-04-15
LKA,quarantine,11,2025-04-15
SAU,none,70,2025-04-15
MEX,quarantine,185,2025-04-15
MAR,quarantine,9,2025-04-15
VEN,quarantine,71,2025-04-15
MNG,reject,299,2025-04-15
NLD,none,47,2025-04-15
AFG,reject,29,2025-04-15
AUT,quarantine,34,2025-04-15
CMR,quarantine,6,2025-04-15
OMN,none,34,2025-04-15
QAT,none,20,2025-04-15
PAK,none,96,2025-04-15
VEN,none,78,2025-04-15
DMA,quarantine,1,2025-04-15
LVA,reject,106,2025-04-15
TTO,none,25,2025-04-15
KWT,none,16,2025-04-15
MYS,reject,35,2025-04-15
BLR,quarantine,3,2025-04-15
HKG,quarantine,175,2025-04-15
FIN,none,177,2025-04-15
IRQ,none,33,2025-04-15
KGZ,quarantine,30,2025-04-15
JPN,quarantine,51,2025-04-15
GUY,quarantine,97,2025-04-15
LUX,none,50,2025-04-15
IND,quarantine,433,2025-04-15
CRI,none,50,2025-04-15
ARG,quarantine,232,2025-04-15
MWI,reject,27,2025-04-15
UKR,reject,108,2025-04-15
RWA,none,52,2025-04-15
SSD,none,6,2025-04-15
PER,reject,79,2025-04-15
WSM,quarantine,12,2025-04-15
COK,none,7,2025-04-15
AUS,none,113,2025-04-15
GBR,none,1455,2025-04-15
BHR,quarantine,9,2025-04-15
TWN,reject,21,2025-04-15
ECU,quarantine,133,2025-04-15
BRA,none,276,2025-04-15
BRN,quarantine,82,2025-04-15
DOM,quarantine,52,2025-04-15
ISR,none,88,2025-04-15
ISR,reject,3,2025-04-15
TLS,none,72,2025-04-15
GIN,none,139,2025-04-15
UKR,quarantine,154,2025-04-15
PRT,none,132,2025-04-15
SOM,none,24,2025-04-15
SLB,none,33,2025-04-15
HKG,none,12,2025-04-15
BLZ,quarantine,52,2025-04-15
JOR,none,10,2025-04-15
NZL,none,290,2025-04-15
THA,none,666,2025-04-15
DNK,reject,97,2025-04-15
MMR,quarantine,59,2025-04-15
IRL,quarantine,4,2025-04-15
VNM,none,53,2025-04-15
NGA,none,126,2025-04-15
JPN,none,187,2025-04-15
LVA,none,23,2025-04-15
SRB,none,14,2025-04-15
URY,reject,51,2025-04-15
PER,quarantine,104,2025-04-15
PHL,none,204,2025-04-15
ALB,reject,183,2025-04-15
MNE,quarantine,63,2025-04-15
MLI,quarantine,5,2025-04-15
VEN,reject,58,2025-04-15
PHL,quarantine,75,2025-04-15
LKA,none,19,2025-04-15
BGD,reject,62,2025-04-15
IRQ,reject,56,2025-04-15
SWE,reject,127,2025-04-15
HND,quarantine,15,2025-04-15
AUS,reject,564,2025-04-15
MOZ,reject,13,2025-04-15
AZE,quarantine,6,2025-04-15
AUS,quarantine,127,2025-04-15
AZE,reject,269,2025-04-15
LAO,reject,4,2025-04-15
TWN,none,64,2025-04-15
NZL,reject,210,2025-04-15
MAC,quarantine,5,2025-04-15
TTO,quarantine,12,2025-04-15
MDV,quarantine,66,2025-04-15
PNG,none,43,2025-04-15
PHL,reject,30,2025-04-15
KHM,quarantine,10,2025-04-15
PRT,quarantine,78,2025-04-15
NLD,quarantine,123,2025-04-15
GIN,quarantine,12,2025-04-15
BRA,reject,36,2025-04-15
TUR,quarantine,652,2025-04-15
BRA,quarantine,281,2025-04-15
BOL,none,61,2025-04-15
LBN,none,27,2025-04-15
BGR,quarantine,1,2025-04-15
MDV,none,126,2025-04-15
LBY,none,14,2025-04-15
PRY,none,112,2025-04-15
MYS,quarantine,251,2025-04-15
BIH,none,34,2025-04-15
ZAF,reject,50,2025-04-15
URY,none,30,2025-04-15
ISR,quarantine,7,2025-04-15
NPL,quarantine,596,2025-04-15
GRC,none,88,2025-04-15
NLD,reject,180,2025-04-15
BRB,none,8,2025-04-15
MYS,none,147,2025-04-15
KWT,reject,10,2025-04-15
PNG,reject,7,2025-04-15
ARG,none,664,2025-04-15
SAU,quarantine,60,2025-04-15
TWN,quarantine,30,2025-04-15
ZMB,none,10,2025-04-15
PNG,quarantine,42,2025-04-15
ZAF,none,91,2025-04-15
BLR,reject,184,2025-04-15
IDN,reject,157,2025-04-15
ARG,reject,131,2025-04-15
SGP,reject,269,2025-04-15
JOR,quarantine,242,2025-04-15
PRY,quarantine,77,2025-04-15
KHM,none,43,2025-04-15
MAR,reject,15,2025-04-15
GRC,quarantine,18,2025-04-15
FIN,reject,18,2025-04-15
THA,quarantine,1915,2025-04-15
AGO,none,8,2025-04-15
BGD,none,202,2025-04-15
MMR,none,19,2025-04-15
UGA,quarantine,145,2025-04-15
JPN,reject,16,2025-04-15
MWI,none,50,2025-04-15
JAM,reject,22,2025-04-15
HKG,reject,294,2025-04-15
JAM,none,36,2025-04-15
PSE,quarantine,19,2025-04-15
PAK,quarantine,198,2025-04-15
SDN,quarantine,25,2025-04-15
KHM,reject,66,2025-04-15
TUN,none,3,2025-04-15
CRI,reject,49,2025-04-15
QAT,quarantine,26,2025-04-15
PAN,reject,10,2025-04-15
ARE,quarantine,57,2025-04-15
ECU,none,486,2025-04-15
BEL,none,211,2025-04-15
POL,reject,194,2025-04-15
MEX,none,868,2025-04-15
TUR,none,301,2025-04-15
BHS,none,4,2025-04-15
LAO,quarantine,7,2025-04-15
MEX,reject,123,2025-04-15
NOR,reject,280,2025-04-15
SWE,none,190,2025-04-15
KEN,none,69,2025-04-15
CRI,quarantine,60,2025-04-15
IRL,none,32,2025-04-15
ETH,none,493,2025-04-15
SLV,quarantine,88,2025-04-15
MAR,none,52,2025-04-15
CHE,reject,209,2025-04-15
MDG,reject,39,2025-04-15
IND,reject,1863,2025-04-15
GHA,quarantine,13,2025-04-15
TZA,none,776,2025-04-15
DOM,none,172,2025-04-15
GRC,reject,10,2025-04-15
BEL,quarantine,142,2025-04-15
KOR,none,64,2025-04-15
ESP,reject,14,2025-04-15
BOL,reject,65,2025-04-15
EGY,reject,10,2025-04-15
MWI,quarantine,3,2025-04-15
ETH,quarantine,12,2025-04-15
LKA,reject,27,2025-04-15
TKM,reject,6,2025-04-15
BHS,quarantine,2,2025-04-15
SYC,none,40,2025-04-15
IRN,invalid,1,2025-04-15
CHL,reject,6,2025-04-15
OMN,reject,57,2025-04-15
SGP,none,21,2025-04-15
AZE,none,9,2025-04-15
ALB,quarantine,8,2025-04-15
IRQ,quarantine,18,2025-04-15
CMR,none,25,2025-04-15
SLV,reject,24,2025-04-15
DMA,none,3,2025-04-15
PAK,reject,18,2025-04-15
CYP,none,9,2025-04-15
IRL,reject,18,2025-04-15
LCA,none,3,2025-04-15
BIH,reject,34,2025-04-15
VNM,reject,31,2025-04-15
CHN,quarantine,30,2025-04-15
KIR,none,4,2025-04-15
JAM,quarantine,36,2025-04-15
KNA,none,5,2025-04-15
ALB,none,22,2025-04-15
GHA,none,12,2025-04-15
MLI,none,12,2025-04-15
KGZ,none,22,2025-04-15
NRU,none,2,2025-04-15
BLZ,reject,1,2025-04-15
NIC,reject,20,2025-04-15
CYP,reject,1,2025-04-15
DEU,none,9,2025-04-15
TON,none,10,2025-04-15
ZAF,quarantine,32,2025-04-15
NIC,quarantine,36,2025-04-15
LVA,quarantine,21,2025-04-15
LBN,reject,3,2025-04-15
MRT,none,25,2025-04-15
HND,none,28,2025-04-15
GIB,none,21,2025-04-15
SLE,reject,4,2025-04-15
DZA,reject,35,2025-04-15
ESP,quarantine,20,2025-04-15
LBR,none,32,2025-04-15
BTN,reject,55,2025-04-15
LBY,quarantine,2,2025-04-15
CZE,none,34,2025-04-15
ITA,none,39,2025-04-15
YEM,reject,7,2025-04-15
BHR,reject,6,2025-04-15
PAN,none,14,2025-04-15
MMR,reject,22,2025-04-15
BMU,none,3,2025-04-15
KWT,quarantine,28,2025-04-15
MKD,quarantine,17,2025-04-15
CMR,reject,1,2025-04-15
PCN,none,1,2025-04-15
QAT,reject,25,2025-04-15
PRY,reject,20,2025-04-15
SDN,none,14,2025-04-15
PRI,none,5,2025-04-15
GEO,quarantine,17,2025-04-15
GEO,reject,22,2025-04-15
NIC,none,14,2025-04-15
FLK,reject,7,2025-04-15
TKM,none,5,2025-04-15
TUN,quarantine,11,2025-04-15
FJI,quarantine,18,2025-04-15
AFG,quarantine,7,2025-04-15
CZE,reject,17,2025-04-15
GUY,invalid,1,2025-04-15
LAO,none,16,2025-04-15
OMN,quarantine,15,2025-04-15
NPL,none,8,2025-04-15
YEM,none,5,2025-04-15
FIN,quarantine,30,2025-04-15
MNG,quarantine,2,2025-04-15
ZWE,reject,16,2025-04-15
IRN,quarantine,6,2025-04-15
CZE,quarantine,32,2025-04-15
MAC,none,25,2025-04-15
MOZ,quarantine,15,2025-04-15
VNM,quarantine,24,2025-04-15
KAZ,quarantine,8,2025-04-15
MMR,invalid,1,2025-04-15
EGY,invalid,1,2025-04-15
TZA,quarantine,7,2025-04-15
SRB,quarantine,3,2025-04-15
SYR,none,4,2025-04-15
DEU,reject,6,2025-04-15
SGP,quarantine,4,2025-04-15
CUB,reject,10,2025-04-15
TON,reject,19,2025-04-15
GIN,reject,1,2025-04-15
MLT,none,1,2025-04-15
LUX,reject,3,2025-04-15
LTU,none,4,2025-04-15
GRL,none,3,2025-04-15
LBN,quarantine,4,2025-04-15
AGO,reject,5,2025-04-15
CIV,reject,2,2025-04-15
BFA,none,6,2025-04-15
MDG,quarantine,6,2025-04-15
SLE,quarantine,6,2025-04-15
UGA,reject,6,2025-04-15
TUN,reject,1,2025-04-15
ITA,quarantine,12,2025-04-15
PSE,none,3,2025-04-15
GHA,reject,5,2025-04-15
CIV,quarantine,15,2025-04-15
SOM,quarantine,2,2025-04-15
BHS,reject,3,2025-04-15
ETH,reject,5,2025-04-15
CIV,none,9,2025-04-15
GRD,reject,7,2025-04-15
BLR,none,10,2025-04-15
BRN,none,1,2025-04-15
BRB,quarantine,26,2025-04-15
SDN,reject,6,2025-04-15
KEN,reject,14,2025-04-15
ITA,reject,12,2025-04-15
TON,quarantine,7,2025-04-15
RWA,reject,3,2025-04-15
YEM,quarantine,1,2025-04-15
GUY,none,12,2025-04-15
GUY,reject,3,2025-04-15
KIR,quarantine,3,2025-04-15
DEU,quarantine,4,2025-04-15
PSE,reject,1,2025-04-15
CAN,none,6,2025-04-15
LTU,quarantine,3,2025-04-15
MNG,none,5,2025-04-15
KAZ,invalid,1,2025-04-15
MDG,none,7,2025-04-15
BWA,reject,1,2025-04-15
SVN,none,1,2025-04-15
MKD,reject,5,2025-04-15
COM,none,3,2025-04-15
HTI,quarantine,3,2025-04-15
SLV,invalid,1,2025-04-15
UKR,invalid,2,2025-04-15
KAZ,reject,2,2025-04-15
HND,reject,6,2025-04-15
CHL,none,5,2025-04-15
MDA,reject,1,2025-04-15
SHN,quarantine,4,2025-04-15
BTN,none,3,2025-04-15
LCA,quarantine,1,2025-04-15
CHL,quarantine,5,2025-04-15
BGR,reject,1,2025-04-15
COM,reject,6,2025-04-15
DNK,none,3,2025-04-15
ZWE,none,1,2025-04-15
LUX,quarantine,4,2025-04-15
SSD,quarantine,2,2025-04-15
IRN,none,5,2025-04-15
ISL,reject,5,2025-04-15
ISL,quarantine,1,2025-04-15
,quarantine,2,2025-04-15
TWN,invalid,4,2025-04-15
SYR,quarantine,5,2025-04-15
WSM,none,5,2025-04-15
KOR,quarantine,4,2025-04-15
IND,invalid,1,2025-04-15
ZMB,reject,2,2025-04-15
MDV,reject,4,2025-04-15
GRD,none,3,2025-04-15
NPL,reject,5,2025-04-15
SRB,reject,4,2025-04-15
FLK,none,3,2025-04-15
LCA,reject,1,2025-04-15
MCO,none,1,2025-04-15
BRB,reject,2,2025-04-15
SYC,reject,1,2025-04-15
TJK,none,1,2025-04-15
GRL,quarantine,1,2025-04-15
KGZ,reject,4,2025-04-15
EST,reject,1,2025-04-15
CYP,quarantine,1,2025-04-15
KIR,reject,1,2025-04-15
HUN,none,1,2025-04-15
LBR,quarantine,1,2025-04-15
SSD,reject,1,2025-04-15
ARM,reject,1,2025-04-15
TLS,quarantine,5,2025-04-15
RUS,reject,2,2025-04-15
COG,quarantine,1,2025-04-15
CAN,reject,1,2025-04-15
BRA,invalid,1,2025-04-15
CAN,quarantine,2,2025-04-15
KOR,reject,1,2025-04-15
CUB,quarantine,1,2025-04-15
JOR,reject,3,2025-04-15
MRT,quarantine,1,2025-04-15
SWZ,none,1,2025-04-15
NOR,invalid,1,2025-04-15
LTU,reject,1,2025-04-15
SVK,none,2,2025-04-15
TLS,reject,4,2025-04-15
NER,reject,1,2025-04-15
BTN,quarantine,1,2025-04-15
,reject,3,2025-04-15
DJI,reject,1,2025-04-15
SOM,reject,2,2025-04-15
SEN,none,1,2025-04-15
SLE,invalid,1,2025-04-15
CPV,none,1,2025-04-15
NAM,quarantine,1,2025-04-15
GIB,quarantine,1,2025-04-15
GNB,none,1,2025-04-15
SLB,reject,1,2025-04-15
IDN,invalid,1,2025-04-15
BLZ,none,2,2025-04-15
PCN,invalid,1,2025-04-15
LSO,reject,1,2025-04-15
BFA,reject,1,2025-04-15
AND,reject,1,2025-04-15
TKM,quarantine,2,2025-04-15
RUS,none,1,2025-04-15
FRA,none,1,2025-04-15
LBR,reject,1,2025-04-15
LIE,none,1,2025-04-15
TTO,reject,1,2025-04-15
HRV,none,1,2025-04-15
COK,quarantine,1,2025-04-15
BEN,reject,1,2025-04-15
ROU,none,1,2025-04-15
NGA,quarantine,36,2025-05-15
UGA,none,49,2025-05-15
NGA,reject,27,2025-05-15
UKR,none,1044,2025-05-15
URY,quarantine,33,2025-05-15
CHN,none,101,2025-05-15
DZA,quarantine,8,2025-05-15
HTI,none,9,2025-05-15
NZL,quarantine,52,2025-05-15
KAZ,none,18,2025-05-15
SWE,quarantine,103,2025-05-15
SLE,none,71,2025-05-15
BIH,quarantine,22,2025-05-15
SLV,none,35,2025-05-15
ISL,none,27,2025-05-15
PAN,quarantine,19,2025-05-15
ARE,reject,34,2025-05-15
NOR,none,138,2025-05-15
POL,quarantine,149,2025-05-15
DZA,none,5,2025-05-15
DOM,reject,66,2025-05-15
GBR,quarantine,1225,2025-05-15
IDN,quarantine,194,2025-05-15
POL,none,158,2025-05-15
IDN,none,567,2025-05-15
KEN,quarantine,233,2025-05-15
BGD,quarantine,373,2025-05-15
ECU,reject,129,2025-05-15
PER,none,356,2025-05-15
EGY,quarantine,54,2025-05-15
BEL,reject,91,2025-05-15
ESP,none,18,2025-05-15
AUT,reject,34,2025-05-15
,none,13,2025-05-15
THA,reject,85,2025-05-15
RWA,quarantine,56,2025-05-15
TUR,reject,52,2025-05-15
CHE,none,373,2025-05-15
PRT,reject,52,2025-05-15
ARE,none,129,2025-05-15
FJI,none,8,2025-05-15
BRN,reject,1,2025-05-15
GBR,reject,1164,2025-05-15
MKD,none,66,2025-05-15
IND,none,131,2025-05-15
EGY,none,32,2025-05-15
NOR,quarantine,86,2025-05-15
IRN,reject,21,2025-05-15
ALA,none,11,2025-05-15
CHE,quarantine,299,2025-05-15
SAU,reject,214,2025-05-15
AFG,none,55,2025-05-15
BHR,none,10,2025-05-15
CHN,reject,3,2025-05-15
AUT,none,247,2025-05-15
GEO,none,88,2025-05-15
DNK,quarantine,19,2025-05-15
MOZ,none,105,2025-05-15
LKA,quarantine,11,2025-05-15
SAU,none,64,2025-05-15
MEX,quarantine,191,2025-05-15
MAR,quarantine,10,2025-05-15
MNG,reject,303,2025-05-15
NLD,none,49,2025-05-15
AUT,quarantine,34,2025-05-15
CMR,quarantine,6,2025-05-15
OMN,none,34,2025-05-15
QAT,none,21,2025-05-15
PAK,none,97,2025-05-15
VEN,none,80,2025-05-15
DMA,quarantine,1,2025-05-15
LVA,reject,106,2025-05-15
CUB,reject,90,2025-05-15
TTO,none,26,2025-05-15
KWT,none,16,2025-05-15
MYS,reject,34,2025-05-15
BLR,quarantine,3,2025-05-15
HKG,quarantine,173,2025-05-15
FIN,none,179,2025-05-15
IRQ,none,36,2025-05-15
KGZ,quarantine,29,2025-05-15
JPN,quarantine,54,2025-05-15
GUY,quarantine,97,2025-05-15
LUX,none,50,2025-05-15
IND,quarantine,427,2025-05-15
CRI,none,49,2025-05-15
BLR,none,11,2025-05-15
ARG,quarantine,247,2025-05-15
MWI,reject,28,2025-05-15
UKR,reject,107,2025-05-15
RWA,none,51,2025-05-15
SSD,none,6,2025-05-15
PER,reject,82,2025-05-15
WSM,quarantine,12,2025-05-15
COK,none,7,2025-05-15
AUS,none,114,2025-05-15
GBR,none,1517,2025-05-15
BHR,quarantine,9,2025-05-15
TWN,reject,23,2025-05-15
ECU,quarantine,154,2025-05-15
BRA,none,276,2025-05-15
BRN,quarantine,82,2025-05-15
DOM,quarantine,49,2025-05-15
ISR,none,86,2025-05-15
ISR,reject,3,2025-05-15
TLS,none,82,2025-05-15
GIN,none,145,2025-05-15
UKR,quarantine,158,2025-05-15
PRT,none,136,2025-05-15
SOM,none,67,2025-05-15
SLB,none,33,2025-05-15
HKG,none,13,2025-05-15
BLZ,quarantine,53,2025-05-15
JOR,none,10,2025-05-15
NZL,none,283,2025-05-15
THA,none,675,2025-05-15
DNK,reject,98,2025-05-15
JAM,quarantine,41,2025-05-15
MMR,quarantine,59,2025-05-15
IRL,quarantine,4,2025-05-15
VNM,none,51,2025-05-15
NGA,none,134,2025-05-15
JPN,none,186,2025-05-15
LVA,none,23,2025-05-15
SRB,none,14,2025-05-15
URY,reject,50,2025-05-15
PER,quarantine,109,2025-05-15
PHL,none,213,2025-05-15
ALB,reject,183,2025-05-15
MNE,quarantine,63,2025-05-15
MLI,quarantine,5,2025-05-15
VEN,reject,58,2025-05-15
PHL,quarantine,78,2025-05-15
MLI,none,20,2025-05-15
LKA,none,19,2025-05-15
BGD,reject,64,2025-05-15
IRQ,reject,59,2025-05-15
SWE,reject,130,2025-05-15
HND,quarantine,15,2025-05-15
AUS,reject,565,2025-05-15
MOZ,reject,12,2025-05-15
AZE,quarantine,6,2025-05-15
AUS,quarantine,126,2025-05-15
AZE,reject,272,2025-05-15
LAO,reject,4,2025-05-15
TWN,none,68,2025-05-15
NZL,reject,219,2025-05-15
MAC,quarantine,5,2025-05-15
TTO,quarantine,12,2025-05-15
MDV,quarantine,72,2025-05-15
PNG,none,43,2025-05-15
PHL,reject,32,2025-05-15
KHM,quarantine,10,2025-05-15
PRT,quarantine,78,2025-05-15
NLD,quarantine,119,2025-05-15
GIN,quarantine,11,2025-05-15
BRA,reject,37,2025-05-15
TUR,quarantine,650,2025-05-15
BRA,quarantine,280,2025-05-15
BOL,none,58,2025-05-15
AFG,quarantine,9,2025-05-15
LBN,none,26,2025-05-15
BGR,quarantine,1,2025-05-15
MDV,none,126,2025-05-15
LBY,none,14,2025-05-15
PRY,none,116,2025-05-15
MYS,quarantine,254,2025-05-15
BIH,none,37,2025-05-15
AGO,reject,91,2025-05-15
ZAF,reject,51,2025-05-15
URY,none,31,2025-05-15
ISR,quarantine,7,2025-05-15
NPL,quarantine,597,2025-05-15
GRC,none,89,2025-05-15
NPL,none,9,2025-05-15
NLD,reject,177,2025-05-15
BRB,none,8,2025-05-15
MYS,none,150,2025-05-15
KWT,reject,10,2025-05-15
PNG,reject,6,2025-05-15
ARG,none,677,2025-05-15
SAU,quarantine,60,2025-05-15
TWN,quarantine,30,2025-05-15
ZMB,none,11,2025-05-15
PNG,quarantine,43,2025-05-15
ZAF,none,92,2025-05-15
BLR,reject,185,2025-05-15
IDN,reject,157,2025-05-15
ARG,reject,131,2025-05-15
SGP,reject,278,2025-05-15
JOR,quarantine,244,2025-05-15
KHM,none,46,2025-05-15
MAR,reject,17,2025-05-15
GRC,quarantine,19,2025-05-15
FIN,reject,19,2025-05-15
THA,quarantine,1923,2025-05-15
AGO,none,32,2025-05-15
BGD,none,223,2025-05-15
MMR,none,19,2025-05-15
UGA,quarantine,145,2025-05-15
JPN,reject,16,2025-05-15
MWI,none,47,2025-05-15
JAM,reject,22,2025-05-15
HKG,reject,300,2025-05-15
JAM,none,31,2025-05-15
PSE,quarantine,18,2025-05-15
PAK,quarantine,203,2025-05-15
SDN,quarantine,22,2025-05-15
TUN,none,4,2025-05-15
CRI,reject,54,2025-05-15
QAT,quarantine,26,2025-05-15
PAN,reject,10,2025-05-15
ARE,quarantine,56,2025-05-15
ECU,none,489,2025-05-15
BEL,none,211,2025-05-15
POL,reject,227,2025-05-15
MEX,none,879,2025-05-15
TUR,none,304,2025-05-15
BHS,none,4,2025-05-15
LAO,quarantine,7,2025-05-15
MEX,reject,124,2025-05-15
NOR,reject,279,2025-05-15
SWE,none,191,2025-05-15
KEN,none,71,2025-05-15
CRI,quarantine,59,2025-05-15
IRL,none,33,2025-05-15
ETH,none,509,2025-05-15
SLV,quarantine,86,2025-05-15
MAR,none,55,2025-05-15
CHE,reject,211,2025-05-15
LBY,quarantine,3,2025-05-15
MDG,reject,39,2025-05-15
IND,reject,1851,2025-05-15
TZA,none,795,2025-05-15
GHA,quarantine,13,2025-05-15
DOM,none,173,2025-05-15
GRC,reject,10,2025-05-15
BEL,quarantine,145,2025-05-15
KOR,none,62,2025-05-15
ESP,reject,15,2025-05-15
BOL,reject,67,2025-05-15
ITA,none,45,2025-05-15
EGY,reject,10,2025-05-15
MWI,quarantine,3,2025-05-15
ETH,quarantine,13,2025-05-15
LKA,reject,27,2025-05-15
TKM,reject,6,2025-05-15
BOL,quarantine,41,2025-05-15
BHS,quarantine,2,2025-05-15
SYC,none,41,2025-05-15
IRN,invalid,1,2025-05-15
CHL,reject,6,2025-05-15
OMN,reject,58,2025-05-15
SGP,none,20,2025-05-15
AZE,none,9,2025-05-15
ALB,quarantine,8,2025-05-15
IRQ,quarantine,18,2025-05-15
CMR,none,26,2025-05-15
SLV,reject,25,2025-05-15
DMA,none,3,2025-05-15
VEN,quarantine,73,2025-05-15
PAK,reject,20,2025-05-15
CYP,none,9,2025-05-15
IRL,reject,18,2025-05-15
LCA,none,3,2025-05-15
SDN,none,22,2025-05-15
BIH,reject,34,2025-05-15
VNM,reject,31,2025-05-15
CHN,quarantine,31,2025-05-15
KIR,none,4,2025-05-15
KNA,none,5,2025-05-15
ALB,none,22,2025-05-15
GHA,none,17,2025-05-15
KGZ,none,23,2025-05-15
NRU,none,2,2025-05-15
BLZ,reject,1,2025-05-15
FJI,quarantine,23,2025-05-15
NIC,reject,18,2025-05-15
CYP,reject,1,2025-05-15
DEU,none,8,2025-05-15
TON,none,10,2025-05-15
BFA,none,7,2025-05-15
ZAF,quarantine,34,2025-05-15
NIC,quarantine,36,2025-05-15
PRY,quarantine,77,2025-05-15
LVA,quarantine,21,2025-05-15
LBN,reject,3,2025-05-15
MRT,none,26,2025-05-15
HND,none,27,2025-05-15
KHM,reject,66,2025-05-15
GIB,none,21,2025-05-15
SLE,reject,4,2025-05-15
DZA,reject,36,2025-05-15
ESP,quarantine,28,2025-05-15
LBR,none,32,2025-05-15
BTN,reject,56,2025-05-15
CZE,none,35,2025-05-15
SOM,quarantine,3,2025-05-15
YEM,reject,7,2025-05-15
BHR,reject,6,2025-05-15
PAN,none,15,2025-05-15
MMR,reject,22,2025-05-15
BMU,none,3,2025-05-15
KWT,quarantine,30,2025-05-15
MKD,quarantine,17,2025-05-15
AFG,reject,24,2025-05-15
CMR,reject,1,2025-05-15
PCN,none,1,2025-05-15
QAT,reject,25,2025-05-15
PRY,reject,18,2025-05-15
PRI,none,5,2025-05-15
GEO,quarantine,17,2025-05-15
GEO,reject,24,2025-05-15
NIC,none,14,2025-05-15
FLK,reject,7,2025-05-15
CHL,none,6,2025-05-15
TKM,none,5,2025-05-15
TUN,quarantine,11,2025-05-15
CZE,reject,17,2025-05-15
GUY,invalid,1,2025-05-15
LAO,none,17,2025-05-15
OMN,quarantine,14,2025-05-15
YEM,none,4,2025-05-15
FIN,quarantine,30,2025-05-15
MNG,quarantine,2,2025-05-15
ZWE,reject,16,2025-05-15
IRN,quarantine,6,2025-05-15
CZE,quarantine,33,2025-05-15
MAC,none,25,2025-05-15
MOZ,quarantine,17,2025-05-15
VNM,quarantine,26,2025-05-15
MMR,invalid,1,2025-05-15
EGY,invalid,1,2025-05-15
TZA,quarantine,7,2025-05-15
SRB,quarantine,3,2025-05-15
SYR,none,4,2025-05-15
DEU,reject,7,2025-05-15
SGP,quarantine,4,2025-05-15
TON,reject,20,2025-05-15
GIN,reject,1,2025-05-15
MLT,none,1,2025-05-15
LUX,reject,3,2025-05-15
LTU,none,4,2025-05-15
GRL,none,4,2025-05-15
LBN,quarantine,4,2025-05-15
CIV,reject,2,2025-05-15
MDG,quarantine,6,2025-05-15
SLE,quarantine,6,2025-05-15
UGA,reject,6,2025-05-15
TUN,reject,1,2025-05-15
ITA,quarantine,13,2025-05-15
PSE,none,3,2025-05-15
GHA,reject,4,2025-05-15
CIV,quarantine,15,2025-05-15
BHS,reject,3,2025-05-15
ETH,reject,5,2025-05-15
CIV,none,9,2025-05-15
GRD,reject,7,2025-05-15
BRN,none,1,2025-05-15
BRB,quarantine,27,2025-05-15
SDN,reject,6,2025-05-15
KEN,reject,14,2025-05-15
ITA,reject,14,2025-05-15
TON,quarantine,7,2025-05-15
KAZ,quarantine,7,2025-05-15
RWA,reject,3,2025-05-15
YEM,quarantine,2,2025-05-15
GUY,none,12,2025-05-15
GUY,reject,3,2025-05-15
KIR,quarantine,3,2025-05-15
DEU,quarantine,4,2025-05-15
PSE,reject,1,2025-05-15
CAN,none,6,2025-05-15
LTU,quarantine,3,2025-05-15
MNG,none,6,2025-05-15
KAZ,invalid,1,2025-05-15
MDG,none,7,2025-05-15
BWA,reject,1,2025-05-15
SVN,none,1,2025-05-15
MKD,reject,5,2025-05-15
COM,none,4,2025-05-15
HTI,quarantine,4,2025-05-15
UKR,invalid,3,2025-05-15
NPL,reject,6,2025-05-15
KAZ,reject,2,2025-05-15
HND,reject,6,2025-05-15
MDA,reject,1,2025-05-15
SHN,quarantine,4,2025-05-15
BTN,none,3,2025-05-15
LCA,quarantine,1,2025-05-15
CHL,quarantine,5,2025-05-15
CUB,none,3,2025-05-15
BGR,reject,1,2025-05-15
CUB,quarantine,3,2025-05-15
COM,reject,6,2025-05-15
DNK,none,3,2025-05-15
ZWE,none,2,2025-05-15
LUX,quarantine,4,2025-05-15
SSD,quarantine,2,2025-05-15
IRN,none,6,2025-05-15
ISL,reject,5,2025-05-15
ISL,quarantine,1,2025-05-15
,quarantine,2,2025-05-15
TWN,invalid,4,2025-05-15
SYR,quarantine,5,2025-05-15
WSM,none,5,2025-05-15
KOR,quarantine,4,2025-05-15
IND,invalid,1,2025-05-15
ZMB,reject,2,2025-05-15
MDV,reject,4,2025-05-15
GRD,none,4,2025-05-15
SRB,reject,4,2025-05-15
IOT,reject,1,2025-05-15
FLK,none,3,2025-05-15
LCA,reject,1,2025-05-15
MCO,none,1,2025-05-15
BRB,reject,2,2025-05-15
SYC,reject,1,2025-05-15
TJK,none,1,2025-05-15
GRL,quarantine,1,2025-05-15
KGZ,reject,4,2025-05-15
EST,reject,1,2025-05-15
CYP,quarantine,1,2025-05-15
KIR,reject,1,2025-05-15
HUN,none,1,2025-05-15
LBR,quarantine,1,2025-05-15
SSD,reject,1,2025-05-15
ARM,reject,1,2025-05-15
TLS,quarantine,5,2025-05-15
RUS,reject,2,2025-05-15
COG,quarantine,1,2025-05-15
CAN,reject,1,2025-05-15
BRA,invalid,1,2025-05-15
CAN,quarantine,2,2025-05-15
KOR,reject,1,2025-05-15
JOR,reject,3,2025-05-15
MRT,quarantine,1,2025-05-15
SWZ,none,1,2025-05-15
NOR,invalid,1,2025-05-15
LTU,reject,1,2025-05-15
SVK,none,2,2025-05-15
TLS,reject,4,2025-05-15
NER,reject,1,2025-05-15
BTN,quarantine,1,2025-05-15
,reject,3,2025-05-15
DJI,reject,1,2025-05-15
SOM,reject,2,2025-05-15
SEN,none,1,2025-05-15
SLE,invalid,1,2025-05-15
CPV,none,1,2025-05-15
NAM,quarantine,1,2025-05-15
HTI,reject,1,2025-05-15
GIB,quarantine,1,2025-05-15
GNB,none,1,2025-05-15
SLB,reject,1,2025-05-15
IDN,invalid,1,2025-05-15
BLZ,none,2,2025-05-15
PCN,invalid,1,2025-05-15
LSO,reject,1,2025-05-15
BFA,reject,1,2025-05-15
AND,reject,1,2025-05-15
TKM,quarantine,2,2025-05-15
RUS,none,1,2025-05-15
FRA,none,1,2025-05-15
LBR,reject,1,2025-05-15
LIE,none,1,2025-05-15
TTO,reject,1,2025-05-15
HRV,none,1,2025-05-15
COK,quarantine,1,2025-05-15
BEN,reject,1,2025-05-15
ROU,none,1,2025-05-15
NGA,quarantine,38,2025-06-15
UGA,none,50,2025-06-15
NGA,reject,26,2025-06-15
UKR,none,1049,2025-06-15
URY,quarantine,34,2025-06-15
CHN,none,100,2025-06-15
DZA,quarantine,8,2025-06-15
HTI,none,9,2025-06-15
NZL,quarantine,52,2025-06-15
KAZ,none,19,2025-06-15
SWE,quarantine,103,2025-06-15
SLE,none,81,2025-06-15
BIH,quarantine,21,2025-06-15
SLV,none,35,2025-06-15
ISL,none,27,2025-06-15
PAN,quarantine,21,2025-06-15
ARE,reject,34,2025-06-15
NOR,none,138,2025-06-15
POL,quarantine,149,2025-06-15
DZA,none,5,2025-06-15
DOM,reject,66,2025-06-15
GBR,quarantine,1300,2025-06-15
IDN,quarantine,199,2025-06-15
POL,none,167,2025-06-15
IDN,none,582,2025-06-15
KEN,quarantine,236,2025-06-15
BGD,quarantine,372,2025-06-15
ECU,reject,134,2025-06-15
PER,none,355,2025-06-15
EGY,quarantine,54,2025-06-15
BEL,reject,94,2025-06-15
ESP,none,19,2025-06-15
AUT,reject,35,2025-06-15
,none,13,2025-06-15
THA,reject,87,2025-06-15
RWA,quarantine,58,2025-06-15
TUR,reject,52,2025-06-15
CHE,none,381,2025-06-15
PRT,reject,53,2025-06-15
ARE,none,129,2025-06-15
FJI,none,8,2025-06-15
BRN,reject,1,2025-06-15
GBR,reject,1183,2025-06-15
MKD,none,70,2025-06-15
IND,none,127,2025-06-15
EGY,none,32,2025-06-15
NOR,quarantine,91,2025-06-15
IRN,reject,16,2025-06-15
ALA,none,11,2025-06-15
CHE,quarantine,307,2025-06-15
SAU,reject,217,2025-06-15
AFG,none,58,2025-06-15
BHR,none,10,2025-06-15
CHN,reject,3,2025-06-15
AUT,none,248,2025-06-15
GEO,none,88,2025-06-15
DNK,quarantine,19,2025-06-15
MOZ,none,109,2025-06-15
LKA,quarantine,13,2025-06-15
SAU,none,64,2025-06-15
MEX,quarantine,198,2025-06-15
MAR,quarantine,9,2025-06-15
VEN,quarantine,75,2025-06-15
MNG,reject,303,2025-06-15
NLD,none,47,2025-06-15
AUT,quarantine,40,2025-06-15
CMR,quarantine,6,2025-06-15
OMN,none,32,2025-06-15
QAT,none,19,2025-06-15
PAK,none,102,2025-06-15
VEN,none,84,2025-06-15
DMA,quarantine,1,2025-06-15
LVA,reject,108,2025-06-15
CUB,reject,155,2025-06-15
TTO,none,25,2025-06-15
KWT,none,16,2025-06-15
MYS,reject,35,2025-06-15
BLR,quarantine,3,2025-06-15
HKG,quarantine,174,2025-06-15
FIN,none,177,2025-06-15
IRQ,none,39,2025-06-15
KGZ,quarantine,30,2025-06-15
JPN,quarantine,56,2025-06-15
GUY,quarantine,98,2025-06-15
LUX,none,50,2025-06-15
IND,quarantine,434,2025-06-15
CRI,none,49,2025-06-15
BLR,none,13,2025-06-15
ARG,quarantine,250,2025-06-15
MWI,reject,28,2025-06-15
UKR,reject,110,2025-06-15
RWA,none,78,2025-06-15
SSD,none,8,2025-06-15
PER,reject,87,2025-06-15
WSM,quarantine,12,2025-06-15
COK,none,7,2025-06-15
AUS,none,107,2025-06-15
GBR,none,1659,2025-06-15
BHR,quarantine,9,2025-06-15
TWN,reject,24,2025-06-15
ECU,quarantine,161,2025-06-15
BRA,none,272,2025-06-15
BRN,quarantine,81,2025-06-15
DOM,quarantine,51,2025-06-15
CHN,quarantine,35,2025-06-15
ISR,none,90,2025-06-15
ISR,reject,4,2025-06-15
TLS,none,82,2025-06-15
GIN,none,147,2025-06-15
UKR,quarantine,159,2025-06-15
PRT,none,137,2025-06-15
SOM,none,71,2025-06-15
SLB,none,33,2025-06-15
HKG,none,13,2025-06-15
BLZ,quarantine,54,2025-06-15
JOR,none,11,2025-06-15
NZL,none,284,2025-06-15
THA,none,672,2025-06-15
DNK,reject,97,2025-06-15
JAM,quarantine,41,2025-06-15
MMR,quarantine,59,2025-06-15
IRL,quarantine,4,2025-06-15
VNM,none,52,2025-06-15
NGA,none,137,2025-06-15
JPN,none,187,2025-06-15
LVA,none,21,2025-06-15
SRB,none,14,2025-06-15
URY,reject,53,2025-06-15
PER,quarantine,115,2025-06-15
PHL,none,216,2025-06-15
ALB,reject,182,2025-06-15
MNE,quarantine,63,2025-06-15
MLI,quarantine,5,2025-06-15
VEN,reject,60,2025-06-15
PHL,quarantine,76,2025-06-15
MLI,none,20,2025-06-15
LKA,none,19,2025-06-15
BGD,reject,63,2025-06-15
IRQ,reject,60,2025-06-15
SWE,reject,132,2025-06-15
HND,quarantine,16,2025-06-15
AUS,reject,572,2025-06-15
MOZ,reject,13,2025-06-15
AZE,quarantine,7,2025-06-15
AUS,quarantine,130,2025-06-15
AZE,reject,276,2025-06-15
LAO,reject,5,2025-06-15
TWN,none,69,2025-06-15
NZL,reject,226,2025-06-15
MAC,quarantine,14,2025-06-15
TTO,quarantine,14,2025-06-15
MDV,quarantine,76,2025-06-15
PNG,none,43,2025-06-15
PHL,reject,33,2025-06-15
KHM,quarantine,10,2025-06-15
LBN,quarantine,9,2025-06-15
PRT,quarantine,79,2025-06-15
NLD,quarantine,121,2025-06-15
GIN,quarantine,12,2025-06-15
BRA,reject,44,2025-06-15
TUR,quarantine,646,2025-06-15
BRA,quarantine,280,2025-06-15
BOL,none,63,2025-06-15
AFG,quarantine,11,2025-06-15
LBN,none,25,2025-06-15
BGR,quarantine,1,2025-06-15
MDV,none,126,2025-06-15
LBY,none,15,2025-06-15
OMN,quarantine,15,2025-06-15
PRY,none,114,2025-06-15
MYS,quarantine,257,2025-06-15
BIH,none,38,2025-06-15
AGO,reject,113,2025-06-15
ZAF,reject,52,2025-06-15
URY,none,36,2025-06-15
ISR,quarantine,7,2025-06-15
NPL,quarantine,595,2025-06-15
GRC,none,91,2025-06-15
NPL,none,9,2025-06-15
NLD,reject,177,2025-06-15
BRB,none,7,2025-06-15
MYS,none,149,2025-06-15
KWT,reject,12,2025-06-15
PNG,reject,5,2025-06-15
ARG,none,702,2025-06-15
SAU,quarantine,58,2025-06-15
TWN,quarantine,31,2025-06-15
ZMB,none,11,2025-06-15
PNG,quarantine,43,2025-06-15
ZAF,none,90,2025-06-15
BLR,reject,189,2025-06-15
IDN,reject,157,2025-06-15
ARG,reject,131,2025-06-15
SGP,reject,277,2025-06-15
JOR,quarantine,240,2025-06-15
PRY,quarantine,80,2025-06-15
KHM,none,44,2025-06-15
MAR,reject,19,2025-06-15
GRC,quarantine,20,2025-06-15
FIN,reject,19,2025-06-15
THA,quarantine,1925,2025-06-15
AGO,none,38,2025-06-15
BGD,none,230,2025-06-15
MMR,none,19,2025-06-15
UGA,quarantine,142,2025-06-15
JPN,reject,17,2025-06-15
MWI,none,51,2025-06-15
JAM,reject,22,2025-06-15
HKG,reject,297,2025-06-15
JAM,none,31,2025-06-15
PSE,quarantine,19,2025-06-15
PAK,quarantine,203,2025-06-15
SDN,quarantine,22,2025-06-15
KHM,reject,65,2025-06-15
TUN,none,4,2025-06-15
CRI,reject,55,2025-06-15
QAT,quarantine,28,2025-06-15
PAN,reject,10,2025-06-15
ARE,quarantine,57,2025-06-15
ECU,none,512,2025-06-15
BEL,none,211,2025-06-15
POL,reject,240,2025-06-15
MEX,none,932,2025-06-15
TUR,none,310,2025-06-15
BHS,none,5,2025-06-15
LAO,quarantine,7,2025-06-15
MEX,reject,128,2025-06-15
NOR,reject,280,2025-06-15
SWE,none,192,2025-06-15
KEN,none,76,2025-06-15
CRI,quarantine,63,2025-06-15
IRL,none,33,2025-06-15
ETH,none,522,2025-06-15
SLV,quarantine,88,2025-06-15
MAR,none,57,2025-06-15
CHE,reject,211,2025-06-15
LBY,quarantine,3,2025-06-15
MDG,reject,38,2025-06-15
IND,reject,1828,2025-06-15
GHA,quarantine,13,2025-06-15
TZA,none,793,2025-06-15
DOM,none,173,2025-06-15
GRC,reject,9,2025-06-15
BEL,quarantine,148,2025-06-15
KOR,none,64,2025-06-15
ESP,reject,15,2025-06-15
BOL,reject,68,2025-06-15
ITA,none,46,2025-06-15
EGY,reject,10,2025-06-15
MWI,quarantine,4,2025-06-15
ETH,quarantine,13,2025-06-15
LKA,reject,27,2025-06-15
TKM,reject,6,2025-06-15
BOL,quarantine,38,2025-06-15
BHS,quarantine,2,2025-06-15
SYC,none,41,2025-06-15
IRN,invalid,1,2025-06-15
CHL,reject,5,2025-06-15
OMN,reject,59,2025-06-15
SGP,none,21,2025-06-15
ALB,quarantine,8,2025-06-15
IRQ,quarantine,19,2025-06-15
CMR,none,26,2025-06-15
SYR,none,6,2025-06-15
SLV,reject,26,2025-06-15
DMA,none,3,2025-06-15
PAK,reject,21,2025-06-15
CYP,none,9,2025-06-15
IRL,reject,18,2025-06-15
LCA,none,3,2025-06-15
SDN,none,24,2025-06-15
BIH,reject,34,2025-06-15
VNM,reject,31,2025-06-15
KIR,none,4,2025-06-15
KNA,none,5,2025-06-15
GHA,none,17,2025-06-15
KGZ,none,25,2025-06-15
NRU,none,2,2025-06-15
PER,invalid,1,2025-06-15
BLZ,reject,1,2025-06-15
FJI,quarantine,24,2025-06-15
NIC,reject,18,2025-06-15
CYP,reject,1,2025-06-15
TKM,quarantine,45,2025-06-15
DEU,none,8,2025-06-15
TON,none,10,2025-06-15
BFA,none,7,2025-06-15
ZAF,quarantine,34,2025-06-15
NIC,quarantine,36,2025-06-15
LVA,quarantine,21,2025-06-15
LBN,reject,4,2025-06-15
MRT,none,25,2025-06-15
HND,none,26,2025-06-15
GIB,none,21,2025-06-15
SLE,reject,4,2025-06-15
DZA,reject,37,2025-06-15
ESP,quarantine,28,2025-06-15
LBR,none,37,2025-06-15
BTN,reject,56,2025-06-15
CZE,none,37,2025-06-15
SOM,quarantine,4,2025-06-15
YEM,reject,7,2025-06-15
BHR,reject,6,2025-06-15
PAN,none,13,2025-06-15
MMR,reject,22,2025-06-15
BMU,none,3,2025-06-15
AZE,none,7,2025-06-15
KWT,quarantine,29,2025-06-15
MKD,quarantine,16,2025-06-15
CMR,reject,1,2025-06-15
PCN,none,1,2025-06-15
QAT,reject,25,2025-06-15
PRY,reject,21,2025-06-15
PRI,none,6,2025-06-15
GEO,quarantine,17,2025-06-15
GEO,reject,24,2025-06-15
NIC,none,15,2025-06-15
ALB,none,21,2025-06-15
FLK,reject,7,2025-06-15
CHL,none,6,2025-06-15
TKM,none,5,2025-06-15
TUN,quarantine,10,2025-06-15
CZE,reject,17,2025-06-15
GUY,invalid,1,2025-06-15
LAO,none,17,2025-06-15
YEM,none,3,2025-06-15
FIN,quarantine,29,2025-06-15
MNG,quarantine,2,2025-06-15
ZWE,reject,18,2025-06-15
IRN,quarantine,3,2025-06-15
CZE,quarantine,32,2025-06-15
MAC,none,17,2025-06-15
MOZ,quarantine,18,2025-06-15
VNM,quarantine,28,2025-06-15
MMR,invalid,1,2025-06-15
EGY,invalid,1,2025-06-15
TZA,quarantine,7,2025-06-15
SRB,quarantine,3,2025-06-15
DEU,reject,7,2025-06-15
SGP,quarantine,4,2025-06-15
TON,reject,20,2025-06-15
GIN,reject,1,2025-06-15
MLT,none,1,2025-06-15
LUX,reject,3,2025-06-15
LTU,none,4,2025-06-15
GRL,none,4,2025-06-15
CIV,reject,2,2025-06-15
MDG,quarantine,5,2025-06-15
SLE,quarantine,6,2025-06-15
UGA,reject,6,2025-06-15
TUN,reject,1,2025-06-15
ITA,quarantine,13,2025-06-15
PSE,none,3,2025-06-15
GHA,reject,4,2025-06-15
CIV,quarantine,15,2025-06-15
BHS,reject,3,2025-06-15
ETH,reject,6,2025-06-15
CIV,none,9,2025-06-15
AFG,reject,21,2025-06-15
GRD,reject,8,2025-06-15
BRN,none,1,2025-06-15
BRB,quarantine,28,2025-06-15
SDN,reject,6,2025-06-15
KEN,reject,14,2025-06-15
ITA,reject,13,2025-06-15
TON,quarantine,7,2025-06-15
KAZ,quarantine,9,2025-06-15
RWA,reject,3,2025-06-15
YEM,quarantine,2,2025-06-15
GUY,none,13,2025-06-15
GUY,reject,3,2025-06-15
KIR,quarantine,3,2025-06-15
DEU,quarantine,4,2025-06-15
PSE,reject,1,2025-06-15
CAN,none,6,2025-06-15
LTU,quarantine,3,2025-06-15
MNG,none,6,2025-06-15
KAZ,invalid,1,2025-06-15
MDG,none,8,2025-06-15
BWA,reject,1,2025-06-15
SVN,none,1,2025-06-15
MKD,reject,5,2025-06-15
COM,none,4,2025-06-15
HTI,quarantine,4,2025-06-15
LUX,quarantine,5,2025-06-15
UKR,invalid,3,2025-06-15
NPL,reject,6,2025-06-15
KAZ,reject,2,2025-06-15
HND,reject,8,2025-06-15
MDA,reject,1,2025-06-15
SHN,quarantine,4,2025-06-15
BTN,none,3,2025-06-15
LCA,quarantine,1,2025-06-15
CHL,quarantine,5,2025-06-15
CUB,none,3,2025-06-15
BGR,reject,1,2025-06-15
CUB,quarantine,4,2025-06-15
COM,reject,6,2025-06-15
DNK,none,4,2025-06-15
ZWE,none,2,2025-06-15
SSD,quarantine,2,2025-06-15
ISL,reject,5,2025-06-15
ISL,quarantine,2,2025-06-15
,quarantine,2,2025-06-15
TWN,invalid,4,2025-06-15
SYR,quarantine,7,2025-06-15
WSM,none,5,2025-06-15
KOR,quarantine,4,2025-06-15
IND,invalid,1,2025-06-15
ZMB,reject,2,2025-06-15
MDV,reject,3,2025-06-15
GRD,none,3,2025-06-15
SRB,reject,4,2025-06-15
IOT,reject,1,2025-06-15
FLK,none,3,2025-06-15
LCA,reject,1,2025-06-15
MCO,none,1,2025-06-15
BRB,reject,2,2025-06-15
SYC,reject,1,2025-06-15
TJK,none,1,2025-06-15
GRL,quarantine,1,2025-06-15
SYR,reject,2,2025-06-15
KGZ,reject,4,2025-06-15
IRN,none,5,2025-06-15
EST,reject,1,2025-06-15
CYP,quarantine,1,2025-06-15
KIR,reject,1,2025-06-15
HUN,none,1,2025-06-15
LBR,quarantine,1,2025-06-15
SSD,reject,1,2025-06-15
ARM,reject,1,2025-06-15
TLS,quarantine,5,2025-06-15
RUS,reject,2,2025-06-15
COG,quarantine,1,2025-06-15
CAN,reject,1,2025-06-15
BRA,invalid,1,2025-06-15
CAN,quarantine,2,2025-06-15
KOR,reject,1,2025-06-15
JOR,reject,2,2025-06-15
MRT,quarantine,1,2025-06-15
SWZ,none,1,2025-06-15
LTU,reject,1,2025-06-15
SVK,none,2,2025-06-15
TLS,reject,4,2025-06-15
LBR,reject,2,2025-06-15
NER,reject,1,2025-06-15
BTN,quarantine,1,2025-06-15
,reject,3,2025-06-15
DJI,reject,1,2025-06-15
SOM,reject,2,2025-06-15
SEN,none,1,2025-06-15
SLE,invalid,1,2025-06-15
CPV,none,1,2025-06-15
HTI,reject,1,2025-06-15
GIB,quarantine,1,2025-06-15
GNB,none,1,2025-06-15
SLB,reject,1,2025-06-15
IDN,invalid,1,2025-06-15
BLZ,none,2,2025-06-15
PCN,invalid,1,2025-06-15
LSO,reject,1,2025-06-15
BFA,reject,1,2025-06-15
AND,reject,1,2025-06-15
RUS,none,1,2025-06-15
FRA,none,1,2025-06-15
LIE,none,1,2025-06-15
TTO,reject,1,2025-06-15
HRV,none,1,2025-06-15
COK,quarantine,1,2025-06-15
BEN,reject,1,2025-06-15
ROU,none,1,2025-06-15
NGA,quarantine,37,2025-07-15
UGA,none,54,2025-07-15
NGA,reject,26,2025-07-15
UKR,none,1051,2025-07-15
URY,quarantine,36,2025-07-15
CHN,none,101,2025-07-15
DZA,quarantine,9,2025-07-15
HTI,none,9,2025-07-15
NZL,quarantine,52,2025-07-15
KAZ,none,21,2025-07-15
SWE,quarantine,106,2025-07-15
SLE,none,78,2025-07-15
BIH,quarantine,23,2025-07-15
SLV,none,36,2025-07-15
ISL,none,28,2025-07-15
PAN,quarantine,22,2025-07-15
ARE,reject,39,2025-07-15
NOR,none,136,2025-07-15
POL,quarantine,152,2025-07-15
DZA,none,5,2025-07-15
DOM,reject,67,2025-07-15
GBR,quarantine,1362,2025-07-15
IDN,quarantine,198,2025-07-15
POL,none,163,2025-07-15
IDN,none,579,2025-07-15
KEN,quarantine,238,2025-07-15
BGD,quarantine,381,2025-07-15
ECU,reject,132,2025-07-15
PER,none,375,2025-07-15
EGY,quarantine,56,2025-07-15
BEL,reject,96,2025-07-15
ESP,none,21,2025-07-15
AUT,reject,36,2025-07-15
,none,13,2025-07-15
THA,reject,86,2025-07-15
RWA,quarantine,58,2025-07-15
TUR,reject,53,2025-07-15
OMN,reject,60,2025-07-15
CHE,none,387,2025-07-15
PRT,reject,52,2025-07-15
ARE,none,129,2025-07-15
FJI,none,7,2025-07-15
BRN,reject,1,2025-07-15
GBR,reject,1202,2025-07-15
MKD,none,67,2025-07-15
IND,none,123,2025-07-15
EGY,none,36,2025-07-15
NOR,quarantine,90,2025-07-15
IRN,reject,16,2025-07-15
ALA,none,11,2025-07-15
CHE,quarantine,310,2025-07-15
SAU,reject,224,2025-07-15
AFG,none,40,2025-07-15
BHR,none,10,2025-07-15
CHN,reject,3,2025-07-15
AUT,none,249,2025-07-15
GEO,none,89,2025-07-15
DNK,quarantine,17,2025-07-15
MOZ,none,112,2025-07-15
LKA,quarantine,13,2025-07-15
SAU,none,62,2025-07-15
MEX,quarantine,205,2025-07-15
MAR,quarantine,11,2025-07-15
MNG,reject,306,2025-07-15
NLD,none,45,2025-07-15
AFG,reject,17,2025-07-15
AUT,quarantine,40,2025-07-15
CMR,quarantine,6,2025-07-15
OMN,none,33,2025-07-15
QAT,none,19,2025-07-15
PAK,none,102,2025-07-15
VEN,none,86,2025-07-15
DMA,quarantine,1,2025-07-15
LVA,reject,107,2025-07-15
CUB,reject,167,2025-07-15
TTO,none,25,2025-07-15
KWT,none,16,2025-07-15
MYS,reject,35,2025-07-15
BLR,quarantine,3,2025-07-15
HKG,quarantine,174,2025-07-15
FIN,none,177,2025-07-15
IRQ,none,42,2025-07-15
KGZ,quarantine,33,2025-07-15
JPN,quarantine,56,2025-07-15
GUY,quarantine,99,2025-07-15
LUX,none,49,2025-07-15
IND,quarantine,435,2025-07-15
CRI,none,50,2025-07-15
BLR,none,13,2025-07-15
ARG,quarantine,258,2025-07-15
MWI,reject,29,2025-07-15
UKR,reject,112,2025-07-15
RWA,none,79,2025-07-15
SSD,none,10,2025-07-15
PER,reject,91,2025-07-15
WSM,quarantine,12,2025-07-15
COK,none,9,2025-07-15
AUS,none,105,2025-07-15
GBR,none,1694,2025-07-15
BHR,quarantine,9,2025-07-15
TWN,reject,23,2025-07-15
ECU,quarantine,172,2025-07-15
BRA,none,269,2025-07-15
BRN,quarantine,82,2025-07-15
ISL,quarantine,2,2025-07-15
DOM,quarantine,52,2025-07-15
CHN,quarantine,36,2025-07-15
ISR,none,86,2025-07-15
ISR,reject,7,2025-07-15
TLS,none,79,2025-07-15
GIN,none,148,2025-07-15
UKR,quarantine,160,2025-07-15
PRT,none,137,2025-07-15
SOM,none,70,2025-07-15
SLB,none,34,2025-07-15
HKG,none,13,2025-07-15
BLZ,quarantine,54,2025-07-15
JOR,none,11,2025-07-15
NZL,none,281,2025-07-15
THA,none,672,2025-07-15
DNK,reject,99,2025-07-15
JAM,quarantine,44,2025-07-15
MMR,quarantine,114,2025-07-15
IRL,quarantine,4,2025-07-15
VNM,none,53,2025-07-15
NGA,none,145,2025-07-15
JPN,none,198,2025-07-15
LVA,none,22,2025-07-15
SRB,none,14,2025-07-15
URY,reject,53,2025-07-15
PER,quarantine,117,2025-07-15
PHL,none,218,2025-07-15
ALB,reject,182,2025-07-15
MNE,quarantine,63,2025-07-15
MLI,quarantine,5,2025-07-15
VEN,reject,62,2025-07-15
PHL,quarantine,79,2025-07-15
MLI,none,21,2025-07-15
LKA,none,20,2025-07-15
BGD,reject,61,2025-07-15
IRQ,reject,61,2025-07-15
SWE,reject,132,2025-07-15
HND,quarantine,16,2025-07-15
AUS,reject,578,2025-07-15
MOZ,reject,13,2025-07-15
AZE,quarantine,7,2025-07-15
AUS,quarantine,131,2025-07-15
AZE,reject,278,2025-07-15
LAO,reject,5,2025-07-15
TWN,none,71,2025-07-15
NZL,reject,233,2025-07-15
MAC,quarantine,15,2025-07-15
TTO,quarantine,14,2025-07-15
MDV,quarantine,78,2025-07-15
PNG,none,42,2025-07-15
PHL,reject,35,2025-07-15
KHM,quarantine,9,2025-07-15
LBN,quarantine,8,2025-07-15
PRT,quarantine,81,2025-07-15
NLD,quarantine,123,2025-07-15
GIN,quarantine,12,2025-07-15
BRA,reject,47,2025-07-15
TUR,quarantine,641,2025-07-15
BRA,quarantine,293,2025-07-15
BOL,none,62,2025-07-15
AFG,quarantine,16,2025-07-15
LBN,none,28,2025-07-15
BGR,quarantine,1,2025-07-15
TKM,quarantine,60,2025-07-15
MDV,none,126,2025-07-15
LBY,none,19,2025-07-15
PRY,none,109,2025-07-15
MYS,quarantine,257,2025-07-15
BIH,none,37,2025-07-15
AGO,reject,124,2025-07-15
ZAF,reject,54,2025-07-15
URY,none,37,2025-07-15
ISR,quarantine,10,2025-07-15
NPL,quarantine,589,2025-07-15
GRC,none,92,2025-07-15
NPL,none,10,2025-07-15
NLD,reject,181,2025-07-15
BRB,none,7,2025-07-15
MYS,none,152,2025-07-15
KWT,reject,12,2025-07-15
PNG,reject,6,2025-07-15
ARG,none,702,2025-07-15
SAU,quarantine,59,2025-07-15
TWN,quarantine,32,2025-07-15
ZMB,none,11,2025-07-15
PNG,quarantine,43,2025-07-15
ZAF,none,94,2025-07-15
BLR,reject,191,2025-07-15
IDN,reject,163,2025-07-15
ARG,reject,140,2025-07-15
SGP,reject,277,2025-07-15
JOR,quarantine,239,2025-07-15
PRY,quarantine,81,2025-07-15
KHM,none,48,2025-07-15
MAR,reject,20,2025-07-15
GRC,quarantine,23,2025-07-15
FIN,reject,20,2025-07-15
THA,quarantine,1934,2025-07-15
AGO,none,39,2025-07-15
BGD,none,230,2025-07-15
UGA,quarantine,144,2025-07-15
MMR,none,18,2025-07-15
JPN,reject,17,2025-07-15
MWI,none,48,2025-07-15
JAM,reject,23,2025-07-15
HKG,reject,301,2025-07-15
JAM,none,33,2025-07-15
PSE,quarantine,19,2025-07-15
PAK,quarantine,206,2025-07-15
SDN,quarantine,24,2025-07-15
KHM,reject,66,2025-07-15
TUN,none,4,2025-07-15
CRI,reject,55,2025-07-15
QAT,quarantine,27,2025-07-15
PAN,reject,11,2025-07-15
ARE,quarantine,57,2025-07-15
ECU,none,536,2025-07-15
BEL,none,207,2025-07-15
MEX,none,1117,2025-07-15
POL,reject,238,2025-07-15
TUR,none,302,2025-07-15
BHS,none,5,2025-07-15
LAO,quarantine,7,2025-07-15
MEX,reject,130,2025-07-15
NOR,reject,282,2025-07-15
SWE,none,189,2025-07-15
KEN,none,80,2025-07-15
CRI,quarantine,65,2025-07-15
IRL,none,33,2025-07-15
ETH,none,540,2025-07-15
SLV,quarantine,86,2025-07-15
MAR,none,57,2025-07-15
CHE,reject,214,2025-07-15
FJI,reject,1,2025-07-15
LBY,quarantine,3,2025-07-15
MDG,reject,38,2025-07-15
IND,reject,1828,2025-07-15
TZA,none,800,2025-07-15
GHA,quarantine,13,2025-07-15
DOM,none,181,2025-07-15
GRC,reject,9,2025-07-15
BEL,quarantine,154,2025-07-15
KOR,none,64,2025-07-15
ESP,reject,15,2025-07-15
BOL,reject,69,2025-07-15
ITA,none,47,2025-07-15
EGY,reject,10,2025-07-15
MWI,quarantine,3,2025-07-15
ETH,quarantine,15,2025-07-15
LKA,reject,27,2025-07-15
TKM,reject,6,2025-07-15
BOL,quarantine,37,2025-07-15
BHS,quarantine,2,2025-07-15
SYC,none,41,2025-07-15
IRN,invalid,1,2025-07-15
CHL,reject,7,2025-07-15
SGP,none,22,2025-07-15
ALB,quarantine,8,2025-07-15
IRQ,quarantine,19,2025-07-15
CMR,none,27,2025-07-15
SYR,none,6,2025-07-15
SLV,reject,27,2025-07-15
DMA,none,3,2025-07-15
VEN,quarantine,77,2025-07-15
PAK,reject,26,2025-07-15
CYP,none,10,2025-07-15
IRL,reject,18,2025-07-15
LCA,none,3,2025-07-15
SDN,none,24,2025-07-15
BIH,reject,34,2025-07-15
VNM,reject,29,2025-07-15
KIR,none,4,2025-07-15
KNA,none,5,2025-07-15
ALB,none,22,2025-07-15
GHA,none,19,2025-07-15
KGZ,none,30,2025-07-15
NRU,none,2,2025-07-15
PER,invalid,1,2025-07-15
BLZ,reject,1,2025-07-15
FJI,quarantine,25,2025-07-15
NIC,reject,20,2025-07-15
CYP,reject,1,2025-07-15
DEU,none,7,2025-07-15
TON,none,10,2025-07-15
BFA,none,7,2025-07-15
SLE,quarantine,18,2025-07-15
ZAF,quarantine,34,2025-07-15
NIC,quarantine,38,2025-07-15
LVA,quarantine,21,2025-07-15
LBN,reject,4,2025-07-15
MRT,none,26,2025-07-15
HND,none,28,2025-07-15
GIB,none,21,2025-07-15
SLE,reject,4,2025-07-15
DZA,reject,37,2025-07-15
ESP,quarantine,27,2025-07-15
LBR,none,39,2025-07-15
BTN,reject,64,2025-07-15
CZE,none,38,2025-07-15
SOM,quarantine,4,2025-07-15
YEM,reject,7,2025-07-15
BHR,reject,6,2025-07-15
PAN,none,13,2025-07-15
MMR,reject,22,2025-07-15
BMU,none,3,2025-07-15
AZE,none,7,2025-07-15
KWT,quarantine,28,2025-07-15
MKD,quarantine,19,2025-07-15
CMR,reject,1,2025-07-15
PCN,none,1,2025-07-15
QAT,reject,26,2025-07-15
PRY,reject,21,2025-07-15
PRI,none,5,2025-07-15
GEO,quarantine,17,2025-07-15
LBR,reject,3,2025-07-15
GEO,reject,24,2025-07-15
NIC,none,15,2025-07-15
FLK,reject,7,2025-07-15
CHL,none,5,2025-07-15
TKM,none,5,2025-07-15
TUN,quarantine,11,2025-07-15
CZE,reject,17,2025-07-15
GUY,invalid,1,2025-07-15
LAO,none,17,2025-07-15
OMN,quarantine,14,2025-07-15
YEM,none,4,2025-07-15
FIN,quarantine,32,2025-07-15
MNG,quarantine,3,2025-07-15
ZWE,reject,18,2025-07-15
IRN,quarantine,6,2025-07-15
CZE,quarantine,31,2025-07-15
MAC,none,17,2025-07-15
MOZ,quarantine,19,2025-07-15
VNM,quarantine,29,2025-07-15
MMR,invalid,1,2025-07-15
EGY,invalid,1,2025-07-15
TZA,quarantine,7,2025-07-15
SRB,quarantine,2,2025-07-15
DEU,reject,7,2025-07-15
SGP,quarantine,4,2025-07-15
TON,reject,20,2025-07-15
GIN,reject,1,2025-07-15
MLT,none,1,2025-07-15
LUX,reject,3,2025-07-15
LTU,none,4,2025-07-15
GRL,none,4,2025-07-15
CIV,reject,2,2025-07-15
MDG,quarantine,5,2025-07-15
UGA,reject,5,2025-07-15
TUN,reject,1,2025-07-15
ITA,quarantine,13,2025-07-15
PSE,none,3,2025-07-15
GHA,reject,4,2025-07-15
CIV,quarantine,15,2025-07-15
BHS,reject,3,2025-07-15
ETH,reject,6,2025-07-15
CIV,none,9,2025-07-15
GRD,reject,8,2025-07-15
BRN,none,1,2025-07-15
BRB,quarantine,28,2025-07-15
SDN,reject,6,2025-07-15
KEN,reject,13,2025-07-15
LUX,quarantine,7,2025-07-15
ITA,reject,13,2025-07-15
TON,quarantine,7,2025-07-15
KAZ,quarantine,9,2025-07-15
RWA,reject,3,2025-07-15
HND,invalid,1,2025-07-15
YEM,quarantine,1,2025-07-15
GUY,none,13,2025-07-15
GUY,reject,3,2025-07-15
KIR,quarantine,2,2025-07-15
DEU,quarantine,6,2025-07-15
CUB,none,5,2025-07-15
CAN,none,5,2025-07-15
LTU,quarantine,3,2025-07-15
ISL,reject,6,2025-07-15
MNG,none,5,2025-07-15
KAZ,invalid,1,2025-07-15
MDG,none,8,2025-07-15
BWA,reject,1,2025-07-15
SVN,none,1,2025-07-15
MKD,reject,5,2025-07-15
COM,none,4,2025-07-15
HTI,quarantine,4,2025-07-15
UKR,invalid,3,2025-07-15
NPL,reject,5,2025-07-15
KAZ,reject,2,2025-07-15
HND,reject,7,2025-07-15
MDA,reject,1,2025-07-15
SHN,quarantine,4,2025-07-15
BTN,none,3,2025-07-15
LCA,quarantine,1,2025-07-15
CHL,quarantine,5,2025-07-15
BGR,reject,1,2025-07-15
CUB,quarantine,5,2025-07-15
COM,reject,6,2025-07-15
DNK,none,4,2025-07-15
ZWE,none,2,2025-07-15
SSD,quarantine,2,2025-07-15
IRN,none,6,2025-07-15
,quarantine,2,2025-07-15
TWN,invalid,4,2025-07-15
SYR,quarantine,8,2025-07-15
WSM,none,5,2025-07-15
KOR,quarantine,4,2025-07-15
IND,invalid,1,2025-07-15
SHN,none,1,2025-07-15
ZMB,reject,2,2025-07-15
MDV,reject,3,2025-07-15
GRD,none,4,2025-07-15
SRB,reject,4,2025-07-15
IOT,reject,1,2025-07-15
FLK,none,3,2025-07-15
LCA,reject,1,2025-07-15
MCO,none,1,2025-07-15
BRB,reject,2,2025-07-15
SYC,reject,1,2025-07-15
TJK,none,1,2025-07-15
GRL,quarantine,1,2025-07-15
SYR,reject,2,2025-07-15
KGZ,reject,3,2025-07-15
EST,reject,1,2025-07-15
CYP,quarantine,1,2025-07-15
KIR,reject,1,2025-07-15
HUN,none,1,2025-07-15
LBR,quarantine,1,2025-07-15
SSD,reject,1,2025-07-15
ARM,reject,1,2025-07-15
TLS,quarantine,5,2025-07-15
RUS,reject,2,2025-07-15
COG,quarantine,1,2025-07-15
CAN,reject,2,2025-07-15
BRA,invalid,1,2025-07-15
CAN,quarantine,2,2025-07-15
KOR,reject,1,2025-07-15
JOR,reject,2,2025-07-15
MRT,quarantine,1,2025-07-15
TLS,reject,5,2025-07-15
SWZ,none,1,2025-07-15
LTU,reject,1,2025-07-15
SVK,none,2,2025-07-15
NER,reject,1,2025-07-15
BTN,quarantine,1,2025-07-15
,reject,3,2025-07-15
DJI,reject,1,2025-07-15
SOM,reject,2,2025-07-15
SEN,none,1,2025-07-15
SLE,invalid,1,2025-07-15
CPV,none,1,2025-07-15
NAM,quarantine,1,2025-07-15
HTI,reject,1,2025-07-15
GIB,quarantine,1,2025-07-15
GNB,none,1,2025-07-15
SLB,reject,1,2025-07-15
IDN,invalid,1,2025-07-15
BLZ,none,2,2025-07-15
PCN,invalid,1,2025-07-15
LSO,reject,1,2025-07-15
BFA,reject,1,2025-07-15
AND,reject,1,2025-07-15
RUS,none,1,2025-07-15
FRA,none,1,2025-07-15
LIE,none,1,2025-07-15
TTO,reject,1,2025-07-15
HRV,none,1,2025-07-15
COK,quarantine,1,2025-07-15
BEN,reject,1,2025-07-15
ROU,none,1,2025-07-15
UGA,none,54,2025-08-15
NGA,quarantine,39,2025-08-15
NGA,reject,26,2025-08-15
UKR,none,1062,2025-08-15
TON,quarantine,8,2025-08-15
URY,quarantine,37,2025-08-15
CHN,none,103,2025-08-15
DZA,quarantine,8,2025-08-15
HTI,none,9,2025-08-15
NZL,quarantine,53,2025-08-15
KAZ,none,20,2025-08-15
SWE,quarantine,106,2025-08-15
SLE,none,80,2025-08-15
BIH,quarantine,24,2025-08-15
SLV,none,41,2025-08-15
ISL,none,29,2025-08-15
PAN,quarantine,22,2025-08-15
ARE,reject,41,2025-08-15
NOR,none,137,2025-08-15
POL,quarantine,154,2025-08-15
DZA,none,5,2025-08-15
DOM,reject,68,2025-08-15
GBR,quarantine,1481,2025-08-15
IDN,quarantine,201,2025-08-15
POL,none,148,2025-08-15
IDN,none,623,2025-08-15
KEN,quarantine,245,2025-08-15
BGD,quarantine,397,2025-08-15
BOL,quarantine,40,2025-08-15
ECU,reject,138,2025-08-15
PER,none,398,2025-08-15
EGY,quarantine,57,2025-08-15
BEL,reject,97,2025-08-15
ESP,none,21,2025-08-15
AUT,reject,39,2025-08-15
,none,13,2025-08-15
THA,reject,87,2025-08-15
RWA,quarantine,58,2025-08-15
TUR,reject,52,2025-08-15
OMN,reject,62,2025-08-15
CHE,none,395,2025-08-15
PRT,reject,52,2025-08-15
ARE,none,127,2025-08-15
FJI,none,8,2025-08-15
BRN,reject,1,2025-08-15
GBR,reject,1271,2025-08-15
IND,none,130,2025-08-15
MKD,none,71,2025-08-15
EGY,none,38,2025-08-15
NOR,quarantine,89,2025-08-15
IRN,reject,19,2025-08-15
ALA,none,11,2025-08-15
CHE,quarantine,315,2025-08-15
SAU,reject,223,2025-08-15
AFG,none,53,2025-08-15
BHR,none,8,2025-08-15
CHN,reject,3,2025-08-15
AUT,none,251,2025-08-15
GEO,none,87,2025-08-15
DNK,quarantine,17,2025-08-15
MOZ,none,111,2025-08-15
LKA,quarantine,13,2025-08-15
SAU,none,53,2025-08-15
MEX,quarantine,211,2025-08-15
MAR,quarantine,11,2025-08-15
MNG,reject,310,2025-08-15
NLD,none,44,2025-08-15
AFG,reject,18,2025-08-15
AUT,quarantine,41,2025-08-15
CMR,quarantine,6,2025-08-15
OMN,none,33,2025-08-15
QAT,none,18,2025-08-15
PAK,none,116,2025-08-15
VEN,none,93,2025-08-15
DMA,quarantine,1,2025-08-15
LVA,reject,109,2025-08-15
CUB,reject,166,2025-08-15
TTO,none,25,2025-08-15
KWT,none,16,2025-08-15
MYS,reject,35,2025-08-15
BLR,quarantine,3,2025-08-15
HKG,quarantine,174,2025-08-15
FIN,none,176,2025-08-15
IRQ,none,40,2025-08-15
KGZ,quarantine,35,2025-08-15
JPN,quarantine,55,2025-08-15
GUY,quarantine,100,2025-08-15
LUX,none,48,2025-08-15
IND,quarantine,436,2025-08-15
CRI,none,45,2025-08-15
BLR,none,14,2025-08-15
ARG,quarantine,263,2025-08-15
MWI,reject,22,2025-08-15
UKR,reject,115,2025-08-15
RWA,none,79,2025-08-15
SSD,none,11,2025-08-15
PER,reject,97,2025-08-15
WSM,quarantine,12,2025-08-15
COK,none,9,2025-08-15
AUS,none,102,2025-08-15
GBR,none,1729,2025-08-15
BHR,quarantine,9,2025-08-15
TWN,reject,23,2025-08-15
ECU,quarantine,193,2025-08-15
BRA,none,266,2025-08-15
BRN,quarantine,82,2025-08-15
ISL,quarantine,3,2025-08-15
DOM,quarantine,52,2025-08-15
CHN,quarantine,36,2025-08-15
ISR,none,87,2025-08-15
ISR,reject,8,2025-08-15
TLS,none,82,2025-08-15
GIN,none,156,2025-08-15
UKR,quarantine,166,2025-08-15
PRT,none,135,2025-08-15
SOM,none,74,2025-08-15
SLB,none,34,2025-08-15
HKG,none,13,2025-08-15
BLZ,quarantine,55,2025-08-15
JOR,none,12,2025-08-15
NZL,none,284,2025-08-15
THA,none,677,2025-08-15
DNK,reject,99,2025-08-15
JAM,quarantine,44,2025-08-15
MMR,quarantine,116,2025-08-15
IRL,quarantine,4,2025-08-15
VNM,none,54,2025-08-15
NGA,none,154,2025-08-15
JPN,none,203,2025-08-15
LVA,none,21,2025-08-15
SRB,none,14,2025-08-15
URY,reject,52,2025-08-15
PER,quarantine,116,2025-08-15
PHL,none,219,2025-08-15
ALB,reject,180,2025-08-15
MNE,quarantine,63,2025-08-15
MLI,quarantine,5,2025-08-15
VEN,reject,64,2025-08-15
PHL,quarantine,81,2025-08-15
MLI,none,21,2025-08-15
LKA,none,22,2025-08-15
BGD,reject,56,2025-08-15
IRQ,reject,65,2025-08-15
SWE,reject,133,2025-08-15
HND,quarantine,16,2025-08-15
AUS,reject,581,2025-08-15
MOZ,reject,13,2025-08-15
AZE,quarantine,6,2025-08-15
AUS,quarantine,132,2025-08-15
AZE,reject,284,2025-08-15
LAO,reject,5,2025-08-15
TWN,none,71,2025-08-15
NZL,reject,239,2025-08-15
MAC,quarantine,17,2025-08-15
TTO,quarantine,14,2025-08-15
MDV,quarantine,79,2025-08-15
PNG,none,46,2025-08-15
PHL,reject,36,2025-08-15
KHM,quarantine,12,2025-08-15
LBN,quarantine,9,2025-08-15
PRT,quarantine,84,2025-08-15
NLD,quarantine,124,2025-08-15
GIN,quarantine,13,2025-08-15
BRA,reject,52,2025-08-15
TUR,quarantine,638,2025-08-15
BRA,quarantine,307,2025-08-15
BOL,none,65,2025-08-15
AFG,quarantine,19,2025-08-15
LBN,none,23,2025-08-15
BGR,quarantine,1,2025-08-15
TKM,quarantine,65,2025-08-15
MDV,none,128,2025-08-15
LBY,none,21,2025-08-15
PRY,none,110,2025-08-15
MYS,quarantine,266,2025-08-15
BIH,none,37,2025-08-15
AGO,reject,128,2025-08-15
ZAF,reject,59,2025-08-15
URY,none,38,2025-08-15
ISR,quarantine,14,2025-08-15
NPL,quarantine,587,2025-08-15
GRC,none,94,2025-08-15
SLE,quarantine,21,2025-08-15
NPL,none,10,2025-08-15
NLD,reject,180,2025-08-15
BRB,none,7,2025-08-15
MYS,none,151,2025-08-15
KWT,reject,12,2025-08-15
PNG,reject,5,2025-08-15
ARG,none,986,2025-08-15
SAU,quarantine,57,2025-08-15
TWN,quarantine,32,2025-08-15
ZMB,none,11,2025-08-15
PNG,quarantine,43,2025-08-15
ZAF,none,96,2025-08-15
BLR,reject,191,2025-08-15
IDN,reject,167,2025-08-15
CUB,none,6,2025-08-15
ARG,reject,148,2025-08-15
SGP,reject,281,2025-08-15
JOR,quarantine,231,2025-08-15
PRY,quarantine,84,2025-08-15
KHM,none,51,2025-08-15
MAR,reject,21,2025-08-15
GRC,quarantine,25,2025-08-15
FIN,reject,19,2025-08-15
THA,quarantine,1946,2025-08-15
AGO,none,39,2025-08-15
LUX,quarantine,10,2025-08-15
BGD,none,234,2025-08-15
LBN,reject,9,2025-08-15
UGA,quarantine,144,2025-08-15
MMR,none,19,2025-08-15
JPN,reject,14,2025-08-15
MWI,none,37,2025-08-15
JAM,reject,22,2025-08-15
HKG,reject,303,2025-08-15
JAM,none,34,2025-08-15
PSE,quarantine,19,2025-08-15
PAK,quarantine,210,2025-08-15
HND,none,29,2025-08-15
SDN,quarantine,25,2025-08-15
KHM,reject,66,2025-08-15
TUN,none,4,2025-08-15
CRI,reject,74,2025-08-15
QAT,quarantine,29,2025-08-15
PAN,reject,11,2025-08-15
ARE,quarantine,60,2025-08-15
ECU,none,553,2025-08-15
BEL,none,207,2025-08-15
MEX,none,1151,2025-08-15
POL,reject,266,2025-08-15
TUR,none,300,2025-08-15
BHS,none,5,2025-08-15
LAO,quarantine,8,2025-08-15
MEX,reject,134,2025-08-15
NOR,reject,282,2025-08-15
SWE,none,190,2025-08-15
KEN,none,82,2025-08-15
CRI,quarantine,53,2025-08-15
IRL,none,35,2025-08-15
ETH,none,472,2025-08-15
SLV,quarantine,86,2025-08-15
BTN,reject,67,2025-08-15
MAR,none,60,2025-08-15
CHE,reject,215,2025-08-15
FJI,reject,1,2025-08-15
LBY,quarantine,3,2025-08-15
MDG,reject,38,2025-08-15
IND,reject,1819,2025-08-15
TZA,none,808,2025-08-15
GHA,quarantine,12,2025-08-15
DOM,none,220,2025-08-15
GRC,reject,9,2025-08-15
BEL,quarantine,155,2025-08-15
KOR,none,64,2025-08-15
ESP,reject,15,2025-08-15
BOL,reject,69,2025-08-15
ITA,none,48,2025-08-15
EGY,reject,10,2025-08-15
MWI,quarantine,2,2025-08-15
ETH,quarantine,10,2025-08-15
LKA,reject,28,2025-08-15
TKM,reject,5,2025-08-15
BHS,quarantine,2,2025-08-15
SYC,none,41,2025-08-15
IRN,invalid,1,2025-08-15
CHL,reject,8,2025-08-15
SGP,none,17,2025-08-15
ALB,quarantine,8,2025-08-15
IRQ,quarantine,20,2025-08-15
CMR,none,27,2025-08-15
SYR,none,10,2025-08-15
SLV,reject,27,2025-08-15
DMA,none,4,2025-08-15
VEN,quarantine,77,2025-08-15
PAK,reject,28,2025-08-15
TON,reject,21,2025-08-15
CYP,none,10,2025-08-15
IRL,reject,19,2025-08-15
LCA,none,3,2025-08-15
SDN,none,25,2025-08-15
BIH,reject,34,2025-08-15
VNM,reject,28,2025-08-15
KIR,none,4,2025-08-15
KNA,none,5,2025-08-15
ALB,none,24,2025-08-15
GHA,none,18,2025-08-15
KGZ,none,32,2025-08-15
NRU,none,2,2025-08-15
BLZ,reject,1,2025-08-15
FJI,quarantine,26,2025-08-15
NIC,reject,21,2025-08-15
CYP,reject,1,2025-08-15
DEU,none,8,2025-08-15
TON,none,10,2025-08-15
BFA,none,7,2025-08-15
ZAF,quarantine,37,2025-08-15
NIC,quarantine,38,2025-08-15
LVA,quarantine,21,2025-08-15
MRT,none,26,2025-08-15
GIB,none,21,2025-08-15
SLE,reject,5,2025-08-15
DZA,reject,37,2025-08-15
ESP,quarantine,27,2025-08-15
LBR,none,39,2025-08-15
CZE,none,39,2025-08-15
SOM,quarantine,4,2025-08-15
YEM,reject,7,2025-08-15
BHR,reject,8,2025-08-15
PAN,none,13,2025-08-15
MMR,reject,22,2025-08-15
BMU,none,3,2025-08-15
AZE,none,7,2025-08-15
KWT,quarantine,27,2025-08-15
SRB,quarantine,4,2025-08-15
MKD,quarantine,18,2025-08-15
CMR,reject,1,2025-08-15
PCN,none,1,2025-08-15
QAT,reject,25,2025-08-15
PRY,reject,22,2025-08-15
PRI,none,5,2025-08-15
GEO,quarantine,18,2025-08-15
LBR,reject,4,2025-08-15
GEO,reject,27,2025-08-15
NIC,none,15,2025-08-15
FLK,reject,7,2025-08-15
CHL,none,4,2025-08-15
TKM,none,5,2025-08-15
TUN,quarantine,11,2025-08-15
CZE,reject,17,2025-08-15
GUY,invalid,1,2025-08-15
LAO,none,18,2025-08-15
OMN,quarantine,12,2025-08-15
YEM,none,3,2025-08-15
FIN,quarantine,32,2025-08-15
MNG,quarantine,3,2025-08-15
IRN,quarantine,5,2025-08-15
CZE,quarantine,32,2025-08-15
MAC,none,15,2025-08-15
MOZ,quarantine,20,2025-08-15
VNM,quarantine,29,2025-08-15
MMR,invalid,1,2025-08-15
EGY,invalid,1,2025-08-15
TZA,quarantine,7,2025-08-15
DEU,reject,7,2025-08-15
SGP,quarantine,4,2025-08-15
GIN,reject,1,2025-08-15
MLT,none,1,2025-08-15
LUX,reject,3,2025-08-15
LTU,none,4,2025-08-15
GRL,none,4,2025-08-15
CIV,reject,2,2025-08-15
MDG,quarantine,5,2025-08-15
UGA,reject,8,2025-08-15
TUN,reject,1,2025-08-15
ITA,quarantine,14,2025-08-15
PSE,none,3,2025-08-15
GHA,reject,5,2025-08-15
CIV,quarantine,15,2025-08-15
BHS,reject,3,2025-08-15
CIV,none,9,2025-08-15
GRD,reject,8,2025-08-15
BRN,none,1,2025-08-15
BRB,quarantine,28,2025-08-15
SDN,reject,6,2025-08-15
KEN,reject,14,2025-08-15
ZWE,reject,12,2025-08-15
ITA,reject,13,2025-08-15
KAZ,quarantine,8,2025-08-15
RWA,reject,3,2025-08-15
HND,invalid,1,2025-08-15
YEM,quarantine,2,2025-08-15
GUY,none,14,2025-08-15
GUY,reject,3,2025-08-15
KIR,quarantine,2,2025-08-15
SYR,quarantine,12,2025-08-15
DEU,quarantine,5,2025-08-15
CAN,none,5,2025-08-15
LTU,quarantine,3,2025-08-15
ISL,reject,6,2025-08-15
MNG,none,5,2025-08-15
KAZ,invalid,1,2025-08-15
MDG,none,9,2025-08-15
BWA,reject,1,2025-08-15
SVN,none,1,2025-08-15
MKD,reject,6,2025-08-15
COM,none,4,2025-08-15
UKR,invalid,3,2025-08-15
NPL,reject,5,2025-08-15
KAZ,reject,2,2025-08-15
HND,reject,7,2025-08-15
MDA,reject,1,2025-08-15
BTN,none,3,2025-08-15
LCA,quarantine,1,2025-08-15
CHL,quarantine,4,2025-08-15
BGR,reject,1,2025-08-15
CUB,quarantine,5,2025-08-15
COM,reject,6,2025-08-15
DNK,none,4,2025-08-15
ZWE,none,2,2025-08-15
SSD,quarantine,2,2025-08-15
IRN,none,5,2025-08-15
ETH,reject,4,2025-08-15
,quarantine,2,2025-08-15
TWN,invalid,4,2025-08-15
WSM,none,5,2025-08-15
KOR,quarantine,4,2025-08-15
IND,invalid,1,2025-08-15
SHN,none,1,2025-08-15
ZMB,reject,2,2025-08-15
MDV,reject,3,2025-08-15
GRD,none,4,2025-08-15
SRB,reject,4,2025-08-15
IOT,reject,1,2025-08-15
FLK,none,3,2025-08-15
HTI,quarantine,3,2025-08-15
LCA,reject,1,2025-08-15
MCO,none,1,2025-08-15
BRB,reject,2,2025-08-15
TLS,reject,7,2025-08-15
SYC,reject,1,2025-08-15
TJK,none,1,2025-08-15
GRL,quarantine,1,2025-08-15
SYR,reject,2,2025-08-15
KGZ,reject,4,2025-08-15
EST,reject,1,2025-08-15
CYP,quarantine,1,2025-08-15
KIR,reject,1,2025-08-15
HUN,none,1,2025-08-15
LBR,quarantine,1,2025-08-15
SSD,reject,1,2025-08-15
ARM,reject,1,2025-08-15
RUS,reject,2,2025-08-15
COG,quarantine,1,2025-08-15
CAN,reject,1,2025-08-15
BRA,invalid,1,2025-08-15
CAN,quarantine,3,2025-08-15
KOR,reject,1,2025-08-15
JOR,reject,2,2025-08-15
MRT,quarantine,1,2025-08-15
SWZ,none,1,2025-08-15
LTU,reject,1,2025-08-15
SVK,none,2,2025-08-15
NER,reject,1,2025-08-15
BTN,quarantine,1,2025-08-15
TLS,quarantine,4,2025-08-15
,reject,3,2025-08-15
DJI,reject,1,2025-08-15
SHN,quarantine,3,2025-08-15
SOM,reject,2,2025-08-15
SEN,none,1,2025-08-15
SLE,invalid,1,2025-08-15
POL,invalid,1,2025-08-15
CPV,none,1,2025-08-15
NAM,quarantine,1,2025-08-15
HTI,reject,1,2025-08-15
GIB,quarantine,1,2025-08-15
GNB,none,1,2025-08-15
ARG,invalid,1,2025-08-15
SLB,reject,1,2025-08-15
IDN,invalid,1,2025-08-15
COK,quarantine,2,2025-08-15
PER,invalid,1,2025-08-15
BLZ,none,2,2025-08-15
PCN,invalid,1,2025-08-15
LSO,reject,1,2025-08-15
BFA,reject,1,2025-08-15
AND,reject,1,2025-08-15
RUS,none,1,2025-08-15
FRA,none,1,2025-08-15
LIE,none,1,2025-08-15
TTO,reject,1,2025-08-15
HRV,none,1,2025-08-15
BEN,reject,1,2025-08-15
ROU,none,1,2025-08-15
UGA,none,55,2025-09-15
NGA,quarantine,39,2025-09-15
NGA,reject,26,2025-09-15
UKR,none,1080,2025-09-15
TON,quarantine,8,2025-09-15
URY,quarantine,37,2025-09-15
CHN,none,99,2025-09-15
DZA,quarantine,10,2025-09-15
HTI,none,10,2025-09-15
HTI,reject,6,2025-09-15
NZL,quarantine,49,2025-09-15
KAZ,none,20,2025-09-15
SWE,quarantine,105,2025-09-15
SLE,none,84,2025-09-15
BIH,quarantine,24,2025-09-15
SLV,none,46,2025-09-15
ISL,none,28,2025-09-15
PAN,quarantine,24,2025-09-15
ARE,reject,44,2025-09-15
NOR,none,138,2025-09-15
POL,quarantine,158,2025-09-15
DZA,none,5,2025-09-15
DOM,reject,68,2025-09-15
GBR,quarantine,1546,2025-09-15
IDN,quarantine,203,2025-09-15
POL,none,143,2025-09-15
IDN,none,623,2025-09-15
KEN,quarantine,245,2025-09-15
BGD,quarantine,412,2025-09-15
ECU,reject,141,2025-09-15
PER,none,418,2025-09-15
EGY,quarantine,57,2025-09-15
BEL,reject,98,2025-09-15
ESP,none,22,2025-09-15
AUT,reject,40,2025-09-15
,none,13,2025-09-15
THA,reject,85,2025-09-15
RWA,quarantine,58,2025-09-15
TUR,reject,52,2025-09-15
OMN,reject,64,2025-09-15
ARE,none,130,2025-09-15
CHE,none,398,2025-09-15
PRT,reject,52,2025-09-15
FJI,none,8,2025-09-15
BRN,reject,1,2025-09-15
GBR,reject,1294,2025-09-15
IND,none,134,2025-09-15
MKD,none,71,2025-09-15
EGY,none,38,2025-09-15
NOR,quarantine,89,2025-09-15
IRN,reject,20,2025-09-15
ALA,none,11,2025-09-15
CHE,quarantine,317,2025-09-15
SAU,reject,220,2025-09-15
AFG,none,54,2025-09-15
BHR,none,8,2025-09-15
CHN,reject,3,2025-09-15
AUT,none,253,2025-09-15
GEO,none,87,2025-09-15
DNK,quarantine,15,2025-09-15
MOZ,none,111,2025-09-15
LKA,quarantine,13,2025-09-15
SAU,none,51,2025-09-15
MEX,quarantine,215,2025-09-15
MAR,quarantine,12,2025-09-15
MNG,reject,313,2025-09-15
NLD,none,44,2025-09-15
AFG,reject,18,2025-09-15
AUT,quarantine,41,2025-09-15
CMR,quarantine,6,2025-09-15
OMN,none,32,2025-09-15
QAT,none,18,2025-09-15
PAK,none,120,2025-09-15
VEN,none,87,2025-09-15
DMA,quarantine,1,2025-09-15
LVA,reject,110,2025-09-15
CUB,reject,167,2025-09-15
TTO,none,26,2025-09-15
KWT,none,17,2025-09-15
MYS,reject,36,2025-09-15
BLR,quarantine,3,2025-09-15
HKG,quarantine,173,2025-09-15
FIN,none,175,2025-09-15
IRQ,none,38,2025-09-15
KGZ,quarantine,34,2025-09-15
JPN,quarantine,60,2025-09-15
GUY,quarantine,100,2025-09-15
LUX,none,48,2025-09-15
IND,quarantine,440,2025-09-15
CRI,none,41,2025-09-15
BLR,none,14,2025-09-15
ARG,quarantine,272,2025-09-15
MWI,reject,20,2025-09-15
UKR,reject,115,2025-09-15
RWA,none,79,2025-09-15
SSD,none,11,2025-09-15
PER,reject,98,2025-09-15
WSM,quarantine,12,2025-09-15
COK,none,9,2025-09-15
AUS,none,105,2025-09-15
GBR,none,1765,2025-09-15
BHR,quarantine,9,2025-09-15
TWN,reject,24,2025-09-15
ECU,quarantine,203,2025-09-15
BRA,none,265,2025-09-15
BRN,quarantine,82,2025-09-15
ISL,quarantine,4,2025-09-15
DOM,quarantine,53,2025-09-15
CHN,quarantine,38,2025-09-15
ISR,none,80,2025-09-15
ISR,reject,15,2025-09-15
TLS,none,70,2025-09-15
GIN,none,162,2025-09-15
UKR,quarantine,171,2025-09-15
PRT,none,138,2025-09-15
SOM,none,77,2025-09-15
SLB,none,35,2025-09-15
HKG,none,13,2025-09-15
BLZ,quarantine,56,2025-09-15
JOR,none,11,2025-09-15
NZL,none,280,2025-09-15
THA,none,675,2025-09-15
DNK,reject,101,2025-09-15
JAM,quarantine,46,2025-09-15
MMR,quarantine,115,2025-09-15
IRL,quarantine,4,2025-09-15
VNM,none,57,2025-09-15
NGA,none,157,2025-09-15
JPN,none,202,2025-09-15
LVA,none,21,2025-09-15
SRB,none,14,2025-09-15
URY,reject,53,2025-09-15
PER,quarantine,122,2025-09-15
PHL,none,220,2025-09-15
ALB,reject,181,2025-09-15
MNE,quarantine,63,2025-09-15
MLI,quarantine,5,2025-09-15
VEN,reject,63,2025-09-15
PHL,quarantine,86,2025-09-15
KEN,reject,14,2025-09-15
MLI,none,21,2025-09-15
KGZ,none,33,2025-09-15
LKA,none,22,2025-09-15
BGD,reject,55,2025-09-15
IRQ,reject,66,2025-09-15
SWE,reject,139,2025-09-15
HND,quarantine,18,2025-09-15
AUS,reject,587,2025-09-15
MOZ,reject,15,2025-09-15
AZE,quarantine,6,2025-09-15
AUS,quarantine,133,2025-09-15
AZE,reject,285,2025-09-15
LAO,reject,5,2025-09-15
TWN,none,70,2025-09-15
NZL,reject,249,2025-09-15
MAC,quarantine,17,2025-09-15
TTO,quarantine,14,2025-09-15
MDV,quarantine,80,2025-09-15
PNG,none,44,2025-09-15
PHL,reject,36,2025-09-15
KHM,quarantine,11,2025-09-15
LBN,quarantine,9,2025-09-15
PRT,quarantine,85,2025-09-15
NLD,quarantine,126,2025-09-15
GIN,quarantine,13,2025-09-15
BRA,reject,55,2025-09-15
TUR,quarantine,638,2025-09-15
BRA,quarantine,308,2025-09-15
BOL,none,69,2025-09-15
AFG,quarantine,19,2025-09-15
LBN,none,23,2025-09-15
BGR,quarantine,1,2025-09-15
TKM,quarantine,64,2025-09-15
MDV,none,130,2025-09-15
LBY,none,28,2025-09-15
PRY,none,111,2025-09-15
MYS,quarantine,266,2025-09-15
BIH,none,38,2025-09-15
AGO,reject,132,2025-09-15
ZAF,reject,58,2025-09-15
URY,none,40,2025-09-15
ISR,quarantine,13,2025-09-15
NPL,quarantine,582,2025-09-15
GRC,none,96,2025-09-15
SLE,quarantine,21,2025-09-15
NPL,none,10,2025-09-15
NLD,reject,184,2025-09-15
BRB,none,7,2025-09-15
MYS,none,151,2025-09-15
KWT,reject,12,2025-09-15
PNG,reject,5,2025-09-15
ARG,none,1057,2025-09-15
SAU,quarantine,57,2025-09-15
TWN,quarantine,37,2025-09-15
ZMB,none,11,2025-09-15
PNG,quarantine,43,2025-09-15
ZAF,none,93,2025-09-15
BLR,reject,192,2025-09-15
IDN,reject,165,2025-09-15
CUB,none,6,2025-09-15
ARG,reject,146,2025-09-15
SGP,reject,283,2025-09-15
JOR,quarantine,216,2025-09-15
PRY,quarantine,84,2025-09-15
KHM,none,52,2025-09-15
MAR,reject,21,2025-09-15
GRC,quarantine,25,2025-09-15
FIN,reject,19,2025-09-15
THA,quarantine,1958,2025-09-15
AGO,none,39,2025-09-15
LUX,quarantine,11,2025-09-15
BGD,none,241,2025-09-15
LBN,reject,11,2025-09-15
UGA,quarantine,139,2025-09-15
MMR,none,21,2025-09-15
JPN,reject,15,2025-09-15
MWI,none,39,2025-09-15
JAM,reject,23,2025-09-15
HKG,reject,300,2025-09-15
JAM,none,32,2025-09-15
PSE,quarantine,19,2025-09-15
PAK,quarantine,217,2025-09-15
HND,none,28,2025-09-15
SDN,quarantine,26,2025-09-15
KHM,reject,67,2025-09-15
TUN,none,4,2025-09-15
CRI,reject,82,2025-09-15
QAT,quarantine,27,2025-09-15
PAN,reject,10,2025-09-15
ARE,quarantine,59,2025-09-15
ECU,none,571,2025-09-15
BEL,none,206,2025-09-15
MEX,none,1191,2025-09-15
POL,reject,269,2025-09-15
TUR,none,289,2025-09-15
LAO,quarantine,8,2025-09-15
MEX,reject,137,2025-09-15
SWE,none,192,2025-09-15
NOR,reject,283,2025-09-15
KEN,none,84,2025-09-15
CRI,quarantine,55,2025-09-15
IRL,none,37,2025-09-15
ETH,none,563,2025-09-15
SLV,quarantine,87,2025-09-15
BTN,reject,69,2025-09-15
MAR,none,62,2025-09-15
CHE,reject,225,2025-09-15
FJI,reject,1,2025-09-15
LBY,quarantine,5,2025-09-15
MDG,reject,38,2025-09-15
TZA,none,809,2025-09-15
IND,reject,1804,2025-09-15
GHA,quarantine,12,2025-09-15
DOM,none,221,2025-09-15
GRC,reject,9,2025-09-15
BEL,quarantine,160,2025-09-15
KOR,none,65,2025-09-15
ESP,reject,15,2025-09-15
BOL,reject,71,2025-09-15
ITA,none,48,2025-09-15
EGY,reject,10,2025-09-15
MWI,quarantine,2,2025-09-15
ETH,quarantine,13,2025-09-15
LKA,reject,28,2025-09-15
TKM,reject,5,2025-09-15
BOL,quarantine,39,2025-09-15
BHS,quarantine,2,2025-09-15
SYC,none,41,2025-09-15
IRN,invalid,1,2025-09-15
CHL,reject,8,2025-09-15
SGP,none,17,2025-09-15
ALB,quarantine,8,2025-09-15
IRQ,quarantine,20,2025-09-15
CMR,none,27,2025-09-15
MKD,quarantine,19,2025-09-15
SYR,none,11,2025-09-15
SLV,reject,27,2025-09-15
DMA,none,4,2025-09-15
VEN,quarantine,78,2025-09-15
PAK,reject,30,2025-09-15
TON,reject,23,2025-09-15
CYP,none,10,2025-09-15
IRL,reject,19,2025-09-15
LCA,none,3,2025-09-15
SDN,none,26,2025-09-15
BIH,reject,34,2025-09-15
VNM,reject,27,2025-09-15
KIR,none,4,2025-09-15
KNA,none,5,2025-09-15
NIC,none,17,2025-09-15
ALB,none,24,2025-09-15
GHA,none,18,2025-09-15
NRU,none,2,2025-09-15
BLZ,reject,1,2025-09-15
FJI,quarantine,28,2025-09-15
NIC,reject,21,2025-09-15
CZE,reject,19,2025-09-15
CYP,reject,1,2025-09-15
DEU,none,8,2025-09-15
TON,none,10,2025-09-15
BFA,none,7,2025-09-15
ZAF,quarantine,38,2025-09-15
NIC,quarantine,40,2025-09-15
LVA,quarantine,21,2025-09-15
MRT,none,26,2025-09-15
GIB,none,23,2025-09-15
SLE,reject,5,2025-09-15
DZA,reject,36,2025-09-15
ESP,quarantine,27,2025-09-15
LBR,none,40,2025-09-15
CZE,none,36,2025-09-15
SOM,quarantine,4,2025-09-15
YEM,reject,7,2025-09-15
BHR,reject,8,2025-09-15
PAN,none,16,2025-09-15
MMR,reject,22,2025-09-15
BMU,none,3,2025-09-15
AZE,none,7,2025-09-15
KWT,quarantine,30,2025-09-15
SRB,quarantine,4,2025-09-15
CMR,reject,1,2025-09-15
PCN,none,1,2025-09-15
QAT,reject,27,2025-09-15
PRY,reject,21,2025-09-15
PRI,none,6,2025-09-15
TLS,reject,22,2025-09-15
GEO,quarantine,17,2025-09-15
LBR,reject,4,2025-09-15
GEO,reject,28,2025-09-15
FLK,reject,7,2025-09-15
LTU,none,5,2025-09-15
SYR,quarantine,17,2025-09-15
CHL,none,4,2025-09-15
TKM,none,5,2025-09-15
TUN,quarantine,12,2025-09-15
GUY,invalid,1,2025-09-15
LAO,none,18,2025-09-15
OMN,quarantine,12,2025-09-15
YEM,none,4,2025-09-15
FIN,quarantine,34,2025-09-15
MNG,quarantine,3,2025-09-15
ZWE,reject,19,2025-09-15
IRN,quarantine,5,2025-09-15
CZE,quarantine,34,2025-09-15
MAC,none,15,2025-09-15
MOZ,quarantine,20,2025-09-15
VNM,quarantine,29,2025-09-15
MMR,invalid,1,2025-09-15
EGY,invalid,1,2025-09-15
TZA,quarantine,7,2025-09-15
DEU,reject,8,2025-09-15
SGP,quarantine,4,2025-09-15
GIN,reject,1,2025-09-15
MDG,none,10,2025-09-15
MLT,none,1,2025-09-15
LUX,reject,3,2025-09-15
GRL,none,4,2025-09-15
CIV,reject,2,2025-09-15
UGA,reject,7,2025-09-15
TUN,reject,1,2025-09-15
ITA,quarantine,14,2025-09-15
PSE,none,3,2025-09-15
GHA,reject,5,2025-09-15
CIV,quarantine,15,2025-09-15
BHS,reject,3,2025-09-15
CIV,none,9,2025-09-15
GRD,reject,8,2025-09-15
BRN,none,1,2025-09-15
BRB,quarantine,28,2025-09-15
SDN,reject,6,2025-09-15
MDG,quarantine,6,2025-09-15
ITA,reject,13,2025-09-15
RWA,reject,3,2025-09-15
HND,invalid,1,2025-09-15
YEM,quarantine,1,2025-09-15
GUY,none,15,2025-09-15
GUY,reject,3,2025-09-15
KIR,quarantine,2,2025-09-15
DEU,quarantine,6,2025-09-15
CAN,none,5,2025-09-15
LTU,quarantine,3,2025-09-15
ISL,reject,6,2025-09-15
MNG,none,5,2025-09-15
KAZ,invalid,1,2025-09-15
BWA,reject,1,2025-09-15
SVN,none,1,2025-09-15
MKD,reject,5,2025-09-15
COM,none,4,2025-09-15
UKR,invalid,3,2025-09-15
NPL,reject,5,2025-09-15
KAZ,reject,2,2025-09-15
HND,reject,7,2025-09-15
MDA,reject,1,2025-09-15
SHN,quarantine,4,2025-09-15
BTN,none,3,2025-09-15
LCA,quarantine,1,2025-09-15
CHL,quarantine,4,2025-09-15
BGR,reject,1,2025-09-15
CUB,quarantine,5,2025-09-15
COM,reject,6,2025-09-15
DNK,none,4,2025-09-15
ZWE,none,2,2025-09-15
SSD,quarantine,3,2025-09-15
IRN,none,5,2025-09-15
ETH,reject,4,2025-09-15
,quarantine,2,2025-09-15
TWN,invalid,4,2025-09-15
WSM,none,5,2025-09-15
KOR,quarantine,4,2025-09-15
IND,invalid,1,2025-09-15
SHN,none,1,2025-09-15
ZMB,reject,2,2025-09-15
BHS,none,4,2025-09-15
KAZ,quarantine,8,2025-09-15
MDV,reject,3,2025-09-15
GRD,none,5,2025-09-15
SRB,reject,4,2025-09-15
IOT,reject,1,2025-09-15
FLK,none,4,2025-09-15
HTI,quarantine,3,2025-09-15
LCA,reject,1,2025-09-15
MCO,none,1,2025-09-15
BRB,reject,2,2025-09-15
SYC,reject,1,2025-09-15
TJK,none,1,2025-09-15
GRL,quarantine,1,2025-09-15
SYR,reject,2,2025-09-15
KGZ,reject,6,2025-09-15
CYP,quarantine,1,2025-09-15
KIR,reject,1,2025-09-15
HUN,none,1,2025-09-15
LBR,quarantine,1,2025-09-15
EST,none,1,2025-09-15
SSD,reject,1,2025-09-15
ARM,reject,1,2025-09-15
TLS,quarantine,5,2025-09-15
RUS,reject,2,2025-09-15
COG,quarantine,1,2025-09-15
CAN,reject,1,2025-09-15
BRA,invalid,1,2025-09-15
CAN,quarantine,3,2025-09-15
KOR,reject,1,2025-09-15
JOR,reject,2,2025-09-15
MRT,quarantine,1,2025-09-15
SWZ,none,1,2025-09-15
LTU,reject,1,2025-09-15
SVK,none,2,2025-09-15
NER,reject,1,2025-09-15
BTN,quarantine,1,2025-09-15
,reject,3,2025-09-15
DJI,reject,1,2025-09-15
SOM,reject,2,2025-09-15
SEN,none,1,2025-09-15
SLE,invalid,1,2025-09-15
POL,invalid,1,2025-09-15
CPV,none,1,2025-09-15
NAM,quarantine,1,2025-09-15
GIB,quarantine,1,2025-09-15
GNB,none,1,2025-09-15
ARG,invalid,1,2025-09-15
SLB,reject,1,2025-09-15
IDN,invalid,1,2025-09-15
COK,quarantine,2,2025-09-15
PER,invalid,1,2025-09-15
BLZ,none,2,2025-09-15
PCN,invalid,1,2025-09-15
LSO,reject,1,2025-09-15
BFA,reject,1,2025-09-15
AND,reject,1,2025-09-15
RUS,none,1,2025-09-15
FRA,none,1,2025-09-15
LIE,none,1,2025-09-15
TTO,reject,1,2025-09-15
HRV,none,1,2025-09-15
BEN,reject,1,2025-09-15
ROU,none,1,2025-09-15
UGA,none,58,2025-10-09
NGA,quarantine,41,2025-10-09
NGA,reject,27,2025-10-09
UKR,none,1094,2025-10-09
TON,quarantine,8,2025-10-09
URY,quarantine,39,2025-10-09
CHN,none,96,2025-10-09
DZA,quarantine,10,2025-10-09
HTI,none,9,2025-10-09
HTI,reject,6,2025-10-09
NZL,quarantine,49,2025-10-09
KAZ,none,20,2025-10-09
SWE,quarantine,106,2025-10-09
SLE,none,85,2025-10-09
BIH,quarantine,23,2025-10-09
SLV,none,47,2025-10-09
ISL,none,27,2025-10-09
PAN,quarantine,22,2025-10-09
ARE,reject,50,2025-10-09
NOR,none,134,2025-10-09
POL,quarantine,160,2025-10-09
DZA,none,6,2025-10-09
DOM,reject,70,2025-10-09
GBR,quarantine,1601,2025-10-09
IDN,quarantine,207,2025-10-09
POL,none,142,2025-10-09
IDN,none,622,2025-10-09
KEN,quarantine,247,2025-10-09
BGD,quarantine,420,2025-10-09
ECU,reject,140,2025-10-09
PER,none,419,2025-10-09
EGY,quarantine,59,2025-10-09
BEL,reject,104,2025-10-09
ESP,none,23,2025-10-09
AUT,reject,43,2025-10-09
,none,13,2025-10-09
THA,reject,83,2025-10-09
RWA,quarantine,58,2025-10-09
TUR,reject,52,2025-10-09
OMN,reject,64,2025-10-09
ARE,none,131,2025-10-09
CHE,none,404,2025-10-09
PRT,reject,53,2025-10-09
FJI,none,8,2025-10-09
BRN,reject,1,2025-10-09
GBR,reject,1321,2025-10-09
IND,none,136,2025-10-09
MKD,none,72,2025-10-09
EGY,none,40,2025-10-09
NOR,quarantine,92,2025-10-09
IRN,reject,21,2025-10-09
ALA,none,12,2025-10-09
CHE,quarantine,345,2025-10-09
SAU,reject,222,2025-10-09
AFG,none,53,2025-10-09
BHR,none,8,2025-10-09
CHN,reject,3,2025-10-09
AUT,none,251,2025-10-09
GEO,none,87,2025-10-09
DNK,quarantine,15,2025-10-09
MOZ,none,115,2025-10-09
SAU,none,50,2025-10-09
MEX,quarantine,222,2025-10-09
MAR,quarantine,12,2025-10-09
MNG,reject,314,2025-10-09
NLD,none,46,2025-10-09
AUT,quarantine,45,2025-10-09
CMR,quarantine,6,2025-10-09
OMN,none,31,2025-10-09
QAT,none,18,2025-10-09
PAK,none,124,2025-10-09
VEN,none,92,2025-10-09
DMA,quarantine,1,2025-10-09
LVA,reject,110,2025-10-09
CUB,reject,166,2025-10-09
TTO,none,25,2025-10-09
KWT,none,17,2025-10-09
MYS,reject,33,2025-10-09
BLR,quarantine,3,2025-10-09
HKG,quarantine,173,2025-10-09
FIN,none,178,2025-10-09
IRQ,none,36,2025-10-09
KGZ,quarantine,36,2025-10-09
JPN,quarantine,61,2025-10-09
GUY,quarantine,103,2025-10-09
LUX,none,49,2025-10-09
IND,quarantine,437,2025-10-09
CRI,none,40,2025-10-09
BLR,none,14,2025-10-09
ARG,quarantine,276,2025-10-09
MWI,reject,19,2025-10-09
UKR,reject,114,2025-10-09
RWA,none,79,2025-10-09
SSD,none,12,2025-10-09
PER,reject,103,2025-10-09
WSM,quarantine,12,2025-10-09
COK,none,9,2025-10-09
AUS,none,105,2025-10-09
GBR,none,1789,2025-10-09
BHR,quarantine,9,2025-10-09
TWN,reject,27,2025-10-09
ECU,quarantine,208,2025-10-09
BRA,none,266,2025-10-09
BRN,quarantine,82,2025-10-09
ISL,quarantine,5,2025-10-09
CHN,quarantine,38,2025-10-09
DOM,quarantine,54,2025-10-09
ISR,none,80,2025-10-09
ISR,reject,15,2025-10-09
TLS,none,62,2025-10-09
GIN,none,162,2025-10-09
UKR,quarantine,171,2025-10-09
PRT,none,138,2025-10-09
SOM,none,73,2025-10-09
SLB,none,35,2025-10-09
HKG,none,13,2025-10-09
BLZ,quarantine,56,2025-10-09
JOR,none,12,2025-10-09
NZL,none,282,2025-10-09
THA,none,666,2025-10-09
DNK,reject,101,2025-10-09
JAM,quarantine,44,2025-10-09
MMR,quarantine,114,2025-10-09
IRL,quarantine,4,2025-10-09
VNM,none,57,2025-10-09
NGA,none,163,2025-10-09
JPN,none,204,2025-10-09
LVA,none,22,2025-10-09
SRB,none,14,2025-10-09
URY,reject,53,2025-10-09
PER,quarantine,126,2025-10-09
PHL,none,230,2025-10-09
ALB,reject,186,2025-10-09
MNE,quarantine,63,2025-10-09
MLI,quarantine,5,2025-10-09
VEN,reject,65,2025-10-09
PHL,quarantine,84,2025-10-09
KEN,reject,14,2025-10-09
MLI,none,20,2025-10-09
KGZ,none,32,2025-10-09
LKA,none,23,2025-10-09
BGD,reject,50,2025-10-09
SWE,reject,143,2025-10-09
IRQ,reject,68,2025-10-09
HND,quarantine,20,2025-10-09
AUS,reject,588,2025-10-09
MOZ,reject,15,2025-10-09
AZE,quarantine,6,2025-10-09
AUS,quarantine,133,2025-10-09
AZE,reject,287,2025-10-09
TWN,none,72,2025-10-09
NZL,reject,257,2025-10-09
MAC,quarantine,17,2025-10-09
TTO,quarantine,15,2025-10-09
MDV,quarantine,79,2025-10-09
PNG,none,45,2025-10-09
PHL,reject,40,2025-10-09
KHM,quarantine,11,2025-10-09
LBN,quarantine,9,2025-10-09
PRT,quarantine,83,2025-10-09
NLD,quarantine,127,2025-10-09
GIN,quarantine,13,2025-10-09
BRA,reject,54,2025-10-09
TUR,quarantine,639,2025-10-09
BRA,quarantine,317,2025-10-09
BOL,none,70,2025-10-09
LBN,none,26,2025-10-09
AFG,quarantine,20,2025-10-09
CZE,reject,25,2025-10-09
BGR,quarantine,1,2025-10-09
TKM,quarantine,65,2025-10-09
MDV,none,130,2025-10-09
LBY,none,28,2025-10-09
PRY,none,113,2025-10-09
MYS,quarantine,273,2025-10-09
BIH,none,39,2025-10-09
AGO,reject,143,2025-10-09
ZAF,reject,59,2025-10-09
URY,none,39,2025-10-09
ISR,quarantine,13,2025-10-09
NPL,quarantine,579,2025-10-09
GRC,none,97,2025-10-09
SLE,quarantine,20,2025-10-09
NPL,none,10,2025-10-09
NLD,reject,190,2025-10-09
BRB,none,7,2025-10-09
MYS,none,149,2025-10-09
KWT,reject,12,2025-10-09
PNG,reject,5,2025-10-09
ARG,none,1069,2025-10-09
SAU,quarantine,60,2025-10-09
TWN,quarantine,35,2025-10-09
ZMB,none,11,2025-10-09
PNG,quarantine,43,2025-10-09
ZAF,none,92,2025-10-09
BLR,reject,192,2025-10-09
IDN,reject,169,2025-10-09
CUB,none,6,2025-10-09
ARG,reject,146,2025-10-09
SGP,reject,284,2025-10-09
JOR,quarantine,213,2025-10-09
PRY,quarantine,86,2025-10-09
KHM,none,52,2025-10-09
MAR,reject,25,2025-10-09
GRC,quarantine,24,2025-10-09
FIN,reject,19,2025-10-09
THA,quarantine,1997,2025-10-09
AGO,none,30,2025-10-09
LUX,quarantine,11,2025-10-09
BGD,none,249,2025-10-09
LBN,reject,11,2025-10-09
UGA,quarantine,139,2025-10-09
MMR,none,21,2025-10-09
JPN,reject,16,2025-10-09
MWI,none,38,2025-10-09
JAM,reject,24,2025-10-09
HKG,reject,301,2025-10-09
JAM,none,36,2025-10-09
PSE,quarantine,19,2025-10-09
PAK,quarantine,216,2025-10-09
HND,none,27,2025-10-09
SDN,quarantine,26,2025-10-09
KHM,reject,70,2025-10-09
TUN,none,4,2025-10-09
CRI,reject,91,2025-10-09
QAT,quarantine,26,2025-10-09
PAN,reject,15,2025-10-09
ARE,quarantine,58,2025-10-09
ECU,none,588,2025-10-09
BEL,none,205,2025-10-09
MEX,none,1201,2025-10-09
POL,reject,274,2025-10-09
TUR,none,290,2025-10-09
LAO,quarantine,8,2025-10-09
MEX,reject,134,2025-10-09
SWE,none,194,2025-10-09
NOR,reject,284,2025-10-09
KEN,none,85,2025-10-09
CRI,quarantine,51,2025-10-09
IRL,none,37,2025-10-09
ETH,none,569,2025-10-09
SLV,quarantine,89,2025-10-09
BTN,reject,71,2025-10-09
MAR,none,61,2025-10-09
CHE,reject,225,2025-10-09
FJI,reject,1,2025-10-09
LBY,quarantine,5,2025-10-09
ITA,reject,30,2025-10-09
MDG,reject,38,2025-10-09
CZE,quarantine,55,2025-10-09
TZA,none,814,2025-10-09
IND,reject,1802,2025-10-09
GHA,quarantine,11,2025-10-09
DOM,none,222,2025-10-09
GRC,reject,10,2025-10-09
BEL,quarantine,161,2025-10-09
KOR,none,68,2025-10-09
ESP,reject,15,2025-10-09
BOL,reject,71,2025-10-09
ITA,none,46,2025-10-09
EGY,reject,9,2025-10-09
MWI,quarantine,3,2025-10-09
ETH,quarantine,15,2025-10-09
LKA,reject,29,2025-10-09
TKM,reject,6,2025-10-09
BOL,quarantine,40,2025-10-09
BHS,quarantine,2,2025-10-09
SYC,none,41,2025-10-09
CHL,reject,8,2025-10-09
SGP,none,19,2025-10-09
ALB,quarantine,8,2025-10-09
IRQ,quarantine,20,2025-10-09
CMR,none,24,2025-10-09
MKD,quarantine,20,2025-10-09
SYR,none,11,2025-10-09
SLV,reject,26,2025-10-09
DMA,none,4,2025-10-09
VEN,quarantine,79,2025-10-09
PAK,reject,30,2025-10-09
TON,reject,23,2025-10-09
CYP,none,10,2025-10-09
IRL,reject,19,2025-10-09
LCA,none,3,2025-10-09
SDN,none,26,2025-10-09
BIH,reject,34,2025-10-09
VNM,reject,31,2025-10-09
KIR,none,4,2025-10-09
KNA,none,5,2025-10-09
NIC,none,17,2025-10-09
ALB,none,26,2025-10-09
GHA,none,18,2025-10-09
NRU,none,2,2025-10-09
BLZ,reject,1,2025-10-09
FJI,quarantine,28,2025-10-09
NIC,reject,23,2025-10-09
CYP,reject,1,2025-10-09
DEU,none,8,2025-10-09
TON,none,11,2025-10-09
BFA,none,7,2025-10-09
ZAF,quarantine,40,2025-10-09
NIC,quarantine,39,2025-10-09
LVA,quarantine,21,2025-10-09
MRT,none,27,2025-10-09
GIB,none,23,2025-10-09
SLE,reject,6,2025-10-09
DZA,reject,36,2025-10-09
ESP,quarantine,27,2025-10-09
LBR,none,39,2025-10-09
ZWE,reject,24,2025-10-09
CZE,none,51,2025-10-09
SOM,quarantine,5,2025-10-09
YEM,reject,7,2025-10-09
BHR,reject,8,2025-10-09
PAN,none,16,2025-10-09
MMR,reject,23,2025-10-09
BMU,none,3,2025-10-09
AZE,none,7,2025-10-09
KWT,quarantine,29,2025-10-09
SRB,quarantine,4,2025-10-09
CMR,reject,1,2025-10-09
PCN,none,1,2025-10-09
QAT,reject,28,2025-10-09
PRY,reject,21,2025-10-09
PRI,none,6,2025-10-09
TLS,reject,20,2025-10-09
GEO,quarantine,17,2025-10-09
LBR,reject,4,2025-10-09
GEO,reject,29,2025-10-09
FLK,reject,7,2025-10-09
LTU,none,5,2025-10-09
SYR,quarantine,19,2025-10-09
CHL,none,5,2025-10-09
TKM,none,5,2025-10-09
TUN,quarantine,14,2025-10-09
GUY,invalid,1,2025-10-09
LAO,none,17,2025-10-09
OMN,quarantine,13,2025-10-09
YEM,none,4,2025-10-09
FIN,quarantine,34,2025-10-09
MNG,quarantine,3,2025-10-09
IRN,quarantine,5,2025-10-09
MAC,none,15,2025-10-09
MOZ,quarantine,20,2025-10-09
VNM,quarantine,30,2025-10-09
MMR,invalid,1,2025-10-09
EGY,invalid,1,2025-10-09
TZA,quarantine,7,2025-10-09
LKA,quarantine,11,2025-10-09
DEU,reject,8,2025-10-09
SGP,quarantine,4,2025-10-09
GIN,reject,1,2025-10-09
MDG,none,10,2025-10-09
MLT,none,1,2025-10-09
BRB,quarantine,30,2025-10-09
LUX,reject,3,2025-10-09
GRL,none,4,2025-10-09
CIV,reject,2,2025-10-09
UGA,reject,7,2025-10-09
TUN,reject,1,2025-10-09
ITA,quarantine,11,2025-10-09
PSE,none,3,2025-10-09
CIV,quarantine,16,2025-10-09
BHS,reject,3,2025-10-09
CIV,none,8,2025-10-09
AFG,reject,17,2025-10-09
GRD,reject,8,2025-10-09
BRN,none,2,2025-10-09
SDN,reject,6,2025-10-09
LAO,reject,4,2025-10-09
LBR,quarantine,2,2025-10-09
MDG,quarantine,6,2025-10-09
RWA,reject,3,2025-10-09
HND,invalid,1,2025-10-09
YEM,quarantine,1,2025-10-09
GUY,none,16,2025-10-09
GUY,reject,3,2025-10-09
KIR,quarantine,2,2025-10-09
DEU,quarantine,6,2025-10-09
CAN,none,5,2025-10-09
LTU,quarantine,3,2025-10-09
ISL,reject,6,2025-10-09
MNG,none,5,2025-10-09
KAZ,invalid,1,2025-10-09
BWA,reject,1,2025-10-09
SVN,none,1,2025-10-09
MKD,reject,6,2025-10-09
COM,none,5,2025-10-09
UKR,invalid,3,2025-10-09
NPL,reject,5,2025-10-09
KAZ,reject,2,2025-10-09
HND,reject,7,2025-10-09
MDA,reject,1,2025-10-09
SHN,quarantine,4,2025-10-09
BTN,none,3,2025-10-09
LCA,quarantine,1,2025-10-09
CHL,quarantine,4,2025-10-09
BGR,reject,1,2025-10-09
GHA,reject,5,2025-10-09
CUB,quarantine,4,2025-10-09
COM,reject,6,2025-10-09
DNK,none,4,2025-10-09
ZWE,none,2,2025-10-09
SSD,quarantine,3,2025-10-09
IRN,none,5,2025-10-09
ETH,reject,4,2025-10-09
,quarantine,2,2025-10-09
TWN,invalid,4,2025-10-09
WSM,none,5,2025-10-09
KOR,quarantine,5,2025-10-09
IND,invalid,1,2025-10-09
SHN,none,1,2025-10-09
ZMB,reject,2,2025-10-09
BHS,none,4,2025-10-09
KAZ,quarantine,8,2025-10-09
MDV,reject,3,2025-10-09
GRD,none,5,2025-10-09
SRB,reject,4,2025-10-09
IOT,reject,1,2025-10-09
FLK,none,4,2025-10-09
HTI,quarantine,3,2025-10-09
LCA,reject,1,2025-10-09
MCO,none,1,2025-10-09
BRB,reject,2,2025-10-09
SYC,reject,1,2025-10-09
TJK,none,1,2025-10-09
GRL,quarantine,1,2025-10-09
SYR,reject,3,2025-10-09
KGZ,reject,7,2025-10-09
CYP,quarantine,1,2025-10-09
KIR,reject,1,2025-10-09
HUN,none,1,2025-10-09
EST,none,1,2025-10-09
SSD,reject,1,2025-10-09
ARM,reject,1,2025-10-09
TLS,quarantine,4,2025-10-09
RUS,reject,2,2025-10-09
COG,quarantine,1,2025-10-09
CAN,reject,1,2025-10-09
BRA,invalid,1,2025-10-09
CAN,quarantine,3,2025-10-09
KOR,reject,1,2025-10-09
JOR,reject,2,2025-10-09
MRT,quarantine,1,2025-10-09
SWZ,none,1,2025-10-09
LTU,reject,1,2025-10-09
SVK,none,2,2025-10-09
NER,reject,1,2025-10-09
BTN,quarantine,1,2025-10-09
,reject,3,2025-10-09
DJI,reject,1,2025-10-09
SOM,reject,2,2025-10-09
SEN,none,1,2025-10-09
SLE,invalid,1,2025-10-09
POL,invalid,1,2025-10-09
CPV,none,1,2025-10-09
NAM,quarantine,1,2025-10-09
GIB,quarantine,1,2025-10-09
GNB,none,1,2025-10-09
ARG,invalid,1,2025-10-09
SLB,reject,1,2025-10-09
IDN,invalid,1,2025-10-09
COK,quarantine,2,2025-10-09
PER,invalid,1,2025-10-09
BLZ,none,2,2025-10-09
PCN,invalid,1,2025-10-09
LSO,reject,1,2025-10-09
BFA,reject,1,2025-10-09
AND,reject,1,2025-10-09
RUS,none,1,2025-10-09
FRA,none,1,2025-10-09
LIE,none,1,2025-10-09
TTO,reject,1,2025-10-09
HRV,none,1,2025-10-09
BEN,reject,1,2025-10-09
ROU,none,1,2025-10-09
