country,policy,count,timestamp
USA,quarantine,7301,2024-02-15
NGA,quarantine,1093,2024-02-15
UGA,none,647,2024-02-15
RUS,invalid,135,2024-02-15
PLW,invalid,3,2024-02-15
CCK,none,10735,2024-02-15
NGA,reject,821,2024-02-15
ESP,reject,14541,2024-02-15
TON,quarantine,329,2024-02-15
UKR,none,19769,2024-02-15
MOZ,quarantine,215,2024-02-15
URY,quarantine,1458,2024-02-15
LTU,quarantine,2115,2024-02-15
CHN,none,14412,2024-02-15
BOL,reject,364,2024-02-15
SPM,reject,171,2024-02-15
NIU,invalid,19,2024-02-15
ITA,none,699014,2024-02-15
GGY,quarantine,571,2024-02-15
KGZ,reject,135,2024-02-15
HUN,quarantine,7839,2024-02-15
EGY,reject,219,2024-02-15
CYM,quarantine,113,2024-02-15
DZA,quarantine,357,2024-02-15
CUB,quarantine,96,2024-02-15
HTI,reject,72,2024-02-15
ZMB,quarantine,99,2024-02-15
HTI,none,142,2024-02-15
NZL,quarantine,7862,2024-02-15
SVK,reject,6109,2024-02-15
MDA,none,3747,2024-02-15
SPM,none,405,2024-02-15
KAZ,none,5247,2024-02-15
SWE,quarantine,9992,2024-02-15
UZB,reject,951,2024-02-15
CXR,quarantine,256,2024-02-15
SLE,none,108,2024-02-15
CXR,none,537,2024-02-15
KAZ,quarantine,3338,2024-02-15
VNM,quarantine,2247,2024-02-15
MUS,reject,232,2024-02-15
MWI,quarantine,31,2024-02-15
LBY,invalid,2,2024-02-15
SLV,none,608,2024-02-15
IOT,invalid,108,2024-02-15
ISL,none,6922,2024-02-15
IRN,none,34017,2024-02-15
ETH,quarantine,50,2024-02-15
TKL,quarantine,16,2024-02-15
LCA,reject,76,2024-02-15
ETH,reject,40,2024-02-15
SVK,none,44970,2024-02-15
RWA,reject,103,2024-02-15
PAN,quarantine,183,2024-02-15
VCT,reject,319,2024-02-15
BHR,reject,145,2024-02-15
NOR,none,41476,2024-02-15
POL,quarantine,103042,2024-02-15
DZA,none,685,2024-02-15
LKA,reject,592,2024-02-15
DOM,reject,680,2024-02-15
PAN,none,733,2024-02-15
MTQ,none,22,2024-02-15
GBR,quarantine,61219,2024-02-15
POL,none,418441,2024-02-15
IDN,quarantine,12937,2024-02-15
REU,none,2471,2024-02-15
FRO,reject,292,2024-02-15
VNM,invalid,24,2024-02-15
VUT,quarantine,18,2024-02-15
USA,reject,12421,2024-02-15
GRD,quarantine,22,2024-02-15
SPM,quarantine,241,2024-02-15
MMR,reject,71,2024-02-15
IDN,none,32020,2024-02-15
KEN,quarantine,1579,2024-02-15
TCD,none,33,2024-02-15
STP,reject,283,2024-02-15
LIE,invalid,3,2024-02-15
MNE,none,32807,2024-02-15
GGY,none,1851,2024-02-15
BOL,quarantine,405,2024-02-15
EST,reject,2792,2024-02-15
ATF,quarantine,114,2024-02-15
PRT,invalid,254,2024-02-15
GAB,reject,131,2024-02-15
IOT,none,47525,2024-02-15
PLW,reject,770,2024-02-15
ISL,reject,1261,2024-02-15
SXM,none,90,2024-02-15
HKG,invalid,8,2024-02-15
ROU,quarantine,8501,2024-02-15
PER,none,10231,2024-02-15
ECU,reject,1030,2024-02-15
JEY,reject,173,2024-02-15
DEU,invalid,508,2024-02-15
CIV,none,1365,2024-02-15
EGY,quarantine,153,2024-02-15
AUT,reject,11328,2024-02-15
ESP,none,183421,2024-02-15
SWE,invalid,146,2024-02-15
RUS,quarantine,30318,2024-02-15
GRL,reject,287,2024-02-15
BDI,none,128,2024-02-15
SYC,none,205,2024-02-15
BDI,reject,64,2024-02-15
,none,192725,2024-02-15
PLW,quarantine,959,2024-02-15
MCO,none,296,2024-02-15
KEN,invalid,5,2024-02-15
SVN,reject,1704,2024-02-15
THA,reject,1208,2024-02-15
CPV,reject,45,2024-02-15
ROU,invalid,26,2024-02-15
UKR,invalid,35,2024-02-15
RWA,quarantine,188,2024-02-15
PRI,quarantine,39,2024-02-15
FSM,quarantine,191,2024-02-15
CHL,reject,4907,2024-02-15
MLT,reject,348,2024-02-15
ATF,reject,132,2024-02-15
TUR,reject,4335,2024-02-15
OMN,reject,251,2024-02-15
CHE,none,136040,2024-02-15
PRT,reject,6334,2024-02-15
REU,reject,487,2024-02-15
LIE,reject,1098,2024-02-15
BMU,none,219,2024-02-15
BRN,reject,36,2024-02-15
FJI,none,150,2024-02-15
GIB,reject,52,2024-02-15
GBR,reject,84110,2024-02-15
IND,none,169757,2024-02-15
SGP,none,13646,2024-02-15
MKD,none,2356,2024-02-15
COD,none,220,2024-02-15
TZA,quarantine,335,2024-02-15
GNQ,none,58,2024-02-15
EGY,none,523,2024-02-15
KWT,quarantine,159,2024-02-15
HMD,quarantine,11,2024-02-15
NOR,quarantine,63968,2024-02-15
IRN,reject,4584,2024-02-15
CUW,none,83,2024-02-15
IRQ,quarantine,50,2024-02-15
SUR,quarantine,66,2024-02-15
CHE,quarantine,61455,2024-02-15
SAU,reject,1017,2024-02-15
SRB,quarantine,1309,2024-02-15
MUS,none,723,2024-02-15
CHN,reject,5253,2024-02-15
CMR,none,584,2024-02-15
BHR,none,197,2024-02-15
GTM,reject,115,2024-02-15
YEM,quarantine,5,2024-02-15
AUT,none,137645,2024-02-15
BWA,none,540,2024-02-15
VGB,none,105,2024-02-15
DNK,none,41775,2024-02-15
MKD,quarantine,534,2024-02-15
SYR,none,235,2024-02-15
JOR,reject,108,2024-02-15
GEO,none,2359,2024-02-15
DNK,quarantine,13153,2024-02-15
NPL,invalid,3,2024-02-15
SLV,reject,236,2024-02-15
MUS,quarantine,230,2024-02-15
ITA,invalid,185,2024-02-15
GUY,none,145,2024-02-15
CYP,quarantine,511,2024-02-15
MOZ,none,1001,2024-02-15
LKA,quarantine,759,2024-02-15
DMA,none,24,2024-02-15
ESP,invalid,87,2024-02-15
VIR,none,17,2024-02-15
MEX,quarantine,7697,2024-02-15
MAR,quarantine,1015,2024-02-15
SAU,none,3841,2024-02-15
GIB,quarantine,38,2024-02-15
VEN,quarantine,367,2024-02-15
MDV,reject,70,2024-02-15
NLD,none,947668,2024-02-15
DEU,reject,117152,2024-02-15
MNG,reject,416,2024-02-15
HRV,quarantine,1781,2024-02-15
MCO,quarantine,68,2024-02-15
SGP,quarantine,3602,2024-02-15
CAF,reject,170,2024-02-15
GRD,none,111,2024-02-15
MEX,invalid,54,2024-02-15
AUT,invalid,50,2024-02-15
TLS,quarantine,29,2024-02-15
AUT,quarantine,12000,2024-02-15
FRA,none,270343,2024-02-15
PAK,reject,1093,2024-02-15
CMR,quarantine,233,2024-02-15
RUS,reject,31556,2024-02-15
OMN,none,312,2024-02-15
QAT,none,977,2024-02-15
UZB,quarantine,1011,2024-02-15
PAK,none,8389,2024-02-15
MNE,reject,8690,2024-02-15
VEN,none,1573,2024-02-15
GUY,reject,82,2024-02-15
LBY,reject,202,2024-02-15
MRT,quarantine,22,2024-02-15
MYS,invalid,12,2024-02-15
CMR,reject,241,2024-02-15
SWZ,quarantine,68,2024-02-15
LVA,reject,3081,2024-02-15
DMA,quarantine,7,2024-02-15
SHN,invalid,5,2024-02-15
COL,quarantine,16321,2024-02-15
MNG,none,893,2024-02-15
LIE,none,2622,2024-02-15
GRD,reject,40,2024-02-15
NIU,reject,4731,2024-02-15
EST,quarantine,5742,2024-02-15
KWT,none,220,2024-02-15
CUB,reject,83,2024-02-15
TTO,none,137,2024-02-15
TJK,quarantine,45,2024-02-15
MYS,reject,3678,2024-02-15
CCK,quarantine,3331,2024-02-15
TON,reject,539,2024-02-15
SVK,quarantine,4744,2024-02-15
BLR,quarantine,1245,2024-02-15
NPL,reject,804,2024-02-15
SVN,quarantine,1969,2024-02-15
VUT,none,122,2024-02-15
FIN,none,32398,2024-02-15
HKG,quarantine,1583,2024-02-15
PRI,reject,139,2024-02-15
HRV,reject,1732,2024-02-15
MCO,reject,57,2024-02-15
JPN,quarantine,15920,2024-02-15
CYP,none,1824,2024-02-15
KGZ,quarantine,346,2024-02-15
IRQ,none,199,2024-02-15
LUX,none,5476,2024-02-15
IRL,reject,3179,2024-02-15
CHN,invalid,117,2024-02-15
VCT,quarantine,285,2024-02-15
GUY,quarantine,142,2024-02-15
IND,quarantine,19776,2024-02-15
SHN,reject,646,2024-02-15
QAT,reject,352,2024-02-15
PRY,reject,498,2024-02-15
SGS,none,161,2024-02-15
LCA,none,151,2024-02-15
HUN,invalid,48,2024-02-15
REU,quarantine,1699,2024-02-15
KOR,invalid,35,2024-02-15
SXM,reject,84,2024-02-15
BLR,none,4680,2024-02-15
CRI,none,1421,2024-02-15
KAZ,reject,1136,2024-02-15
DNK,invalid,158,2024-02-15
MWI,reject,65,2024-02-15
VUT,reject,42,2024-02-15
TTO,reject,85,2024-02-15
VGB,reject,65,2024-02-15
FRO,quarantine,123,2024-02-15
COG,quarantine,116,2024-02-15
HND,reject,225,2024-02-15
HRV,none,32491,2024-02-15
SRB,reject,1511,2024-02-15
UKR,reject,3765,2024-02-15
PER,reject,1587,2024-02-15
RWA,none,358,2024-02-15
SDN,none,199,2024-02-15
WSM,quarantine,379,2024-02-15
POL,invalid,119,2024-02-15
GLP,none,89,2024-02-15
COK,none,70,2024-02-15
GBR,none,410232,2024-02-15
TWN,reject,2459,2024-02-15
BHR,quarantine,118,2024-02-15
HMD,none,12,2024-02-15
BRA,none,533316,2024-02-15
ECU,quarantine,1031,2024-02-15
MDG,none,289,2024-02-15
CHN,quarantine,6048,2024-02-15
VNM,reject,3937,2024-02-15
DOM,quarantine,512,2024-02-15
CYM,none,375,2024-02-15
ISL,quarantine,1108,2024-02-15
NCL,quarantine,290,2024-02-15
BRN,quarantine,84,2024-02-15
BRN,none,66,2024-02-15
PRI,none,78,2024-02-15
TGO,reject,60,2024-02-15
ISR,none,22497,2024-02-15
NLD,invalid,803,2024-02-15
ISR,reject,1724,2024-02-15
BWA,quarantine,189,2024-02-15
CHL,invalid,30,2024-02-15
,quarantine,52199,2024-02-15
ATF,none,170,2024-02-15
TLS,none,132,2024-02-15
UKR,quarantine,5259,2024-02-15
PRT,none,58573,2024-02-15
ROU,reject,12016,2024-02-15
TCA,none,170,2024-02-15
TZA,reject,264,2024-02-15
GIN,none,136,2024-02-15
SOM,none,645,2024-02-15
JEY,quarantine,96,2024-02-15
SLB,none,93,2024-02-15
HKG,none,9330,2024-02-15
JOR,none,308,2024-02-15
BLZ,quarantine,265,2024-02-15
SGS,reject,93,2024-02-15
SEN,reject,107,2024-02-15
TLS,reject,39,2024-02-15
,invalid,134,2024-02-15
NZL,none,41088,2024-02-15
CAN,reject,22166,2024-02-15
CUW,quarantine,26,2024-02-15
FRA,reject,59784,2024-02-15
TUV,reject,2411,2024-02-15
THA,none,7633,2024-02-15
DNK,reject,78565,2024-02-15
TUV,none,10033,2024-02-15
GEO,quarantine,754,2024-02-15
MLT,none,1308,2024-02-15
MNP,reject,33,2024-02-15
JAM,quarantine,34,2024-02-15
IRL,quarantine,2599,2024-02-15
BWA,reject,142,2024-02-15
MMR,quarantine,134,2024-02-15
SYC,quarantine,39,2024-02-15
TJK,reject,71,2024-02-15
VNM,none,7911,2024-02-15
SYC,reject,126,2024-02-15
BEN,quarantine,157,2024-02-15
,reject,71154,2024-02-15
GEO,reject,539,2024-02-15
TCD,reject,33,2024-02-15
NGA,none,4680,2024-02-15
LUX,reject,1972,2024-02-15
VAT,none,56,2024-02-15
TUV,quarantine,1880,2024-02-15
JPN,none,169824,2024-02-15
SVN,none,32746,2024-02-15
SDN,reject,50,2024-02-15
FRA,quarantine,83172,2024-02-15
SRB,none,9635,2024-02-15
LVA,none,6280,2024-02-15
GTM,quarantine,70,2024-02-15
URY,reject,776,2024-02-15
TKL,none,79,2024-02-15
COL,none,146590,2024-02-15
PHL,none,5590,2024-02-15
PER,quarantine,1790,2024-02-15
ISR,invalid,22,2024-02-15
GAB,quarantine,141,2024-02-15
MLT,quarantine,282,2024-02-15
MNE,quarantine,9174,2024-02-15
MSR,none,328,2024-02-15
MLI,quarantine,143,2024-02-15
PHL,quarantine,1685,2024-02-15
NCL,reject,155,2024-02-15
NIC,none,237,2024-02-15
VEN,reject,474,2024-02-15
COD,quarantine,85,2024-02-15
BGR,none,55,2024-02-15
IOT,reject,14619,2024-02-15
BRA,invalid,581,2024-02-15
MLI,reject,150,2024-02-15
JEY,none,430,2024-02-15
KEN,reject,713,2024-02-15
TCA,reject,51,2024-02-15
USA,invalid,46,2024-02-15
GMB,none,119,2024-02-15
TJK,none,190,2024-02-15
COG,none,119,2024-02-15
FSM,reject,237,2024-02-15
ZWE,none,2104,2024-02-15
MDA,quarantine,600,2024-02-15
MYT,reject,66,2024-02-15
FLK,reject,39,2024-02-15
GHA,none,236,2024-02-15
MSR,quarantine,101,2024-02-15
LTU,none,17021,2024-02-15
UZB,none,6425,2024-02-15
MLI,none,345,2024-02-15
TWN,invalid,44,2024-02-15
KGZ,none,1068,2024-02-15
SYR,quarantine,97,2024-02-15
CHL,none,77407,2024-02-15
LKA,none,3095,2024-02-15
SWE,reject,20507,2024-02-15
IRQ,reject,82,2024-02-15
MDA,reject,491,2024-02-15
SHN,quarantine,562,2024-02-15
GNB,none,66,2024-02-15
STP,none,528,2024-02-15
HND,quarantine,128,2024-02-15
TKM,none,39,2024-02-15
MOZ,reject,226,2024-02-15
TUN,quarantine,495,2024-02-15
CXR,reject,280,2024-02-15
LIE,quarantine,1011,2024-02-15
MKD,reject,465,2024-02-15
CAN,quarantine,20929,2024-02-15
BTN,none,30,2024-02-15
DEU,quarantine,101987,2024-02-15
GRL,none,253,2024-02-15
TWN,none,10388,2024-02-15
LAO,reject,291,2024-02-15
NZL,reject,8702,2024-02-15
MAC,quarantine,27,2024-02-15
VCT,none,1246,2024-02-15
FSM,none,964,2024-02-15
MDV,quarantine,165,2024-02-15
CPV,none,318,2024-02-15
BLZ,reject,339,2024-02-15
CYM,reject,118,2024-02-15
BLZ,none,1146,2024-02-15
SEN,quarantine,278,2024-02-15
PNG,none,357,2024-02-15
NLD,quarantine,194338,2024-02-15
PRT,quarantine,6698,2024-02-15
PHL,reject,2174,2024-02-15
KHM,quarantine,72,2024-02-15
LBN,quarantine,85,2024-02-15
BRA,reject,33762,2024-02-15
MNE,invalid,46,2024-02-15
FJI,quarantine,92,2024-02-15
FIN,invalid,28,2024-02-15
NIC,reject,272,2024-02-15
TUR,quarantine,28545,2024-02-15
BRA,quarantine,44614,2024-02-15
BOL,none,1003,2024-02-15
PSE,reject,167,2024-02-15
CAF,none,49,2024-02-15
CZE,reject,10641,2024-02-15
LBN,none,212,2024-02-15
LKA,invalid,4,2024-02-15
LCA,quarantine,31,2024-02-15
SPM,invalid,2,2024-02-15
TGO,none,210,2024-02-15
CYP,reject,545,2024-02-15
BGR,quarantine,6,2024-02-15
TKM,quarantine,37,2024-02-15
HUN,none,112884,2024-02-15
LSO,none,92,2024-02-15
LAO,none,1358,2024-02-15
SUR,reject,78,2024-02-15
LBY,none,838,2024-02-15
MDV,none,661,2024-02-15
SMR,reject,26,2024-02-15
GRL,quarantine,96,2024-02-15
SGS,quarantine,54,2024-02-15
DEU,none,699821,2024-02-15
TON,none,1330,2024-02-15
PRY,none,5163,2024-02-15
OMN,quarantine,121,2024-02-15
ZAF,reject,13861,2024-02-15
MYS,quarantine,6464,2024-02-15
DJI,none,96,2024-02-15
COD,reject,70,2024-02-15
ISR,quarantine,3937,2024-02-15
NIU,quarantine,2841,2024-02-15
URY,none,5140,2024-02-15
WSM,reject,553,2024-02-15
CIV,reject,120,2024-02-15
GRC,none,62907,2024-02-15
NPL,quarantine,853,2024-02-15
MDG,quarantine,261,2024-02-15
HMD,reject,7,2024-02-15
FRA,invalid,414,2024-02-15
TGO,quarantine,140,2024-02-15
SLE,quarantine,15,2024-02-15
SOM,reject,220,2024-02-15
NPL,none,2998,2024-02-15
CHL,quarantine,5017,2024-02-15
TCA,quarantine,74,2024-02-15
SVK,invalid,12,2024-02-15
WSM,none,1424,2024-02-15
PYF,reject,73,2024-02-15
NLD,reject,240053,2024-02-15
MYS,none,16171,2024-02-15
KOR,reject,1826,2024-02-15
KWT,reject,135,2024-02-15
CHE,invalid,92,2024-02-15
LUX,invalid,15,2024-02-15
TWN,quarantine,2792,2024-02-15
SAU,quarantine,1016,2024-02-15
ZMB,none,372,2024-02-15
NCL,none,694,2024-02-15
STP,quarantine,189,2024-02-15
VIR,reject,27,2024-02-15
PNG,quarantine,120,2024-02-15
ZAF,none,72878,2024-02-15
IDN,reject,10629,2024-02-15
BLR,reject,1610,2024-02-15
KOR,quarantine,864,2024-02-15
BMU,reject,155,2024-02-15
HTI,quarantine,20,2024-02-15
MSR,reject,241,2024-02-15
CUB,none,82,2024-02-15
UGA,reject,185,2024-02-15
ZAF,quarantine,17004,2024-02-15
NIC,quarantine,165,2024-02-15
VIR,quarantine,8,2024-02-15
SGP,reject,3324,2024-02-15
ROU,none,95326,2024-02-15
PYF,quarantine,75,2024-02-15
WLF,none,101,2024-02-15
SMR,none,112,2024-02-15
JOR,quarantine,483,2024-02-15
PRY,quarantine,991,2024-02-15
UZB,invalid,5,2024-02-15
IND,invalid,75,2024-02-15
KHM,none,280,2024-02-15
BMU,quarantine,54,2024-02-15
GRC,quarantine,16082,2024-02-15
MAR,reject,806,2024-02-15
TCD,quarantine,18,2024-02-15
COL,reject,17484,2024-02-15
LVA,quarantine,2228,2024-02-15
CAN,invalid,153,2024-02-15
TUN,reject,222,2024-02-15
FIN,reject,7008,2024-02-15
LSO,quarantine,41,2024-02-15
NER,none,45,2024-02-15
LUX,quarantine,3268,2024-02-15
THA,quarantine,3414,2024-02-15
BEN,none,937,2024-02-15
MYT,quarantine,181,2024-02-15
HUN,reject,5501,2024-02-15
LBN,reject,60,2024-02-15
GGY,reject,689,2024-02-15
GAB,none,186,2024-02-15
SYR,reject,37,2024-02-15
MMR,none,166,2024-02-15
UGA,quarantine,289,2024-02-15
FIN,quarantine,6565,2024-02-15
SEN,none,533,2024-02-15
WLF,quarantine,53,2024-02-15
PYF,none,166,2024-02-15
JPN,reject,10655,2024-02-15
MRT,none,141,2024-02-15
GTM,none,365,2024-02-15
MNG,quarantine,317,2024-02-15
MWI,none,139,2024-02-15
JAM,reject,58,2024-02-15
HKG,reject,2687,2024-02-15
PSE,quarantine,201,2024-02-15
NFK,none,12,2024-02-15
JAM,none,93,2024-02-15
GUF,reject,19,2024-02-15
PAK,quarantine,1470,2024-02-15
HND,none,376,2024-02-15
GBR,invalid,459,2024-02-15
SHN,none,1155,2024-02-15
KHM,reject,122,2024-02-15
SDN,quarantine,29,2024-02-15
SWZ,none,60,2024-02-15
EST,none,7343,2024-02-15
TUN,none,1835,2024-02-15
NZL,invalid,45,2024-02-15
KNA,quarantine,7,2024-02-15
CRI,reject,488,2024-02-15
NAM,none,20,2024-02-15
SLB,quarantine,21,2024-02-15
CCK,invalid,23,2024-02-15
PLW,none,2157,2024-02-15
WLF,reject,56,2024-02-15
SLB,reject,46,2024-02-15
ITA,quarantine,24644,2024-02-15
QAT,quarantine,299,2024-02-15
PAN,reject,370,2024-02-15
TUV,invalid,6,2024-02-15
VGB,quarantine,43,2024-02-15
GNQ,reject,181,2024-02-15
GIB,none,231,2024-02-15
CZE,invalid,59,2024-02-15
LSO,reject,29,2024-02-15
ECU,none,4007,2024-02-15
ZMB,reject,82,2024-02-15
PSE,none,395,2024-02-15
POL,reject,190833,2024-02-15
MEX,none,56739,2024-02-15
COL,invalid,153,2024-02-15
TUR,none,57399,2024-02-15
TUR,invalid,86,2024-02-15
MNP,none,27,2024-02-15
SLE,reject,40,2024-02-15
RUS,none,153117,2024-02-15
CAN,none,160876,2024-02-15
IMN,none,1461,2024-02-15
IMN,quarantine,1556,2024-02-15
NOR,invalid,86,2024-02-15
ZAF,invalid,37,2024-02-15
IOT,quarantine,14733,2024-02-15
LAO,quarantine,242,2024-02-15
BHS,none,36,2024-02-15
IMN,reject,574,2024-02-15
FRO,none,480,2024-02-15
NAM,reject,19,2024-02-15
SWE,none,54426,2024-02-15
NIU,none,12397,2024-02-15
MEX,reject,6914,2024-02-15
NOR,reject,10553,2024-02-15
KEN,none,5341,2024-02-15
DZA,reject,331,2024-02-15
IRL,none,19005,2024-02-15
USA,none,42389,2024-02-15
CRI,quarantine,507,2024-02-15
ESP,quarantine,39372,2024-02-15
ETH,none,1508,2024-02-15
SLV,quarantine,213,2024-02-15
BTN,reject,207,2024-02-15
LBR,none,11,2024-02-15
CPV,quarantine,26,2024-02-15
IRN,quarantine,7270,2024-02-15
MAR,none,5487,2024-02-15
CIV,quarantine,567,2024-02-15
CHE,reject,27176,2024-02-15
LBY,quarantine,285,2024-02-15
ZWE,reject,222,2024-02-15
FJI,reject,80,2024-02-15
CZE,none,104868,2024-02-15
SUR,none,158,2024-02-15
CZE,quarantine,15744,2024-02-15
ITA,reject,19296,2024-02-15
LTU,reject,1901,2024-02-15
MDG,reject,119,2024-02-15
NAM,quarantine,14,2024-02-15
COG,reject,30,2024-02-15
CCK,reject,3759,2024-02-15
IND,reject,15955,2024-02-15
TZA,none,2194,2024-02-15
ZWE,quarantine,197,2024-02-15
MAC,none,227,2024-02-15
GHA,quarantine,129,2024-02-15
GRC,reject,6329,2024-02-15
DOM,none,1929,2024-02-15
MYT,none,220,2024-02-15
SOM,quarantine,136,2024-02-15
BHS,reject,54,2024-02-15
KOR,none,3637,2024-02-15
YEM,reject,26,2024-02-15
TUN,invalid,18,2024-02-15
ARE,reject,8,2024-02-15
COM,reject,6,2024-02-15
IDN,invalid,25,2024-02-15
TKM,reject,62,2024-02-15
ARM,reject,3,2024-02-15
IRN,invalid,6,2024-02-15
MAC,reject,41,2024-02-15
GGY,invalid,3,2024-02-15
GUF,none,19,2024-02-15
DJI,reject,40,2024-02-15
SMR,quarantine,20,2024-02-15
SXM,quarantine,34,2024-02-15
GNQ,quarantine,29,2024-02-15
GMB,quarantine,41,2024-02-15
PRY,invalid,2,2024-02-15
KAZ,invalid,12,2024-02-15
SSD,none,7,2024-02-15
MRT,reject,24,2024-02-15
NER,reject,14,2024-02-15
KNA,none,12,2024-02-15
HRV,invalid,8,2024-02-15
KIR,reject,13,2024-02-15
SWZ,reject,7,2024-02-15
SVN,invalid,10,2024-02-15
TTO,quarantine,47,2024-02-15
GIN,quarantine,19,2024-02-15
BEN,reject,37,2024-02-15
PAN,invalid,2,2024-02-15
VEN,invalid,2,2024-02-15
YEM,none,21,2024-02-15
PNG,reject,41,2024-02-15
MKD,invalid,2,2024-02-15
PCN,invalid,4,2024-02-15
GHA,invalid,7,2024-02-15
MNP,quarantine,10,2024-02-15
DJI,quarantine,27,2024-02-15
MDV,invalid,1,2024-02-15
KNA,reject,13,2024-02-15
CAF,quarantine,18,2024-02-15
BGR,reject,12,2024-02-15
GHA,reject,73,2024-02-15
BTN,quarantine,25,2024-02-15
SSD,quarantine,3,2024-02-15
GLP,reject,45,2024-02-15
GLP,quarantine,11,2024-02-15
GMB,reject,17,2024-02-15
TKL,reject,56,2024-02-15
BEN,invalid,1,2024-02-15
BHS,quarantine,15,2024-02-15
BDI,quarantine,28,2024-02-15
SGP,invalid,6,2024-02-15
GRC,invalid,23,2024-02-15
IRL,invalid,22,2024-02-15
NER,quarantine,31,2024-02-15
KIR,none,18,2024-02-15
GUF,quarantine,2,2024-02-15
REU,invalid,3,2024-02-15
BOL,invalid,2,2024-02-15
DMA,reject,15,2024-02-15
PER,invalid,10,2024-02-15
JPN,invalid,20,2024-02-15
SGS,invalid,2,2024-02-15
GUM,reject,2,2024-02-15
PCN,reject,16,2024-02-15
CUW,reject,20,2024-02-15
MTQ,reject,23,2024-02-15
PCN,quarantine,1,2024-02-15
THA,invalid,2,2024-02-15
URY,invalid,7,2024-02-15
GRL,invalid,1,2024-02-15
GUM,none,4,2024-02-15
NRU,reject,13,2024-02-15
ISL,invalid,9,2024-02-15
NFK,reject,17,2024-02-15
LTU,invalid,9,2024-02-15
COK,reject,12,2024-02-15
PCN,none,13,2024-02-15
EST,invalid,8,2024-02-15
CIV,invalid,2,2024-02-15
PHL,invalid,2,2024-02-15
NRU,quarantine,2,2024-02-15
MAR,invalid,5,2024-02-15
NRU,none,7,2024-02-15
CYP,invalid,4,2024-02-15
NFK,quarantine,4,2024-02-15
SAU,invalid,4,2024-02-15
CPV,invalid,1,2024-02-15
GNB,reject,2,2024-02-15
VCT,invalid,3,2024-02-15
SLB,invalid,1,2024-02-15
LBR,reject,1,2024-02-15
FLK,none,5,2024-02-15
BGD,none,4,2024-02-15
MNG,invalid,2,2024-02-15
GEO,invalid,1,2024-02-15
VUT,invalid,1,2024-02-15
TON,invalid,3,2024-02-15
COM,quarantine,3,2024-02-15
ARM,none,5,2024-02-15
COM,none,8,2024-02-15
LBR,quarantine,3,2024-02-15
CRI,invalid,2,2024-02-15
GNB,quarantine,5,2024-02-15
NER,invalid,1,2024-02-15
KIR,quarantine,5,2024-02-15
NGA,invalid,1,2024-02-15
STP,invalid,1,2024-02-15
BWA,invalid,1,2024-02-15
MMR,invalid,1,2024-02-15
EGY,invalid,1,2024-02-15
WSM,invalid,1,2024-02-15
GIN,reject,1,2024-02-15
FJI,invalid,1,2024-02-15
MDA,invalid,2,2024-02-15
LAO,invalid,3,2024-02-15
LVA,invalid,5,2024-02-15
MTQ,quarantine,4,2024-02-15
PSE,invalid,1,2024-02-15
CXR,invalid,2,2024-02-15
DOM,invalid,2,2024-02-15
BGD,quarantine,4,2024-02-15
HTI,invalid,1,2024-02-15
ECU,invalid,6,2024-02-15
MDG,invalid,1,2024-02-15
BGD,reject,1,2024-02-15
SSD,reject,2,2024-02-15
CMR,invalid,1,2024-02-15
JEY,invalid,2,2024-02-15
SRB,invalid,2,2024-02-15
QAT,invalid,2,2024-02-15
ARE,none,1,2024-02-15
BMU,invalid,1,2024-02-15
GUY,invalid,1,2024-02-15
MLT,invalid,1,2024-02-15
SOM,invalid,1,2024-02-15
SLV,invalid,2,2024-02-15
COK,quarantine,2,2024-02-15
FSM,invalid,1,2024-02-15
DZA,invalid,1,2024-02-15
PAK,invalid,1,2024-02-15
MUS,invalid,1,2024-02-15
MOZ,invalid,1,2024-02-15
NGA,quarantine,1159,2024-03-15
USA,quarantine,7546,2024-03-15
UGA,none,672,2024-03-15
RUS,invalid,133,2024-03-15
CCK,none,11287,2024-03-15
NGA,reject,845,2024-03-15
ESP,reject,15024,2024-03-15
TON,quarantine,347,2024-03-15
UKR,none,19853,2024-03-15
MOZ,quarantine,228,2024-03-15
URY,quarantine,1552,2024-03-15
LTU,quarantine,2199,2024-03-15
CHN,none,15150,2024-03-15
BOL,reject,377,2024-03-15
SPM,reject,182,2024-03-15
NIU,invalid,22,2024-03-15
ITA,none,721349,2024-03-15
GGY,quarantine,614,2024-03-15
KGZ,reject,136,2024-03-15
HUN,quarantine,8529,2024-03-15
CUB,quarantine,95,2024-03-15
EGY,reject,231,2024-03-15
CYM,quarantine,120,2024-03-15
DZA,quarantine,381,2024-03-15
HTI,reject,71,2024-03-15
ZMB,quarantine,108,2024-03-15
HTI,none,143,2024-03-15
NZL,quarantine,8587,2024-03-15
SVK,reject,6458,2024-03-15
MDA,none,3796,2024-03-15
SPM,none,421,2024-03-15
KAZ,none,5221,2024-03-15
SWE,quarantine,10613,2024-03-15
UZB,reject,972,2024-03-15
CXR,quarantine,267,2024-03-15
SLE,none,108,2024-03-15
CXR,none,555,2024-03-15
KAZ,quarantine,3523,2024-03-15
VNM,quarantine,2282,2024-03-15
MWI,quarantine,31,2024-03-15
MUS,reject,253,2024-03-15
LBY,invalid,2,2024-03-15
SLV,none,637,2024-03-15
IOT,invalid,112,2024-03-15
ISL,none,7202,2024-03-15
IRN,none,33869,2024-03-15
TKL,quarantine,178,2024-03-15
ETH,quarantine,48,2024-03-15
LCA,reject,79,2024-03-15
ETH,reject,44,2024-03-15
SVK,none,45687,2024-03-15
RWA,reject,107,2024-03-15
TKL,reject,342,2024-03-15
PAN,quarantine,183,2024-03-15
VCT,reject,328,2024-03-15
BHR,reject,146,2024-03-15
NOR,none,70556,2024-03-15
POL,quarantine,102680,2024-03-15
DZA,none,685,2024-03-15
LKA,reject,611,2024-03-15
DOM,reject,678,2024-03-15
PAN,none,768,2024-03-15
MTQ,none,22,2024-03-15
GBR,quarantine,65731,2024-03-15
POL,none,429757,2024-03-15
IDN,quarantine,12017,2024-03-15
REU,none,2573,2024-03-15
FRO,reject,317,2024-03-15
VNM,invalid,24,2024-03-15
VUT,quarantine,18,2024-03-15
USA,reject,12757,2024-03-15
GRD,quarantine,22,2024-03-15
SPM,quarantine,255,2024-03-15
MMR,reject,72,2024-03-15
IDN,none,32531,2024-03-15
KEN,quarantine,1640,2024-03-15
TCD,none,36,2024-03-15
STP,reject,289,2024-03-15
LIE,invalid,3,2024-03-15
MNE,none,34425,2024-03-15
GGY,none,1955,2024-03-15
BOL,quarantine,413,2024-03-15
EST,reject,2837,2024-03-15
ATF,quarantine,115,2024-03-15
PRT,invalid,255,2024-03-15
GAB,reject,130,2024-03-15
IOT,none,50903,2024-03-15
PLW,reject,781,2024-03-15
ISL,reject,1307,2024-03-15
SXM,none,93,2024-03-15
HKG,invalid,7,2024-03-15
ROU,quarantine,8915,2024-03-15
PER,none,10613,2024-03-15
ECU,reject,1049,2024-03-15
JEY,reject,188,2024-03-15
DEU,invalid,502,2024-03-15
CIV,none,1345,2024-03-15
EGY,quarantine,166,2024-03-15
AUT,reject,11891,2024-03-15
ESP,none,184641,2024-03-15
SWE,invalid,154,2024-03-15
RUS,quarantine,31450,2024-03-15
GRL,reject,295,2024-03-15
BDI,none,134,2024-03-15
SYC,none,215,2024-03-15
BDI,reject,66,2024-03-15
,none,199632,2024-03-15
PLW,quarantine,983,2024-03-15
MCO,none,305,2024-03-15
KEN,invalid,5,2024-03-15
SVN,reject,1759,2024-03-15
THA,reject,1234,2024-03-15
CPV,reject,45,2024-03-15
ROU,invalid,27,2024-03-15
UKR,invalid,37,2024-03-15
RWA,quarantine,192,2024-03-15
PRI,quarantine,38,2024-03-15
FSM,quarantine,206,2024-03-15
CHL,reject,5064,2024-03-15
MLT,reject,361,2024-03-15
ATF,reject,137,2024-03-15
TUR,reject,4563,2024-03-15
OMN,reject,254,2024-03-15
CHE,none,137977,2024-03-15
PRT,reject,6555,2024-03-15
REU,reject,511,2024-03-15
LIE,reject,1189,2024-03-15
BMU,none,237,2024-03-15
BRN,reject,38,2024-03-15
FJI,none,165,2024-03-15
GIB,reject,53,2024-03-15
GBR,reject,88916,2024-03-15
IND,none,177140,2024-03-15
SGP,none,14044,2024-03-15
MKD,none,2431,2024-03-15
TZA,quarantine,344,2024-03-15
COD,none,236,2024-03-15
EGY,none,519,2024-03-15
KWT,quarantine,163,2024-03-15
HMD,quarantine,11,2024-03-15
NOR,quarantine,65222,2024-03-15
IRN,reject,4633,2024-03-15
CUW,none,81,2024-03-15
IRQ,quarantine,50,2024-03-15
SUR,quarantine,66,2024-03-15
CHE,quarantine,71519,2024-03-15
SAU,reject,1077,2024-03-15
SRB,quarantine,1369,2024-03-15
MUS,none,768,2024-03-15
CHN,reject,5403,2024-03-15
BHR,none,199,2024-03-15
CMR,none,588,2024-03-15
GTM,reject,124,2024-03-15
YEM,quarantine,5,2024-03-15
AUT,none,141202,2024-03-15
BWA,none,546,2024-03-15
VGB,none,109,2024-03-15
DNK,none,48407,2024-03-15
MKD,quarantine,548,2024-03-15
SYR,none,229,2024-03-15
JOR,reject,113,2024-03-15
GEO,none,2452,2024-03-15
DNK,quarantine,13575,2024-03-15
NPL,invalid,3,2024-03-15
SLV,reject,243,2024-03-15
MUS,quarantine,243,2024-03-15
ITA,invalid,192,2024-03-15
GUY,none,154,2024-03-15
CYP,quarantine,541,2024-03-15
MOZ,none,1041,2024-03-15
LKA,quarantine,779,2024-03-15
DMA,none,24,2024-03-15
ESP,invalid,93,2024-03-15
VIR,none,18,2024-03-15
MEX,quarantine,8061,2024-03-15
MAR,quarantine,1088,2024-03-15
SAU,none,4044,2024-03-15
GIB,quarantine,40,2024-03-15
VEN,quarantine,385,2024-03-15
MDV,reject,70,2024-03-15
NLD,none,959874,2024-03-15
DEU,reject,122749,2024-03-15
MNG,reject,433,2024-03-15
HRV,quarantine,1910,2024-03-15
MCO,quarantine,75,2024-03-15
SGP,quarantine,3750,2024-03-15
GRD,none,118,2024-03-15
CAF,reject,101,2024-03-15
MEX,invalid,56,2024-03-15
TLS,quarantine,31,2024-03-15
AUT,quarantine,12701,2024-03-15
FRA,none,272555,2024-03-15
PAK,reject,1138,2024-03-15
CMR,quarantine,218,2024-03-15
RUS,reject,31402,2024-03-15
QAT,none,1006,2024-03-15
UZB,quarantine,1072,2024-03-15
OMN,none,326,2024-03-15
PAK,none,8774,2024-03-15
MNE,reject,8952,2024-03-15
VEN,none,1621,2024-03-15
GUY,reject,85,2024-03-15
LBY,reject,208,2024-03-15
MRT,quarantine,22,2024-03-15
MYS,invalid,13,2024-03-15
DJI,reject,41,2024-03-15
CMR,reject,239,2024-03-15
SWZ,quarantine,104,2024-03-15
LVA,reject,3125,2024-03-15
DMA,quarantine,10,2024-03-15
SHN,invalid,6,2024-03-15
COL,quarantine,17152,2024-03-15
MNG,none,897,2024-03-15
LIE,none,2677,2024-03-15
GRD,reject,45,2024-03-15
NIU,reject,4801,2024-03-15
EST,quarantine,5947,2024-03-15
KWT,none,221,2024-03-15
CUB,reject,86,2024-03-15
TTO,none,142,2024-03-15
TJK,quarantine,45,2024-03-15
MYS,reject,3865,2024-03-15
CCK,quarantine,3642,2024-03-15
TON,reject,542,2024-03-15
SVK,quarantine,5036,2024-03-15
BLR,quarantine,1283,2024-03-15
NPL,reject,846,2024-03-15
SVN,quarantine,2042,2024-03-15
VUT,none,126,2024-03-15
FIN,none,34782,2024-03-15
HKG,quarantine,1642,2024-03-15
PRI,reject,140,2024-03-15
HRV,reject,1791,2024-03-15
MCO,reject,59,2024-03-15
JPN,quarantine,17399,2024-03-15
CYP,none,1933,2024-03-15
KGZ,quarantine,405,2024-03-15
IRQ,none,243,2024-03-15
LUX,none,5673,2024-03-15
IRL,reject,3337,2024-03-15
CHN,invalid,294,2024-03-15
VCT,quarantine,295,2024-03-15
GUY,quarantine,141,2024-03-15
IND,quarantine,20983,2024-03-15
SHN,reject,668,2024-03-15
QAT,reject,367,2024-03-15
PRY,reject,523,2024-03-15
SGS,none,166,2024-03-15
LCA,none,152,2024-03-15
HUN,invalid,53,2024-03-15
REU,quarantine,1756,2024-03-15
KOR,invalid,38,2024-03-15
SXM,reject,83,2024-03-15
BLR,none,4726,2024-03-15
CRI,none,1464,2024-03-15
KAZ,reject,1174,2024-03-15
DNK,invalid,168,2024-03-15
VUT,reject,39,2024-03-15
MWI,reject,66,2024-03-15
TTO,reject,91,2024-03-15
VGB,reject,67,2024-03-15
FRO,quarantine,126,2024-03-15
HND,reject,230,2024-03-15
COG,quarantine,112,2024-03-15
HRV,none,32957,2024-03-15
SRB,reject,1541,2024-03-15
UKR,reject,3921,2024-03-15
PER,reject,1683,2024-03-15
RWA,none,374,2024-03-15
SDN,none,220,2024-03-15
WSM,quarantine,398,2024-03-15
POL,invalid,119,2024-03-15
GLP,none,90,2024-03-15
COK,none,70,2024-03-15
GBR,none,445022,2024-03-15
TWN,reject,2539,2024-03-15
BHR,quarantine,123,2024-03-15
HMD,none,13,2024-03-15
BRA,none,559087,2024-03-15
ECU,quarantine,1055,2024-03-15
MDG,none,306,2024-03-15
CHN,quarantine,6464,2024-03-15
VNM,reject,3988,2024-03-15
DOM,quarantine,517,2024-03-15
CYM,none,407,2024-03-15
ISL,quarantine,1172,2024-03-15
NCL,quarantine,301,2024-03-15
BRN,quarantine,84,2024-03-15
BRN,none,63,2024-03-15
PRI,none,86,2024-03-15
TGO,reject,63,2024-03-15
ISR,none,23165,2024-03-15
NLD,invalid,848,2024-03-15
ISR,reject,1785,2024-03-15
BWA,quarantine,190,2024-03-15
CHL,invalid,33,2024-03-15
,quarantine,53433,2024-03-15
ATF,none,178,2024-03-15
TLS,none,139,2024-03-15
UKR,quarantine,5380,2024-03-15
PRT,none,59957,2024-03-15
SOM,none,692,2024-03-15
ROU,reject,13062,2024-03-15
TCA,none,173,2024-03-15
TZA,reject,297,2024-03-15
GIN,none,136,2024-03-15
SLB,none,95,2024-03-15
JEY,quarantine,99,2024-03-15
HKG,none,9998,2024-03-15
JOR,none,313,2024-03-15
BLZ,quarantine,283,2024-03-15
SGS,reject,92,2024-03-15
SEN,reject,108,2024-03-15
TLS,reject,39,2024-03-15
,invalid,129,2024-03-15
NZL,none,44588,2024-03-15
CAN,reject,23007,2024-03-15
CUW,quarantine,27,2024-03-15
FRA,reject,61778,2024-03-15
TUV,reject,2477,2024-03-15
THA,none,7714,2024-03-15
DNK,reject,80004,2024-03-15
TUV,none,10468,2024-03-15
GEO,quarantine,784,2024-03-15
MLT,none,1357,2024-03-15
MNP,reject,34,2024-03-15
JAM,quarantine,36,2024-03-15
IRL,quarantine,2785,2024-03-15
BWA,reject,149,2024-03-15
MMR,quarantine,139,2024-03-15
SYC,quarantine,39,2024-03-15
TJK,reject,70,2024-03-15
VNM,none,8231,2024-03-15
SYC,reject,133,2024-03-15
BEN,quarantine,144,2024-03-15
,reject,71660,2024-03-15
GEO,reject,545,2024-03-15
TCD,reject,36,2024-03-15
NGA,none,4875,2024-03-15
LUX,reject,2188,2024-03-15
VAT,none,60,2024-03-15
TUV,quarantine,1942,2024-03-15
JPN,none,180719,2024-03-15
SVN,none,33533,2024-03-15
SDN,reject,49,2024-03-15
FRA,quarantine,82167,2024-03-15
SRB,none,9962,2024-03-15
LVA,none,6681,2024-03-15
GTM,quarantine,70,2024-03-15
TKL,none,613,2024-03-15
URY,reject,786,2024-03-15
COL,none,146913,2024-03-15
PHL,none,5881,2024-03-15
PER,quarantine,1843,2024-03-15
GAB,quarantine,168,2024-03-15
ISR,invalid,23,2024-03-15
MLT,quarantine,308,2024-03-15
MNE,quarantine,9678,2024-03-15
MSR,none,340,2024-03-15
MLI,quarantine,147,2024-03-15
PHL,quarantine,1755,2024-03-15
NCL,reject,154,2024-03-15
NIC,none,241,2024-03-15
VEN,reject,486,2024-03-15
COD,quarantine,90,2024-03-15
BGR,none,82,2024-03-15
IOT,reject,15201,2024-03-15
BRA,invalid,606,2024-03-15
MLI,reject,145,2024-03-15
JEY,none,451,2024-03-15
KEN,reject,751,2024-03-15
TCA,reject,53,2024-03-15
USA,invalid,53,2024-03-15
GMB,none,129,2024-03-15
TJK,none,191,2024-03-15
COG,none,128,2024-03-15
FSM,reject,237,2024-03-15
ZWE,none,2112,2024-03-15
MDA,quarantine,642,2024-03-15
MYT,reject,68,2024-03-15
FLK,reject,40,2024-03-15
GHA,none,241,2024-03-15
MSR,quarantine,112,2024-03-15
LTU,none,18198,2024-03-15
UZB,none,6635,2024-03-15
MLI,none,346,2024-03-15
KGZ,none,1096,2024-03-15
SYR,quarantine,101,2024-03-15
CHL,none,78881,2024-03-15
LKA,none,3259,2024-03-15
SWE,reject,21077,2024-03-15
IRQ,reject,114,2024-03-15
MDA,reject,512,2024-03-15
SHN,quarantine,600,2024-03-15
GNB,none,67,2024-03-15
STP,none,549,2024-03-15
HND,quarantine,125,2024-03-15
TKM,none,39,2024-03-15
MOZ,reject,235,2024-03-15
TUN,quarantine,563,2024-03-15
LIE,quarantine,1104,2024-03-15
CXR,reject,290,2024-03-15
MKD,reject,475,2024-03-15
CAN,quarantine,22250,2024-03-15
BTN,none,31,2024-03-15
DEU,quarantine,111803,2024-03-15
GRL,none,264,2024-03-15
TWN,none,12071,2024-03-15
LAO,reject,303,2024-03-15
NZL,reject,9191,2024-03-15
MAC,quarantine,32,2024-03-15
VCT,none,1341,2024-03-15
FSM,none,1011,2024-03-15
MDV,quarantine,178,2024-03-15
CPV,none,321,2024-03-15
BLZ,reject,349,2024-03-15
CYM,reject,120,2024-03-15
BLZ,none,1181,2024-03-15
SEN,quarantine,291,2024-03-15
PNG,none,382,2024-03-15
NLD,quarantine,196184,2024-03-15
PRT,quarantine,6995,2024-03-15
PHL,reject,2216,2024-03-15
KHM,quarantine,75,2024-03-15
LBN,quarantine,87,2024-03-15
BRA,reject,34716,2024-03-15
FJI,quarantine,95,2024-03-15
FIN,invalid,29,2024-03-15
NIC,reject,281,2024-03-15
TUR,quarantine,30299,2024-03-15
BRA,quarantine,46252,2024-03-15
BOL,none,1025,2024-03-15
PSE,reject,167,2024-03-15
CZE,reject,11027,2024-03-15
LBN,none,222,2024-03-15
LKA,invalid,4,2024-03-15
CAF,none,168,2024-03-15
LCA,quarantine,30,2024-03-15
SPM,invalid,2,2024-03-15
TGO,none,218,2024-03-15
CYP,reject,569,2024-03-15
BGR,quarantine,6,2024-03-15
TKM,quarantine,38,2024-03-15
HUN,none,116560,2024-03-15
LSO,none,111,2024-03-15
LAO,none,1432,2024-03-15
SUR,reject,77,2024-03-15
LBY,none,847,2024-03-15
SMR,reject,25,2024-03-15
GRL,quarantine,96,2024-03-15
MDV,none,650,2024-03-15
SGS,quarantine,55,2024-03-15
DEU,none,725318,2024-03-15
TON,none,1367,2024-03-15
PRY,none,5363,2024-03-15
OMN,quarantine,125,2024-03-15
ZAF,reject,14552,2024-03-15
MYS,quarantine,6658,2024-03-15
COD,reject,73,2024-03-15
DJI,none,101,2024-03-15
ISR,quarantine,4181,2024-03-15
NIU,quarantine,2903,2024-03-15
URY,none,5420,2024-03-15
WSM,reject,579,2024-03-15
CIV,reject,122,2024-03-15
GRC,none,64455,2024-03-15
NPL,quarantine,835,2024-03-15
MDG,quarantine,266,2024-03-15
HMD,reject,7,2024-03-15
FRA,invalid,408,2024-03-15
TGO,quarantine,142,2024-03-15
SLE,quarantine,17,2024-03-15
SOM,reject,227,2024-03-15
NPL,none,3085,2024-03-15
CHL,quarantine,5241,2024-03-15
TCA,quarantine,77,2024-03-15
SVK,invalid,12,2024-03-15
WSM,none,1998,2024-03-15
PYF,reject,70,2024-03-15
NLD,reject,243734,2024-03-15
MYS,none,16712,2024-03-15
KOR,reject,1867,2024-03-15
KWT,reject,136,2024-03-15
CHE,invalid,91,2024-03-15
LUX,invalid,15,2024-03-15
TWN,quarantine,2962,2024-03-15
SAU,quarantine,1071,2024-03-15
ZMB,none,383,2024-03-15
NCL,none,719,2024-03-15
STP,quarantine,199,2024-03-15
VIR,reject,27,2024-03-15
PNG,quarantine,120,2024-03-15
ZAF,none,78984,2024-03-15
IDN,reject,11344,2024-03-15
BLR,reject,1686,2024-03-15
KOR,quarantine,898,2024-03-15
BMU,reject,171,2024-03-15
HTI,quarantine,20,2024-03-15
MSR,reject,248,2024-03-15
CUB,none,78,2024-03-15
UGA,reject,190,2024-03-15
ZAF,quarantine,18097,2024-03-15
NIC,quarantine,173,2024-03-15
VIR,quarantine,9,2024-03-15
SGP,reject,3410,2024-03-15
ROU,none,97968,2024-03-15
WLF,none,103,2024-03-15
PYF,quarantine,77,2024-03-15
SMR,none,114,2024-03-15
JOR,quarantine,487,2024-03-15
PRY,quarantine,1036,2024-03-15
UZB,invalid,5,2024-03-15
IND,invalid,81,2024-03-15
KHM,none,289,2024-03-15
BMU,quarantine,67,2024-03-15
GRC,quarantine,17356,2024-03-15
MAR,reject,848,2024-03-15
TCD,quarantine,18,2024-03-15
COL,reject,18100,2024-03-15
LVA,quarantine,2328,2024-03-15
CAN,invalid,183,2024-03-15
TUN,reject,232,2024-03-15
FIN,reject,7200,2024-03-15
LSO,quarantine,43,2024-03-15
LUX,quarantine,3321,2024-03-15
THA,quarantine,3595,2024-03-15
BEN,none,877,2024-03-15
MYT,quarantine,184,2024-03-15
HUN,reject,5766,2024-03-15
LBN,reject,61,2024-03-15
GGY,reject,694,2024-03-15
GAB,none,195,2024-03-15
SYR,reject,36,2024-03-15
MMR,none,174,2024-03-15
UGA,quarantine,304,2024-03-15
FIN,quarantine,6911,2024-03-15
SEN,none,553,2024-03-15
WLF,quarantine,56,2024-03-15
PYF,none,174,2024-03-15
JPN,reject,11120,2024-03-15
MRT,none,145,2024-03-15
GTM,none,380,2024-03-15
MNG,quarantine,348,2024-03-15
MWI,none,132,2024-03-15
JAM,reject,60,2024-03-15
HKG,reject,2771,2024-03-15
PSE,quarantine,205,2024-03-15
NFK,none,12,2024-03-15
JAM,none,96,2024-03-15
GUF,reject,21,2024-03-15
PAK,quarantine,1542,2024-03-15
HND,none,394,2024-03-15
GBR,invalid,562,2024-03-15
SHN,none,1194,2024-03-15
KHM,reject,127,2024-03-15
SDN,quarantine,29,2024-03-15
SWZ,none,63,2024-03-15
EST,none,23564,2024-03-15
TUN,none,1501,2024-03-15
NZL,invalid,49,2024-03-15
KNA,quarantine,8,2024-03-15
CCK,invalid,35,2024-03-15
CRI,reject,506,2024-03-15
NAM,none,21,2024-03-15
SLB,quarantine,20,2024-03-15
PLW,none,1914,2024-03-15
WLF,reject,61,2024-03-15
SLB,reject,46,2024-03-15
ITA,quarantine,25851,2024-03-15
QAT,quarantine,313,2024-03-15
PAN,reject,396,2024-03-15
TUV,invalid,6,2024-03-15
VGB,quarantine,46,2024-03-15
CAF,quarantine,63,2024-03-15
GIB,none,241,2024-03-15
CZE,invalid,59,2024-03-15
LSO,reject,30,2024-03-15
GNQ,reject,45,2024-03-15
ECU,none,4167,2024-03-15
ZMB,reject,85,2024-03-15
PSE,none,420,2024-03-15
POL,reject,170082,2024-03-15
MEX,none,58858,2024-03-15
GHA,reject,75,2024-03-15
COL,invalid,159,2024-03-15
TUR,none,58769,2024-03-15
TUR,invalid,84,2024-03-15
MNP,none,29,2024-03-15
SLE,reject,43,2024-03-15
RUS,none,155954,2024-03-15
CAN,none,170512,2024-03-15
IMN,none,1513,2024-03-15
IMN,quarantine,1575,2024-03-15
NOR,invalid,80,2024-03-15
ZAF,invalid,36,2024-03-15
IOT,quarantine,15443,2024-03-15
LAO,quarantine,264,2024-03-15
BHS,none,37,2024-03-15
IMN,reject,581,2024-03-15
FRO,none,505,2024-03-15
NAM,reject,17,2024-03-15
SWE,none,58548,2024-03-15
NIU,none,12703,2024-03-15
MEX,reject,7248,2024-03-15
NOR,reject,11092,2024-03-15
KEN,none,5464,2024-03-15
DZA,reject,353,2024-03-15
IRL,none,20297,2024-03-15
USA,none,42387,2024-03-15
CRI,quarantine,560,2024-03-15
ESP,quarantine,44678,2024-03-15
ETH,none,1751,2024-03-15
SLV,quarantine,227,2024-03-15
BTN,reject,207,2024-03-15
LBR,none,13,2024-03-15
CPV,quarantine,28,2024-03-15
IRN,quarantine,7959,2024-03-15
MAR,none,5754,2024-03-15
CIV,quarantine,560,2024-03-15
CHE,reject,35190,2024-03-15
LBY,quarantine,303,2024-03-15
ZWE,reject,236,2024-03-15
FJI,reject,81,2024-03-15
CZE,none,108608,2024-03-15
SUR,none,166,2024-03-15
CZE,quarantine,17324,2024-03-15
ITA,reject,20011,2024-03-15
LTU,reject,1968,2024-03-15
MDG,reject,129,2024-03-15
NAM,quarantine,19,2024-03-15
COG,reject,30,2024-03-15
IND,reject,16033,2024-03-15
TZA,none,2223,2024-03-15
CCK,reject,3962,2024-03-15
ZWE,quarantine,191,2024-03-15
MAC,none,235,2024-03-15
GHA,quarantine,134,2024-03-15
GRC,reject,6533,2024-03-15
DOM,none,2016,2024-03-15
MYT,none,230,2024-03-15
SOM,quarantine,146,2024-03-15
BHS,reject,54,2024-03-15
KOR,none,3985,2024-03-15
YEM,reject,27,2024-03-15
TUN,invalid,18,2024-03-15
ARE,reject,8,2024-03-15
COM,reject,6,2024-03-15
IDN,invalid,28,2024-03-15
TKM,reject,64,2024-03-15
ARM,reject,3,2024-03-15
IRN,invalid,6,2024-03-15
GNQ,none,55,2024-03-15
MAC,reject,41,2024-03-15
AUT,invalid,51,2024-03-15
GGY,invalid,3,2024-03-15
GUF,none,19,2024-03-15
SMR,quarantine,22,2024-03-15
SXM,quarantine,34,2024-03-15
GNQ,quarantine,23,2024-03-15
GMB,quarantine,43,2024-03-15
KAZ,invalid,13,2024-03-15
SSD,none,15,2024-03-15
MRT,reject,25,2024-03-15
NER,reject,12,2024-03-15
KNA,none,14,2024-03-15
HRV,invalid,8,2024-03-15
KIR,reject,13,2024-03-15
SWZ,reject,7,2024-03-15
TWN,invalid,43,2024-03-15
SVN,invalid,12,2024-03-15
TTO,quarantine,46,2024-03-15
GIN,quarantine,18,2024-03-15
MNE,invalid,50,2024-03-15
BEN,reject,36,2024-03-15
PAN,invalid,1,2024-03-15
VEN,invalid,2,2024-03-15
YEM,none,23,2024-03-15
PNG,reject,44,2024-03-15
MKD,invalid,1,2024-03-15
PCN,invalid,4,2024-03-15
GHA,invalid,7,2024-03-15
NER,none,39,2024-03-15
DJI,quarantine,31,2024-03-15
MNP,quarantine,10,2024-03-15
MDV,invalid,1,2024-03-15
KNA,reject,15,2024-03-15
BGR,reject,29,2024-03-15
BTN,quarantine,25,2024-03-15
SSD,quarantine,4,2024-03-15
GLP,reject,48,2024-03-15
GLP,quarantine,14,2024-03-15
PLW,invalid,2,2024-03-15
BHS,quarantine,18,2024-03-15
BDI,quarantine,29,2024-03-15
CUW,reject,18,2024-03-15
GRC,invalid,25,2024-03-15
IRL,invalid,24,2024-03-15
GNB,quarantine,7,2024-03-15
MTQ,reject,24,2024-03-15
PCN,quarantine,1,2024-03-15
PAK,invalid,2,2024-03-15
NER,quarantine,28,2024-03-15
THA,invalid,2,2024-03-15
KIR,none,17,2024-03-15
URY,invalid,7,2024-03-15
GRL,invalid,1,2024-03-15
PER,invalid,11,2024-03-15
GUM,none,4,2024-03-15
NRU,reject,14,2024-03-15
ISL,invalid,9,2024-03-15
NFK,reject,17,2024-03-15
LTU,invalid,11,2024-03-15
PCN,reject,16,2024-03-15
SGP,invalid,7,2024-03-15
COK,reject,12,2024-03-15
PCN,none,12,2024-03-15
EST,invalid,8,2024-03-15
CIV,invalid,2,2024-03-15
DZA,invalid,2,2024-03-15
PHL,invalid,3,2024-03-15
NRU,quarantine,2,2024-03-15
MAR,invalid,5,2024-03-15
NRU,none,7,2024-03-15
DMA,reject,16,2024-03-15
GMB,reject,18,2024-03-15
CYP,invalid,3,2024-03-15
NFK,quarantine,4,2024-03-15
SAU,invalid,4,2024-03-15
CPV,invalid,1,2024-03-15
GNB,reject,2,2024-03-15
SLB,invalid,1,2024-03-15
LBR,reject,1,2024-03-15
FLK,none,6,2024-03-15
COM,none,10,2024-03-15
BGD,none,4,2024-03-15
MNG,invalid,2,2024-03-15
TKL,invalid,2,2024-03-15
JPN,invalid,22,2024-03-15
GEO,invalid,1,2024-03-15
VUT,invalid,1,2024-03-15
TON,invalid,3,2024-03-15
NER,invalid,1,2024-03-15
MTQ,quarantine,5,2024-03-15
BGD,quarantine,3,2024-03-15
MDA,invalid,3,2024-03-15
HTI,invalid,1,2024-03-15
ECU,invalid,6,2024-03-15
MDG,invalid,1,2024-03-15
QAT,invalid,2,2024-03-15
ARE,none,1,2024-03-15
BMU,invalid,1,2024-03-15
KIR,quarantine,6,2024-03-15
GUY,invalid,1,2024-03-15
MLT,invalid,1,2024-03-15
LVA,invalid,5,2024-03-15
ARM,none,5,2024-03-15
CXR,invalid,2,2024-03-15
REU,invalid,3,2024-03-15
SOM,invalid,1,2024-03-15
SLV,invalid,2,2024-03-15
FSM,invalid,1,2024-03-15
PRY,invalid,1,2024-03-15
NGA,invalid,1,2024-03-15
LBR,quarantine,3,2024-03-15
STP,invalid,1,2024-03-15
BWA,invalid,1,2024-03-15
JEY,invalid,2,2024-03-15
COK,quarantine,2,2024-03-15
MOZ,invalid,1,2024-03-15
DOM,invalid,2,2024-03-15
CRI,invalid,2,2024-03-15
SSD,reject,2,2024-03-15
SRB,invalid,1,2024-03-15
MMR,invalid,1,2024-03-15
EGY,invalid,1,2024-03-15
WSM,invalid,1,2024-03-15
GIN,reject,1,2024-03-15
LAO,invalid,3,2024-03-15
BOL,invalid,2,2024-03-15
PSE,invalid,1,2024-03-15
BEN,invalid,1,2024-03-15
GUF,quarantine,2,2024-03-15
SGS,invalid,2,2024-03-15
GUM,reject,2,2024-03-15
COM,quarantine,4,2024-03-15
CYM,invalid,1,2024-03-15
NIC,invalid,1,2024-03-15
BGD,reject,1,2024-03-15
VCT,invalid,3,2024-03-15
RUS,invalid,139,2024-04-15
UGA,none,680,2024-04-15
USA,quarantine,8487,2024-04-15
NGA,quarantine,1185,2024-04-15
CCK,none,11901,2024-04-15
NGA,reject,870,2024-04-15
UKR,none,19945,2024-04-15
ESP,reject,15164,2024-04-15
TON,quarantine,360,2024-04-15
MOZ,quarantine,257,2024-04-15
URY,quarantine,1609,2024-04-15
GMB,reject,18,2024-04-15
CHN,none,15993,2024-04-15
LTU,quarantine,2236,2024-04-15
SPM,reject,190,2024-04-15
BOL,reject,397,2024-04-15
NIU,invalid,23,2024-04-15
GGY,quarantine,642,2024-04-15
ITA,none,729240,2024-04-15
KGZ,reject,142,2024-04-15
HUN,quarantine,8923,2024-04-15
ZMB,quarantine,108,2024-04-15
EGY,reject,237,2024-04-15
HTI,none,140,2024-04-15
DZA,quarantine,391,2024-04-15
HTI,reject,71,2024-04-15
CUB,quarantine,100,2024-04-15
CYM,quarantine,121,2024-04-15
SVK,reject,6756,2024-04-15
NZL,quarantine,8986,2024-04-15
SPM,none,423,2024-04-15
MDA,none,3864,2024-04-15
NFK,quarantine,4,2024-04-15
SWE,quarantine,11143,2024-04-15
UZB,reject,1019,2024-04-15
KAZ,none,5201,2024-04-15
SLE,none,112,2024-04-15
CXR,quarantine,274,2024-04-15
CXR,none,584,2024-04-15
SSD,reject,2,2024-04-15
YEM,reject,27,2024-04-15
KAZ,quarantine,3646,2024-04-15
VNM,quarantine,2347,2024-04-15
MUS,reject,258,2024-04-15
MWI,quarantine,32,2024-04-15
SLV,none,658,2024-04-15
IOT,invalid,110,2024-04-15
IRN,none,33798,2024-04-15
ISL,none,7371,2024-04-15
TKL,quarantine,192,2024-04-15
ETH,reject,42,2024-04-15
ETH,quarantine,47,2024-04-15
LCA,reject,85,2024-04-15
SVK,none,46083,2024-04-15
TKL,reject,353,2024-04-15
PAN,quarantine,187,2024-04-15
RWA,reject,106,2024-04-15
BHR,reject,153,2024-04-15
VCT,reject,353,2024-04-15
POL,quarantine,101019,2024-04-15
NOR,none,73101,2024-04-15
DZA,none,691,2024-04-15
DOM,reject,671,2024-04-15
LKA,reject,628,2024-04-15
PAN,none,784,2024-04-15
POL,none,433202,2024-04-15
GBR,quarantine,69316,2024-04-15
IDN,quarantine,10918,2024-04-15
REU,none,2664,2024-04-15
FRO,reject,317,2024-04-15
VUT,quarantine,19,2024-04-15
USA,reject,14008,2024-04-15
SPM,quarantine,260,2024-04-15
GRD,quarantine,24,2024-04-15
MMR,reject,74,2024-04-15
IDN,none,33253,2024-04-15
KEN,quarantine,1672,2024-04-15
TCD,none,38,2024-04-15
IDN,invalid,31,2024-04-15
STP,reject,290,2024-04-15
TKM,reject,65,2024-04-15
MNE,none,36207,2024-04-15
GGY,none,2053,2024-04-15
EST,reject,2913,2024-04-15
ATF,quarantine,119,2024-04-15
BOL,quarantine,418,2024-04-15
GAB,reject,133,2024-04-15
PRT,invalid,237,2024-04-15
IOT,none,53790,2024-04-15
ISL,reject,1313,2024-04-15
PLW,reject,744,2024-04-15
SXM,none,103,2024-04-15
ROU,quarantine,9256,2024-04-15
PER,none,10910,2024-04-15
JEY,reject,190,2024-04-15
DEU,invalid,505,2024-04-15
ECU,reject,1066,2024-04-15
EGY,quarantine,174,2024-04-15
CIV,none,1366,2024-04-15
AUT,reject,12196,2024-04-15
ESP,none,186746,2024-04-15
SWE,invalid,171,2024-04-15
BHS,quarantine,18,2024-04-15
RUS,quarantine,32153,2024-04-15
GRL,reject,308,2024-04-15
SYC,none,217,2024-04-15
BDI,none,137,2024-04-15
BDI,reject,67,2024-04-15
,none,204173,2024-04-15
PLW,quarantine,1263,2024-04-15
BDI,quarantine,29,2024-04-15
MCO,none,309,2024-04-15
SVN,reject,1815,2024-04-15
THA,reject,1257,2024-04-15
CPV,reject,49,2024-04-15
UKR,invalid,37,2024-04-15
RWA,quarantine,188,2024-04-15
PRI,quarantine,38,2024-04-15
CHL,reject,5303,2024-04-15
IRN,invalid,6,2024-04-15
MLT,reject,366,2024-04-15
FSM,quarantine,216,2024-04-15
TUR,reject,4978,2024-04-15
ATF,reject,137,2024-04-15
OMN,reject,263,2024-04-15
CHE,none,140084,2024-04-15
PRT,reject,6717,2024-04-15
REU,reject,539,2024-04-15
LIE,reject,1235,2024-04-15
FJI,none,172,2024-04-15
BRN,reject,38,2024-04-15
GIB,reject,52,2024-04-15
BMU,none,244,2024-04-15
IND,none,180811,2024-04-15
GBR,reject,92399,2024-04-15
SGP,none,14527,2024-04-15
TZA,quarantine,369,2024-04-15
MKD,none,2549,2024-04-15
COD,none,237,2024-04-15
GNQ,none,58,2024-04-15
EGY,none,526,2024-04-15
KWT,quarantine,164,2024-04-15
NOR,quarantine,65579,2024-04-15
IRN,reject,4677,2024-04-15
CUW,none,84,2024-04-15
IRQ,quarantine,53,2024-04-15
SUR,quarantine,74,2024-04-15
CHE,quarantine,144705,2024-04-15
SAU,reject,1104,2024-04-15
MAC,reject,44,2024-04-15
SRB,quarantine,1415,2024-04-15
MUS,none,825,2024-04-15
CHN,reject,5471,2024-04-15
CMR,none,613,2024-04-15
GTM,reject,124,2024-04-15
BHR,none,186,2024-04-15
AUT,none,150753,2024-04-15
BWA,none,560,2024-04-15
VGB,none,106,2024-04-15
DNK,none,49776,2024-04-15
GEO,none,2478,2024-04-15
MKD,quarantine,579,2024-04-15
SYR,none,234,2024-04-15
JOR,reject,117,2024-04-15
DNK,quarantine,13969,2024-04-15
SLV,reject,254,2024-04-15
MUS,quarantine,248,2024-04-15
ITA,invalid,197,2024-04-15
LKA,quarantine,792,2024-04-15
MOZ,none,1034,2024-04-15
CYP,quarantine,583,2024-04-15
GUY,none,168,2024-04-15
ESP,invalid,97,2024-04-15
SAU,none,4215,2024-04-15
MEX,quarantine,8309,2024-04-15
VEN,quarantine,394,2024-04-15
GIB,quarantine,44,2024-04-15
MAR,quarantine,1086,2024-04-15
MDV,reject,73,2024-04-15
NLD,none,968297,2024-04-15
DEU,reject,126132,2024-04-15
MNG,reject,438,2024-04-15
HRV,quarantine,1978,2024-04-15
MCO,quarantine,75,2024-04-15
SGP,quarantine,3854,2024-04-15
MEX,invalid,58,2024-04-15
AUT,invalid,49,2024-04-15
CAF,reject,109,2024-04-15
GRD,none,119,2024-04-15
AUT,quarantine,13203,2024-04-15
FRA,none,275412,2024-04-15
PAK,reject,1138,2024-04-15
CMR,quarantine,228,2024-04-15
RUS,reject,31523,2024-04-15
UZB,quarantine,1065,2024-04-15
QAT,none,1030,2024-04-15
OMN,none,339,2024-04-15
PAK,none,8758,2024-04-15
MNE,reject,9274,2024-04-15
VEN,none,1630,2024-04-15
GUY,reject,94,2024-04-15
GUF,none,23,2024-04-15
LBY,reject,213,2024-04-15
MRT,quarantine,22,2024-04-15
MYS,invalid,12,2024-04-15
CMR,reject,242,2024-04-15
SWZ,quarantine,101,2024-04-15
LVA,reject,3198,2024-04-15
NER,quarantine,31,2024-04-15
SHN,invalid,6,2024-04-15
LIE,none,2755,2024-04-15
COL,quarantine,18118,2024-04-15
GRD,reject,45,2024-04-15
MNG,none,921,2024-04-15
EST,quarantine,6182,2024-04-15
CUB,reject,93,2024-04-15
NIU,reject,4820,2024-04-15
KWT,none,222,2024-04-15
SXM,quarantine,34,2024-04-15
TTO,none,151,2024-04-15
TJK,quarantine,50,2024-04-15
MYS,reject,3914,2024-04-15
CCK,quarantine,3758,2024-04-15
SVK,quarantine,5318,2024-04-15
SVN,quarantine,2124,2024-04-15
NPL,reject,865,2024-04-15
BLR,quarantine,1337,2024-04-15
TON,reject,543,2024-04-15
VUT,none,129,2024-04-15
GMB,quarantine,48,2024-04-15
FIN,none,36011,2024-04-15
HKG,quarantine,1679,2024-04-15
HRV,reject,1868,2024-04-15
PRI,reject,145,2024-04-15
MCO,reject,66,2024-04-15
CYP,none,1987,2024-04-15
JPN,quarantine,18519,2024-04-15
KGZ,quarantine,435,2024-04-15
IRQ,none,283,2024-04-15
LUX,none,5901,2024-04-15
VCT,quarantine,304,2024-04-15
GUY,quarantine,145,2024-04-15
IRL,reject,3502,2024-04-15
CHN,invalid,527,2024-04-15
IND,quarantine,21590,2024-04-15
QAT,reject,380,2024-04-15
PRY,reject,549,2024-04-15
SHN,reject,689,2024-04-15
SGS,none,169,2024-04-15
LCA,none,160,2024-04-15
HUN,invalid,50,2024-04-15
REU,quarantine,1801,2024-04-15
SXM,reject,85,2024-04-15
BLR,none,4699,2024-04-15
CRI,none,1487,2024-04-15
KAZ,reject,1255,2024-04-15
DNK,invalid,172,2024-04-15
TTO,reject,93,2024-04-15
VUT,reject,39,2024-04-15
HND,reject,235,2024-04-15
COG,quarantine,114,2024-04-15
FRO,quarantine,127,2024-04-15
VGB,reject,70,2024-04-15
UKR,reject,4182,2024-04-15
HRV,none,33269,2024-04-15
SRB,reject,1569,2024-04-15
PER,reject,1771,2024-04-15
RWA,none,354,2024-04-15
SSD,none,15,2024-04-15
WSM,quarantine,407,2024-04-15
GLP,none,97,2024-04-15
SDN,none,224,2024-04-15
POL,invalid,128,2024-04-15
COK,none,73,2024-04-15
GBR,none,534540,2024-04-15
TWN,reject,2599,2024-04-15
BHR,quarantine,121,2024-04-15
HMD,none,14,2024-04-15
BRA,none,576863,2024-04-15
ECU,quarantine,1081,2024-04-15
MDG,none,319,2024-04-15
CHN,quarantine,6730,2024-04-15
VNM,reject,4041,2024-04-15
ISL,quarantine,1208,2024-04-15
NCL,quarantine,308,2024-04-15
CYM,none,427,2024-04-15
BRN,none,67,2024-04-15
TGO,reject,62,2024-04-15
DOM,quarantine,536,2024-04-15
BRN,quarantine,85,2024-04-15
PRI,none,84,2024-04-15
KIR,none,17,2024-04-15
ISR,none,24341,2024-04-15
BWA,quarantine,202,2024-04-15
ISR,reject,1850,2024-04-15
NLD,invalid,877,2024-04-15
CHL,invalid,38,2024-04-15
,quarantine,54203,2024-04-15
ATF,none,192,2024-04-15
TLS,none,148,2024-04-15
PRT,none,60728,2024-04-15
UKR,quarantine,5531,2024-04-15
ROU,reject,14820,2024-04-15
TCA,none,199,2024-04-15
SOM,none,735,2024-04-15
GIN,none,137,2024-04-15
TZA,reject,312,2024-04-15
JEY,quarantine,99,2024-04-15
SLB,none,97,2024-04-15
HKG,none,11391,2024-04-15
JOR,none,324,2024-04-15
TLS,reject,39,2024-04-15
BLZ,quarantine,289,2024-04-15
SEN,reject,115,2024-04-15
SGS,reject,92,2024-04-15
,invalid,133,2024-04-15
CAN,reject,23725,2024-04-15
NZL,none,46876,2024-04-15
THA,none,7976,2024-04-15
FRA,reject,62994,2024-04-15
TUV,reject,2553,2024-04-15
DNK,reject,80671,2024-04-15
TUV,none,10943,2024-04-15
MLT,none,1405,2024-04-15
GEO,quarantine,800,2024-04-15
JAM,quarantine,38,2024-04-15
IRL,quarantine,2912,2024-04-15
BWA,reject,147,2024-04-15
TJK,reject,74,2024-04-15
SYC,quarantine,43,2024-04-15
MMR,quarantine,141,2024-04-15
VNM,none,8525,2024-04-15
SYC,reject,135,2024-04-15
BEN,quarantine,156,2024-04-15
,reject,69477,2024-04-15
GEO,reject,550,2024-04-15
LUX,reject,2248,2024-04-15
NGA,none,5000,2024-04-15
VAT,none,61,2024-04-15
TUV,quarantine,2023,2024-04-15
JPN,none,190636,2024-04-15
SVN,none,33748,2024-04-15
SDN,reject,49,2024-04-15
KNA,none,17,2024-04-15
FRA,quarantine,80948,2024-04-15
LVA,none,6846,2024-04-15
SRB,none,10243,2024-04-15
GTM,quarantine,67,2024-04-15
URY,reject,819,2024-04-15
TKL,none,672,2024-04-15
COL,none,155631,2024-04-15
PHL,none,6094,2024-04-15
PER,quarantine,1889,2024-04-15
GAB,quarantine,192,2024-04-15
ISR,invalid,22,2024-04-15
MLT,quarantine,314,2024-04-15
MNE,quarantine,10071,2024-04-15
MSR,none,352,2024-04-15
MLI,quarantine,114,2024-04-15
PHL,quarantine,1952,2024-04-15
VEN,reject,496,2024-04-15
NIC,none,253,2024-04-15
NCL,reject,163,2024-04-15
COD,quarantine,94,2024-04-15
KIR,reject,13,2024-04-15
BGR,none,86,2024-04-15
IOT,reject,15524,2024-04-15
BRA,invalid,606,2024-04-15
JEY,none,493,2024-04-15
KEN,reject,769,2024-04-15
MLI,reject,144,2024-04-15
USA,invalid,72,2024-04-15
TCA,reject,56,2024-04-15
GMB,none,133,2024-04-15
TJK,none,180,2024-04-15
REU,invalid,3,2024-04-15
FSM,reject,244,2024-04-15
COG,none,137,2024-04-15
MYT,reject,72,2024-04-15
ZWE,none,2120,2024-04-15
MDA,quarantine,656,2024-04-15
FLK,reject,40,2024-04-15
GHA,none,245,2024-04-15
MSR,quarantine,123,2024-04-15
UZB,none,6547,2024-04-15
LTU,none,18904,2024-04-15
MLI,none,284,2024-04-15
TWN,invalid,43,2024-04-15
KGZ,none,1107,2024-04-15
SYR,quarantine,102,2024-04-15
CHL,none,79711,2024-04-15
LKA,none,3351,2024-04-15
SWE,reject,21506,2024-04-15
SHN,quarantine,631,2024-04-15
GNB,none,67,2024-04-15
MDA,reject,540,2024-04-15
IRQ,reject,130,2024-04-15
STP,none,550,2024-04-15
HND,quarantine,126,2024-04-15
TKM,none,39,2024-04-15
TUN,quarantine,539,2024-04-15
MOZ,reject,232,2024-04-15
LIE,quarantine,2102,2024-04-15
CXR,reject,295,2024-04-15
JEY,invalid,2,2024-04-15
MKD,reject,485,2024-04-15
SVN,invalid,12,2024-04-15
CAN,quarantine,23496,2024-04-15
BTN,none,33,2024-04-15
DEU,quarantine,116592,2024-04-15
GRL,none,270,2024-04-15
TWN,none,13601,2024-04-15
LAO,reject,316,2024-04-15
PER,invalid,12,2024-04-15
NZL,reject,9534,2024-04-15
MAC,quarantine,37,2024-04-15
TTO,quarantine,46,2024-04-15
VCT,none,1372,2024-04-15
FLK,none,7,2024-04-15
FSM,none,1038,2024-04-15
MDV,quarantine,186,2024-04-15
CPV,none,335,2024-04-15
BLZ,reject,360,2024-04-15
CYM,reject,121,2024-04-15
BLZ,none,1224,2024-04-15
SEN,quarantine,301,2024-04-15
PNG,none,381,2024-04-15
SRB,invalid,1,2024-04-15
NLD,quarantine,197937,2024-04-15
PHL,reject,2275,2024-04-15
PRT,quarantine,7232,2024-04-15
LBN,quarantine,87,2024-04-15
KHM,quarantine,74,2024-04-15
GIN,quarantine,17,2024-04-15
BRA,reject,35236,2024-04-15
FJI,quarantine,99,2024-04-15
MNE,invalid,48,2024-04-15
FIN,invalid,29,2024-04-15
BEN,reject,38,2024-04-15
NIC,reject,288,2024-04-15
TUR,quarantine,31526,2024-04-15
BRA,quarantine,47366,2024-04-15
BOL,none,1037,2024-04-15
PSE,reject,165,2024-04-15
LCA,quarantine,33,2024-04-15
CZE,reject,11341,2024-04-15
LBN,none,231,2024-04-15
CAF,none,172,2024-04-15
CYP,reject,604,2024-04-15
TGO,none,225,2024-04-15
BGR,quarantine,6,2024-04-15
ECU,invalid,6,2024-04-15
TKM,quarantine,39,2024-04-15
HUN,none,117966,2024-04-15
LAO,none,1478,2024-04-15
MDV,none,678,2024-04-15
LBY,none,853,2024-04-15
SMR,reject,25,2024-04-15
SGS,quarantine,58,2024-04-15
LSO,none,105,2024-04-15
GRL,quarantine,97,2024-04-15
LBR,quarantine,3,2024-04-15
DEU,none,750398,2024-04-15
PRY,none,5377,2024-04-15
TON,none,1407,2024-04-15
OMN,quarantine,127,2024-04-15
ZAF,reject,15166,2024-04-15
MYS,quarantine,6909,2024-04-15
DJI,none,101,2024-04-15
COD,reject,75,2024-04-15
URY,none,5576,2024-04-15
ISR,quarantine,3645,2024-04-15
NIU,quarantine,2928,2024-04-15
WSM,reject,592,2024-04-15
CIV,reject,133,2024-04-15
GRC,none,65416,2024-04-15
NPL,quarantine,882,2024-04-15
MDG,quarantine,269,2024-04-15
FRA,invalid,420,2024-04-15
SOM,reject,231,2024-04-15
SLE,quarantine,19,2024-04-15
TGO,quarantine,140,2024-04-15
NPL,none,3178,2024-04-15
CHL,quarantine,5279,2024-04-15
TCA,quarantine,75,2024-04-15
WSM,none,2163,2024-04-15
PYF,reject,73,2024-04-15
YEM,none,22,2024-04-15
NLD,reject,246405,2024-04-15
MYS,none,16937,2024-04-15
KOR,reject,1903,2024-04-15
CHE,invalid,94,2024-04-15
KWT,reject,148,2024-04-15
PNG,reject,46,2024-04-15
LUX,invalid,15,2024-04-15
TWN,quarantine,3077,2024-04-15
ZMB,none,392,2024-04-15
SAU,quarantine,1081,2024-04-15
STP,quarantine,215,2024-04-15
NCL,none,736,2024-04-15
PNG,quarantine,120,2024-04-15
VIR,reject,28,2024-04-15
ZAF,none,82677,2024-04-15
IDN,reject,11666,2024-04-15
BLR,reject,1716,2024-04-15
HTI,quarantine,21,2024-04-15
MSR,reject,252,2024-04-15
KOR,quarantine,934,2024-04-15
BMU,reject,171,2024-04-15
CUB,none,85,2024-04-15
ZAF,quarantine,19018,2024-04-15
NIC,quarantine,174,2024-04-15
UGA,reject,197,2024-04-15
ROU,none,99588,2024-04-15
SGP,reject,3555,2024-04-15
PYF,quarantine,81,2024-04-15
SMR,none,115,2024-04-15
WLF,none,102,2024-04-15
PRY,quarantine,1066,2024-04-15
JOR,quarantine,494,2024-04-15
IND,invalid,87,2024-04-15
KHM,none,298,2024-04-15
BMU,quarantine,73,2024-04-15
GRC,quarantine,18367,2024-04-15
MAR,reject,848,2024-04-15
LVA,quarantine,2390,2024-04-15
COL,reject,19167,2024-04-15
TUN,reject,233,2024-04-15
CAN,invalid,198,2024-04-15
FIN,reject,7343,2024-04-15
LSO,quarantine,43,2024-04-15
NER,none,39,2024-04-15
LUX,quarantine,3382,2024-04-15
THA,quarantine,3715,2024-04-15
MNP,quarantine,13,2024-04-15
DJI,quarantine,33,2024-04-15
BEN,none,892,2024-04-15
MYT,quarantine,194,2024-04-15
NFK,reject,17,2024-04-15
HUN,reject,5967,2024-04-15
GGY,reject,700,2024-04-15
GAB,none,191,2024-04-15
LBN,reject,66,2024-04-15
MMR,none,180,2024-04-15
UGA,quarantine,304,2024-04-15
FIN,quarantine,7212,2024-04-15
SEN,none,543,2024-04-15
WLF,quarantine,60,2024-04-15
PYF,none,180,2024-04-15
JPN,reject,11586,2024-04-15
MRT,none,148,2024-04-15
MNG,quarantine,398,2024-04-15
GTM,none,400,2024-04-15
JAM,reject,62,2024-04-15
KNA,reject,15,2024-04-15
MWI,none,146,2024-04-15
LVA,invalid,5,2024-04-15
GUF,reject,22,2024-04-15
PSE,quarantine,211,2024-04-15
HKG,reject,2799,2024-04-15
JAM,none,99,2024-04-15
NFK,none,13,2024-04-15
LTU,invalid,13,2024-04-15
PAK,quarantine,1566,2024-04-15
HND,none,411,2024-04-15
GBR,invalid,584,2024-04-15
SHN,none,1242,2024-04-15
KHM,reject,130,2024-04-15
SDN,quarantine,28,2024-04-15
EST,none,23913,2024-04-15
TUN,none,1832,2024-04-15
KNA,quarantine,8,2024-04-15
NAM,none,24,2024-04-15
CRI,reject,515,2024-04-15
PLW,none,1878,2024-04-15
WLF,reject,66,2024-04-15
ITA,quarantine,29335,2024-04-15
PAN,reject,410,2024-04-15
QAT,quarantine,316,2024-04-15
VGB,quarantine,49,2024-04-15
TUV,invalid,6,2024-04-15
GIB,none,245,2024-04-15
CZE,invalid,59,2024-04-15
GNQ,reject,44,2024-04-15
CAF,quarantine,65,2024-04-15
ECU,none,4243,2024-04-15
ZMB,reject,88,2024-04-15
PSE,none,425,2024-04-15
POL,reject,206934,2024-04-15
MEX,none,59989,2024-04-15
COL,invalid,173,2024-04-15
GHA,reject,79,2024-04-15
BTN,quarantine,23,2024-04-15
TUR,none,58976,2024-04-15
TUR,invalid,88,2024-04-15
SLE,reject,43,2024-04-15
MNP,none,26,2024-04-15
RUS,none,157786,2024-04-15
CAN,none,181849,2024-04-15
IMN,none,1619,2024-04-15
IMN,quarantine,1588,2024-04-15
NOR,invalid,84,2024-04-15
ZAF,invalid,36,2024-04-15
IOT,quarantine,15935,2024-04-15
LAO,quarantine,267,2024-04-15
BHS,none,38,2024-04-15
FRO,none,513,2024-04-15
IMN,reject,595,2024-04-15
SWE,none,60924,2024-04-15
NOR,reject,11536,2024-04-15
DZA,reject,367,2024-04-15
MEX,reject,7494,2024-04-15
NIU,none,12906,2024-04-15
KEN,none,5590,2024-04-15
USA,none,57472,2024-04-15
IRL,none,21147,2024-04-15
CRI,quarantine,578,2024-04-15
ESP,quarantine,46405,2024-04-15
ETH,none,1819,2024-04-15
GLP,reject,50,2024-04-15
BTN,reject,211,2024-04-15
SLV,quarantine,226,2024-04-15
MAR,none,5935,2024-04-15
CHE,reject,41505,2024-04-15
IRN,quarantine,8206,2024-04-15
ZWE,reject,230,2024-04-15
LBY,quarantine,299,2024-04-15
CIV,quarantine,580,2024-04-15
FJI,reject,82,2024-04-15
CZE,none,111435,2024-04-15
SUR,none,168,2024-04-15
ITA,reject,20288,2024-04-15
CZE,quarantine,18079,2024-04-15
LTU,reject,2047,2024-04-15
COG,reject,30,2024-04-15
MDG,reject,138,2024-04-15
NAM,quarantine,19,2024-04-15
CCK,reject,4087,2024-04-15
IND,reject,16370,2024-04-15
TZA,none,2278,2024-04-15
GHA,quarantine,135,2024-04-15
MAC,none,251,2024-04-15
ZWE,quarantine,203,2024-04-15
GRC,reject,6835,2024-04-15
DOM,none,2085,2024-04-15
MYT,none,240,2024-04-15
SOM,quarantine,159,2024-04-15
BHS,reject,55,2024-04-15
PCN,reject,17,2024-04-15
KOR,none,4192,2024-04-15
CYP,invalid,3,2024-04-15
MTQ,quarantine,4,2024-04-15
TUN,invalid,18,2024-04-15
ARE,reject,8,2024-04-15
MTQ,none,25,2024-04-15
VNM,invalid,24,2024-04-15
COM,quarantine,4,2024-04-15
CUW,reject,18,2024-04-15
GRC,invalid,25,2024-04-15
ARM,none,5,2024-04-15
IRL,invalid,24,2024-04-15
CYM,invalid,1,2024-04-15
MTQ,reject,25,2024-04-15
DMA,none,24,2024-04-15
TLS,quarantine,34,2024-04-15
DJI,reject,43,2024-04-15
SMR,quarantine,25,2024-04-15
GNQ,quarantine,27,2024-04-15
KOR,invalid,41,2024-04-15
MWI,reject,67,2024-04-15
CUW,quarantine,28,2024-04-15
MNP,reject,34,2024-04-15
MRT,reject,26,2024-04-15
PHL,invalid,3,2024-04-15
TCD,reject,36,2024-04-15
NRU,none,7,2024-04-15
JPN,invalid,23,2024-04-15
COM,none,11,2024-04-15
SUR,reject,75,2024-04-15
ISL,invalid,9,2024-04-15
PCN,invalid,4,2024-04-15
UZB,invalid,6,2024-04-15
TON,invalid,3,2024-04-15
SYR,reject,35,2024-04-15
SWZ,none,63,2024-04-15
NZL,invalid,48,2024-04-15
CCK,invalid,36,2024-04-15
SLB,reject,47,2024-04-15
LSO,reject,34,2024-04-15
BGR,reject,31,2024-04-15
GUM,reject,2,2024-04-15
NAM,reject,17,2024-04-15
CPV,quarantine,29,2024-04-15
CRI,invalid,2,2024-04-15
SLE,invalid,1,2024-04-15
COM,reject,6,2024-04-15
HKG,invalid,7,2024-04-15
ARM,reject,3,2024-04-15
ROU,invalid,30,2024-04-15
GGY,invalid,2,2024-04-15
KAZ,invalid,13,2024-04-15
NER,reject,13,2024-04-15
HRV,invalid,8,2024-04-15
SWZ,reject,10,2024-04-15
PAN,invalid,1,2024-04-15
VEN,invalid,2,2024-04-15
MKD,invalid,1,2024-04-15
GHA,invalid,7,2024-04-15
VIR,quarantine,10,2024-04-15
MDV,invalid,1,2024-04-15
SLB,quarantine,19,2024-04-15
SSD,quarantine,5,2024-04-15
GLP,quarantine,14,2024-04-15
LBR,none,13,2024-04-15
PLW,invalid,2,2024-04-15
NPL,invalid,3,2024-04-15
GNB,quarantine,10,2024-04-15
VIR,none,20,2024-04-15
PCN,none,12,2024-04-15
VCT,invalid,3,2024-04-15
KIR,quarantine,6,2024-04-15
DMA,reject,16,2024-04-15
NRU,reject,15,2024-04-15
SVK,invalid,12,2024-04-15
TCD,quarantine,15,2024-04-15
BGD,quarantine,3,2024-04-15
DMA,quarantine,9,2024-04-15
THA,invalid,2,2024-04-15
EST,invalid,8,2024-04-15
MDA,invalid,4,2024-04-15
HTI,invalid,1,2024-04-15
MAR,invalid,5,2024-04-15
MDG,invalid,1,2024-04-15
LBY,invalid,2,2024-04-15
KEN,invalid,5,2024-04-15
COK,reject,12,2024-04-15
COK,quarantine,2,2024-04-15
MOZ,invalid,1,2024-04-15
DOM,invalid,2,2024-04-15
GUF,quarantine,3,2024-04-15
LAO,invalid,4,2024-04-15
TKL,invalid,2,2024-04-15
SGP,invalid,7,2024-04-15
HMD,quarantine,11,2024-04-15
PRY,invalid,2,2024-04-15
URY,invalid,7,2024-04-15
NGA,invalid,1,2024-04-15
GUM,none,4,2024-04-15
STP,invalid,1,2024-04-15
BWA,invalid,1,2024-04-15
DZA,invalid,2,2024-04-15
HMD,reject,7,2024-04-15
PCN,quarantine,1,2024-04-15
PAK,invalid,2,2024-04-15
GRL,invalid,1,2024-04-15
QAT,invalid,2,2024-04-15
ARE,none,1,2024-04-15
BMU,invalid,1,2024-04-15
MNG,invalid,2,2024-04-15
GUY,invalid,1,2024-04-15
MLT,invalid,1,2024-04-15
BEN,invalid,1,2024-04-15
BOL,invalid,2,2024-04-15
SGS,invalid,1,2024-04-15
YEM,quarantine,5,2024-04-15
NER,invalid,1,2024-04-15
MMR,invalid,1,2024-04-15
EGY,invalid,1,2024-04-15
WSM,invalid,1,2024-04-15
GIN,reject,1,2024-04-15
CXR,invalid,2,2024-04-15
NRU,quarantine,2,2024-04-15
BGD,none,4,2024-04-15
SOM,invalid,1,2024-04-15
SLV,invalid,2,2024-04-15
PSE,invalid,1,2024-04-15
CIV,invalid,2,2024-04-15
GEO,invalid,1,2024-04-15
VUT,invalid,1,2024-04-15
LIE,invalid,3,2024-04-15
LKA,invalid,4,2024-04-15
SPM,invalid,1,2024-04-15
FSM,invalid,1,2024-04-15
SAU,invalid,4,2024-04-15
BGD,reject,1,2024-04-15
GNB,reject,2,2024-04-15
SLB,invalid,1,2024-04-15
LBR,reject,1,2024-04-15
BTN,invalid,1,2024-04-15
NGA,quarantine,1245,2024-05-15
USA,quarantine,8880,2024-05-15
UGA,none,667,2024-05-15
RUS,invalid,135,2024-05-15
CCK,none,12228,2024-05-15
NGA,reject,885,2024-05-15
UKR,none,20149,2024-05-15
ESP,reject,15423,2024-05-15
MOZ,quarantine,257,2024-05-15
TON,quarantine,376,2024-05-15
URY,quarantine,1648,2024-05-15
GMB,reject,19,2024-05-15
CHN,none,16086,2024-05-15
LTU,quarantine,2290,2024-05-15
SPM,reject,196,2024-05-15
BOL,reject,406,2024-05-15
NIU,invalid,24,2024-05-15
ITA,none,734899,2024-05-15
KGZ,reject,152,2024-05-15
GGY,quarantine,666,2024-05-15
HUN,quarantine,9411,2024-05-15
EGY,reject,246,2024-05-15
DZA,quarantine,403,2024-05-15
CYM,quarantine,126,2024-05-15
HTI,none,145,2024-05-15
CUB,quarantine,79,2024-05-15
ZMB,quarantine,106,2024-05-15
SPM,none,434,2024-05-15
SVK,reject,6981,2024-05-15
NZL,quarantine,9302,2024-05-15
MDA,none,3903,2024-05-15
KAZ,none,5157,2024-05-15
UZB,reject,1038,2024-05-15
SWE,quarantine,11651,2024-05-15
CXR,quarantine,292,2024-05-15
SLE,none,112,2024-05-15
CXR,none,594,2024-05-15
MTQ,quarantine,4,2024-05-15
KAZ,quarantine,3697,2024-05-15
MUS,reject,277,2024-05-15
VNM,quarantine,2307,2024-05-15
MWI,quarantine,33,2024-05-15
IOT,invalid,112,2024-05-15
SLV,none,689,2024-05-15
IRN,none,32955,2024-05-15
ISL,none,7535,2024-05-15
TKL,quarantine,199,2024-05-15
ETH,quarantine,48,2024-05-15
LCA,reject,89,2024-05-15
ETH,reject,44,2024-05-15
SVK,none,46416,2024-05-15
TKL,reject,361,2024-05-15
PAN,quarantine,196,2024-05-15
RWA,reject,110,2024-05-15
VCT,reject,367,2024-05-15
BHR,reject,161,2024-05-15
NOR,none,73982,2024-05-15
POL,quarantine,99794,2024-05-15
DZA,none,689,2024-05-15
DOM,reject,683,2024-05-15
LKA,reject,657,2024-05-15
PAN,none,791,2024-05-15
MTQ,none,25,2024-05-15
GBR,quarantine,75990,2024-05-15
POL,none,438690,2024-05-15
IDN,quarantine,10942,2024-05-15
REU,none,2704,2024-05-15
FRO,reject,360,2024-05-15
VUT,quarantine,19,2024-05-15
VNM,invalid,20,2024-05-15
USA,reject,14231,2024-05-15
SPM,quarantine,269,2024-05-15
MMR,reject,79,2024-05-15
IDN,none,32857,2024-05-15
KEN,quarantine,1724,2024-05-15
IDN,invalid,31,2024-05-15
TCD,none,38,2024-05-15
TKM,reject,76,2024-05-15
STP,reject,290,2024-05-15
MNE,none,36787,2024-05-15
EST,reject,2945,2024-05-15
BOL,quarantine,422,2024-05-15
ATF,quarantine,119,2024-05-15
GGY,none,2105,2024-05-15
GAB,reject,138,2024-05-15
PRT,invalid,213,2024-05-15
IOT,none,55852,2024-05-15
PLW,reject,742,2024-05-15
SXM,none,105,2024-05-15
ISL,reject,1329,2024-05-15
ECU,reject,1085,2024-05-15
ROU,quarantine,9432,2024-05-15
PER,none,11061,2024-05-15
JEY,reject,195,2024-05-15
DEU,invalid,525,2024-05-15
CIV,none,1385,2024-05-15
EGY,quarantine,180,2024-05-15
ESP,none,188366,2024-05-15
AUT,reject,12650,2024-05-15
SWE,invalid,172,2024-05-15
BHS,quarantine,18,2024-05-15
RUS,quarantine,32725,2024-05-15
GRL,reject,312,2024-05-15
BDI,reject,73,2024-05-15
BDI,none,141,2024-05-15
SYC,none,214,2024-05-15
,none,206719,2024-05-15
PLW,quarantine,1257,2024-05-15
BDI,quarantine,29,2024-05-15
MCO,none,315,2024-05-15
SVN,reject,1846,2024-05-15
THA,reject,1263,2024-05-15
CPV,reject,52,2024-05-15
RWA,quarantine,184,2024-05-15
PRI,quarantine,40,2024-05-15
CHL,reject,6582,2024-05-15
MLT,reject,370,2024-05-15
FSM,quarantine,228,2024-05-15
TUR,reject,5029,2024-05-15
OMN,reject,266,2024-05-15
ATF,reject,139,2024-05-15
CHE,none,141779,2024-05-15
LIE,reject,1446,2024-05-15
PRT,reject,6895,2024-05-15
BMU,none,260,2024-05-15
REU,reject,574,2024-05-15
GIB,reject,57,2024-05-15
FJI,none,170,2024-05-15
BRN,reject,33,2024-05-15
IND,none,184030,2024-05-15
GBR,reject,126200,2024-05-15
MKD,none,2565,2024-05-15
SGP,none,14592,2024-05-15
TZA,quarantine,387,2024-05-15
COD,none,265,2024-05-15
GNQ,none,57,2024-05-15
EGY,none,535,2024-05-15
KWT,quarantine,172,2024-05-15
NOR,quarantine,65823,2024-05-15
IRN,reject,4697,2024-05-15
GRC,invalid,24,2024-05-15
CUW,none,85,2024-05-15
IRQ,quarantine,68,2024-05-15
SUR,quarantine,68,2024-05-15
CHE,quarantine,149255,2024-05-15
SAU,reject,1172,2024-05-15
MAC,reject,43,2024-05-15
MUS,none,852,2024-05-15
SRB,quarantine,1448,2024-05-15
GTM,reject,125,2024-05-15
CMR,none,605,2024-05-15
CHN,reject,5533,2024-05-15
BHR,none,189,2024-05-15
AUT,none,157881,2024-05-15
VGB,none,113,2024-05-15
BWA,none,566,2024-05-15
DNK,none,51132,2024-05-15
GEO,none,2521,2024-05-15
MKD,quarantine,588,2024-05-15
SYR,none,207,2024-05-15
JOR,reject,117,2024-05-15
DNK,quarantine,14484,2024-05-15
ITA,invalid,211,2024-05-15
MUS,quarantine,265,2024-05-15
SLV,reject,258,2024-05-15
MTQ,reject,25,2024-05-15
MOZ,none,1030,2024-05-15
LKA,quarantine,739,2024-05-15
CYP,quarantine,607,2024-05-15
GUY,none,166,2024-05-15
ESP,invalid,98,2024-05-15
DMA,none,23,2024-05-15
VIR,none,20,2024-05-15
SAU,none,4372,2024-05-15
MEX,quarantine,8601,2024-05-15
MAR,quarantine,1119,2024-05-15
GIB,quarantine,47,2024-05-15
VEN,quarantine,392,2024-05-15
MDV,reject,74,2024-05-15
NLD,none,976541,2024-05-15
DEU,reject,129596,2024-05-15
MNG,reject,443,2024-05-15
HRV,quarantine,2014,2024-05-15
MCO,quarantine,75,2024-05-15
SGP,quarantine,3816,2024-05-15
CAF,reject,111,2024-05-15
AUT,invalid,55,2024-05-15
MEX,invalid,55,2024-05-15
GRD,none,121,2024-05-15
TLS,quarantine,32,2024-05-15
AUT,quarantine,13622,2024-05-15
FRA,none,273893,2024-05-15
PAK,reject,1177,2024-05-15
CMR,quarantine,237,2024-05-15
RUS,reject,33119,2024-05-15
UZB,quarantine,1094,2024-05-15
QAT,none,1065,2024-05-15
OMN,none,345,2024-05-15
PAK,none,8924,2024-05-15
MNE,reject,9246,2024-05-15
VEN,none,1630,2024-05-15
GUY,reject,97,2024-05-15
LBY,reject,211,2024-05-15
MYS,invalid,11,2024-05-15
DJI,reject,39,2024-05-15
CMR,reject,247,2024-05-15
SMR,quarantine,25,2024-05-15
SWZ,quarantine,103,2024-05-15
LVA,reject,3287,2024-05-15
DMA,quarantine,9,2024-05-15
NER,quarantine,32,2024-05-15
MNG,none,912,2024-05-15
COL,quarantine,18919,2024-05-15
LIE,none,2758,2024-05-15
GRD,reject,47,2024-05-15
THA,invalid,2,2024-05-15
EST,quarantine,6400,2024-05-15
NIU,reject,4846,2024-05-15
TTO,none,150,2024-05-15
PCN,none,13,2024-05-15
CUB,reject,89,2024-05-15
KWT,none,224,2024-05-15
SXM,quarantine,34,2024-05-15
TJK,quarantine,47,2024-05-15
EST,invalid,8,2024-05-15
MYS,reject,3946,2024-05-15
CCK,quarantine,3892,2024-05-15
TON,reject,554,2024-05-15
SVK,quarantine,5455,2024-05-15
BLR,quarantine,1381,2024-05-15
NPL,reject,898,2024-05-15
SVN,quarantine,2196,2024-05-15
VUT,none,122,2024-05-15
GMB,quarantine,47,2024-05-15
FIN,none,37007,2024-05-15
HKG,quarantine,1725,2024-05-15
MCO,reject,68,2024-05-15
HRV,reject,1948,2024-05-15
PRI,reject,158,2024-05-15
JPN,quarantine,19584,2024-05-15
CYP,none,2048,2024-05-15
IRQ,none,311,2024-05-15
KGZ,quarantine,487,2024-05-15
LUX,none,6407,2024-05-15
IRL,reject,3625,2024-05-15
CHN,invalid,161,2024-05-15
GUY,quarantine,145,2024-05-15
VCT,quarantine,316,2024-05-15
SGS,none,172,2024-05-15
IND,quarantine,22003,2024-05-15
PRY,reject,565,2024-05-15
QAT,reject,388,2024-05-15
SHN,reject,706,2024-05-15
HUN,invalid,66,2024-05-15
LCA,none,160,2024-05-15
REU,quarantine,1839,2024-05-15
KOR,invalid,40,2024-05-15
SXM,reject,84,2024-05-15
BLR,none,4683,2024-05-15
KAZ,reject,1268,2024-05-15
CRI,none,1486,2024-05-15
DNK,invalid,181,2024-05-15
MWI,reject,73,2024-05-15
VUT,reject,41,2024-05-15
TTO,reject,99,2024-05-15
COG,quarantine,118,2024-05-15
VGB,reject,71,2024-05-15
HND,reject,244,2024-05-15
FRO,quarantine,138,2024-05-15
KAZ,invalid,15,2024-05-15
SRB,reject,1606,2024-05-15
UKR,reject,4266,2024-05-15
HRV,none,33497,2024-05-15
PER,reject,1829,2024-05-15
RWA,none,357,2024-05-15
SSD,none,15,2024-05-15
GLP,none,98,2024-05-15
WSM,quarantine,423,2024-05-15
POL,invalid,136,2024-05-15
COK,none,73,2024-05-15
SDN,none,215,2024-05-15
GBR,none,541828,2024-05-15
TWN,reject,2672,2024-05-15
BHR,quarantine,124,2024-05-15
BRA,none,583307,2024-05-15
MDG,none,325,2024-05-15
ECU,quarantine,1099,2024-05-15
CHN,quarantine,6963,2024-05-15
ISL,quarantine,1234,2024-05-15
VNM,reject,4001,2024-05-15
BRN,quarantine,77,2024-05-15
DOM,quarantine,576,2024-05-15
NCL,quarantine,298,2024-05-15
CYM,none,447,2024-05-15
PRI,none,85,2024-05-15
TGO,reject,65,2024-05-15
BRN,none,56,2024-05-15
ISR,none,24819,2024-05-15
NLD,invalid,890,2024-05-15
ISR,reject,1894,2024-05-15
BWA,quarantine,205,2024-05-15
CHL,invalid,40,2024-05-15
,quarantine,54463,2024-05-15
ATF,none,195,2024-05-15
TLS,none,117,2024-05-15
PRT,none,68246,2024-05-15
ROU,reject,15481,2024-05-15
TCA,none,198,2024-05-15
UKR,quarantine,5601,2024-05-15
GIN,none,161,2024-05-15
SOM,none,779,2024-05-15
JEY,quarantine,110,2024-05-15
TZA,reject,308,2024-05-15
SLB,none,99,2024-05-15
HKG,none,11524,2024-05-15
BLZ,quarantine,294,2024-05-15
JOR,none,333,2024-05-15
SGS,reject,98,2024-05-15
SEN,reject,116,2024-05-15
TLS,reject,43,2024-05-15
,invalid,138,2024-05-15
NZL,none,48592,2024-05-15
CAN,reject,24426,2024-05-15
FRA,reject,65881,2024-05-15
THA,none,7344,2024-05-15
TUV,reject,2652,2024-05-15
DNK,reject,82012,2024-05-15
TUV,none,11072,2024-05-15
MLT,none,1432,2024-05-15
GEO,quarantine,812,2024-05-15
MRT,reject,29,2024-05-15
JAM,quarantine,45,2024-05-15
BWA,reject,153,2024-05-15
IRL,quarantine,3066,2024-05-15
MMR,quarantine,136,2024-05-15
TJK,reject,81,2024-05-15
SYC,quarantine,45,2024-05-15
MDA,invalid,3,2024-05-15
VNM,none,8404,2024-05-15
SYC,reject,145,2024-05-15
BEN,quarantine,155,2024-05-15
,reject,69718,2024-05-15
GEO,reject,552,2024-05-15
TCD,reject,38,2024-05-15
HTI,invalid,1,2024-05-15
NGA,none,5198,2024-05-15
LUX,reject,2320,2024-05-15
VAT,none,61,2024-05-15
TUV,quarantine,2072,2024-05-15
JPN,none,196695,2024-05-15
SVN,none,33901,2024-05-15
SDN,reject,51,2024-05-15
FRA,quarantine,79858,2024-05-15
LVA,none,6966,2024-05-15
SRB,none,10442,2024-05-15
GTM,quarantine,65,2024-05-15
TKL,none,667,2024-05-15
URY,reject,850,2024-05-15
COL,none,161224,2024-05-15
GAB,quarantine,193,2024-05-15
PHL,none,6229,2024-05-15
PER,quarantine,1929,2024-05-15
ISR,invalid,22,2024-05-15
MLT,quarantine,332,2024-05-15
MNE,quarantine,10361,2024-05-15
MSR,none,355,2024-05-15
MLI,quarantine,123,2024-05-15
PHL,quarantine,2005,2024-05-15
NCL,reject,170,2024-05-15
VEN,reject,496,2024-05-15
NIC,none,244,2024-05-15
KIR,reject,17,2024-05-15
COD,quarantine,97,2024-05-15
BGR,none,90,2024-05-15
IOT,reject,15972,2024-05-15
BRA,invalid,634,2024-05-15
KEN,reject,796,2024-05-15
JEY,none,495,2024-05-15
MLI,reject,151,2024-05-15
USA,invalid,79,2024-05-15
TCA,reject,56,2024-05-15
GMB,none,135,2024-05-15
TJK,none,191,2024-05-15
FSM,reject,252,2024-05-15
COG,none,134,2024-05-15
SWZ,reject,10,2024-05-15
ZWE,none,2112,2024-05-15
MDA,quarantine,677,2024-05-15
MYT,reject,74,2024-05-15
FLK,reject,40,2024-05-15
GHA,none,245,2024-05-15
MSR,quarantine,125,2024-05-15
UZB,none,6499,2024-05-15
LTU,none,19608,2024-05-15
MLI,none,291,2024-05-15
TWN,invalid,45,2024-05-15
KGZ,none,1065,2024-05-15
SYR,quarantine,88,2024-05-15
CHL,none,80117,2024-05-15
LKA,none,3435,2024-05-15
SWE,reject,21883,2024-05-15
SHN,quarantine,658,2024-05-15
MDA,reject,565,2024-05-15
IRQ,reject,152,2024-05-15
GNB,none,71,2024-05-15
STP,none,560,2024-05-15
HND,quarantine,126,2024-05-15
TKM,none,39,2024-05-15
TUN,quarantine,587,2024-05-15
MOZ,reject,228,2024-05-15
MAR,invalid,6,2024-05-15
LIE,quarantine,2169,2024-05-15
CXR,reject,298,2024-05-15
MKD,reject,491,2024-05-15
SVN,invalid,14,2024-05-15
CAN,quarantine,24359,2024-05-15
BTN,none,33,2024-05-15
DEU,quarantine,119882,2024-05-15
GRL,none,280,2024-05-15
TWN,none,14414,2024-05-15
LAO,reject,325,2024-05-15
NZL,reject,9933,2024-05-15
MAC,quarantine,35,2024-05-15
TTO,quarantine,49,2024-05-15
VCT,none,1417,2024-05-15
FSM,none,1060,2024-05-15
MDV,quarantine,192,2024-05-15
CPV,none,418,2024-05-15
BLZ,reject,376,2024-05-15
CYM,reject,128,2024-05-15
BLZ,none,1245,2024-05-15
SEN,quarantine,306,2024-05-15
PNG,none,374,2024-05-15
NRU,reject,21,2024-05-15
NLD,quarantine,197947,2024-05-15
PRT,quarantine,7514,2024-05-15
PHL,reject,2294,2024-05-15
KHM,quarantine,67,2024-05-15
LBN,quarantine,86,2024-05-15
JPN,invalid,24,2024-05-15
GIN,quarantine,15,2024-05-15
BRA,reject,35422,2024-05-15
MNE,invalid,47,2024-05-15
FJI,quarantine,82,2024-05-15
COM,none,12,2024-05-15
BEN,reject,36,2024-05-15
NIC,reject,271,2024-05-15
BRA,quarantine,48678,2024-05-15
TUR,quarantine,32627,2024-05-15
BOL,none,1065,2024-05-15
PSE,reject,299,2024-05-15
CZE,reject,11676,2024-05-15
LBN,none,241,2024-05-15
CAF,none,168,2024-05-15
CYP,reject,602,2024-05-15
TGO,none,218,2024-05-15
ECU,invalid,7,2024-05-15
TKM,quarantine,39,2024-05-15
HUN,none,119171,2024-05-15
LBY,none,852,2024-05-15
LSO,none,104,2024-05-15
LAO,none,1491,2024-05-15
GRL,quarantine,97,2024-05-15
MDV,none,680,2024-05-15
SGS,quarantine,62,2024-05-15
SUR,reject,71,2024-05-15
DEU,none,764437,2024-05-15
PRY,none,5431,2024-05-15
TON,none,1418,2024-05-15
OMN,quarantine,127,2024-05-15
ZAF,reject,15487,2024-05-15
MYS,quarantine,6858,2024-05-15
DJI,none,106,2024-05-15
COD,reject,70,2024-05-15
CIV,reject,133,2024-05-15
NIU,quarantine,2792,2024-05-15
URY,none,5661,2024-05-15
ISR,quarantine,3387,2024-05-15
WSM,reject,604,2024-05-15
GRC,none,65810,2024-05-15
MDG,quarantine,262,2024-05-15
NPL,quarantine,868,2024-05-15
FRA,invalid,410,2024-05-15
SOM,reject,241,2024-05-15
TGO,quarantine,137,2024-05-15
CHL,quarantine,5304,2024-05-15
NPL,none,3211,2024-05-15
TCA,quarantine,75,2024-05-15
SVK,invalid,14,2024-05-15
PYF,reject,73,2024-05-15
WSM,none,2283,2024-05-15
YEM,none,23,2024-05-15
NLD,reject,250345,2024-05-15
KWT,reject,149,2024-05-15
MYS,none,16880,2024-05-15
KOR,reject,1917,2024-05-15
CHE,invalid,95,2024-05-15
PNG,reject,49,2024-05-15
LUX,invalid,16,2024-05-15
TWN,quarantine,3164,2024-05-15
NCL,none,732,2024-05-15
SAU,quarantine,1134,2024-05-15
ZMB,none,404,2024-05-15
STP,quarantine,220,2024-05-15
PNG,quarantine,119,2024-05-15
VIR,reject,32,2024-05-15
ZAF,none,86163,2024-05-15
IDN,reject,12105,2024-05-15
BLR,reject,1736,2024-05-15
BMU,reject,176,2024-05-15
MSR,reject,263,2024-05-15
KOR,quarantine,948,2024-05-15
CUB,none,75,2024-05-15
ZAF,quarantine,20709,2024-05-15
NIC,quarantine,162,2024-05-15
UGA,reject,205,2024-05-15
ROU,none,100226,2024-05-15
SGP,reject,3638,2024-05-15
WLF,none,107,2024-05-15
SMR,none,120,2024-05-15
PYF,quarantine,80,2024-05-15
PRY,quarantine,1074,2024-05-15
JOR,quarantine,506,2024-05-15
IND,invalid,89,2024-05-15
KHM,none,291,2024-05-15
BMU,quarantine,77,2024-05-15
GRC,quarantine,19010,2024-05-15
MAR,reject,890,2024-05-15
TCD,quarantine,15,2024-05-15
COL,reject,19554,2024-05-15
LVA,quarantine,2467,2024-05-15
TUN,reject,240,2024-05-15
CAN,invalid,211,2024-05-15
FIN,reject,7450,2024-05-15
LSO,quarantine,41,2024-05-15
LUX,quarantine,3442,2024-05-15
THA,quarantine,3574,2024-05-15
MNP,quarantine,12,2024-05-15
BEN,none,860,2024-05-15
MYT,quarantine,198,2024-05-15
HUN,reject,6046,2024-05-15
GGY,reject,709,2024-05-15
GAB,none,192,2024-05-15
LBN,reject,69,2024-05-15
SYR,reject,36,2024-05-15
MMR,none,176,2024-05-15
UGA,quarantine,282,2024-05-15
FIN,quarantine,7455,2024-05-15
SEN,none,569,2024-05-15
WLF,quarantine,60,2024-05-15
MDG,invalid,1,2024-05-15
PYF,none,187,2024-05-15
JPN,reject,11416,2024-05-15
GTM,none,424,2024-05-15
MNG,quarantine,416,2024-05-15
MRT,none,148,2024-05-15
KNA,reject,17,2024-05-15
MWI,none,114,2024-05-15
JAM,reject,64,2024-05-15
HKG,reject,2844,2024-05-15
LTU,invalid,13,2024-05-15
JAM,none,98,2024-05-15
PSE,quarantine,206,2024-05-15
GBR,invalid,596,2024-05-15
SHN,none,1258,2024-05-15
PAK,quarantine,1604,2024-05-15
HND,none,413,2024-05-15
KHM,reject,128,2024-05-15
SWZ,none,64,2024-05-15
SDN,quarantine,29,2024-05-15
EST,none,24140,2024-05-15
TUN,none,2696,2024-05-15
NZL,invalid,46,2024-05-15
CRI,reject,530,2024-05-15
NAM,none,26,2024-05-15
PLW,none,1854,2024-05-15
SLB,reject,45,2024-05-15
WLF,reject,67,2024-05-15
ITA,quarantine,29837,2024-05-15
PAN,reject,417,2024-05-15
QAT,quarantine,323,2024-05-15
VGB,quarantine,53,2024-05-15
CAF,quarantine,64,2024-05-15
GIB,none,255,2024-05-15
CZE,invalid,62,2024-05-15
GNQ,reject,43,2024-05-15
ECU,none,4296,2024-05-15
ZMB,reject,92,2024-05-15
BGR,reject,26,2024-05-15
PSE,none,422,2024-05-15
POL,reject,202707,2024-05-15
MEX,none,60789,2024-05-15
COL,invalid,175,2024-05-15
BTN,quarantine,23,2024-05-15
GHA,reject,78,2024-05-15
TUR,none,59733,2024-05-15
TUR,invalid,86,2024-05-15
MNP,none,25,2024-05-15
CAN,none,186747,2024-05-15
RUS,none,158928,2024-05-15
IMN,quarantine,1639,2024-05-15
IMN,none,1594,2024-05-15
IOT,quarantine,16322,2024-05-15
BHS,none,40,2024-05-15
LAO,quarantine,286,2024-05-15
IMN,reject,596,2024-05-15
FRO,none,477,2024-05-15
NAM,reject,17,2024-05-15
NOR,reject,11858,2024-05-15
SWE,none,62412,2024-05-15
NIU,none,12914,2024-05-15
KEN,none,5674,2024-05-15
MEX,reject,7679,2024-05-15
DZA,reject,371,2024-05-15
USA,none,60284,2024-05-15
IRL,none,21667,2024-05-15
CRI,quarantine,587,2024-05-15
ESP,quarantine,47797,2024-05-15
ETH,none,1837,2024-05-15
SLV,quarantine,231,2024-05-15
BTN,reject,199,2024-05-15
GLP,quarantine,13,2024-05-15
LBR,none,12,2024-05-15
GLP,reject,51,2024-05-15
CPV,quarantine,30,2024-05-15
MAR,none,6139,2024-05-15
CHE,reject,49119,2024-05-15
IRN,quarantine,8557,2024-05-15
CIV,quarantine,585,2024-05-15
LBY,quarantine,305,2024-05-15
FJI,reject,85,2024-05-15
ZWE,reject,245,2024-05-15
CZE,none,113453,2024-05-15
SUR,none,185,2024-05-15
ITA,reject,20756,2024-05-15
CZE,quarantine,18782,2024-05-15
LTU,reject,2087,2024-05-15
MDG,reject,143,2024-05-15
NAM,quarantine,19,2024-05-15
COG,reject,33,2024-05-15
IND,reject,16465,2024-05-15
CCK,reject,4160,2024-05-15
TZA,none,1916,2024-05-15
ZWE,quarantine,210,2024-05-15
GHA,quarantine,125,2024-05-15
MAC,none,248,2024-05-15
GRC,reject,7013,2024-05-15
DOM,none,2126,2024-05-15
SOM,quarantine,170,2024-05-15
MYT,none,243,2024-05-15
BHS,reject,57,2024-05-15
KOR,none,4191,2024-05-15
QAT,invalid,2,2024-05-15
CYP,invalid,3,2024-05-15
HTI,reject,76,2024-05-15
YEM,reject,22,2024-05-15
GRD,quarantine,28,2024-05-15
HKG,invalid,7,2024-05-15
UKR,invalid,37,2024-05-15
ROU,invalid,31,2024-05-15
CUW,reject,20,2024-05-15
COK,reject,12,2024-05-15
ARE,none,1,2024-05-15
BMU,invalid,1,2024-05-15
IRL,invalid,23,2024-05-15
GGY,invalid,4,2024-05-15
GUF,none,23,2024-05-15
MRT,quarantine,23,2024-05-15
GNQ,quarantine,27,2024-05-15
MNG,invalid,2,2024-05-15
KIR,none,17,2024-05-15
CUW,quarantine,29,2024-05-15
NER,reject,14,2024-05-15
KNA,none,17,2024-05-15
KIR,quarantine,6,2024-05-15
LAO,invalid,4,2024-05-15
LCA,quarantine,37,2024-05-15
GUY,invalid,1,2024-05-15
SMR,reject,25,2024-05-15
SLE,quarantine,20,2024-05-15
ISL,invalid,8,2024-05-15
MLT,invalid,1,2024-05-15
HTI,quarantine,20,2024-05-15
NER,none,41,2024-05-15
DJI,quarantine,33,2024-05-15
GUF,reject,23,2024-05-15
TUV,invalid,7,2024-05-15
LSO,reject,36,2024-05-15
SLE,reject,43,2024-05-15
NOR,invalid,86,2024-05-15
PCN,reject,22,2024-05-15
TUN,invalid,18,2024-05-15
HMD,quarantine,11,2024-05-15
ARM,none,5,2024-05-15
YEM,quarantine,8,2024-05-15
NPL,invalid,3,2024-05-15
CXR,invalid,2,2024-05-15
MNP,reject,35,2024-05-15
URY,invalid,6,2024-05-15
REU,invalid,3,2024-05-15
NRU,quarantine,2,2024-05-15
DMA,reject,18,2024-05-15
GUM,none,4,2024-05-15
FIN,invalid,33,2024-05-15
HMD,reject,7,2024-05-15
BGD,none,3,2024-05-15
SOM,invalid,1,2024-05-15
CCK,invalid,30,2024-05-15
ZAF,invalid,39,2024-05-15
SLV,invalid,2,2024-05-15
NFK,quarantine,5,2024-05-15
KEN,invalid,6,2024-05-15
FSM,invalid,1,2024-05-15
PER,invalid,12,2024-05-15
GHA,invalid,5,2024-05-15
NFK,reject,21,2024-05-15
LVA,invalid,3,2024-05-15
NFK,none,13,2024-05-15
SLB,quarantine,21,2024-05-15
SSD,reject,3,2024-05-15
IRN,invalid,10,2024-05-15
SHN,invalid,6,2024-05-15
HMD,none,13,2024-05-15
JEY,invalid,2,2024-05-15
FLK,none,8,2024-05-15
SRB,invalid,1,2024-05-15
BGR,quarantine,6,2024-05-15
LBR,quarantine,3,2024-05-15
KNA,quarantine,8,2024-05-15
ARE,reject,8,2024-05-15
LIE,invalid,4,2024-05-15
COM,quarantine,3,2024-05-15
SGP,invalid,8,2024-05-15
VCT,invalid,3,2024-05-15
HRV,invalid,7,2024-05-15
ARM,reject,3,2024-05-15
GNB,quarantine,10,2024-05-15
GUF,quarantine,3,2024-05-15
TKL,invalid,2,2024-05-15
VIR,quarantine,11,2024-05-15
SAU,invalid,4,2024-05-15
GNB,reject,2,2024-05-15
COK,quarantine,2,2024-05-15
LKA,invalid,4,2024-05-15
PLW,invalid,2,2024-05-15
PCN,quarantine,1,2024-05-15
PAK,invalid,4,2024-05-15
PRY,invalid,2,2024-05-15
GRL,invalid,1,2024-05-15
COM,reject,6,2024-05-15
SLB,invalid,1,2024-05-15
LBR,reject,1,2024-05-15
NRU,none,7,2024-05-15
PCN,invalid,4,2024-05-15
UZB,invalid,6,2024-05-15
CYM,invalid,1,2024-05-15
PHL,invalid,3,2024-05-15
TON,invalid,3,2024-05-15
GUM,reject,2,2024-05-15
CRI,invalid,2,2024-05-15
SLE,invalid,1,2024-05-15
NER,invalid,1,2024-05-15
BEN,invalid,1,2024-05-15
BOL,invalid,2,2024-05-15
SGS,invalid,1,2024-05-15
LBN,invalid,1,2024-05-15
LBY,invalid,2,2024-05-15
BLR,invalid,2,2024-05-15
SPM,invalid,1,2024-05-15
FJI,invalid,1,2024-05-15
NGA,invalid,2,2024-05-15
STP,invalid,1,2024-05-15
BWA,invalid,1,2024-05-15
PAN,invalid,1,2024-05-15
VEN,invalid,2,2024-05-15
MKD,invalid,1,2024-05-15
MDV,invalid,1,2024-05-15
SSD,quarantine,5,2024-05-15
CIV,invalid,3,2024-05-15
EGY,invalid,1,2024-05-15
WSM,invalid,1,2024-05-15
GIN,reject,1,2024-05-15
KGZ,invalid,1,2024-05-15
GEO,invalid,1,2024-05-15
VUT,invalid,1,2024-05-15
MCO,invalid,1,2024-05-15
DOM,invalid,2,2024-05-15
HND,invalid,1,2024-05-15
BGD,reject,1,2024-05-15
DZA,invalid,1,2024-05-15
BTN,invalid,1,2024-05-15
NGA,quarantine,5968,2024-06-15
USA,quarantine,9223,2024-06-15
UGA,none,674,2024-06-15
RUS,invalid,143,2024-06-15
CCK,none,12559,2024-06-15
NGA,reject,897,2024-06-15
UKR,none,21597,2024-06-15
ESP,reject,15707,2024-06-15
MOZ,quarantine,286,2024-06-15
TON,quarantine,380,2024-06-15
URY,quarantine,1697,2024-06-15
GMB,reject,19,2024-06-15
CHN,none,16654,2024-06-15
LTU,quarantine,2363,2024-06-15
SPM,reject,193,2024-06-15
BOL,reject,411,2024-06-15
NIU,invalid,25,2024-06-15
ITA,none,744765,2024-06-15
KGZ,reject,155,2024-06-15
GGY,quarantine,684,2024-06-15
HUN,quarantine,9766,2024-06-15
EGY,reject,252,2024-06-15
DZA,quarantine,429,2024-06-15
CYM,quarantine,132,2024-06-15
CUB,quarantine,83,2024-06-15
HTI,none,148,2024-06-15
ZMB,quarantine,108,2024-06-15
SPM,none,437,2024-06-15
SVK,reject,7274,2024-06-15
NZL,quarantine,9634,2024-06-15
MDA,none,3956,2024-06-15
KAZ,none,5189,2024-06-15
UZB,reject,1054,2024-06-15
SWE,quarantine,11942,2024-06-15
CXR,quarantine,304,2024-06-15
SLE,none,113,2024-06-15
CXR,none,596,2024-06-15
MTQ,quarantine,4,2024-06-15
KAZ,quarantine,3967,2024-06-15
MUS,reject,284,2024-06-15
VNM,quarantine,2289,2024-06-15
MWI,quarantine,36,2024-06-15
IOT,invalid,112,2024-06-15
SLV,none,729,2024-06-15
IRN,none,33425,2024-06-15
ISL,none,7690,2024-06-15
TKL,quarantine,204,2024-06-15
ETH,quarantine,52,2024-06-15
LCA,reject,90,2024-06-15
ETH,reject,47,2024-06-15
SVK,none,55265,2024-06-15
TKL,reject,357,2024-06-15
PAN,quarantine,212,2024-06-15
RWA,reject,107,2024-06-15
VCT,reject,373,2024-06-15
BHR,reject,164,2024-06-15
NOR,none,75329,2024-06-15
POL,quarantine,100451,2024-06-15
DZA,none,678,2024-06-15
DOM,reject,685,2024-06-15
LKA,reject,665,2024-06-15
PAN,none,808,2024-06-15
MTQ,none,26,2024-06-15
GBR,quarantine,78841,2024-06-15
POL,none,441234,2024-06-15
IDN,quarantine,11801,2024-06-15
REU,none,2793,2024-06-15
FRO,reject,326,2024-06-15
VUT,quarantine,20,2024-06-15
VNM,invalid,18,2024-06-15
USA,reject,14588,2024-06-15
SPM,quarantine,277,2024-06-15
MMR,reject,80,2024-06-15
IDN,none,34221,2024-06-15
KEN,quarantine,9310,2024-06-15
IDN,invalid,30,2024-06-15
TCD,none,36,2024-06-15
TKM,reject,79,2024-06-15
STP,reject,296,2024-06-15
MNE,none,37793,2024-06-15
EST,reject,2999,2024-06-15
BOL,quarantine,423,2024-06-15
ATF,quarantine,121,2024-06-15
GGY,none,2184,2024-06-15
GAB,reject,129,2024-06-15
PRT,invalid,65,2024-06-15
PLW,reject,731,2024-06-15
IOT,none,58255,2024-06-15
ISL,reject,1392,2024-06-15
SXM,none,107,2024-06-15
ECU,reject,1096,2024-06-15
ROU,quarantine,9723,2024-06-15
PER,none,11290,2024-06-15
JEY,reject,199,2024-06-15
DEU,invalid,538,2024-06-15
CIV,none,1405,2024-06-15
EGY,quarantine,187,2024-06-15
ESP,none,190631,2024-06-15
AUT,reject,13139,2024-06-15
SWE,invalid,174,2024-06-15
RUS,quarantine,33299,2024-06-15
GRL,reject,314,2024-06-15
BDI,reject,74,2024-06-15
SYC,none,230,2024-06-15
BDI,none,138,2024-06-15
,none,211554,2024-06-15
PLW,quarantine,1140,2024-06-15
BDI,quarantine,40,2024-06-15
MCO,none,324,2024-06-15
SVN,reject,1868,2024-06-15
THA,reject,1285,2024-06-15
CPV,reject,56,2024-06-15
RWA,quarantine,193,2024-06-15
PRI,quarantine,40,2024-06-15
CHL,reject,6974,2024-06-15
MLT,reject,379,2024-06-15
FSM,quarantine,237,2024-06-15
TUR,reject,5217,2024-06-15
OMN,reject,268,2024-06-15
ATF,reject,143,2024-06-15
CHE,none,143529,2024-06-15
LIE,reject,1660,2024-06-15
PRT,reject,6966,2024-06-15
BMU,none,272,2024-06-15
REU,reject,581,2024-06-15
GIB,reject,57,2024-06-15
FJI,none,171,2024-06-15
BRN,reject,36,2024-06-15
IND,none,188665,2024-06-15
GBR,reject,126203,2024-06-15
MKD,none,2611,2024-06-15
SGP,none,15069,2024-06-15
TZA,quarantine,422,2024-06-15
COD,none,279,2024-06-15
GNQ,none,59,2024-06-15
EGY,none,559,2024-06-15
KWT,quarantine,172,2024-06-15
NOR,quarantine,66157,2024-06-15
IRN,reject,4856,2024-06-15
GRC,invalid,26,2024-06-15
CUW,none,89,2024-06-15
IRQ,quarantine,68,2024-06-15
SUR,quarantine,76,2024-06-15
ARM,none,8,2024-06-15
CHE,quarantine,150893,2024-06-15
SAU,reject,1205,2024-06-15
MAC,reject,42,2024-06-15
MUS,none,880,2024-06-15
SRB,quarantine,1490,2024-06-15
GTM,reject,131,2024-06-15
CMR,none,626,2024-06-15
CHN,reject,5710,2024-06-15
BHR,none,200,2024-06-15
AUT,none,159310,2024-06-15
VGB,none,114,2024-06-15
BWA,none,582,2024-06-15
DNK,none,52211,2024-06-15
GEO,none,2571,2024-06-15
MKD,quarantine,623,2024-06-15
SYR,none,212,2024-06-15
JOR,reject,120,2024-06-15
DNK,quarantine,14978,2024-06-15
ITA,invalid,215,2024-06-15
MUS,quarantine,270,2024-06-15
SLV,reject,265,2024-06-15
MTQ,reject,25,2024-06-15
MOZ,none,1032,2024-06-15
LKA,quarantine,785,2024-06-15
CYP,quarantine,607,2024-06-15
GUY,none,172,2024-06-15
ESP,invalid,100,2024-06-15
DMA,none,25,2024-06-15
VIR,none,20,2024-06-15
SAU,none,4600,2024-06-15
MEX,quarantine,8931,2024-06-15
MAR,quarantine,1138,2024-06-15
GIB,quarantine,54,2024-06-15
VEN,quarantine,404,2024-06-15
MDV,reject,76,2024-06-15
NLD,none,980677,2024-06-15
DEU,reject,137542,2024-06-15
MNG,reject,440,2024-06-15
HRV,quarantine,2071,2024-06-15
MCO,quarantine,80,2024-06-15
SGP,quarantine,3928,2024-06-15
CAF,reject,111,2024-06-15
AUT,invalid,52,2024-06-15
MEX,invalid,53,2024-06-15
GRD,none,126,2024-06-15
TLS,quarantine,33,2024-06-15
AUT,quarantine,14151,2024-06-15
FRA,none,273421,2024-06-15
PAK,reject,1210,2024-06-15
CMR,quarantine,244,2024-06-15
RUS,reject,33095,2024-06-15
UZB,quarantine,1087,2024-06-15
QAT,none,1095,2024-06-15
OMN,none,366,2024-06-15
PAK,none,9414,2024-06-15
MNE,reject,9291,2024-06-15
VEN,none,1665,2024-06-15
GUY,reject,100,2024-06-15
LBY,reject,214,2024-06-15
MYS,invalid,15,2024-06-15
DJI,reject,40,2024-06-15
CMR,reject,251,2024-06-15
SMR,quarantine,25,2024-06-15
SWZ,quarantine,105,2024-06-15
LVA,reject,3321,2024-06-15
DMA,quarantine,9,2024-06-15
NER,quarantine,28,2024-06-15
MNG,none,922,2024-06-15
COL,quarantine,20087,2024-06-15
LIE,none,2764,2024-06-15
GRD,reject,47,2024-06-15
THA,invalid,2,2024-06-15
EST,quarantine,6576,2024-06-15
NIU,reject,4885,2024-06-15
KWT,none,232,2024-06-15
TTO,none,154,2024-06-15
PCN,none,13,2024-06-15
CUB,reject,87,2024-06-15
SXM,quarantine,33,2024-06-15
TJK,quarantine,50,2024-06-15
EST,invalid,9,2024-06-15
MYS,reject,4011,2024-06-15
CCK,quarantine,4384,2024-06-15
TON,reject,563,2024-06-15
SVK,quarantine,5630,2024-06-15
BLR,quarantine,1413,2024-06-15
NPL,reject,923,2024-06-15
SVN,quarantine,2240,2024-06-15
VUT,none,102,2024-06-15
GMB,quarantine,49,2024-06-15
FIN,none,37714,2024-06-15
HKG,quarantine,1778,2024-06-15
MCO,reject,70,2024-06-15
HRV,reject,1986,2024-06-15
PRI,reject,160,2024-06-15
JPN,quarantine,20946,2024-06-15
CYP,none,2114,2024-06-15
IRQ,none,326,2024-06-15
KGZ,quarantine,526,2024-06-15
LUX,none,6548,2024-06-15
IRL,reject,3752,2024-06-15
GUY,quarantine,151,2024-06-15
VCT,quarantine,320,2024-06-15
CHN,invalid,213,2024-06-15
SGS,none,171,2024-06-15
IND,quarantine,22705,2024-06-15
PRY,reject,585,2024-06-15
QAT,reject,396,2024-06-15
SHN,reject,724,2024-06-15
HUN,invalid,79,2024-06-15
LCA,none,167,2024-06-15
REU,quarantine,1840,2024-06-15
KOR,invalid,48,2024-06-15
SXM,reject,85,2024-06-15
BLR,none,4702,2024-06-15
KAZ,reject,1302,2024-06-15
CRI,none,1515,2024-06-15
DNK,invalid,188,2024-06-15
MWI,reject,78,2024-06-15
VUT,reject,42,2024-06-15
TTO,reject,101,2024-06-15
COG,quarantine,119,2024-06-15
VGB,reject,72,2024-06-15
HND,reject,242,2024-06-15
FRO,quarantine,151,2024-06-15
KAZ,invalid,14,2024-06-15
SRB,reject,1630,2024-06-15
UKR,reject,4342,2024-06-15
HRV,none,33843,2024-06-15
PER,reject,1885,2024-06-15
RWA,none,380,2024-06-15
SSD,none,15,2024-06-15
GLP,none,96,2024-06-15
WSM,quarantine,445,2024-06-15
SDN,none,215,2024-06-15
POL,invalid,128,2024-06-15
COK,none,73,2024-06-15
GBR,none,556179,2024-06-15
TWN,reject,2749,2024-06-15
BHR,quarantine,127,2024-06-15
BRA,none,594781,2024-06-15
MDG,none,336,2024-06-15
ECU,quarantine,1116,2024-06-15
CHN,quarantine,7379,2024-06-15
ISL,quarantine,1262,2024-06-15
VNM,reject,4010,2024-06-15
BRN,quarantine,101,2024-06-15
DOM,quarantine,588,2024-06-15
NCL,quarantine,299,2024-06-15
CYM,none,450,2024-06-15
PRI,none,85,2024-06-15
TGO,reject,67,2024-06-15
BRN,none,61,2024-06-15
ISR,none,25449,2024-06-15
BWA,quarantine,206,2024-06-15
NLD,invalid,891,2024-06-15
ISR,reject,1958,2024-06-15
CHL,invalid,42,2024-06-15
,quarantine,55258,2024-06-15
ATF,none,198,2024-06-15
TLS,none,127,2024-06-15
PRT,none,68778,2024-06-15
ROU,reject,16244,2024-06-15
TCA,none,191,2024-06-15
UKR,quarantine,5717,2024-06-15
GIN,none,172,2024-06-15
SOM,none,832,2024-06-15
JEY,quarantine,114,2024-06-15
TZA,reject,329,2024-06-15
SLB,none,101,2024-06-15
HKG,none,11825,2024-06-15
BLZ,quarantine,302,2024-06-15
JOR,none,341,2024-06-15
SGS,reject,102,2024-06-15
SEN,reject,117,2024-06-15
TLS,reject,45,2024-06-15
,invalid,136,2024-06-15
NZL,none,50593,2024-06-15
CAN,reject,24924,2024-06-15
FRA,reject,66960,2024-06-15
THA,none,7783,2024-06-15
TUV,reject,2707,2024-06-15
DNK,reject,83413,2024-06-15
TUV,none,11255,2024-06-15
MLT,none,1482,2024-06-15
GEO,quarantine,837,2024-06-15
MRT,reject,30,2024-06-15
JAM,quarantine,85,2024-06-15
IRL,quarantine,3172,2024-06-15
BWA,reject,158,2024-06-15
MMR,quarantine,143,2024-06-15
TJK,reject,84,2024-06-15
SYC,quarantine,45,2024-06-15
MDA,invalid,3,2024-06-15
VNM,none,8520,2024-06-15
SYC,reject,147,2024-06-15
BEN,quarantine,158,2024-06-15
,reject,70835,2024-06-15
GEO,reject,563,2024-06-15
TCD,reject,38,2024-06-15
HTI,invalid,1,2024-06-15
NGA,none,5372,2024-06-15
LUX,reject,2381,2024-06-15
VAT,none,63,2024-06-15
TUV,quarantine,2145,2024-06-15
JPN,none,203493,2024-06-15
SVN,none,34285,2024-06-15
SDN,reject,52,2024-06-15
FRA,quarantine,78945,2024-06-15
LVA,none,7087,2024-06-15
SRB,none,10639,2024-06-15
GTM,quarantine,67,2024-06-15
TKL,none,679,2024-06-15
URY,reject,860,2024-06-15
COL,none,167616,2024-06-15
GAB,quarantine,214,2024-06-15
PHL,none,6440,2024-06-15
PER,quarantine,1963,2024-06-15
ISR,invalid,20,2024-06-15
MLT,quarantine,344,2024-06-15
MNE,quarantine,10728,2024-06-15
MSR,none,355,2024-06-15
MLI,quarantine,130,2024-06-15
PHL,quarantine,2054,2024-06-15
NCL,reject,171,2024-06-15
VEN,reject,505,2024-06-15
NIC,none,239,2024-06-15
KIR,reject,17,2024-06-15
COD,quarantine,98,2024-06-15
BGR,none,89,2024-06-15
IOT,reject,16225,2024-06-15
BRA,invalid,644,2024-06-15
KEN,reject,812,2024-06-15
USA,invalid,86,2024-06-15
JEY,none,509,2024-06-15
MLI,reject,151,2024-06-15
TCA,reject,73,2024-06-15
GMB,none,133,2024-06-15
TJK,none,204,2024-06-15
FSM,reject,259,2024-06-15
COG,none,140,2024-06-15
SWZ,reject,11,2024-06-15
ZWE,none,2137,2024-06-15
MDA,quarantine,687,2024-06-15
MYT,reject,76,2024-06-15
FLK,reject,37,2024-06-15
GHA,none,239,2024-06-15
MSR,quarantine,127,2024-06-15
UZB,none,6553,2024-06-15
LTU,none,20290,2024-06-15
MLI,none,302,2024-06-15
TWN,invalid,44,2024-06-15
KGZ,none,1095,2024-06-15
SYR,quarantine,105,2024-06-15
CHL,none,81231,2024-06-15
LKA,none,3616,2024-06-15
SWE,reject,22439,2024-06-15
SHN,quarantine,668,2024-06-15
MDA,reject,576,2024-06-15
IRQ,reject,174,2024-06-15
GNB,none,70,2024-06-15
STP,none,574,2024-06-15
HND,quarantine,131,2024-06-15
TKM,none,40,2024-06-15
TUN,quarantine,628,2024-06-15
MOZ,reject,252,2024-06-15
MAR,invalid,6,2024-06-15
LIE,quarantine,2189,2024-06-15
CXR,reject,309,2024-06-15
MKD,reject,500,2024-06-15
SVN,invalid,13,2024-06-15
CAN,quarantine,25269,2024-06-15
BTN,none,33,2024-06-15
DEU,quarantine,124074,2024-06-15
GRL,none,290,2024-06-15
DMA,reject,19,2024-06-15
TWN,none,14854,2024-06-15
LAO,reject,331,2024-06-15
PER,invalid,14,2024-06-15
NZL,reject,10221,2024-06-15
TTO,quarantine,51,2024-06-15
MAC,quarantine,33,2024-06-15
VCT,none,1457,2024-06-15
FSM,none,1087,2024-06-15
MDV,quarantine,200,2024-06-15
CPV,none,419,2024-06-15
BLZ,reject,381,2024-06-15
CYM,reject,136,2024-06-15
BLZ,none,1267,2024-06-15
SEN,quarantine,311,2024-06-15
PNG,none,397,2024-06-15
NRU,reject,19,2024-06-15
NLD,quarantine,194635,2024-06-15
PRT,quarantine,7903,2024-06-15
PHL,reject,2306,2024-06-15
KHM,quarantine,73,2024-06-15
LBN,quarantine,87,2024-06-15
JPN,invalid,26,2024-06-15
BRA,reject,36040,2024-06-15
MNE,invalid,50,2024-06-15
FJI,quarantine,55,2024-06-15
BEN,reject,37,2024-06-15
NIC,reject,278,2024-06-15
BRA,quarantine,49630,2024-06-15
TUR,quarantine,33473,2024-06-15
BOL,none,1096,2024-06-15
PSE,reject,319,2024-06-15
CZE,reject,11941,2024-06-15
LBN,none,246,2024-06-15
CAF,none,173,2024-06-15
CYP,reject,629,2024-06-15
TGO,none,227,2024-06-15
ECU,invalid,7,2024-06-15
TKM,quarantine,40,2024-06-15
HUN,none,120795,2024-06-15
LBY,none,839,2024-06-15
LSO,none,105,2024-06-15
LAO,none,1512,2024-06-15
GRL,quarantine,99,2024-06-15
MDV,none,695,2024-06-15
SGS,quarantine,67,2024-06-15
SUR,reject,80,2024-06-15
DEU,none,779776,2024-06-15
PRY,none,5506,2024-06-15
TON,none,1447,2024-06-15
OMN,quarantine,132,2024-06-15
MYS,quarantine,7171,2024-06-15
ZAF,reject,16030,2024-06-15
DJI,none,107,2024-06-15
COD,reject,66,2024-06-15
CIV,reject,146,2024-06-15
NIU,quarantine,2812,2024-06-15
URY,none,5871,2024-06-15
ISR,quarantine,3410,2024-06-15
WSM,reject,605,2024-06-15
GRC,none,66947,2024-06-15
MDG,quarantine,234,2024-06-15
NPL,quarantine,918,2024-06-15
FRA,invalid,415,2024-06-15
SOM,reject,207,2024-06-15
TGO,quarantine,142,2024-06-15
CHL,quarantine,5407,2024-06-15
NPL,none,3306,2024-06-15
TCA,quarantine,76,2024-06-15
SVK,invalid,13,2024-06-15
PYF,reject,73,2024-06-15
WSM,none,2711,2024-06-15
YEM,none,22,2024-06-15
NLD,reject,253161,2024-06-15
MYS,none,17435,2024-06-15
KWT,reject,150,2024-06-15
KOR,reject,1971,2024-06-15
CHE,invalid,98,2024-06-15
PNG,reject,46,2024-06-15
LUX,invalid,16,2024-06-15
TWN,quarantine,3241,2024-06-15
NCL,none,748,2024-06-15
SAU,quarantine,1190,2024-06-15
ZMB,none,411,2024-06-15
STP,quarantine,228,2024-06-15
PNG,quarantine,120,2024-06-15
VIR,reject,32,2024-06-15
ZAF,none,100300,2024-06-15
IDN,reject,12400,2024-06-15
BLR,reject,1791,2024-06-15
KOR,quarantine,990,2024-06-15
BMU,reject,188,2024-06-15
MSR,reject,273,2024-06-15
CUB,none,71,2024-06-15
ZAF,quarantine,22403,2024-06-15
NIC,quarantine,167,2024-06-15
UGA,reject,205,2024-06-15
ROU,none,101277,2024-06-15
SGP,reject,3743,2024-06-15
WLF,none,110,2024-06-15
SMR,none,122,2024-06-15
PYF,quarantine,81,2024-06-15
PRY,quarantine,1091,2024-06-15
JOR,quarantine,498,2024-06-15
IND,invalid,93,2024-06-15
KHM,none,300,2024-06-15
BMU,quarantine,84,2024-06-15
GRC,quarantine,19867,2024-06-15
MAR,reject,904,2024-06-15
TCD,quarantine,14,2024-06-15
COL,reject,20396,2024-06-15
LVA,quarantine,2516,2024-06-15
TUN,reject,244,2024-06-15
CAN,invalid,222,2024-06-15
FIN,reject,7554,2024-06-15
LSO,quarantine,43,2024-06-15
LUX,quarantine,3505,2024-06-15
THA,quarantine,3814,2024-06-15
BEN,none,848,2024-06-15
MYT,quarantine,200,2024-06-15
HUN,reject,6142,2024-06-15
GGY,reject,728,2024-06-15
GAB,none,191,2024-06-15
LBN,reject,73,2024-06-15
SYR,reject,35,2024-06-15
MMR,none,188,2024-06-15
UGA,quarantine,307,2024-06-15
FIN,quarantine,7613,2024-06-15
SEN,none,576,2024-06-15
WLF,quarantine,56,2024-06-15
MDG,invalid,1,2024-06-15
PYF,none,193,2024-06-15
JPN,reject,11520,2024-06-15
GTM,none,445,2024-06-15
MNG,quarantine,432,2024-06-15
MRT,none,150,2024-06-15
KNA,reject,17,2024-06-15
MWI,none,127,2024-06-15
JAM,reject,66,2024-06-15
HKG,reject,2881,2024-06-15
LTU,invalid,14,2024-06-15
JAM,none,86,2024-06-15
PSE,quarantine,207,2024-06-15
GBR,invalid,637,2024-06-15
SHN,none,1280,2024-06-15
PAK,quarantine,1665,2024-06-15
HND,none,414,2024-06-15
KHM,reject,133,2024-06-15
SWZ,none,63,2024-06-15
SDN,quarantine,31,2024-06-15
EST,none,24354,2024-06-15
TUN,none,1580,2024-06-15
NZL,invalid,46,2024-06-15
CRI,reject,542,2024-06-15
NAM,none,26,2024-06-15
PLW,none,1694,2024-06-15
SLB,reject,45,2024-06-15
WLF,reject,68,2024-06-15
ITA,quarantine,30652,2024-06-15
PAN,reject,418,2024-06-15
QAT,quarantine,330,2024-06-15
VGB,quarantine,54,2024-06-15
CAF,quarantine,65,2024-06-15
GIB,none,258,2024-06-15
CZE,invalid,60,2024-06-15
GNQ,reject,42,2024-06-15
ECU,none,4413,2024-06-15
ZMB,reject,94,2024-06-15
BGR,reject,27,2024-06-15
PSE,none,441,2024-06-15
POL,reject,204269,2024-06-15
MEX,none,62136,2024-06-15
COL,invalid,181,2024-06-15
BTN,quarantine,24,2024-06-15
GHA,reject,74,2024-06-15
TUR,none,60142,2024-06-15
TUR,invalid,85,2024-06-15
MNP,none,23,2024-06-15
CAN,none,191472,2024-06-15
RUS,none,160492,2024-06-15
IMN,quarantine,1650,2024-06-15
IMN,none,1706,2024-06-15
IOT,quarantine,16749,2024-06-15
BHS,none,42,2024-06-15
LAO,quarantine,301,2024-06-15
IMN,reject,596,2024-06-15
FRO,none,523,2024-06-15
NAM,reject,20,2024-06-15
NOR,reject,12331,2024-06-15
SWE,none,64022,2024-06-15
NIU,none,13075,2024-06-15
KEN,none,5632,2024-06-15
MEX,reject,7843,2024-06-15
DZA,reject,379,2024-06-15
USA,none,61374,2024-06-15
IRL,none,22341,2024-06-15
CRI,quarantine,588,2024-06-15
ESP,quarantine,49782,2024-06-15
ETH,none,1830,2024-06-15
SLV,quarantine,236,2024-06-15
BTN,reject,202,2024-06-15
GLP,quarantine,14,2024-06-15
LBR,none,12,2024-06-15
GLP,reject,57,2024-06-15
CPV,quarantine,30,2024-06-15
CHE,reject,63381,2024-06-15
IRN,quarantine,9146,2024-06-15
MAR,none,6409,2024-06-15
CIV,quarantine,589,2024-06-15
LBY,quarantine,330,2024-06-15
FJI,reject,87,2024-06-15
ZWE,reject,269,2024-06-15
CZE,none,115908,2024-06-15
SUR,none,198,2024-06-15
ITA,reject,21248,2024-06-15
CZE,quarantine,19539,2024-06-15
LTU,reject,2233,2024-06-15
MDG,reject,141,2024-06-15
NAM,quarantine,21,2024-06-15
COG,reject,34,2024-06-15
IND,reject,16747,2024-06-15
CCK,reject,4250,2024-06-15
TZA,none,2195,2024-06-15
ZWE,quarantine,218,2024-06-15
GHA,quarantine,125,2024-06-15
MAC,none,258,2024-06-15
GRC,reject,7158,2024-06-15
DOM,none,2217,2024-06-15
SOM,quarantine,178,2024-06-15
MYT,none,247,2024-06-15
BHS,reject,61,2024-06-15
PCN,reject,23,2024-06-15
KOR,none,4726,2024-06-15
QAT,invalid,2,2024-06-15
CYP,invalid,3,2024-06-15
HTI,reject,74,2024-06-15
YEM,reject,22,2024-06-15
GRD,quarantine,28,2024-06-15
HKG,invalid,8,2024-06-15
BHS,quarantine,18,2024-06-15
UKR,invalid,34,2024-06-15
ROU,invalid,31,2024-06-15
CUW,reject,20,2024-06-15
COK,reject,13,2024-06-15
ARE,none,1,2024-06-15
HMD,quarantine,13,2024-06-15
BMU,invalid,1,2024-06-15
IRL,invalid,23,2024-06-15
GGY,invalid,4,2024-06-15
GUF,none,23,2024-06-15
MRT,quarantine,25,2024-06-15
GNQ,quarantine,27,2024-06-15
MNG,invalid,2,2024-06-15
KIR,none,18,2024-06-15
CUW,quarantine,28,2024-06-15
NER,reject,11,2024-06-15
KNA,none,17,2024-06-15
KIR,quarantine,6,2024-06-15
LAO,invalid,3,2024-06-15
COM,none,12,2024-06-15
LCA,quarantine,38,2024-06-15
GUY,invalid,1,2024-06-15
SMR,reject,25,2024-06-15
SLE,quarantine,21,2024-06-15
MLT,invalid,1,2024-06-15
HTI,quarantine,19,2024-06-15
NER,none,40,2024-06-15
DJI,quarantine,32,2024-06-15
GUF,reject,22,2024-06-15
TUV,invalid,8,2024-06-15
LSO,reject,35,2024-06-15
SLE,reject,47,2024-06-15
NOR,invalid,88,2024-06-15
TUN,invalid,18,2024-06-15
YEM,quarantine,10,2024-06-15
CXR,invalid,2,2024-06-15
MNP,reject,34,2024-06-15
URY,invalid,7,2024-06-15
REU,invalid,3,2024-06-15
NRU,quarantine,2,2024-06-15
GUM,none,3,2024-06-15
FIN,invalid,37,2024-06-15
HMD,reject,6,2024-06-15
BGD,none,4,2024-06-15
SOM,invalid,1,2024-06-15
CCK,invalid,20,2024-06-15
ZAF,invalid,38,2024-06-15
SLV,invalid,2,2024-06-15
NFK,quarantine,5,2024-06-15
KEN,invalid,5,2024-06-15
FSM,invalid,1,2024-06-15
ISL,invalid,8,2024-06-15
GHA,invalid,5,2024-06-15
MNP,quarantine,10,2024-06-15
NFK,reject,22,2024-06-15
LVA,invalid,3,2024-06-15
NFK,none,13,2024-06-15
SLB,quarantine,21,2024-06-15
SSD,reject,3,2024-06-15
ARE,reject,8,2024-06-15
COM,quarantine,4,2024-06-15
IRN,invalid,10,2024-06-15
SAU,invalid,4,2024-06-15
GNB,quarantine,8,2024-06-15
PAK,invalid,4,2024-06-15
VCT,invalid,4,2024-06-15
BLR,invalid,2,2024-06-15
NGA,invalid,3,2024-06-15
GIN,quarantine,16,2024-06-15
BGR,quarantine,6,2024-06-15
VIR,quarantine,11,2024-06-15
BTN,invalid,1,2024-06-15
SSD,quarantine,11,2024-06-15
SHN,invalid,5,2024-06-15
HMD,none,13,2024-06-15
JEY,invalid,2,2024-06-15
FLK,none,8,2024-06-15
SRB,invalid,1,2024-06-15
LBR,quarantine,3,2024-06-15
KNA,quarantine,8,2024-06-15
RWA,invalid,1,2024-06-15
ARM,reject,3,2024-06-15
MWI,invalid,1,2024-06-15
GUF,quarantine,3,2024-06-15
TKL,invalid,2,2024-06-15
GNB,reject,3,2024-06-15
LKA,invalid,2,2024-06-15
CYM,invalid,1,2024-06-15
PHL,invalid,3,2024-06-15
PCN,invalid,4,2024-06-15
UZB,invalid,7,2024-06-15
TON,invalid,3,2024-06-15
DOM,invalid,5,2024-06-15
GUM,reject,2,2024-06-15
CRI,invalid,2,2024-06-15
SLE,invalid,1,2024-06-15
PLW,invalid,2,2024-06-15
PCN,quarantine,2,2024-06-15
PRY,invalid,2,2024-06-15
GRL,invalid,2,2024-06-15
COM,reject,6,2024-06-15
LIE,invalid,4,2024-06-15
SLB,invalid,1,2024-06-15
LBR,reject,1,2024-06-15
HRV,invalid,7,2024-06-15
NRU,none,5,2024-06-15
SGP,invalid,8,2024-06-15
NER,invalid,1,2024-06-15
CIV,invalid,3,2024-06-15
GEO,invalid,1,2024-06-15
VUT,invalid,1,2024-06-15
LBN,invalid,1,2024-06-15
LBY,invalid,2,2024-06-15
NPL,invalid,2,2024-06-15
SPM,invalid,1,2024-06-15
PAN,invalid,1,2024-06-15
VEN,invalid,2,2024-06-15
MKD,invalid,1,2024-06-15
MDV,invalid,1,2024-06-15
FJI,invalid,1,2024-06-15
STP,invalid,1,2024-06-15
BWA,invalid,1,2024-06-15
MMR,invalid,1,2024-06-15
EGY,invalid,1,2024-06-15
WSM,invalid,1,2024-06-15
GIN,reject,1,2024-06-15
BOL,invalid,2,2024-06-15
KGZ,invalid,1,2024-06-15
MCO,invalid,1,2024-06-15
HND,invalid,1,2024-06-15
BGD,reject,1,2024-06-15
DZA,invalid,1,2024-06-15
COK,quarantine,1,2024-06-15
MOZ,invalid,1,2024-06-15
BEN,invalid,1,2024-06-15
SGS,invalid,1,2024-06-15
USA,quarantine,9464,2024-07-15
RUS,invalid,140,2024-07-15
UKR,none,20601,2024-07-15
NIU,invalid,25,2024-07-15
ITA,none,737745,2024-07-15
SVK,reject,7462,2024-07-15
SWE,quarantine,12273,2024-07-15
UZB,reject,1073,2024-07-15
SVK,none,55413,2024-07-15
VCT,reject,377,2024-07-15
GBR,quarantine,77772,2024-07-15
USA,reject,14913,2024-07-15
EST,reject,3035,2024-07-15
DEU,invalid,315,2024-07-15
AUT,reject,13692,2024-07-15
SWE,invalid,179,2024-07-15
RUS,quarantine,33118,2024-07-15
CHE,none,144759,2024-07-15
LIE,reject,2107,2024-07-15
GBR,reject,123644,2024-07-15
IRQ,quarantine,72,2024-07-15
CHE,quarantine,152376,2024-07-15
GTM,reject,132,2024-07-15
AUT,none,160188,2024-07-15
DNK,none,52932,2024-07-15
DNK,quarantine,15283,2024-07-15
ITA,invalid,205,2024-07-15
MEX,quarantine,9184,2024-07-15
NLD,none,984703,2024-07-15
DEU,reject,79089,2024-07-15
AUT,invalid,52,2024-07-15
MEX,invalid,61,2024-07-15
AUT,quarantine,14713,2024-07-15
FRA,none,275369,2024-07-15
RUS,reject,32434,2024-07-15
UZB,quarantine,1117,2024-07-15
COL,quarantine,21489,2024-07-15
LIE,none,2775,2024-07-15
EST,quarantine,6738,2024-07-15
NIU,reject,4940,2024-07-15
SVK,quarantine,5727,2024-07-15
FIN,none,38162,2024-07-15
IRQ,none,351,2024-07-15
VCT,quarantine,336,2024-07-15
DNK,invalid,195,2024-07-15
UKR,reject,4371,2024-07-15
GBR,none,548264,2024-07-15
NLD,invalid,892,2024-07-15
UKR,quarantine,5785,2024-07-15
SOM,none,857,2024-07-15
CAN,reject,25515,2024-07-15
FRA,reject,68445,2024-07-15
DNK,reject,84391,2024-07-15
FRA,quarantine,79125,2024-07-15
GTM,quarantine,71,2024-07-15
COL,none,170004,2024-07-15
USA,invalid,91,2024-07-15
UZB,none,6543,2024-07-15
SWE,reject,22836,2024-07-15
IRQ,reject,193,2024-07-15
LIE,quarantine,2220,2024-07-15
CAN,quarantine,26544,2024-07-15
DEU,quarantine,71635,2024-07-15
VCT,none,1505,2024-07-15
NLD,quarantine,197897,2024-07-15
FIN,invalid,38,2024-07-15
CZE,reject,12274,2024-07-15
DEU,none,445549,2024-07-15
NIU,quarantine,2854,2024-07-15
FRA,invalid,421,2024-07-15
SOM,reject,217,2024-07-15
SVK,invalid,13,2024-07-15
NLD,reject,254772,2024-07-15
CHE,invalid,102,2024-07-15
COL,reject,21080,2024-07-15
CAN,invalid,227,2024-07-15
FIN,reject,7669,2024-07-15
FIN,quarantine,7696,2024-07-15
GTM,none,457,2024-07-15
GBR,invalid,622,2024-07-15
EST,none,24458,2024-07-15
NAM,none,27,2024-07-15
ITA,quarantine,30723,2024-07-15
CZE,invalid,62,2024-07-15
MEX,none,63750,2024-07-15
COL,invalid,180,2024-07-15
RUS,none,158996,2024-07-15
CAN,none,194813,2024-07-15
SWE,none,64843,2024-07-15
NIU,none,13166,2024-07-15
MEX,reject,8111,2024-07-15
USA,none,62637,2024-07-15
CHE,reject,106249,2024-07-15
CZE,none,117907,2024-07-15
CZE,quarantine,20615,2024-07-15
ITA,reject,21275,2024-07-15
SOM,quarantine,169,2024-07-15
UKR,invalid,37,2024-07-15
NAM,reject,21,2024-07-15
NAM,quarantine,23,2024-07-15
LIE,invalid,4,2024-07-15
EST,invalid,9,2024-07-15
UZB,invalid,6,2024-07-15
VCT,invalid,4,2024-07-15
SOM,invalid,1,2024-07-15
USA,quarantine,9475,2024-08-15
NGA,quarantine,6640,2024-08-15
UGA,none,712,2024-08-15
RUS,invalid,148,2024-08-15
CCK,none,13476,2024-08-15
NGA,reject,988,2024-08-15
UKR,none,21069,2024-08-15
ESP,reject,16525,2024-08-15
MOZ,quarantine,312,2024-08-15
TON,quarantine,401,2024-08-15
URY,quarantine,1796,2024-08-15
GMB,reject,20,2024-08-15
CHN,none,17711,2024-08-15
BOL,reject,431,2024-08-15
LTU,quarantine,2468,2024-08-15
SPM,reject,202,2024-08-15
NIU,invalid,24,2024-08-15
ITA,none,759866,2024-08-15
GGY,quarantine,724,2024-08-15
KGZ,reject,164,2024-08-15
HUN,quarantine,11517,2024-08-15
HTI,reject,78,2024-08-15
CUB,quarantine,79,2024-08-15
DZA,quarantine,450,2024-08-15
EGY,reject,265,2024-08-15
CYM,quarantine,147,2024-08-15
HTI,none,151,2024-08-15
ZMB,quarantine,124,2024-08-15
MDA,none,4053,2024-08-15
SVK,reject,7609,2024-08-15
NZL,quarantine,10448,2024-08-15
SPM,none,446,2024-08-15
KAZ,none,5341,2024-08-15
SWE,quarantine,12563,2024-08-15
CXR,quarantine,315,2024-08-15
UZB,reject,1089,2024-08-15
SLE,none,120,2024-08-15
CXR,none,636,2024-08-15
KAZ,quarantine,4261,2024-08-15
VNM,quarantine,2441,2024-08-15
MWI,quarantine,33,2024-08-15
MUS,reject,295,2024-08-15
SLV,none,762,2024-08-15
IOT,invalid,123,2024-08-15
IRN,none,34080,2024-08-15
ISL,none,7921,2024-08-15
TKL,quarantine,210,2024-08-15
ETH,reject,52,2024-08-15
TUN,invalid,18,2024-08-15
LCA,reject,91,2024-08-15
SVK,none,55502,2024-08-15
RWA,reject,108,2024-08-15
TKL,reject,371,2024-08-15
PAN,quarantine,229,2024-08-15
VCT,reject,392,2024-08-15
BHR,reject,172,2024-08-15
NOR,none,77666,2024-08-15
POL,quarantine,101248,2024-08-15
DZA,none,696,2024-08-15
LKA,reject,712,2024-08-15
DOM,reject,698,2024-08-15
PAN,none,852,2024-08-15
MTQ,none,28,2024-08-15
POL,none,457339,2024-08-15
GBR,quarantine,84062,2024-08-15
FRO,reject,327,2024-08-15
REU,none,2934,2024-08-15
IDN,quarantine,12767,2024-08-15
VUT,quarantine,20,2024-08-15
USA,reject,15883,2024-08-15
MMR,reject,79,2024-08-15
SPM,quarantine,284,2024-08-15
GRD,quarantine,30,2024-08-15
IDN,none,37679,2024-08-15
KEN,quarantine,10767,2024-08-15
IDN,invalid,30,2024-08-15
STP,reject,307,2024-08-15
TKM,reject,81,2024-08-15
MNE,none,39970,2024-08-15
EST,reject,3079,2024-08-15
GGY,none,2304,2024-08-15
BOL,quarantine,452,2024-08-15
ATF,quarantine,120,2024-08-15
GAB,reject,137,2024-08-15
PRT,invalid,62,2024-08-15
PLW,reject,704,2024-08-15
IOT,none,62678,2024-08-15
ISL,reject,1601,2024-08-15
SXM,none,109,2024-08-15
PER,none,11812,2024-08-15
ROU,quarantine,10197,2024-08-15
ECU,reject,1183,2024-08-15
JEY,reject,205,2024-08-15
DEU,invalid,546,2024-08-15
CIV,none,1443,2024-08-15
EGY,quarantine,209,2024-08-15
ESP,none,182253,2024-08-15
AUT,reject,14098,2024-08-15
SWE,invalid,181,2024-08-15
BHS,quarantine,20,2024-08-15
RUS,quarantine,34633,2024-08-15
SYC,none,236,2024-08-15
GRL,reject,340,2024-08-15
BDI,none,145,2024-08-15
BDI,reject,79,2024-08-15
,none,218359,2024-08-15
PLW,quarantine,661,2024-08-15
SGP,invalid,8,2024-08-15
BDI,quarantine,47,2024-08-15
MCO,none,345,2024-08-15
KEN,invalid,8,2024-08-15
UKR,invalid,38,2024-08-15
THA,reject,1377,2024-08-15
SVN,reject,1961,2024-08-15
ROU,invalid,33,2024-08-15
CPV,reject,61,2024-08-15
PRI,quarantine,38,2024-08-15
RWA,quarantine,194,2024-08-15
CHL,reject,7253,2024-08-15
MLT,reject,398,2024-08-15
FSM,quarantine,249,2024-08-15
IRN,invalid,9,2024-08-15
TUR,reject,5341,2024-08-15
ATF,reject,147,2024-08-15
OMN,reject,290,2024-08-15
LIE,reject,2128,2024-08-15
CHE,none,146702,2024-08-15
PRT,reject,7324,2024-08-15
GIB,reject,60,2024-08-15
REU,reject,620,2024-08-15
BMU,none,280,2024-08-15
FJI,none,190,2024-08-15
BRN,reject,39,2024-08-15
GBR,reject,128228,2024-08-15
IND,none,197179,2024-08-15
MKD,none,2709,2024-08-15
SGP,none,15809,2024-08-15
COD,none,298,2024-08-15
TZA,quarantine,465,2024-08-15
GNQ,none,60,2024-08-15
EGY,none,586,2024-08-15
KWT,quarantine,186,2024-08-15
HMD,quarantine,14,2024-08-15
IRN,reject,5013,2024-08-15
NOR,quarantine,66939,2024-08-15
CUW,none,94,2024-08-15
GRC,invalid,28,2024-08-15
IRQ,quarantine,73,2024-08-15
SUR,quarantine,81,2024-08-15
ARM,none,14,2024-08-15
CHE,quarantine,153496,2024-08-15
SAU,reject,1268,2024-08-15
MAC,reject,43,2024-08-15
MUS,none,930,2024-08-15
SRB,quarantine,1594,2024-08-15
CHN,reject,6007,2024-08-15
CMR,none,512,2024-08-15
BHR,none,216,2024-08-15
GTM,reject,136,2024-08-15
AUT,none,163495,2024-08-15
BWA,none,600,2024-08-15
IRL,invalid,23,2024-08-15
DNK,none,53485,2024-08-15
MKD,quarantine,657,2024-08-15
GEO,none,2689,2024-08-15
JOR,reject,122,2024-08-15
SYR,none,218,2024-08-15
DNK,quarantine,15625,2024-08-15
ITA,invalid,212,2024-08-15
MUS,quarantine,278,2024-08-15
SLV,reject,278,2024-08-15
LKA,quarantine,838,2024-08-15
MOZ,none,1017,2024-08-15
VIR,none,21,2024-08-15
ESP,invalid,101,2024-08-15
CYP,quarantine,642,2024-08-15
GUY,none,196,2024-08-15
MEX,quarantine,9494,2024-08-15
SAU,none,5037,2024-08-15
VEN,quarantine,387,2024-08-15
MAR,quarantine,1201,2024-08-15
MDV,reject,78,2024-08-15
GIB,quarantine,55,2024-08-15
NLD,none,986397,2024-08-15
DEU,reject,148494,2024-08-15
MNG,reject,448,2024-08-15
HRV,quarantine,2206,2024-08-15
MCO,quarantine,83,2024-08-15
CAF,reject,123,2024-08-15
SGP,quarantine,4078,2024-08-15
AUT,invalid,51,2024-08-15
GRD,none,121,2024-08-15
TLS,quarantine,34,2024-08-15
AUT,quarantine,15062,2024-08-15
FRA,none,277078,2024-08-15
CMR,quarantine,227,2024-08-15
PAK,reject,1280,2024-08-15
RUS,reject,34966,2024-08-15
QAT,none,1088,2024-08-15
UZB,quarantine,1103,2024-08-15
OMN,none,396,2024-08-15
PAK,none,9959,2024-08-15
MNE,reject,9722,2024-08-15
VEN,none,1506,2024-08-15
GUY,reject,106,2024-08-15
GUF,none,24,2024-08-15
LBY,reject,221,2024-08-15
MRT,quarantine,25,2024-08-15
MYS,invalid,27,2024-08-15
DJI,reject,39,2024-08-15
SMR,quarantine,25,2024-08-15
CMR,reject,255,2024-08-15
SWZ,quarantine,98,2024-08-15
LVA,reject,3395,2024-08-15
DMA,quarantine,10,2024-08-15
NER,quarantine,34,2024-08-15
LIE,none,2797,2024-08-15
COL,quarantine,21186,2024-08-15
MNG,none,989,2024-08-15
NIU,reject,4938,2024-08-15
EST,quarantine,6876,2024-08-15
KWT,none,244,2024-08-15
TTO,none,159,2024-08-15
CUB,reject,93,2024-08-15
SXM,quarantine,33,2024-08-15
VCT,invalid,4,2024-08-15
TJK,quarantine,49,2024-08-15
MYS,reject,4132,2024-08-15
SVK,quarantine,5839,2024-08-15
CCK,quarantine,5279,2024-08-15
NPL,reject,954,2024-08-15
SVN,quarantine,2356,2024-08-15
VUT,none,130,2024-08-15
TON,reject,578,2024-08-15
BLR,quarantine,1496,2024-08-15
GMB,quarantine,54,2024-08-15
FIN,none,38602,2024-08-15
HRV,reject,2070,2024-08-15
HKG,quarantine,1911,2024-08-15
PRI,reject,161,2024-08-15
JPN,quarantine,22727,2024-08-15
CYP,none,2209,2024-08-15
IRQ,none,398,2024-08-15
KGZ,quarantine,593,2024-08-15
LUX,none,6873,2024-08-15
IRL,reject,3951,2024-08-15
GUY,quarantine,151,2024-08-15
VCT,quarantine,350,2024-08-15
CHN,invalid,205,2024-08-15
SGS,none,177,2024-08-15
IND,quarantine,24655,2024-08-15
HUN,invalid,77,2024-08-15
SHN,reject,748,2024-08-15
PRY,reject,613,2024-08-15
QAT,reject,371,2024-08-15
LCA,none,232,2024-08-15
REU,quarantine,1909,2024-08-15
SXM,reject,87,2024-08-15
KOR,invalid,46,2024-08-15
BLR,none,4745,2024-08-15
KAZ,reject,1359,2024-08-15
CRI,none,1582,2024-08-15
DNK,invalid,201,2024-08-15
VUT,reject,43,2024-08-15
MWI,reject,104,2024-08-15
TTO,reject,102,2024-08-15
FRO,quarantine,155,2024-08-15
COG,quarantine,121,2024-08-15
HND,reject,258,2024-08-15
VGB,reject,76,2024-08-15
KAZ,invalid,13,2024-08-15
HRV,none,34381,2024-08-15
PER,reject,2013,2024-08-15
UKR,reject,4486,2024-08-15
RWA,none,398,2024-08-15
SRB,reject,1706,2024-08-15
SSD,none,16,2024-08-15
WSM,quarantine,478,2024-08-15
SDN,none,223,2024-08-15
COK,none,73,2024-08-15
POL,invalid,129,2024-08-15
GLP,none,92,2024-08-15
GBR,none,583295,2024-08-15
TWN,reject,2899,2024-08-15
BHR,quarantine,129,2024-08-15
HMD,none,13,2024-08-15
BRA,none,616147,2024-08-15
MDG,none,369,2024-08-15
ECU,quarantine,1151,2024-08-15
CHN,quarantine,8361,2024-08-15
CYM,none,462,2024-08-15
BRN,none,65,2024-08-15
VNM,reject,4272,2024-08-15
DOM,quarantine,644,2024-08-15
ISL,quarantine,1318,2024-08-15
TGO,reject,66,2024-08-15
NCL,quarantine,294,2024-08-15
KIR,none,19,2024-08-15
BRN,quarantine,106,2024-08-15
PRI,none,92,2024-08-15
ISR,none,26577,2024-08-15
ISR,reject,2063,2024-08-15
NLD,invalid,897,2024-08-15
BWA,quarantine,247,2024-08-15
CHL,invalid,41,2024-08-15
,quarantine,57280,2024-08-15
ATF,none,210,2024-08-15
TLS,none,122,2024-08-15
GUF,quarantine,3,2024-08-15
ROU,reject,17484,2024-08-15
PRT,none,69690,2024-08-15
UKR,quarantine,5820,2024-08-15
SOM,none,911,2024-08-15
JEY,quarantine,122,2024-08-15
GIN,none,183,2024-08-15
TZA,reject,377,2024-08-15
TCA,none,198,2024-08-15
SLB,none,101,2024-08-15
SGS,reject,105,2024-08-15
HKG,none,12317,2024-08-15
TLS,reject,49,2024-08-15
BLZ,quarantine,325,2024-08-15
JOR,none,347,2024-08-15
SEN,reject,121,2024-08-15
,invalid,135,2024-08-15
CAN,reject,26211,2024-08-15
NZL,none,58193,2024-08-15
CUW,quarantine,31,2024-08-15
FRA,reject,70292,2024-08-15
THA,none,8368,2024-08-15
TUV,reject,2932,2024-08-15
DNK,reject,85123,2024-08-15
TUV,none,11605,2024-08-15
MLT,none,1528,2024-08-15
MRT,reject,30,2024-08-15
GEO,quarantine,886,2024-08-15
MNP,reject,34,2024-08-15
JAM,quarantine,152,2024-08-15
IRL,quarantine,3351,2024-08-15
BWA,reject,170,2024-08-15
MMR,quarantine,152,2024-08-15
TJK,reject,92,2024-08-15
VNM,none,9366,2024-08-15
SYC,reject,152,2024-08-15
BEN,quarantine,160,2024-08-15
,reject,73115,2024-08-15
GEO,reject,581,2024-08-15
NER,reject,15,2024-08-15
TCD,reject,43,2024-08-15
NGA,none,5828,2024-08-15
LUX,reject,2530,2024-08-15
TUV,quarantine,2286,2024-08-15
JPN,none,212412,2024-08-15
SVN,none,34890,2024-08-15
FRA,quarantine,79121,2024-08-15
LVA,none,7366,2024-08-15
SRB,none,10925,2024-08-15
GTM,quarantine,76,2024-08-15
TKL,none,696,2024-08-15
URY,reject,925,2024-08-15
COL,none,175613,2024-08-15
PER,quarantine,2107,2024-08-15
PHL,none,6764,2024-08-15
GAB,quarantine,278,2024-08-15
ISR,invalid,23,2024-08-15
MLT,quarantine,359,2024-08-15
MNE,quarantine,11546,2024-08-15
MLI,quarantine,135,2024-08-15
MSR,none,371,2024-08-15
PHL,quarantine,2125,2024-08-15
NIC,none,264,2024-08-15
VEN,reject,443,2024-08-15
NCL,reject,175,2024-08-15
BGR,none,7201,2024-08-15
COD,quarantine,102,2024-08-15
KIR,reject,18,2024-08-15
IOT,reject,16969,2024-08-15
BRA,invalid,720,2024-08-15
KEN,reject,840,2024-08-15
JEY,none,528,2024-08-15
USA,invalid,92,2024-08-15
TCA,reject,75,2024-08-15
MLI,reject,165,2024-08-15
GMB,none,122,2024-08-15
TJK,none,215,2024-08-15
REU,invalid,4,2024-08-15
FSM,reject,280,2024-08-15
COG,none,145,2024-08-15
ZWE,none,2167,2024-08-15
MDA,quarantine,727,2024-08-15
FLK,reject,36,2024-08-15
GHA,none,257,2024-08-15
MSR,quarantine,136,2024-08-15
LTU,none,21738,2024-08-15
UZB,none,6409,2024-08-15
MLI,none,292,2024-08-15
BOL,invalid,2,2024-08-15
KGZ,none,1095,2024-08-15
SYR,quarantine,109,2024-08-15
CHL,none,83662,2024-08-15
LKA,none,3940,2024-08-15
SWE,reject,23072,2024-08-15
SHN,quarantine,710,2024-08-15
MDA,reject,628,2024-08-15
IRQ,reject,200,2024-08-15
GNB,none,70,2024-08-15
STP,none,598,2024-08-15
HND,quarantine,145,2024-08-15
TKM,none,44,2024-08-15
MOZ,reject,257,2024-08-15
TUN,quarantine,686,2024-08-15
LIE,quarantine,2263,2024-08-15
CXR,reject,317,2024-08-15
MKD,reject,526,2024-08-15
SVN,invalid,13,2024-08-15
CAN,quarantine,27348,2024-08-15
DEU,quarantine,132460,2024-08-15
GRL,none,311,2024-08-15
DMA,reject,19,2024-08-15
TWN,none,15441,2024-08-15
LAO,reject,342,2024-08-15
PER,invalid,15,2024-08-15
NZL,reject,11009,2024-08-15
TTO,quarantine,54,2024-08-15
VCT,none,1579,2024-08-15
FLK,none,7,2024-08-15
FSM,none,1143,2024-08-15
MDV,quarantine,224,2024-08-15
BLZ,reject,398,2024-08-15
CPV,none,416,2024-08-15
CYM,reject,145,2024-08-15
BLZ,none,1313,2024-08-15
SEN,quarantine,329,2024-08-15
PNG,none,399,2024-08-15
NRU,reject,20,2024-08-15
NLD,quarantine,198887,2024-08-15
PRT,quarantine,8282,2024-08-15
PHL,reject,2398,2024-08-15
KHM,quarantine,80,2024-08-15
LBN,quarantine,90,2024-08-15
JPN,invalid,27,2024-08-15
BRA,reject,36964,2024-08-15
MNE,invalid,66,2024-08-15
FJI,quarantine,87,2024-08-15
BEN,reject,37,2024-08-15
FIN,invalid,48,2024-08-15
NIC,reject,284,2024-08-15
BRA,quarantine,52844,2024-08-15
TUR,quarantine,35354,2024-08-15
BOL,none,1175,2024-08-15
PSE,reject,332,2024-08-15
CZE,reject,12534,2024-08-15
LBN,none,256,2024-08-15
CAF,none,181,2024-08-15
LCA,quarantine,44,2024-08-15
CYP,reject,645,2024-08-15
BGR,quarantine,1360,2024-08-15
TGO,none,243,2024-08-15
TKM,quarantine,43,2024-08-15
HUN,none,123618,2024-08-15
LBY,none,842,2024-08-15
LAO,none,1608,2024-08-15
MDV,none,720,2024-08-15
SUR,reject,84,2024-08-15
LSO,none,105,2024-08-15
SGS,quarantine,73,2024-08-15
GRL,quarantine,105,2024-08-15
DEU,none,871679,2024-08-15
PRY,none,5631,2024-08-15
TON,none,1506,2024-08-15
OMN,quarantine,138,2024-08-15
ZAF,reject,16716,2024-08-15
MYS,quarantine,7711,2024-08-15
COD,reject,73,2024-08-15
DJI,none,106,2024-08-15
WSM,reject,576,2024-08-15
NIU,quarantine,2896,2024-08-15
URY,none,6169,2024-08-15
ISR,quarantine,3540,2024-08-15
CIV,reject,150,2024-08-15
GRC,none,68058,2024-08-15
SGS,invalid,1,2024-08-15
MDG,quarantine,240,2024-08-15
HMD,reject,9,2024-08-15
NPL,quarantine,973,2024-08-15
FRA,invalid,416,2024-08-15
SOM,reject,220,2024-08-15
TGO,quarantine,146,2024-08-15
CHL,quarantine,5740,2024-08-15
NPL,none,3448,2024-08-15
TCA,quarantine,81,2024-08-15
WSM,none,2207,2024-08-15
PYF,reject,84,2024-08-15
YEM,none,24,2024-08-15
NLD,reject,257317,2024-08-15
KOR,reject,2049,2024-08-15
CHE,invalid,105,2024-08-15
MYS,none,17806,2024-08-15
KWT,reject,154,2024-08-15
LUX,invalid,18,2024-08-15
TWN,quarantine,3523,2024-08-15
SAU,quarantine,1276,2024-08-15
ZMB,none,428,2024-08-15
NCL,none,756,2024-08-15
STP,quarantine,261,2024-08-15
GHA,invalid,6,2024-08-15
PNG,quarantine,119,2024-08-15
IDN,reject,13857,2024-08-15
ZAF,none,112119,2024-08-15
BLR,reject,1885,2024-08-15
MSR,reject,276,2024-08-15
KOR,quarantine,1056,2024-08-15
BMU,reject,198,2024-08-15
CUB,none,78,2024-08-15
ZAF,quarantine,24875,2024-08-15
UGA,reject,213,2024-08-15
NIC,quarantine,178,2024-08-15
VIR,quarantine,10,2024-08-15
ROU,none,103083,2024-08-15
SGP,reject,3989,2024-08-15
SMR,none,126,2024-08-15
PYF,quarantine,71,2024-08-15
WLF,none,111,2024-08-15
JOR,quarantine,514,2024-08-15
PRY,quarantine,1135,2024-08-15
IND,invalid,119,2024-08-15
KHM,none,313,2024-08-15
BMU,quarantine,88,2024-08-15
GRC,quarantine,21383,2024-08-15
MAR,reject,955,2024-08-15
COL,reject,24439,2024-08-15
LVA,quarantine,2619,2024-08-15
CAN,invalid,232,2024-08-15
TUN,reject,260,2024-08-15
FIN,reject,7871,2024-08-15
NER,none,47,2024-08-15
THA,quarantine,4057,2024-08-15
LUX,quarantine,3687,2024-08-15
DJI,quarantine,33,2024-08-15
BEN,none,823,2024-08-15
MYT,quarantine,205,2024-08-15
GAB,none,188,2024-08-15
HUN,reject,6344,2024-08-15
GGY,reject,756,2024-08-15
LBN,reject,79,2024-08-15
UGA,quarantine,312,2024-08-15
MMR,none,191,2024-08-15
SYR,reject,38,2024-08-15
FIN,quarantine,7820,2024-08-15
SEN,none,631,2024-08-15
WLF,quarantine,57,2024-08-15
PYF,none,197,2024-08-15
MNG,quarantine,469,2024-08-15
JPN,reject,13379,2024-08-15
MRT,none,149,2024-08-15
GTM,none,468,2024-08-15
MWI,none,133,2024-08-15
JAM,reject,73,2024-08-15
KNA,reject,17,2024-08-15
HKG,reject,3034,2024-08-15
PSE,quarantine,184,2024-08-15
GUF,reject,26,2024-08-15
JAM,none,85,2024-08-15
PAK,quarantine,1757,2024-08-15
SHN,none,1361,2024-08-15
GBR,invalid,662,2024-08-15
HND,none,436,2024-08-15
KHM,reject,145,2024-08-15
SDN,quarantine,34,2024-08-15
SWZ,none,68,2024-08-15
EST,none,24739,2024-08-15
TUN,none,2086,2024-08-15
NZL,invalid,50,2024-08-15
KNA,quarantine,8,2024-08-15
CRI,reject,560,2024-08-15
SLB,quarantine,22,2024-08-15
NAM,none,27,2024-08-15
PLW,none,1704,2024-08-15
SLB,reject,46,2024-08-15
DOM,invalid,6,2024-08-15
ITA,quarantine,31954,2024-08-15
QAT,quarantine,327,2024-08-15
PAN,reject,441,2024-08-15
TUV,invalid,9,2024-08-15
GIB,none,264,2024-08-15
CAF,quarantine,67,2024-08-15
CZE,invalid,62,2024-08-15
LSO,reject,36,2024-08-15
GNQ,reject,44,2024-08-15
ECU,none,4708,2024-08-15
ZMB,reject,103,2024-08-15
BGR,reject,1465,2024-08-15
PSE,none,472,2024-08-15
POL,reject,214536,2024-08-15
MEX,none,65266,2024-08-15
COL,invalid,216,2024-08-15
BTN,quarantine,25,2024-08-15
GHA,reject,81,2024-08-15
TUR,none,61177,2024-08-15
TUR,invalid,86,2024-08-15
GUM,reject,3,2024-08-15
SLE,reject,48,2024-08-15
RUS,none,163062,2024-08-15
CAN,none,199839,2024-08-15
IMN,quarantine,1669,2024-08-15
NOR,invalid,99,2024-08-15
IMN,none,2298,2024-08-15
ZAF,invalid,44,2024-08-15
IOT,quarantine,17792,2024-08-15
LAO,quarantine,319,2024-08-15
IMN,reject,603,2024-08-15
FRO,none,534,2024-08-15
NIU,none,13230,2024-08-15
SWE,none,65820,2024-08-15
NOR,reject,12776,2024-08-15
KEN,none,5726,2024-08-15
MEX,reject,8282,2024-08-15
DZA,reject,382,2024-08-15
USA,none,64426,2024-08-15
IRL,none,23518,2024-08-15
CRI,quarantine,616,2024-08-15
ESP,quarantine,65933,2024-08-15
ETH,none,1922,2024-08-15
BTN,reject,199,2024-08-15
SLV,quarantine,243,2024-08-15
LBR,none,12,2024-08-15
GLP,reject,59,2024-08-15
CHE,reject,110349,2024-08-15
MAR,none,6765,2024-08-15
IRN,quarantine,10405,2024-08-15
LBY,quarantine,364,2024-08-15
CIV,quarantine,606,2024-08-15
ZWE,reject,290,2024-08-15
FJI,reject,94,2024-08-15
CZE,none,119207,2024-08-15
SUR,none,209,2024-08-15
LTU,reject,2334,2024-08-15
ITA,reject,22271,2024-08-15
CZE,quarantine,21352,2024-08-15
COG,reject,37,2024-08-15
MDG,reject,144,2024-08-15
CCK,reject,4419,2024-08-15
IND,reject,18111,2024-08-15
TZA,none,2635,2024-08-15
MAC,none,269,2024-08-15
GHA,quarantine,127,2024-08-15
ZWE,quarantine,226,2024-08-15
GRC,reject,7452,2024-08-15
DOM,none,2323,2024-08-15
MYT,none,266,2024-08-15
SOM,quarantine,181,2024-08-15
BHS,reject,65,2024-08-15
PCN,reject,23,2024-08-15
KOR,none,5208,2024-08-15
ETH,quarantine,57,2024-08-15
ARE,reject,8,2024-08-15
GLP,invalid,1,2024-08-15
LIE,invalid,4,2024-08-15
CUW,reject,22,2024-08-15
COK,reject,13,2024-08-15
VGB,none,125,2024-08-15
MEX,invalid,59,2024-08-15
GRD,reject,55,2024-08-15
PCN,none,16,2024-08-15
EST,invalid,10,2024-08-15
GNQ,quarantine,26,2024-08-15
MCO,reject,72,2024-08-15
CIV,invalid,3,2024-08-15
DZA,invalid,2,2024-08-15
PHL,invalid,3,2024-08-15
VAT,none,64,2024-08-15
SDN,reject,54,2024-08-15
MYT,reject,80,2024-08-15
TWN,invalid,40,2024-08-15
NRU,quarantine,2,2024-08-15
MSR,invalid,1,2024-08-15
NRU,none,6,2024-08-15
MAC,quarantine,37,2024-08-15
SMR,reject,26,2024-08-15
SLE,quarantine,22,2024-08-15
SVK,invalid,13,2024-08-15
PNG,reject,46,2024-08-15
VIR,reject,31,2024-08-15
MNP,quarantine,12,2024-08-15
NFK,reject,22,2024-08-15
NFK,none,13,2024-08-15
CCK,invalid,22,2024-08-15
VGB,quarantine,64,2024-08-15
BHS,none,43,2024-08-15
NAM,reject,20,2024-08-15
SSD,quarantine,8,2024-08-15
CPV,quarantine,36,2024-08-15
NFK,quarantine,5,2024-08-15
YEM,reject,25,2024-08-15
VNM,invalid,20,2024-08-15
TCD,none,34,2024-08-15
YEM,quarantine,10,2024-08-15
DMA,none,26,2024-08-15
MNG,invalid,2,2024-08-15
SYC,quarantine,48,2024-08-15
KNA,none,17,2024-08-15
SWZ,reject,12,2024-08-15
BTN,none,32,2024-08-15
SRB,invalid,3,2024-08-15
GIN,quarantine,13,2024-08-15
GUM,quarantine,1,2024-08-15
VUT,invalid,1,2024-08-15
HTI,quarantine,20,2024-08-15
TON,invalid,4,2024-08-15
WLF,reject,66,2024-08-15
GLP,quarantine,14,2024-08-15
NAM,quarantine,23,2024-08-15
LBN,invalid,1,2024-08-15
LBY,invalid,3,2024-08-15
HKG,invalid,11,2024-08-15
NPL,invalid,2,2024-08-15
GGY,invalid,3,2024-08-15
BLR,invalid,1,2024-08-15
SPM,invalid,1,2024-08-15
UZB,invalid,5,2024-08-15
LSO,quarantine,43,2024-08-15
MNP,none,26,2024-08-15
COM,reject,6,2024-08-15
ARM,reject,2,2024-08-15
HRV,invalid,7,2024-08-15
PAN,invalid,1,2024-08-15
VEN,invalid,2,2024-08-15
MKD,invalid,1,2024-08-15
PCN,invalid,4,2024-08-15
MDV,invalid,1,2024-08-15
CYP,invalid,3,2024-08-15
MTQ,quarantine,6,2024-08-15
COM,quarantine,3,2024-08-15
CYM,invalid,1,2024-08-15
MTQ,reject,26,2024-08-15
PAK,invalid,5,2024-08-15
COM,none,14,2024-08-15
LBR,quarantine,3,2024-08-15
ISL,invalid,7,2024-08-15
CRI,invalid,2,2024-08-15
SLE,invalid,1,2024-08-15
PLW,invalid,2,2024-08-15
GNB,quarantine,8,2024-08-15
PCN,quarantine,3,2024-08-15
THA,invalid,2,2024-08-15
PRY,invalid,3,2024-08-15
URY,invalid,6,2024-08-15
GRL,invalid,2,2024-08-15
GUM,none,3,2024-08-15
TCD,quarantine,16,2024-08-15
LTU,invalid,15,2024-08-15
GIN,reject,2,2024-08-15
NER,invalid,1,2024-08-15
MAR,invalid,4,2024-08-15
ECU,invalid,6,2024-08-15
SAU,invalid,4,2024-08-15
GNB,reject,3,2024-08-15
LBR,reject,1,2024-08-15
LKA,invalid,2,2024-08-15
BGD,none,4,2024-08-15
MDA,invalid,3,2024-08-15
HTI,invalid,1,2024-08-15
MDG,invalid,1,2024-08-15
QAT,invalid,2,2024-08-15
ARE,none,1,2024-08-15
BMU,invalid,1,2024-08-15
KIR,quarantine,6,2024-08-15
LAO,invalid,3,2024-08-15
GUY,invalid,1,2024-08-15
MLT,invalid,1,2024-08-15
CXR,invalid,2,2024-08-15
SOM,invalid,1,2024-08-15
SLV,invalid,2,2024-08-15
FSM,invalid,1,2024-08-15
LVA,invalid,4,2024-08-15
SSD,reject,3,2024-08-15
SHN,invalid,5,2024-08-15
JEY,invalid,2,2024-08-15
BHR,invalid,1,2024-08-15
RWA,invalid,1,2024-08-15
TKL,invalid,1,2024-08-15
COK,quarantine,2,2024-08-15
FJI,invalid,1,2024-08-15
NGA,invalid,2,2024-08-15
STP,invalid,1,2024-08-15
BWA,invalid,1,2024-08-15
MMR,invalid,1,2024-08-15
EGY,invalid,2,2024-08-15
WSM,invalid,1,2024-08-15
GUF,invalid,1,2024-08-15
BLZ,invalid,1,2024-08-15
MCO,invalid,1,2024-08-15
HND,invalid,1,2024-08-15
BGD,reject,1,2024-08-15
BGR,invalid,1,2024-08-15
MOZ,invalid,2,2024-08-15
BTN,invalid,1,2024-08-15
USA,quarantine,9760,2024-09-15
NGA,quarantine,7285,2024-09-15
UGA,none,720,2024-09-15
CCK,none,13879,2024-09-15
NGA,reject,1019,2024-09-15
UKR,none,21212,2024-09-15
ESP,reject,16798,2024-09-15
MOZ,quarantine,317,2024-09-15
TON,quarantine,432,2024-09-15
URY,quarantine,1881,2024-09-15
CHN,none,18518,2024-09-15
LTU,quarantine,2535,2024-09-15
BOL,reject,447,2024-09-15
SPM,reject,203,2024-09-15
NIU,invalid,25,2024-09-15
ITA,none,763998,2024-09-15
GGY,quarantine,750,2024-09-15
KGZ,reject,174,2024-09-15
HUN,quarantine,11896,2024-09-15
HTI,none,162,2024-09-15
HTI,reject,79,2024-09-15
DZA,quarantine,462,2024-09-15
CYM,quarantine,149,2024-09-15
EGY,reject,271,2024-09-15
CUB,quarantine,101,2024-09-15
ZMB,quarantine,126,2024-09-15
NZL,quarantine,10493,2024-09-15
SVK,reject,8011,2024-09-15
MDA,none,4086,2024-09-15
SPM,none,450,2024-09-15
KAZ,none,5413,2024-09-15
SWE,quarantine,12922,2024-09-15
UZB,reject,1098,2024-09-15
CXR,quarantine,323,2024-09-15
SLE,none,122,2024-09-15
CXR,none,660,2024-09-15
KAZ,quarantine,4321,2024-09-15
VNM,quarantine,2572,2024-09-15
MUS,reject,304,2024-09-15
MWI,quarantine,37,2024-09-15
IOT,invalid,123,2024-09-15
SLV,none,776,2024-09-15
IRN,none,34001,2024-09-15
ISL,none,8059,2024-09-15
ETH,quarantine,57,2024-09-15
TKL,quarantine,215,2024-09-15
LCA,reject,95,2024-09-15
TUN,invalid,18,2024-09-15
ETH,reject,51,2024-09-15
SVK,none,55814,2024-09-15
PAN,quarantine,232,2024-09-15
RWA,reject,116,2024-09-15
TKL,reject,378,2024-09-15
BHR,reject,181,2024-09-15
VCT,reject,415,2024-09-15
NOR,none,78611,2024-09-15
POL,quarantine,103451,2024-09-15
DZA,none,696,2024-09-15
DOM,reject,655,2024-09-15
LKA,reject,730,2024-09-15
COM,reject,6,2024-09-15
PAN,none,880,2024-09-15
MTQ,none,34,2024-09-15
GBR,quarantine,86556,2024-09-15
POL,none,458592,2024-09-15
REU,none,3006,2024-09-15
IDN,quarantine,12434,2024-09-15
FRO,reject,335,2024-09-15
VUT,quarantine,22,2024-09-15
VNM,invalid,20,2024-09-15
USA,reject,16354,2024-09-15
MMR,reject,81,2024-09-15
GRD,quarantine,31,2024-09-15
SPM,quarantine,291,2024-09-15
KEN,quarantine,10843,2024-09-15
IDN,none,37457,2024-09-15
TCD,none,34,2024-09-15
IDN,invalid,30,2024-09-15
STP,reject,303,2024-09-15
TKM,reject,81,2024-09-15
LIE,invalid,5,2024-09-15
MNE,none,40585,2024-09-15
EST,reject,3210,2024-09-15
BOL,quarantine,458,2024-09-15
GGY,none,2407,2024-09-15
ATF,quarantine,124,2024-09-15
PRT,invalid,63,2024-09-15
GAB,reject,136,2024-09-15
IOT,none,64831,2024-09-15
PLW,reject,711,2024-09-15
ISL,reject,1644,2024-09-15
SXM,none,113,2024-09-15
ROU,quarantine,10342,2024-09-15
PER,none,12195,2024-09-15
ECU,reject,1206,2024-09-15
DEU,invalid,561,2024-09-15
JEY,reject,212,2024-09-15
EGY,invalid,2,2024-09-15
CIV,none,1462,2024-09-15
EGY,quarantine,217,2024-09-15
ESP,none,183356,2024-09-15
AUT,reject,14463,2024-09-15
SWE,invalid,191,2024-09-15
RUS,quarantine,35385,2024-09-15
SYC,none,246,2024-09-15
GRL,reject,346,2024-09-15
BDI,none,151,2024-09-15
BDI,reject,81,2024-09-15
,none,217525,2024-09-15
BDI,quarantine,47,2024-09-15
PLW,quarantine,675,2024-09-15
SGP,invalid,8,2024-09-15
MCO,none,355,2024-09-15
SVN,reject,2001,2024-09-15
THA,reject,1400,2024-09-15
UKR,invalid,39,2024-09-15
CUW,reject,21,2024-09-15
CPV,reject,61,2024-09-15
ROU,invalid,33,2024-09-15
RWA,quarantine,199,2024-09-15
CHL,reject,7455,2024-09-15
FSM,quarantine,260,2024-09-15
MLT,reject,407,2024-09-15
TUR,reject,5528,2024-09-15
OMN,reject,304,2024-09-15
ATF,reject,148,2024-09-15
CHE,none,147996,2024-09-15
LIE,reject,2251,2024-09-15
PRT,reject,7475,2024-09-15
REU,reject,579,2024-09-15
FJI,none,199,2024-09-15
BMU,none,291,2024-09-15
BRN,reject,45,2024-09-15
GIB,reject,60,2024-09-15
IND,none,202615,2024-09-15
GBR,reject,104428,2024-09-15
SGP,none,16134,2024-09-15
TZA,quarantine,478,2024-09-15
MKD,none,2766,2024-09-15
COD,none,303,2024-09-15
GNQ,none,59,2024-09-15
EGY,none,618,2024-09-15
KWT,quarantine,187,2024-09-15
HMD,quarantine,14,2024-09-15
NOR,quarantine,67760,2024-09-15
IRN,reject,5105,2024-09-15
CUW,none,98,2024-09-15
SUR,quarantine,84,2024-09-15
IRQ,quarantine,79,2024-09-15
ARM,none,15,2024-09-15
CHE,quarantine,155200,2024-09-15
SAU,reject,1286,2024-09-15
MAC,reject,44,2024-09-15
SRB,quarantine,1628,2024-09-15
MUS,none,957,2024-09-15
CHN,reject,9430,2024-09-15
BHR,none,231,2024-09-15
CMR,none,550,2024-09-15
GTM,reject,137,2024-09-15
BGR,invalid,1,2024-09-15
AUT,none,162499,2024-09-15
BWA,none,626,2024-09-15
VGB,none,124,2024-09-15
IRL,invalid,24,2024-09-15
GEO,none,2717,2024-09-15
DNK,none,54714,2024-09-15
SYR,none,221,2024-09-15
JOR,reject,126,2024-09-15
MKD,quarantine,669,2024-09-15
DNK,quarantine,15977,2024-09-15
SLV,reject,284,2024-09-15
MUS,quarantine,285,2024-09-15
ITA,invalid,211,2024-09-15
MOZ,none,1070,2024-09-15
CYP,quarantine,666,2024-09-15
GUY,none,206,2024-09-15
LKA,quarantine,845,2024-09-15
DMA,none,26,2024-09-15
ESP,invalid,98,2024-09-15
MEX,quarantine,9765,2024-09-15
MAR,quarantine,1241,2024-09-15
SAU,none,5257,2024-09-15
VEN,quarantine,433,2024-09-15
MDV,reject,83,2024-09-15
GIB,quarantine,57,2024-09-15
NLD,none,964161,2024-09-15
DEU,reject,149368,2024-09-15
MNG,reject,456,2024-09-15
HRV,quarantine,2275,2024-09-15
MCO,quarantine,84,2024-09-15
SGP,quarantine,4185,2024-09-15
GRD,none,124,2024-09-15
CAF,reject,123,2024-09-15
MEX,invalid,61,2024-09-15
AUT,invalid,55,2024-09-15
TLS,quarantine,38,2024-09-15
AUT,quarantine,17741,2024-09-15
FRA,none,278973,2024-09-15
CMR,quarantine,249,2024-09-15
PAK,reject,1326,2024-09-15
RUS,reject,35464,2024-09-15
UZB,quarantine,1160,2024-09-15
QAT,none,1193,2024-09-15
OMN,none,403,2024-09-15
PAK,none,10377,2024-09-15
MNE,reject,9919,2024-09-15
VEN,none,1668,2024-09-15
GUY,reject,102,2024-09-15
GUF,none,25,2024-09-15
LBY,reject,224,2024-09-15
MRT,quarantine,26,2024-09-15
MYS,invalid,27,2024-09-15
DJI,reject,45,2024-09-15
SMR,quarantine,26,2024-09-15
CMR,reject,267,2024-09-15
SWZ,quarantine,111,2024-09-15
LVA,reject,3465,2024-09-15
SHN,invalid,5,2024-09-15
COL,quarantine,22067,2024-09-15
LIE,none,2826,2024-09-15
MNG,none,1004,2024-09-15
GRD,reject,59,2024-09-15
EST,quarantine,7003,2024-09-15
NIU,reject,4972,2024-09-15
TTO,none,162,2024-09-15
KWT,none,259,2024-09-15
CUB,reject,101,2024-09-15
TJK,quarantine,54,2024-09-15
MYS,reject,4214,2024-09-15
GNQ,quarantine,26,2024-09-15
CCK,quarantine,5540,2024-09-15
BLR,quarantine,1529,2024-09-15
TON,reject,556,2024-09-15
SVN,quarantine,2457,2024-09-15
SVK,quarantine,5960,2024-09-15
NPL,reject,980,2024-09-15
VUT,none,139,2024-09-15
GMB,quarantine,55,2024-09-15
FIN,none,39230,2024-09-15
HKG,quarantine,1968,2024-09-15
HRV,reject,2124,2024-09-15
PRI,reject,175,2024-09-15
MCO,reject,74,2024-09-15
JPN,quarantine,23641,2024-09-15
CYP,none,2247,2024-09-15
IRQ,none,438,2024-09-15
KGZ,quarantine,636,2024-09-15
LUX,none,6920,2024-09-15
IRL,reject,4070,2024-09-15
VCT,quarantine,360,2024-09-15
GUY,quarantine,150,2024-09-15
CHN,invalid,144,2024-09-15
IND,quarantine,25357,2024-09-15
PRY,reject,627,2024-09-15
QAT,reject,419,2024-09-15
SGS,none,182,2024-09-15
SHN,reject,761,2024-09-15
LCA,none,274,2024-09-15
HUN,invalid,77,2024-09-15
REU,quarantine,1922,2024-09-15
SXM,reject,88,2024-09-15
KOR,invalid,46,2024-09-15
BLR,none,4787,2024-09-15
KAZ,reject,1441,2024-09-15
CRI,none,1608,2024-09-15
DNK,invalid,209,2024-09-15
VUT,reject,43,2024-09-15
TTO,reject,107,2024-09-15
MWI,reject,107,2024-09-15
HND,reject,269,2024-09-15
VGB,reject,80,2024-09-15
COG,quarantine,123,2024-09-15
FRO,quarantine,154,2024-09-15
DZA,invalid,1,2024-09-15
HRV,none,34627,2024-09-15
PER,reject,2109,2024-09-15
UKR,reject,4569,2024-09-15
SRB,reject,1680,2024-09-15
RWA,none,397,2024-09-15
WSM,quarantine,501,2024-09-15
COK,none,73,2024-09-15
POL,invalid,127,2024-09-15
SDN,none,220,2024-09-15
GLP,none,97,2024-09-15
GBR,none,593032,2024-09-15
TWN,reject,2957,2024-09-15
BHR,quarantine,132,2024-09-15
BRA,none,636642,2024-09-15
ECU,quarantine,1213,2024-09-15
MDG,none,389,2024-09-15
CHN,quarantine,8853,2024-09-15
ISL,quarantine,1363,2024-09-15
CYM,none,477,2024-09-15
DOM,quarantine,652,2024-09-15
NCL,quarantine,313,2024-09-15
VNM,reject,4455,2024-09-15
TGO,reject,69,2024-09-15
BRN,quarantine,111,2024-09-15
BRN,none,69,2024-09-15
KIR,none,19,2024-09-15
ISR,none,27090,2024-09-15
ISR,reject,2121,2024-09-15
NLD,invalid,895,2024-09-15
CHL,invalid,41,2024-09-15
BWA,quarantine,249,2024-09-15
,quarantine,60594,2024-09-15
ATF,none,212,2024-09-15
TLS,none,96,2024-09-15
UKR,quarantine,5863,2024-09-15
PRT,none,70125,2024-09-15
ROU,reject,17938,2024-09-15
GIN,none,190,2024-09-15
SOM,none,961,2024-09-15
TCA,none,201,2024-09-15
TZA,reject,384,2024-09-15
SLB,none,102,2024-09-15
JEY,quarantine,123,2024-09-15
HKG,none,12581,2024-09-15
SGS,reject,105,2024-09-15
JOR,none,354,2024-09-15
TLS,reject,117,2024-09-15
SEN,reject,129,2024-09-15
BLZ,quarantine,327,2024-09-15
,invalid,136,2024-09-15
CAN,reject,26547,2024-09-15
NZL,none,59463,2024-09-15
CUW,quarantine,33,2024-09-15
FRA,reject,71826,2024-09-15
THA,none,8500,2024-09-15
TUV,reject,2968,2024-09-15
DNK,reject,85764,2024-09-15
TUV,none,11688,2024-09-15
MLT,none,1553,2024-09-15
GEO,quarantine,889,2024-09-15
MNP,reject,35,2024-09-15
JAM,quarantine,154,2024-09-15
IRL,quarantine,3401,2024-09-15
MMR,quarantine,150,2024-09-15
TJK,reject,92,2024-09-15
SYC,quarantine,49,2024-09-15
BWA,reject,173,2024-09-15
VNM,none,9879,2024-09-15
BEN,quarantine,169,2024-09-15
SYC,reject,156,2024-09-15
,reject,73970,2024-09-15
GEO,reject,573,2024-09-15
TCD,reject,43,2024-09-15
PHL,invalid,4,2024-09-15
LUX,reject,2617,2024-09-15
NGA,none,6355,2024-09-15
VAT,none,64,2024-09-15
TUV,quarantine,2417,2024-09-15
JPN,none,216034,2024-09-15
SVN,none,35076,2024-09-15
SDN,reject,56,2024-09-15
KNA,none,18,2024-09-15
FRA,quarantine,78886,2024-09-15
SRB,none,10955,2024-09-15
LVA,none,7621,2024-09-15
TKL,none,677,2024-09-15
URY,reject,947,2024-09-15
COL,none,179546,2024-09-15
KIR,quarantine,6,2024-09-15
PHL,none,6944,2024-09-15
PER,quarantine,2146,2024-09-15
GAB,quarantine,304,2024-09-15
MLT,quarantine,367,2024-09-15
MNE,quarantine,12027,2024-09-15
MSR,none,379,2024-09-15
MLI,quarantine,140,2024-09-15
PHL,quarantine,2164,2024-09-15
VEN,reject,520,2024-09-15
NIC,none,279,2024-09-15
NCL,reject,177,2024-09-15
BGR,none,7333,2024-09-15
KIR,reject,19,2024-09-15
COD,quarantine,99,2024-09-15
IOT,reject,16968,2024-09-15
BRA,invalid,729,2024-09-15
MLI,reject,170,2024-09-15
KEN,reject,841,2024-09-15
JEY,none,533,2024-09-15
USA,invalid,99,2024-09-15
TCA,reject,76,2024-09-15
TJK,none,221,2024-09-15
GMB,none,123,2024-09-15
COG,none,149,2024-09-15
FSM,reject,283,2024-09-15
ZWE,none,2188,2024-09-15
MDA,quarantine,736,2024-09-15
MYT,reject,74,2024-09-15
GHA,none,281,2024-09-15
MSR,quarantine,134,2024-09-15
LTU,none,22368,2024-09-15
UZB,none,6570,2024-09-15
MLI,none,298,2024-09-15
TWN,invalid,41,2024-09-15
KGZ,none,1102,2024-09-15
SYR,quarantine,116,2024-09-15
CHL,none,84957,2024-09-15
LKA,none,4091,2024-09-15
SWE,reject,23237,2024-09-15
SHN,quarantine,738,2024-09-15
MDA,reject,638,2024-09-15
IRQ,reject,205,2024-09-15
GNB,none,68,2024-09-15
STP,none,605,2024-09-15
HND,quarantine,147,2024-09-15
TKM,none,44,2024-09-15
TUN,quarantine,707,2024-09-15
MOZ,reject,263,2024-09-15
LIE,quarantine,2290,2024-09-15
CXR,reject,336,2024-09-15
JEY,invalid,1,2024-09-15
MKD,reject,531,2024-09-15
CAN,quarantine,28096,2024-09-15
MOZ,invalid,2,2024-09-15
BTN,none,34,2024-09-15
DEU,quarantine,201160,2024-09-15
GRL,none,322,2024-09-15
TWN,none,15644,2024-09-15
LAO,reject,350,2024-09-15
NZL,reject,11433,2024-09-15
MAC,quarantine,38,2024-09-15
TTO,quarantine,57,2024-09-15
VCT,none,1630,2024-09-15
FSM,none,1154,2024-09-15
MDV,quarantine,234,2024-09-15
BLZ,reject,413,2024-09-15
CYM,reject,147,2024-09-15
CPV,none,461,2024-09-15
BLZ,none,1336,2024-09-15
SEN,quarantine,336,2024-09-15
PNG,none,430,2024-09-15
NLD,quarantine,223872,2024-09-15
PRT,quarantine,8447,2024-09-15
PHL,reject,2427,2024-09-15
KHM,quarantine,82,2024-09-15
LBN,quarantine,92,2024-09-15
GIN,quarantine,16,2024-09-15
JPN,invalid,25,2024-09-15
BRA,reject,37935,2024-09-15
MNE,invalid,58,2024-09-15
FJI,quarantine,104,2024-09-15
BEN,reject,39,2024-09-15
FIN,invalid,46,2024-09-15
COM,none,14,2024-09-15
NIC,reject,299,2024-09-15
BRA,quarantine,54239,2024-09-15
TUR,quarantine,37325,2024-09-15
BOL,none,1224,2024-09-15
PSE,reject,332,2024-09-15
CZE,reject,12871,2024-09-15
CAF,none,189,2024-09-15
LCA,quarantine,45,2024-09-15
LBN,none,283,2024-09-15
TGO,none,244,2024-09-15
BGR,quarantine,1411,2024-09-15
CYP,reject,632,2024-09-15
ECU,invalid,6,2024-09-15
TKM,quarantine,44,2024-09-15
SGS,quarantine,74,2024-09-15
HUN,none,124894,2024-09-15
LBY,none,855,2024-09-15
LAO,none,1656,2024-09-15
MDV,none,722,2024-09-15
GRL,quarantine,105,2024-09-15
LSO,none,107,2024-09-15
SMR,reject,25,2024-09-15
SUR,reject,83,2024-09-15
DEU,none,820129,2024-09-15
PRY,none,5750,2024-09-15
TON,none,1524,2024-09-15
OMN,quarantine,142,2024-09-15
MYS,quarantine,8006,2024-09-15
ZAF,reject,17290,2024-09-15
COD,reject,75,2024-09-15
DJI,none,109,2024-09-15
ISR,quarantine,3605,2024-09-15
URY,none,6390,2024-09-15
NIU,quarantine,3229,2024-09-15
WSM,reject,583,2024-09-15
CIV,reject,158,2024-09-15
GRC,none,68590,2024-09-15
NPL,quarantine,1221,2024-09-15
HMD,reject,9,2024-09-15
MDG,quarantine,246,2024-09-15
FRA,invalid,419,2024-09-15
TGO,quarantine,145,2024-09-15
SOM,reject,220,2024-09-15
SLE,quarantine,26,2024-09-15
CHL,quarantine,5913,2024-09-15
NPL,none,3594,2024-09-15
ISL,invalid,7,2024-09-15
TCA,quarantine,79,2024-09-15
WSM,none,2277,2024-09-15
PYF,reject,86,2024-09-15
NLD,reject,259630,2024-09-15
MYS,none,18100,2024-09-15
KOR,reject,2119,2024-09-15
KWT,reject,162,2024-09-15
CHE,invalid,106,2024-09-15
PNG,reject,51,2024-09-15
LUX,invalid,17,2024-09-15
STP,quarantine,272,2024-09-15
VIR,reject,32,2024-09-15
NCL,none,777,2024-09-15
TWN,quarantine,3643,2024-09-15
ZMB,none,424,2024-09-15
SAU,quarantine,1313,2024-09-15
PNG,quarantine,138,2024-09-15
ZAF,none,117698,2024-09-15
IDN,reject,14417,2024-09-15
BLR,reject,1900,2024-09-15
KOR,quarantine,1070,2024-09-15
MSR,reject,309,2024-09-15
BMU,reject,195,2024-09-15
CUB,none,83,2024-09-15
ZAF,quarantine,26111,2024-09-15
UGA,reject,218,2024-09-15
NIC,quarantine,182,2024-09-15
VIR,quarantine,10,2024-09-15
ROU,none,103955,2024-09-15
WLF,none,110,2024-09-15
SGP,reject,4072,2024-09-15
SMR,none,128,2024-09-15
PYF,quarantine,80,2024-09-15
IND,invalid,120,2024-09-15
PRY,quarantine,1181,2024-09-15
JOR,quarantine,512,2024-09-15
KHM,none,324,2024-09-15
BMU,quarantine,97,2024-09-15
GRC,quarantine,22173,2024-09-15
MAR,reject,987,2024-09-15
COL,reject,30395,2024-09-15
LVA,quarantine,2665,2024-09-15
TUN,reject,266,2024-09-15
CAN,invalid,241,2024-09-15
FIN,reject,7909,2024-09-15
LSO,quarantine,45,2024-09-15
NER,none,47,2024-09-15
LUX,quarantine,3766,2024-09-15
THA,quarantine,4180,2024-09-15
MNP,quarantine,15,2024-09-15
NFK,reject,22,2024-09-15
BEN,none,863,2024-09-15
MYT,quarantine,212,2024-09-15
HUN,reject,6428,2024-09-15
GGY,reject,757,2024-09-15
GAB,none,191,2024-09-15
LBN,reject,82,2024-09-15
UGA,quarantine,331,2024-09-15
SYR,reject,39,2024-09-15
MMR,none,204,2024-09-15
FIN,quarantine,7991,2024-09-15
SEN,none,647,2024-09-15
PYF,none,204,2024-09-15
JPN,reject,13600,2024-09-15
GTM,none,477,2024-09-15
MNG,quarantine,491,2024-09-15
MRT,none,154,2024-09-15
MWI,none,135,2024-09-15
LVA,invalid,4,2024-09-15
HKG,reject,3121,2024-09-15
PSE,quarantine,201,2024-09-15
JAM,none,91,2024-09-15
NFK,none,13,2024-09-15
GUF,reject,25,2024-09-15
LTU,invalid,15,2024-09-15
PAK,quarantine,1833,2024-09-15
SHN,none,1393,2024-09-15
GBR,invalid,660,2024-09-15
HND,none,445,2024-09-15
KHM,reject,144,2024-09-15
SDN,quarantine,39,2024-09-15
EST,none,24981,2024-09-15
TUN,none,2731,2024-09-15
NZL,invalid,51,2024-09-15
CRI,reject,596,2024-09-15
NAM,none,33,2024-09-15
SLB,quarantine,21,2024-09-15
CCK,invalid,22,2024-09-15
PLW,none,1701,2024-09-15
WLF,reject,70,2024-09-15
ITA,quarantine,32655,2024-09-15
PAN,reject,458,2024-09-15
QAT,quarantine,355,2024-09-15
VGB,quarantine,65,2024-09-15
LSO,reject,34,2024-09-15
GIB,none,264,2024-09-15
GNQ,reject,43,2024-09-15
CAF,quarantine,68,2024-09-15
CZE,invalid,63,2024-09-15
ECU,none,4808,2024-09-15
ZMB,reject,107,2024-09-15
BGR,reject,1512,2024-09-15
PSE,none,481,2024-09-15
POL,reject,230656,2024-09-15
MEX,none,66425,2024-09-15
GHA,reject,86,2024-09-15
COL,invalid,246,2024-09-15
BTN,quarantine,27,2024-09-15
TUR,none,62090,2024-09-15
TUR,invalid,87,2024-09-15
SLE,reject,50,2024-09-15
MNP,none,24,2024-09-15
RUS,none,164035,2024-09-15
CAN,none,204416,2024-09-15
IMN,none,2592,2024-09-15
IMN,quarantine,1677,2024-09-15
ZAF,invalid,44,2024-09-15
NOR,invalid,101,2024-09-15
IOT,quarantine,18269,2024-09-15
LAO,quarantine,325,2024-09-15
BHS,none,43,2024-09-15
IMN,reject,603,2024-09-15
FRO,none,543,2024-09-15
NAM,reject,20,2024-09-15
NOR,reject,13041,2024-09-15
SWE,none,67040,2024-09-15
NIU,none,13049,2024-09-15
MEX,reject,8533,2024-09-15
DZA,reject,412,2024-09-15
KEN,none,5889,2024-09-15
SSD,quarantine,7,2024-09-15
IRL,none,24039,2024-09-15
USA,none,66349,2024-09-15
CRI,quarantine,626,2024-09-15
ETH,none,1934,2024-09-15
ESP,quarantine,67571,2024-09-15
SLV,quarantine,246,2024-09-15
CPV,quarantine,36,2024-09-15
BTN,reject,218,2024-09-15
GLP,reject,59,2024-09-15
GLP,quarantine,14,2024-09-15
CHE,reject,131454,2024-09-15
MAR,none,6908,2024-09-15
IRN,quarantine,10789,2024-09-15
LBY,quarantine,381,2024-09-15
CIV,quarantine,608,2024-09-15
ZWE,reject,293,2024-09-15
FJI,reject,97,2024-09-15
CZE,none,121079,2024-09-15
SUR,none,217,2024-09-15
CZE,quarantine,22110,2024-09-15
ITA,reject,22666,2024-09-15
LTU,reject,2387,2024-09-15
COG,reject,40,2024-09-15
MDG,reject,146,2024-09-15
CCK,reject,4498,2024-09-15
IND,reject,17717,2024-09-15
TZA,none,2694,2024-09-15
MAC,none,272,2024-09-15
GHA,quarantine,145,2024-09-15
ZWE,quarantine,237,2024-09-15
GRC,reject,7693,2024-09-15
DOM,none,2401,2024-09-15
SOM,quarantine,179,2024-09-15
MYT,none,273,2024-09-15
PCN,reject,22,2024-09-15
KOR,none,5372,2024-09-15
RUS,invalid,147,2024-09-15
GMB,reject,20,2024-09-15
ARE,reject,8,2024-09-15
COM,quarantine,4,2024-09-15
PRI,quarantine,40,2024-09-15
GRC,invalid,31,2024-09-15
MTQ,reject,26,2024-09-15
NER,quarantine,33,2024-09-15
VCT,invalid,4,2024-09-15
KAZ,invalid,12,2024-09-15
HMD,none,13,2024-09-15
PRI,none,91,2024-09-15
MRT,reject,31,2024-09-15
GTM,quarantine,77,2024-09-15
ISR,invalid,24,2024-09-15
LAO,invalid,3,2024-09-15
HRV,invalid,6,2024-09-15
FLK,reject,40,2024-09-15
SVN,invalid,13,2024-09-15
PER,invalid,16,2024-09-15
NRU,reject,23,2024-09-15
TCD,quarantine,16,2024-09-15
DJI,quarantine,33,2024-09-15
BGD,none,5,2024-09-15
JAM,reject,75,2024-09-15
SWZ,none,68,2024-09-15
SLB,reject,46,2024-09-15
LBR,none,13,2024-09-15
NAM,quarantine,23,2024-09-15
BHS,reject,67,2024-09-15
LBN,invalid,1,2024-09-15
YEM,reject,28,2024-09-15
LBY,invalid,3,2024-09-15
HKG,invalid,9,2024-09-15
BHS,quarantine,22,2024-09-15
KEN,invalid,7,2024-09-15
COK,reject,13,2024-09-15
YEM,quarantine,10,2024-09-15
NPL,invalid,2,2024-09-15
VIR,none,22,2024-09-15
GGY,invalid,3,2024-09-15
DMA,quarantine,12,2024-09-15
BLR,invalid,2,2024-09-15
SWZ,reject,12,2024-09-15
SPM,invalid,1,2024-09-15
UZB,invalid,5,2024-09-15
WLF,quarantine,54,2024-09-15
KNA,quarantine,7,2024-09-15
CYP,invalid,3,2024-09-15
NFK,quarantine,5,2024-09-15
SAU,invalid,4,2024-09-15
GNB,reject,3,2024-09-15
PCN,none,16,2024-09-15
SXM,quarantine,36,2024-09-15
EST,invalid,10,2024-09-15
LBR,reject,1,2024-09-15
NRU,none,7,2024-09-15
DMA,reject,20,2024-09-15
FLK,none,7,2024-09-15
LKA,invalid,2,2024-09-15
YEM,none,27,2024-09-15
PCN,invalid,4,2024-09-15
HTI,quarantine,19,2024-09-15
KNA,reject,19,2024-09-15
PLW,invalid,2,2024-09-15
GNB,quarantine,8,2024-09-15
NER,reject,16,2024-09-15
GHA,invalid,5,2024-09-15
SSD,reject,3,2024-09-15
IRN,invalid,9,2024-09-15
SSD,none,10,2024-09-15
REU,invalid,4,2024-09-15
SRB,invalid,3,2024-09-15
LBR,quarantine,3,2024-09-15
MTQ,quarantine,8,2024-09-15
PCN,quarantine,3,2024-09-15
COK,quarantine,2,2024-09-15
DOM,invalid,6,2024-09-15
CRI,invalid,2,2024-09-15
RWA,invalid,1,2024-09-15
ARM,reject,2,2024-09-15
GUF,quarantine,2,2024-09-15
MDA,invalid,3,2024-09-15
MAR,invalid,4,2024-09-15
TKL,invalid,1,2024-09-15
PAK,invalid,5,2024-09-15
THA,invalid,2,2024-09-15
PRY,invalid,3,2024-09-15
URY,invalid,6,2024-09-15
GRL,invalid,2,2024-09-15
GUM,none,3,2024-09-15
SVK,invalid,9,2024-09-15
MNG,invalid,2,2024-09-15
IMN,invalid,1,2024-09-15
GUM,quarantine,1,2024-09-15
VUT,invalid,1,2024-09-15
TON,invalid,4,2024-09-15
TUV,invalid,9,2024-09-15
BEN,invalid,1,2024-09-15
BOL,invalid,2,2024-09-15
SGS,invalid,1,2024-09-15
GUM,reject,3,2024-09-15
GIN,reject,2,2024-09-15
NER,invalid,1,2024-09-15
BTN,invalid,1,2024-09-15
CYM,invalid,1,2024-09-15
SLE,invalid,1,2024-09-15
PAN,invalid,1,2024-09-15
VEN,invalid,2,2024-09-15
MKD,invalid,1,2024-09-15
MDV,invalid,1,2024-09-15
ZMB,invalid,1,2024-09-15
SOM,invalid,2,2024-09-15
GLP,invalid,1,2024-09-15
CIV,invalid,3,2024-09-15
NRU,quarantine,2,2024-09-15
MSR,invalid,1,2024-09-15
HTI,invalid,1,2024-09-15
MDG,invalid,1,2024-09-15
FJI,invalid,1,2024-09-15
NGA,invalid,2,2024-09-15
STP,invalid,1,2024-09-15
BWA,invalid,1,2024-09-15
ARE,none,1,2024-09-15
BMU,invalid,1,2024-09-15
GUY,invalid,1,2024-09-15
MLT,invalid,1,2024-09-15
MMR,invalid,1,2024-09-15
WSM,invalid,1,2024-09-15
GUF,invalid,1,2024-09-15
QAT,invalid,1,2024-09-15
CXR,invalid,2,2024-09-15
KGZ,invalid,1,2024-09-15
SLV,invalid,2,2024-09-15
BLZ,invalid,1,2024-09-15
MCO,invalid,1,2024-09-15
FSM,invalid,1,2024-09-15
HND,invalid,1,2024-09-15
BGD,reject,1,2024-09-15
USA,quarantine,9919,2024-10-15
NGA,quarantine,7031,2024-10-15
RUS,invalid,143,2024-10-15
UGA,none,725,2024-10-15
CCK,none,14345,2024-10-15
NGA,reject,1047,2024-10-15
UKR,none,21445,2024-10-15
ESP,reject,17410,2024-10-15
MOZ,quarantine,324,2024-10-15
TON,quarantine,437,2024-10-15
URY,quarantine,1976,2024-10-15
CHN,none,18253,2024-10-15
LTU,quarantine,2591,2024-10-15
BOL,reject,464,2024-10-15
SPM,reject,206,2024-10-15
ITA,none,771573,2024-10-15
KGZ,reject,184,2024-10-15
GGY,quarantine,774,2024-10-15
HUN,quarantine,12302,2024-10-15
DZA,quarantine,473,2024-10-15
CUB,quarantine,104,2024-10-15
EGY,reject,286,2024-10-15
ZMB,quarantine,134,2024-10-15
HTI,none,170,2024-10-15
CYM,quarantine,150,2024-10-15
HTI,reject,80,2024-10-15
SVK,reject,8343,2024-10-15
MDA,none,4145,2024-10-15
NZL,quarantine,10758,2024-10-15
SPM,none,456,2024-10-15
UZB,reject,1106,2024-10-15
SWE,quarantine,13322,2024-10-15
KAZ,none,5442,2024-10-15
SLE,none,119,2024-10-15
CXR,quarantine,338,2024-10-15
CXR,none,671,2024-10-15
BIH,quarantine,990,2024-10-15
SSD,reject,4,2024-10-15
YEM,reject,28,2024-10-15
KAZ,quarantine,4606,2024-10-15
VNM,quarantine,2610,2024-10-15
MUS,reject,305,2024-10-15
SLV,none,764,2024-10-15
IOT,invalid,116,2024-10-15
IRN,none,34349,2024-10-15
ISL,none,8191,2024-10-15
LCA,reject,96,2024-10-15
ETH,reject,55,2024-10-15
TKL,quarantine,210,2024-10-15
ETH,quarantine,58,2024-10-15
TUN,invalid,18,2024-10-15
SVK,none,56022,2024-10-15
ARE,reject,2914,2024-10-15
AND,quarantine,146,2024-10-15
PAN,quarantine,235,2024-10-15
TKL,reject,397,2024-10-15
RWA,reject,129,2024-10-15
VCT,reject,384,2024-10-15
BHR,reject,192,2024-10-15
NOR,none,79293,2024-10-15
POL,quarantine,103085,2024-10-15
DZA,none,704,2024-10-15
DOM,reject,661,2024-10-15
LKA,reject,742,2024-10-15
PAN,none,910,2024-10-15
MTQ,none,32,2024-10-15
GBR,quarantine,89029,2024-10-15
POL,none,461414,2024-10-15
IDN,quarantine,13047,2024-10-15
REU,none,3087,2024-10-15
FRO,reject,335,2024-10-15
VUT,quarantine,24,2024-10-15
VNM,invalid,23,2024-10-15
USA,reject,16699,2024-10-15
SPM,quarantine,297,2024-10-15
MMR,reject,79,2024-10-15
GRD,quarantine,32,2024-10-15
IDN,none,38352,2024-10-15
KEN,quarantine,10330,2024-10-15
ATG,quarantine,313,2024-10-15
IDN,invalid,27,2024-10-15
TCD,none,36,2024-10-15
STP,reject,307,2024-10-15
TKM,reject,81,2024-10-15
BGD,quarantine,770,2024-10-15
MNE,none,41689,2024-10-15
GGY,none,2465,2024-10-15
EST,reject,3293,2024-10-15
BOL,quarantine,455,2024-10-15
ATF,quarantine,124,2024-10-15
GAB,reject,137,2024-10-15
PRT,invalid,61,2024-10-15
IOT,none,66999,2024-10-15
PLW,reject,703,2024-10-15
ISL,reject,1672,2024-10-15
SXM,none,118,2024-10-15
ROU,quarantine,10508,2024-10-15
PER,none,12444,2024-10-15
ECU,reject,1225,2024-10-15
DEU,invalid,613,2024-10-15
JEY,reject,216,2024-10-15
CIV,none,1464,2024-10-15
EGY,quarantine,227,2024-10-15
ESP,none,185886,2024-10-15
BEL,reject,34057,2024-10-15
AUT,reject,20634,2024-10-15
ARM,reject,564,2024-10-15
SWE,invalid,200,2024-10-15
BHS,quarantine,23,2024-10-15
COM,quarantine,3,2024-10-15
RUS,quarantine,36194,2024-10-15
BDI,reject,83,2024-10-15
GRL,reject,352,2024-10-15
BDI,none,150,2024-10-15
SYC,none,254,2024-10-15
,none,220030,2024-10-15
PLW,quarantine,667,2024-10-15
BDI,quarantine,48,2024-10-15
MCO,none,363,2024-10-15
ASM,reject,306,2024-10-15
THA,reject,1448,2024-10-15
SVN,reject,2061,2024-10-15
BGD,invalid,2,2024-10-15
ROU,invalid,34,2024-10-15
CUW,reject,21,2024-10-15
CPV,reject,62,2024-10-15
UKR,invalid,40,2024-10-15
PRI,quarantine,40,2024-10-15
RWA,quarantine,195,2024-10-15
CHL,reject,7627,2024-10-15
MLT,reject,435,2024-10-15
IRN,invalid,10,2024-10-15
FSM,quarantine,275,2024-10-15
ATF,reject,153,2024-10-15
OMN,reject,326,2024-10-15
TUR,reject,5713,2024-10-15
CHE,none,149456,2024-10-15
REU,reject,598,2024-10-15
LIE,reject,2263,2024-10-15
ARE,none,14619,2024-10-15
PRT,reject,7651,2024-10-15
BMU,none,300,2024-10-15
BRN,reject,45,2024-10-15
FJI,none,201,2024-10-15
COK,reject,13,2024-10-15
GIB,reject,63,2024-10-15
GBR,reject,106240,2024-10-15
IND,none,209948,2024-10-15
MKD,none,2806,2024-10-15
SGP,none,16516,2024-10-15
AZE,none,3372,2024-10-15
AGO,quarantine,279,2024-10-15
TZA,quarantine,476,2024-10-15
COD,none,307,2024-10-15
GNQ,none,59,2024-10-15
KWT,quarantine,190,2024-10-15
EGY,none,636,2024-10-15
SAU,invalid,6,2024-10-15
NOR,quarantine,68217,2024-10-15
IRN,reject,5169,2024-10-15
GRC,invalid,33,2024-10-15
CUW,none,102,2024-10-15
ALB,quarantine,1496,2024-10-15
ALA,none,419,2024-10-15
SUR,quarantine,85,2024-10-15
IRQ,quarantine,81,2024-10-15
ARM,none,3167,2024-10-15
CHE,quarantine,157114,2024-10-15
AFG,none,471,2024-10-15
SAU,reject,1349,2024-10-15
MAC,reject,49,2024-10-15
AIA,none,26395,2024-10-15
SRB,quarantine,1686,2024-10-15
MUS,none,983,2024-10-15
CHN,reject,11071,2024-10-15
YEM,quarantine,11,2024-10-15
BHR,none,239,2024-10-15
CMR,none,566,2024-10-15
GTM,reject,143,2024-10-15
AUT,none,163823,2024-10-15
BWA,none,623,2024-10-15
VGB,none,124,2024-10-15
IRL,invalid,25,2024-10-15
MKD,quarantine,693,2024-10-15
DNK,none,55606,2024-10-15
GEO,none,2785,2024-10-15
SYR,none,224,2024-10-15
ALA,reject,127,2024-10-15
JOR,reject,138,2024-10-15
DNK,quarantine,16299,2024-10-15
ITA,invalid,211,2024-10-15
SLV,reject,282,2024-10-15
MTQ,reject,29,2024-10-15
MUS,quarantine,291,2024-10-15
GNB,quarantine,8,2024-10-15
LKA,quarantine,836,2024-10-15
CYP,quarantine,675,2024-10-15
MOZ,none,1065,2024-10-15
ESP,invalid,98,2024-10-15
DMA,none,28,2024-10-15
GUY,none,219,2024-10-15
MEX,quarantine,9994,2024-10-15
SAU,none,5478,2024-10-15
GIB,quarantine,59,2024-10-15
MAR,quarantine,1277,2024-10-15
MDV,reject,83,2024-10-15
VEN,quarantine,440,2024-10-15
NLD,none,967693,2024-10-15
DEU,reject,391771,2024-10-15
MNG,reject,473,2024-10-15
HRV,quarantine,2369,2024-10-15
MCO,quarantine,86,2024-10-15
SGP,quarantine,4309,2024-10-15
CAF,reject,124,2024-10-15
GRD,none,129,2024-10-15
MEX,invalid,62,2024-10-15
TLS,quarantine,34,2024-10-15
AUT,quarantine,18109,2024-10-15
AFG,reject,103,2024-10-15
FRA,none,281159,2024-10-15
CMR,quarantine,255,2024-10-15
PAK,reject,1342,2024-10-15
RUS,reject,34693,2024-10-15
UZB,quarantine,1133,2024-10-15
QAT,none,1217,2024-10-15
OMN,none,419,2024-10-15
PAK,none,10719,2024-10-15
MNE,reject,10166,2024-10-15
VEN,none,1676,2024-10-15
AIA,reject,4791,2024-10-15
GUY,reject,105,2024-10-15
GUF,none,26,2024-10-15
PAK,invalid,4,2024-10-15
LBY,reject,227,2024-10-15
MRT,quarantine,28,2024-10-15
CMR,reject,271,2024-10-15
SWZ,quarantine,114,2024-10-15
LVA,reject,3506,2024-10-15
NER,quarantine,36,2024-10-15
COL,quarantine,22604,2024-10-15
LIE,none,2852,2024-10-15
ATG,none,1020,2024-10-15
MNG,none,1021,2024-10-15
GRD,reject,59,2024-10-15
EST,quarantine,7147,2024-10-15
NIU,reject,5010,2024-10-15
KWT,none,272,2024-10-15
TTO,none,166,2024-10-15
CUB,reject,102,2024-10-15
SXM,quarantine,37,2024-10-15
ARM,quarantine,641,2024-10-15
TJK,quarantine,55,2024-10-15
VCT,invalid,4,2024-10-15
MYS,reject,4256,2024-10-15
GNQ,quarantine,26,2024-10-15
CCK,quarantine,5866,2024-10-15
TON,reject,561,2024-10-15
SVN,quarantine,2556,2024-10-15
SVK,quarantine,6116,2024-10-15
BLR,quarantine,1592,2024-10-15
NPL,reject,1006,2024-10-15
GMB,quarantine,58,2024-10-15
VUT,none,145,2024-10-15
FIN,none,39868,2024-10-15
HKG,quarantine,1995,2024-10-15
HRV,reject,2214,2024-10-15
PRI,reject,171,2024-10-15
MCO,reject,85,2024-10-15
JPN,quarantine,24286,2024-10-15
CYP,none,2278,2024-10-15
IRQ,none,493,2024-10-15
KGZ,quarantine,669,2024-10-15
LUX,none,7013,2024-10-15
GUY,quarantine,151,2024-10-15
VCT,quarantine,361,2024-10-15
IRL,reject,4196,2024-10-15
ATG,reject,433,2024-10-15
CHN,invalid,23,2024-10-15
IND,quarantine,25983,2024-10-15
SHN,reject,779,2024-10-15
PRY,reject,639,2024-10-15
LCA,none,309,2024-10-15
SGS,none,188,2024-10-15
QAT,reject,449,2024-10-15
HUN,invalid,76,2024-10-15
REU,quarantine,1950,2024-10-15
KOR,invalid,48,2024-10-15
ASM,quarantine,923,2024-10-15
SXM,reject,85,2024-10-15
BLR,none,4832,2024-10-15
CRI,none,1622,2024-10-15
KAZ,reject,1495,2024-10-15
DNK,invalid,211,2024-10-15
ALA,quarantine,114,2024-10-15
ARG,quarantine,7790,2024-10-15
MWI,reject,116,2024-10-15
VUT,reject,43,2024-10-15
TTO,reject,106,2024-10-15
FRO,quarantine,172,2024-10-15
VGB,reject,78,2024-10-15
HND,reject,276,2024-10-15
COG,quarantine,123,2024-10-15
HRV,none,34957,2024-10-15
UKR,reject,4635,2024-10-15
PER,reject,2155,2024-10-15
SRB,reject,1712,2024-10-15
RWA,none,408,2024-10-15
SSD,none,13,2024-10-15
WSM,quarantine,510,2024-10-15
SDN,none,195,2024-10-15
COK,none,73,2024-10-15
BFA,quarantine,149,2024-10-15
GLP,none,97,2024-10-15
POL,invalid,129,2024-10-15
AUS,none,310278,2024-10-15
GBR,none,606920,2024-10-15
TWN,reject,3031,2024-10-15
AIA,invalid,41,2024-10-15
BIH,reject,503,2024-10-15
BHR,quarantine,131,2024-10-15
BRA,none,646900,2024-10-15
ECU,quarantine,1262,2024-10-15
MDG,none,398,2024-10-15
CHN,quarantine,8786,2024-10-15
VNM,reject,4513,2024-10-15
DOM,quarantine,668,2024-10-15
ISL,quarantine,1383,2024-10-15
BRN,none,71,2024-10-15
NCL,quarantine,320,2024-10-15
CYM,none,487,2024-10-15
BRN,quarantine,109,2024-10-15
KIR,none,18,2024-10-15
PRI,none,95,2024-10-15
TGO,reject,70,2024-10-15
ISR,none,27684,2024-10-15
NLD,invalid,912,2024-10-15
ISR,reject,2156,2024-10-15
BWA,quarantine,247,2024-10-15
CHL,invalid,43,2024-10-15
,quarantine,57826,2024-10-15
TLS,none,96,2024-10-15
ATF,none,217,2024-10-15
PRT,none,70695,2024-10-15
ROU,reject,18507,2024-10-15
UKR,quarantine,5951,2024-10-15
SLB,none,104,2024-10-15
TZA,reject,409,2024-10-15
SOM,none,999,2024-10-15
TCA,none,205,2024-10-15
JEY,quarantine,125,2024-10-15
GIN,none,190,2024-10-15
SGS,reject,105,2024-10-15
HKG,none,12728,2024-10-15
JOR,none,353,2024-10-15
SEN,reject,133,2024-10-15
TLS,reject,125,2024-10-15
BLZ,quarantine,333,2024-10-15
AFG,invalid,1,2024-10-15
,invalid,133,2024-10-15
NZL,none,61512,2024-10-15
CAN,reject,27106,2024-10-15
FRA,reject,73465,2024-10-15
TUV,reject,3193,2024-10-15
THA,none,8521,2024-10-15
DNK,reject,86715,2024-10-15
TUV,none,12094,2024-10-15
GEO,quarantine,926,2024-10-15
MLT,none,1591,2024-10-15
MRT,reject,33,2024-10-15
JAM,quarantine,160,2024-10-15
TJK,reject,95,2024-10-15
IRL,quarantine,3476,2024-10-15
BWA,reject,181,2024-10-15
MMR,quarantine,154,2024-10-15
VNM,none,10156,2024-10-15
SYC,reject,157,2024-10-15
BEN,quarantine,128,2024-10-15
ATA,none,7,2024-10-15
,reject,82451,2024-10-15
GEO,reject,576,2024-10-15
BRB,quarantine,47,2024-10-15
TCD,reject,43,2024-10-15
LUX,reject,2701,2024-10-15
NGA,none,6705,2024-10-15
VAT,none,65,2024-10-15
TUV,quarantine,2436,2024-10-15
JPN,none,221457,2024-10-15
SVN,none,35381,2024-10-15
SDN,reject,85,2024-10-15
KNA,none,18,2024-10-15
SRB,none,11167,2024-10-15
FRA,quarantine,78721,2024-10-15
LVA,none,7781,2024-10-15
GTM,quarantine,79,2024-10-15
TKL,none,676,2024-10-15
URY,reject,956,2024-10-15
COL,none,183273,2024-10-15
PHL,none,7116,2024-10-15
PER,quarantine,2196,2024-10-15
ISR,invalid,24,2024-10-15
GAB,quarantine,321,2024-10-15
MLT,quarantine,375,2024-10-15
MNE,quarantine,12300,2024-10-15
MSR,none,381,2024-10-15
ALB,reject,1099,2024-10-15
MLI,quarantine,135,2024-10-15
VEN,reject,534,2024-10-15
PHL,quarantine,2214,2024-10-15
NCL,reject,175,2024-10-15
NIC,none,277,2024-10-15
BGR,none,7479,2024-10-15
COD,quarantine,102,2024-10-15
IOT,reject,17274,2024-10-15
BRA,invalid,729,2024-10-15
ALB,none,2308,2024-10-15
KEN,reject,867,2024-10-15
TCA,reject,76,2024-10-15
MLI,reject,175,2024-10-15
JEY,none,544,2024-10-15
USA,invalid,106,2024-10-15
ASM,none,1048,2024-10-15
GMB,none,130,2024-10-15
TJK,none,226,2024-10-15
FSM,reject,292,2024-10-15
COG,none,148,2024-10-15
MDA,quarantine,765,2024-10-15
ZWE,none,2221,2024-10-15
MYT,reject,81,2024-10-15
FLK,reject,41,2024-10-15
GHA,none,274,2024-10-15
MSR,quarantine,145,2024-10-15
LTU,none,23026,2024-10-15
UZB,none,6606,2024-10-15
MLI,none,298,2024-10-15
TWN,invalid,41,2024-10-15
KGZ,none,1125,2024-10-15
SYR,quarantine,131,2024-10-15
CHL,none,85462,2024-10-15
LKA,none,4222,2024-10-15
SWE,reject,23661,2024-10-15
SHN,quarantine,777,2024-10-15
IRQ,reject,213,2024-10-15
MDA,reject,647,2024-10-15
BGD,reject,444,2024-10-15
GNB,none,73,2024-10-15
HND,quarantine,151,2024-10-15
STP,none,620,2024-10-15
AND,reject,72,2024-10-15
TKM,none,47,2024-10-15
AUS,reject,51389,2024-10-15
TUN,quarantine,729,2024-10-15
MOZ,reject,268,2024-10-15
CXR,reject,337,2024-10-15
LIE,quarantine,2323,2024-10-15
AZE,quarantine,1103,2024-10-15
MKD,reject,542,2024-10-15
SVN,invalid,13,2024-10-15
CAN,quarantine,28771,2024-10-15
AUS,quarantine,58668,2024-10-15
BTN,none,35,2024-10-15
DEU,quarantine,205800,2024-10-15
AZE,reject,1237,2024-10-15
GRL,none,350,2024-10-15
TWN,none,16523,2024-10-15
LAO,reject,355,2024-10-15
PER,invalid,16,2024-10-15
NZL,reject,11729,2024-10-15
TTO,quarantine,57,2024-10-15
VCT,none,1664,2024-10-15
FSM,none,1191,2024-10-15
MDV,quarantine,242,2024-10-15
BLZ,reject,414,2024-10-15
CPV,none,466,2024-10-15
CYM,reject,148,2024-10-15
BLZ,none,1351,2024-10-15
SEN,quarantine,340,2024-10-15
NRU,reject,23,2024-10-15
PNG,none,434,2024-10-15
NLD,quarantine,221436,2024-10-15
PRT,quarantine,8650,2024-10-15
PHL,reject,2445,2024-10-15
LBN,quarantine,89,2024-10-15
KHM,quarantine,85,2024-10-15
JPN,invalid,26,2024-10-15
GIN,quarantine,16,2024-10-15
BRA,reject,38292,2024-10-15
FJI,quarantine,109,2024-10-15
BEN,reject,42,2024-10-15
NIC,reject,303,2024-10-15
TUR,quarantine,38528,2024-10-15
AIA,quarantine,5585,2024-10-15
BRA,quarantine,55097,2024-10-15
BOL,none,1228,2024-10-15
PSE,reject,335,2024-10-15
CZE,reject,13311,2024-10-15
CAF,none,191,2024-10-15
AFG,quarantine,58,2024-10-15
LBN,none,286,2024-10-15
TGO,none,239,2024-10-15
BGR,quarantine,1443,2024-10-15
CYP,reject,655,2024-10-15
ECU,invalid,5,2024-10-15
TKM,quarantine,43,2024-10-15
ARM,invalid,15,2024-10-15
HUN,none,126362,2024-10-15
LBY,none,863,2024-10-15
LAO,none,1696,2024-10-15
LSO,none,110,2024-10-15
MDV,none,736,2024-10-15
GRL,quarantine,109,2024-10-15
SUR,reject,85,2024-10-15
SGS,quarantine,75,2024-10-15
DEU,none,834004,2024-10-15
PRY,none,5763,2024-10-15
TON,none,1544,2024-10-15
OMN,quarantine,138,2024-10-15
ZAF,reject,17906,2024-10-15
MYS,quarantine,8219,2024-10-15
BIH,none,6573,2024-10-15
AGO,reject,303,2024-10-15
DJI,none,106,2024-10-15
COD,reject,77,2024-10-15
URY,none,6480,2024-10-15
NIU,quarantine,3160,2024-10-15
ISR,quarantine,3636,2024-10-15
WSM,reject,579,2024-10-15
CIV,reject,168,2024-10-15
GRC,none,69427,2024-10-15
NPL,quarantine,1224,2024-10-15
BFA,none,144,2024-10-15
MDG,quarantine,261,2024-10-15
TGO,quarantine,148,2024-10-15
SOM,reject,219,2024-10-15
FRA,invalid,413,2024-10-15
SLE,quarantine,28,2024-10-15
CHL,quarantine,5987,2024-10-15
NPL,none,3642,2024-10-15
AND,none,242,2024-10-15
TCA,quarantine,80,2024-10-15
WSM,none,2406,2024-10-15
PYF,reject,86,2024-10-15
NLD,reject,261211,2024-10-15
MYS,none,18375,2024-10-15
KOR,reject,2162,2024-10-15
CHE,invalid,104,2024-10-15
KWT,reject,175,2024-10-15
BRB,none,80,2024-10-15
ARG,none,77864,2024-10-15
TWN,quarantine,3693,2024-10-15
STP,quarantine,279,2024-10-15
SAU,quarantine,1330,2024-10-15
NCL,none,792,2024-10-15
ZMB,none,446,2024-10-15
PNG,quarantine,137,2024-10-15
ZAF,none,126568,2024-10-15
BLR,reject,1962,2024-10-15
IDN,reject,14519,2024-10-15
BMU,reject,196,2024-10-15
KOR,quarantine,1118,2024-10-15
MSR,reject,303,2024-10-15
HTI,quarantine,20,2024-10-15
CUB,none,83,2024-10-15
ZAF,quarantine,26546,2024-10-15
UGA,reject,230,2024-10-15
NIC,quarantine,188,2024-10-15
ROU,none,104921,2024-10-15
ARG,reject,5067,2024-10-15
SGP,reject,4159,2024-10-15
PYF,quarantine,82,2024-10-15
WLF,none,113,2024-10-15
SMR,none,131,2024-10-15
JOR,quarantine,520,2024-10-15
PRY,quarantine,1185,2024-10-15
IND,invalid,128,2024-10-15
KHM,none,321,2024-10-15
BMU,quarantine,99,2024-10-15
ARG,invalid,67,2024-10-15
GRC,quarantine,23049,2024-10-15
MAR,reject,993,2024-10-15
COL,reject,33961,2024-10-15
LVA,quarantine,2721,2024-10-15
TUN,reject,278,2024-10-15
CAN,invalid,246,2024-10-15
FIN,reject,8065,2024-10-15
LSO,quarantine,46,2024-10-15
NER,none,50,2024-10-15
LUX,quarantine,3862,2024-10-15
THA,quarantine,4329,2024-10-15
AGO,none,4384,2024-10-15
BEN,none,799,2024-10-15
BGD,none,1903,2024-10-15
MYT,quarantine,215,2024-10-15
HUN,reject,6494,2024-10-15
GGY,reject,766,2024-10-15
GAB,none,189,2024-10-15
LBN,reject,93,2024-10-15
MMR,none,200,2024-10-15
UGA,quarantine,299,2024-10-15
SYR,reject,39,2024-10-15
FIN,quarantine,8224,2024-10-15
SEN,none,658,2024-10-15
WLF,quarantine,58,2024-10-15
PYF,none,209,2024-10-15
JPN,reject,13652,2024-10-15
GTM,none,478,2024-10-15
MNG,quarantine,497,2024-10-15
MRT,none,159,2024-10-15
MWI,none,139,2024-10-15
JAM,reject,75,2024-10-15
HKG,reject,3155,2024-10-15
PSE,quarantine,214,2024-10-15
GUF,reject,26,2024-10-15
JAM,none,97,2024-10-15
LTU,invalid,17,2024-10-15
SHN,none,1420,2024-10-15
HND,none,447,2024-10-15
PAK,quarantine,1889,2024-10-15
GBR,invalid,705,2024-10-15
SDN,quarantine,42,2024-10-15
KHM,reject,146,2024-10-15
SWZ,none,68,2024-10-15
EST,none,25318,2024-10-15
TUN,none,2732,2024-10-15
NZL,invalid,50,2024-10-15
CRI,reject,603,2024-10-15
NAM,none,31,2024-10-15
PLW,none,1694,2024-10-15
SLB,reject,44,2024-10-15
WLF,reject,73,2024-10-15
ITA,quarantine,30491,2024-10-15
QAT,quarantine,362,2024-10-15
PAN,reject,468,2024-10-15
TUV,invalid,9,2024-10-15
VGB,quarantine,65,2024-10-15
ARE,quarantine,2981,2024-10-15
CAF,quarantine,68,2024-10-15
LSO,reject,36,2024-10-15
GIB,none,266,2024-10-15
CZE,invalid,63,2024-10-15
GNQ,reject,43,2024-10-15
BEL,none,170008,2024-10-15
ECU,none,4881,2024-10-15
ZMB,reject,107,2024-10-15
BGR,reject,1558,2024-10-15
BTN,invalid,1,2024-10-15
PSE,none,498,2024-10-15
POL,reject,232670,2024-10-15
MEX,none,67764,2024-10-15
COL,invalid,228,2024-10-15
GHA,reject,86,2024-10-15
TUR,none,62526,2024-10-15
SLE,reject,50,2024-10-15
TUR,invalid,90,2024-10-15
MNP,none,25,2024-10-15
RUS,none,166239,2024-10-15
CAN,none,211023,2024-10-15
IMN,quarantine,1690,2024-10-15
IMN,none,2876,2024-10-15
AUS,invalid,427,2024-10-15
NOR,invalid,99,2024-10-15
IOT,quarantine,18619,2024-10-15
LAO,quarantine,359,2024-10-15
BHS,none,44,2024-10-15
FRO,none,553,2024-10-15
IMN,reject,607,2024-10-15
ABW,none,60,2024-10-15
NAM,reject,20,2024-10-15
NIU,none,13170,2024-10-15
NOR,reject,13356,2024-10-15
SWE,none,68250,2024-10-15
KEN,none,5947,2024-10-15
MEX,reject,8665,2024-10-15
DZA,reject,434,2024-10-15
SSD,quarantine,8,2024-10-15
IRL,none,24552,2024-10-15
USA,none,68565,2024-10-15
CRI,quarantine,649,2024-10-15
ESP,quarantine,69065,2024-10-15
ETH,none,1938,2024-10-15
SLV,quarantine,245,2024-10-15
GLP,reject,60,2024-10-15
GLP,quarantine,13,2024-10-15
BTN,reject,223,2024-10-15
CPV,quarantine,44,2024-10-15
IRN,quarantine,11350,2024-10-15
CHE,reject,133423,2024-10-15
MAR,none,7125,2024-10-15
ZWE,reject,304,2024-10-15
CIV,quarantine,611,2024-10-15
LBY,quarantine,401,2024-10-15
FJI,reject,97,2024-10-15
CZE,none,122973,2024-10-15
SUR,none,224,2024-10-15
CZE,quarantine,22911,2024-10-15
ITA,reject,23146,2024-10-15
LTU,reject,2449,2024-10-15
NAM,quarantine,25,2024-10-15
MDG,reject,150,2024-10-15
CCK,reject,4606,2024-10-15
TZA,none,2731,2024-10-15
IND,reject,17999,2024-10-15
ZWE,quarantine,245,2024-10-15
MAC,none,273,2024-10-15
GHA,quarantine,141,2024-10-15
GRC,reject,7597,2024-10-15
BEL,quarantine,34137,2024-10-15
DOM,none,2421,2024-10-15
MYT,none,278,2024-10-15
SOM,quarantine,185,2024-10-15
BHS,reject,67,2024-10-15
KOR,none,5554,2024-10-15
BEL,invalid,268,2024-10-15
GMB,reject,20,2024-10-15
MWI,quarantine,36,2024-10-15
VIR,none,22,2024-10-15
AUT,invalid,56,2024-10-15
DJI,reject,43,2024-10-15
GNB,reject,3,2024-10-15
DMA,quarantine,11,2024-10-15
PCN,none,16,2024-10-15
EST,invalid,9,2024-10-15
GUF,quarantine,2,2024-10-15
CUW,quarantine,34,2024-10-15
SYC,quarantine,49,2024-10-15
NER,reject,16,2024-10-15
URY,invalid,6,2024-10-15
KIR,reject,19,2024-10-15
COK,quarantine,2,2024-10-15
ABW,quarantine,21,2024-10-15
DMA,reject,20,2024-10-15
MNE,invalid,65,2024-10-15
FIN,invalid,47,2024-10-15
LKA,invalid,1,2024-10-15
SMR,reject,25,2024-10-15
ISL,invalid,7,2024-10-15
YEM,none,28,2024-10-15
PNG,reject,51,2024-10-15
VIR,quarantine,10,2024-10-15
TCD,quarantine,16,2024-10-15
NFK,reject,22,2024-10-15
KNA,reject,19,2024-10-15
SLB,quarantine,22,2024-10-15
BTN,quarantine,28,2024-10-15
ZAF,invalid,44,2024-10-15
COG,reject,41,2024-10-15
PCN,reject,22,2024-10-15
NIU,invalid,26,2024-10-15
GLP,invalid,1,2024-10-15
LIE,invalid,5,2024-10-15
ASM,invalid,4,2024-10-15
ABW,reject,19,2024-10-15
SGP,invalid,8,2024-10-15
MYS,invalid,26,2024-10-15
CIV,invalid,3,2024-10-15
BFA,reject,20,2024-10-15
MNP,reject,36,2024-10-15
PHL,invalid,4,2024-10-15
NRU,quarantine,2,2024-10-15
MSR,invalid,1,2024-10-15
NRU,none,8,2024-10-15
MAC,quarantine,39,2024-10-15
LCA,quarantine,47,2024-10-15
HMD,reject,9,2024-10-15
SVK,invalid,9,2024-10-15
VIR,reject,32,2024-10-15
DJI,quarantine,34,2024-10-15
MNP,quarantine,17,2024-10-15
NFK,none,13,2024-10-15
CCK,invalid,20,2024-10-15
DOM,invalid,6,2024-10-15
LBR,none,13,2024-10-15
NFK,quarantine,5,2024-10-15
HKG,invalid,8,2024-10-15
SHN,invalid,5,2024-10-15
KAZ,invalid,14,2024-10-15
HMD,none,13,2024-10-15
REU,invalid,4,2024-10-15
ARE,invalid,11,2024-10-15
FLK,none,8,2024-10-15
SRB,invalid,3,2024-10-15
LBR,quarantine,3,2024-10-15
LUX,invalid,16,2024-10-15
KNA,quarantine,7,2024-10-15
CYP,invalid,3,2024-10-15
MTQ,quarantine,8,2024-10-15
CYM,invalid,1,2024-10-15
SMR,quarantine,25,2024-10-15
COM,none,13,2024-10-15
PAN,invalid,2,2024-10-15
AZE,invalid,5,2024-10-15
PCN,invalid,4,2024-10-15
TON,invalid,4,2024-10-15
GUM,reject,3,2024-10-15
CRI,invalid,2,2024-10-15
SLE,invalid,1,2024-10-15
COM,reject,6,2024-10-15
BRB,reject,29,2024-10-15
GGY,invalid,3,2024-10-15
ATA,reject,5,2024-10-15
HRV,invalid,6,2024-10-15
SWZ,reject,12,2024-10-15
VEN,invalid,2,2024-10-15
MKD,invalid,1,2024-10-15
GHA,invalid,5,2024-10-15
MDV,invalid,1,2024-10-15
ZMB,invalid,1,2024-10-15
LBY,invalid,3,2024-10-15
KEN,invalid,7,2024-10-15
MOZ,invalid,1,2024-10-15
BEN,invalid,1,2024-10-15
HMD,quarantine,14,2024-10-15
BOL,invalid,2,2024-10-15
SGS,invalid,1,2024-10-15
THA,invalid,2,2024-10-15
LBR,reject,2,2024-10-15
MDA,invalid,3,2024-10-15
HTI,invalid,1,2024-10-15
MDG,invalid,1,2024-10-15
PCN,quarantine,2,2024-10-15
GIN,reject,2,2024-10-15
NER,invalid,1,2024-10-15
MAR,invalid,4,2024-10-15
PRY,invalid,3,2024-10-15
FJI,invalid,1,2024-10-15
KIR,quarantine,6,2024-10-15
NGA,invalid,2,2024-10-15
GUM,none,3,2024-10-15
UZB,invalid,5,2024-10-15
BWA,invalid,1,2024-10-15
BMU,invalid,1,2024-10-15
MNG,invalid,2,2024-10-15
BIH,invalid,4,2024-10-15
LAO,invalid,3,2024-10-15
GUY,invalid,1,2024-10-15
MLT,invalid,1,2024-10-15
PLW,invalid,2,2024-10-15
WSM,invalid,2,2024-10-15
NPL,invalid,2,2024-10-15
MMR,invalid,1,2024-10-15
EGY,invalid,2,2024-10-15
GUF,invalid,1,2024-10-15
LVA,invalid,4,2024-10-15
QAT,invalid,1,2024-10-15
CXR,invalid,2,2024-10-15
SOM,invalid,1,2024-10-15
SLV,invalid,2,2024-10-15
BLZ,invalid,1,2024-10-15
RWA,invalid,1,2024-10-15
ALB,invalid,2,2024-10-15
TKL,invalid,1,2024-10-15
GEO,invalid,1,2024-10-15
FSM,invalid,1,2024-10-15
HND,invalid,1,2024-10-15
GRL,invalid,2,2024-10-15
IMN,invalid,1,2024-10-15
GUM,quarantine,1,2024-10-15
VUT,invalid,1,2024-10-15
BGR,invalid,1,2024-10-15
DZA,invalid,1,2024-10-15
JEY,invalid,1,2024-10-15
LBN,invalid,1,2024-10-15
BLR,invalid,1,2024-10-15
SPM,invalid,1,2024-10-15
NGA,quarantine,6717,2024-11-15
RUS,invalid,147,2024-11-15
USA,quarantine,10170,2024-11-15
UGA,none,798,2024-11-15
CCK,none,14782,2024-11-15
NGA,reject,1065,2024-11-15
UKR,none,21484,2024-11-15
ESP,reject,17839,2024-11-15
TON,quarantine,457,2024-11-15
MOZ,quarantine,324,2024-11-15
URY,quarantine,2033,2024-11-15
GMB,reject,20,2024-11-15
CHN,none,17397,2024-11-15
LTU,quarantine,2630,2024-11-15
SPM,reject,208,2024-11-15
BOL,reject,477,2024-11-15
NIU,invalid,25,2024-11-15
ITA,none,779390,2024-11-15
GGY,quarantine,809,2024-11-15
KGZ,reject,199,2024-11-15
HUN,quarantine,12713,2024-11-15
HTI,reject,79,2024-11-15
ZMB,quarantine,137,2024-11-15
EGY,reject,294,2024-11-15
HTI,none,202,2024-11-15
DZA,quarantine,492,2024-11-15
CYM,quarantine,152,2024-11-15
CUB,quarantine,89,2024-11-15
SVK,reject,8697,2024-11-15
NZL,quarantine,10967,2024-11-15
MDA,none,4251,2024-11-15
SPM,none,468,2024-11-15
NFK,quarantine,5,2024-11-15
SWE,quarantine,13690,2024-11-15
UZB,reject,1120,2024-11-15
KAZ,none,5581,2024-11-15
SLE,none,122,2024-11-15
CXR,quarantine,351,2024-11-15
BIH,quarantine,1011,2024-11-15
CXR,none,696,2024-11-15
SSD,reject,4,2024-11-15
YEM,reject,26,2024-11-15
KAZ,quarantine,4605,2024-11-15
VNM,quarantine,2674,2024-11-15
MUS,reject,314,2024-11-15
MWI,quarantine,38,2024-11-15
SLV,none,793,2024-11-15
IOT,invalid,119,2024-11-15
IRN,none,34810,2024-11-15
ISL,none,8452,2024-11-15
TKL,quarantine,211,2024-11-15
ETH,quarantine,57,2024-11-15
ETH,reject,56,2024-11-15
LCA,reject,100,2024-11-15
SVK,none,56293,2024-11-15
ARE,reject,3021,2024-11-15
TKL,reject,393,2024-11-15
PAN,quarantine,238,2024-11-15
AND,quarantine,175,2024-11-15
RWA,reject,125,2024-11-15
BHR,reject,194,2024-11-15
VCT,reject,436,2024-11-15
POL,quarantine,104974,2024-11-15
NOR,none,80832,2024-11-15
DZA,none,730,2024-11-15
DOM,reject,671,2024-11-15
LKA,reject,755,2024-11-15
PAN,none,930,2024-11-15
POL,none,463992,2024-11-15
GBR,quarantine,91765,2024-11-15
IDN,quarantine,13861,2024-11-15
REU,none,3141,2024-11-15
FRO,reject,343,2024-11-15
VUT,quarantine,25,2024-11-15
USA,reject,16927,2024-11-15
SPM,quarantine,304,2024-11-15
GRD,quarantine,40,2024-11-15
MMR,reject,82,2024-11-15
IDN,none,40584,2024-11-15
KEN,quarantine,9987,2024-11-15
ATG,quarantine,323,2024-11-15
TCD,none,31,2024-11-15
IDN,invalid,28,2024-11-15
STP,reject,308,2024-11-15
BGD,quarantine,752,2024-11-15
TKM,reject,82,2024-11-15
MNE,none,42815,2024-11-15
GGY,none,2541,2024-11-15
EST,reject,3387,2024-11-15
BOL,quarantine,459,2024-11-15
ATF,quarantine,125,2024-11-15
GAB,reject,140,2024-11-15
PRT,invalid,46,2024-11-15
IOT,none,69322,2024-11-15
ISL,reject,1687,2024-11-15
PLW,reject,688,2024-11-15
SXM,none,120,2024-11-15
HKG,invalid,10,2024-11-15
ROU,quarantine,11090,2024-11-15
PER,none,13108,2024-11-15
JEY,reject,224,2024-11-15
ECU,reject,1244,2024-11-15
DEU,invalid,648,2024-11-15
EGY,quarantine,237,2024-11-15
CIV,none,1474,2024-11-15
ESP,none,188909,2024-11-15
AUT,reject,21029,2024-11-15
BEL,reject,34871,2024-11-15
SWE,invalid,210,2024-11-15
ARM,reject,572,2024-11-15
BHS,quarantine,22,2024-11-15
RUS,quarantine,36977,2024-11-15
SYC,none,258,2024-11-15
GRL,reject,363,2024-11-15
BDI,none,157,2024-11-15
BDI,reject,88,2024-11-15
,none,223486,2024-11-15
PLW,quarantine,665,2024-11-15
BDI,quarantine,50,2024-11-15
ASM,reject,316,2024-11-15
MCO,none,367,2024-11-15
SVN,reject,2125,2024-11-15
THA,reject,1477,2024-11-15
CPV,reject,53,2024-11-15
UKR,invalid,41,2024-11-15
CUW,reject,21,2024-11-15
RWA,quarantine,195,2024-11-15
PRI,quarantine,42,2024-11-15
CHL,reject,7815,2024-11-15
IRN,invalid,13,2024-11-15
FSM,quarantine,282,2024-11-15
MLT,reject,447,2024-11-15
TUR,reject,5871,2024-11-15
OMN,reject,337,2024-11-15
ATF,reject,154,2024-11-15
CHE,none,151181,2024-11-15
ARE,none,15431,2024-11-15
REU,reject,635,2024-11-15
PRT,reject,7774,2024-11-15
BRN,reject,44,2024-11-15
LIE,reject,2300,2024-11-15
BMU,none,313,2024-11-15
GIB,reject,63,2024-11-15
FJI,none,212,2024-11-15
IND,none,216577,2024-11-15
GBR,reject,108337,2024-11-15
AZE,none,3474,2024-11-15
SGP,none,16818,2024-11-15
TZA,quarantine,490,2024-11-15
MKD,none,2892,2024-11-15
COD,none,318,2024-11-15
AGO,quarantine,272,2024-11-15
GNQ,none,58,2024-11-15
EGY,none,665,2024-11-15
KWT,quarantine,193,2024-11-15
NOR,quarantine,68851,2024-11-15
IRN,reject,5233,2024-11-15
CUW,none,127,2024-11-15
IRQ,quarantine,84,2024-11-15
ALB,quarantine,1610,2024-11-15
ALA,none,430,2024-11-15
SUR,quarantine,87,2024-11-15
ARM,none,3340,2024-11-15
CHE,quarantine,158692,2024-11-15
AFG,none,477,2024-11-15
SAU,reject,1410,2024-11-15
MAC,reject,49,2024-11-15
AIA,none,28306,2024-11-15
SRB,quarantine,1755,2024-11-15
MUS,none,1008,2024-11-15
CHN,reject,11078,2024-11-15
CMR,none,583,2024-11-15
GTM,reject,152,2024-11-15
BHR,none,255,2024-11-15
AUT,none,165171,2024-11-15
BWA,none,639,2024-11-15
VGB,none,130,2024-11-15
DNK,none,57229,2024-11-15
GEO,none,2854,2024-11-15
MKD,quarantine,722,2024-11-15
ALA,reject,129,2024-11-15
SYR,none,220,2024-11-15
JOR,reject,145,2024-11-15
DNK,quarantine,16723,2024-11-15
SLV,reject,288,2024-11-15
ITA,invalid,211,2024-11-15
MUS,quarantine,294,2024-11-15
LKA,quarantine,842,2024-11-15
MOZ,none,1099,2024-11-15
CYP,quarantine,697,2024-11-15
GUY,none,230,2024-11-15
ESP,invalid,100,2024-11-15
SAU,none,5843,2024-11-15
MEX,quarantine,10336,2024-11-15
GIB,quarantine,59,2024-11-15
MAR,quarantine,1317,2024-11-15
VEN,quarantine,434,2024-11-15
MDV,reject,83,2024-11-15
NLD,none,973819,2024-11-15
DEU,reject,397242,2024-11-15
MNG,reject,480,2024-11-15
HRV,quarantine,2460,2024-11-15
MCO,quarantine,85,2024-11-15
SGP,quarantine,4330,2024-11-15
GRD,none,136,2024-11-15
MEX,invalid,64,2024-11-15
CAF,reject,122,2024-11-15
AUT,invalid,59,2024-11-15
AUT,quarantine,18604,2024-11-15
AFG,reject,104,2024-11-15
FRA,none,284252,2024-11-15
CMR,quarantine,272,2024-11-15
PAK,reject,1376,2024-11-15
RUS,reject,36525,2024-11-15
UZB,quarantine,1195,2024-11-15
QAT,none,1255,2024-11-15
OMN,none,440,2024-11-15
PAK,none,11199,2024-11-15
AIA,reject,5081,2024-11-15
MNE,reject,10390,2024-11-15
VEN,none,1717,2024-11-15
GUY,reject,106,2024-11-15
GUF,none,25,2024-11-15
LBY,reject,230,2024-11-15
MRT,quarantine,30,2024-11-15
MYS,invalid,26,2024-11-15
CMR,reject,274,2024-11-15
SWZ,quarantine,102,2024-11-15
LVA,reject,3569,2024-11-15
NER,quarantine,40,2024-11-15
SHN,invalid,5,2024-11-15
COL,quarantine,23391,2024-11-15
LIE,none,2880,2024-11-15
ATG,none,1073,2024-11-15
GRD,reject,59,2024-11-15
MNG,none,1039,2024-11-15
NIU,reject,5050,2024-11-15
EST,quarantine,7332,2024-11-15
CUB,reject,96,2024-11-15
KWT,none,270,2024-11-15
TTO,none,168,2024-11-15
PCN,none,16,2024-11-15
SXM,quarantine,37,2024-11-15
ARM,quarantine,672,2024-11-15
MYS,reject,4301,2024-11-15
CCK,quarantine,6040,2024-11-15
SVN,quarantine,2655,2024-11-15
SVK,quarantine,6256,2024-11-15
BLR,quarantine,1663,2024-11-15
NPL,reject,1021,2024-11-15
TON,reject,561,2024-11-15
VUT,none,150,2024-11-15
GMB,quarantine,58,2024-11-15
FIN,none,40768,2024-11-15
HKG,quarantine,2039,2024-11-15
HRV,reject,2250,2024-11-15
PRI,reject,183,2024-11-15
MCO,reject,87,2024-11-15
JPN,quarantine,24894,2024-11-15
CYP,none,2373,2024-11-15
IRQ,none,584,2024-11-15
KGZ,quarantine,684,2024-11-15
LUX,none,7242,2024-11-15
VCT,quarantine,378,2024-11-15
GUY,quarantine,154,2024-11-15
IRL,reject,4247,2024-11-15
ATG,reject,457,2024-11-15
IND,quarantine,26464,2024-11-15
QAT,reject,463,2024-11-15
PRY,reject,656,2024-11-15
SHN,reject,806,2024-11-15
LCA,none,337,2024-11-15
SGS,none,188,2024-11-15
HUN,invalid,75,2024-11-15
REU,quarantine,1981,2024-11-15
ASM,quarantine,926,2024-11-15
SXM,reject,84,2024-11-15
BLR,none,4949,2024-11-15
CRI,none,1607,2024-11-15
KAZ,reject,1582,2024-11-15
ALA,quarantine,118,2024-11-15
DNK,invalid,217,2024-11-15
ARG,quarantine,7876,2024-11-15
TTO,reject,105,2024-11-15
VUT,reject,43,2024-11-15
HND,reject,284,2024-11-15
COG,quarantine,116,2024-11-15
FRO,quarantine,176,2024-11-15
VGB,reject,80,2024-11-15
KAZ,invalid,14,2024-11-15
HRV,none,35374,2024-11-15
SRB,reject,1739,2024-11-15
UKR,reject,4681,2024-11-15
PER,reject,2182,2024-11-15
RWA,none,442,2024-11-15
SSD,none,15,2024-11-15
WSM,quarantine,515,2024-11-15
GLP,none,100,2024-11-15
BFA,quarantine,152,2024-11-15
SDN,none,195,2024-11-15
POL,invalid,128,2024-11-15
COK,none,74,2024-11-15
AUS,none,317156,2024-11-15
GBR,none,624306,2024-11-15
TWN,reject,3059,2024-11-15
BIH,reject,508,2024-11-15
BHR,quarantine,136,2024-11-15
HMD,none,13,2024-11-15
AIA,invalid,42,2024-11-15
BRA,none,659600,2024-11-15
MDG,none,417,2024-11-15
ECU,quarantine,1262,2024-11-15
CHN,quarantine,9207,2024-11-15
VNM,reject,4572,2024-11-15
ISL,quarantine,1396,2024-11-15
NCL,quarantine,322,2024-11-15
BRN,none,73,2024-11-15
CYM,none,499,2024-11-15
BRN,quarantine,110,2024-11-15
DOM,quarantine,685,2024-11-15
TGO,reject,69,2024-11-15
PRI,none,96,2024-11-15
KIR,none,14,2024-11-15
ISR,none,28047,2024-11-15
ISR,reject,2161,2024-11-15
NLD,invalid,937,2024-11-15
BWA,quarantine,264,2024-11-15
CHL,invalid,44,2024-11-15
,quarantine,57710,2024-11-15
ATF,none,228,2024-11-15
TLS,none,98,2024-11-15
PRT,none,71995,2024-11-15
UKR,quarantine,6009,2024-11-15
ROU,reject,19237,2024-11-15
BFA,reject,22,2024-11-15
SOM,none,1023,2024-11-15
GIN,none,191,2024-11-15
SLB,none,106,2024-11-15
TCA,none,205,2024-11-15
TZA,reject,429,2024-11-15
JEY,quarantine,135,2024-11-15
HKG,none,12920,2024-11-15
JOR,none,363,2024-11-15
TLS,reject,123,2024-11-15
BLZ,quarantine,340,2024-11-15
SEN,reject,136,2024-11-15
SGS,reject,110,2024-11-15
,invalid,139,2024-11-15
CAN,reject,27828,2024-11-15
NZL,none,63792,2024-11-15
FRA,reject,75323,2024-11-15
THA,none,8551,2024-11-15
TUV,reject,3264,2024-11-15
TUV,none,12394,2024-11-15
DNK,reject,87290,2024-11-15
MNP,reject,35,2024-11-15
MLT,none,1635,2024-11-15
GEO,quarantine,958,2024-11-15
MRT,reject,37,2024-11-15
JAM,quarantine,164,2024-11-15
IRL,quarantine,3535,2024-11-15
BWA,reject,190,2024-11-15
TJK,reject,96,2024-11-15
SYC,quarantine,48,2024-11-15
MMR,quarantine,152,2024-11-15
VNM,none,10544,2024-11-15
BEN,quarantine,123,2024-11-15
SYC,reject,159,2024-11-15
,reject,82468,2024-11-15
GEO,reject,596,2024-11-15
TCD,reject,44,2024-11-15
NGA,none,7300,2024-11-15
LUX,reject,2778,2024-11-15
VAT,none,66,2024-11-15
TUV,quarantine,2466,2024-11-15
JPN,none,226046,2024-11-15
SVN,none,35826,2024-11-15
SDN,reject,85,2024-11-15
KNA,none,20,2024-11-15
LVA,none,7973,2024-11-15
FRA,quarantine,78502,2024-11-15
SRB,none,11445,2024-11-15
GTM,quarantine,79,2024-11-15
URY,reject,976,2024-11-15
TKL,none,679,2024-11-15
COL,none,186837,2024-11-15
PHL,none,7261,2024-11-15
PER,quarantine,2259,2024-11-15
GAB,quarantine,340,2024-11-15
ISR,invalid,28,2024-11-15
MLT,quarantine,373,2024-11-15
MNE,quarantine,12622,2024-11-15
ALB,reject,1100,2024-11-15
MSR,none,388,2024-11-15
MLI,quarantine,139,2024-11-15
PHL,quarantine,2227,2024-11-15
VEN,reject,557,2024-11-15
NIC,none,278,2024-11-15
NCL,reject,174,2024-11-15
BGR,none,7695,2024-11-15
COD,quarantine,102,2024-11-15
KIR,reject,20,2024-11-15
IOT,reject,17674,2024-11-15
BRA,invalid,733,2024-11-15
ALB,none,2387,2024-11-15
JEY,none,561,2024-11-15
KEN,reject,885,2024-11-15
MLI,reject,202,2024-11-15
USA,invalid,104,2024-11-15
TCA,reject,77,2024-11-15
ASM,none,1058,2024-11-15
TJK,none,247,2024-11-15
GMB,none,129,2024-11-15
REU,invalid,4,2024-11-15
COG,none,153,2024-11-15
FSM,reject,294,2024-11-15
MYT,reject,80,2024-11-15
ZWE,none,2271,2024-11-15
MDA,quarantine,769,2024-11-15
FLK,reject,41,2024-11-15
GHA,none,292,2024-11-15
MSR,quarantine,146,2024-11-15
UZB,none,6762,2024-11-15
LTU,none,23970,2024-11-15
MLI,none,316,2024-11-15
TWN,invalid,39,2024-11-15
KGZ,none,1133,2024-11-15
SYR,quarantine,136,2024-11-15
CHL,none,87237,2024-11-15
LKA,none,4446,2024-11-15
SWE,reject,24096,2024-11-15
SHN,quarantine,803,2024-11-15
GNB,none,75,2024-11-15
MDA,reject,650,2024-11-15
BGD,reject,447,2024-11-15
IRQ,reject,218,2024-11-15
STP,none,648,2024-11-15
HND,quarantine,154,2024-11-15
AND,reject,81,2024-11-15
ARE,invalid,12,2024-11-15
TKM,none,48,2024-11-15
AUS,reject,52913,2024-11-15
TUN,quarantine,752,2024-11-15
MOZ,reject,277,2024-11-15
AZE,quarantine,1120,2024-11-15
LIE,quarantine,2349,2024-11-15
CXR,reject,349,2024-11-15
MKD,reject,550,2024-11-15
SVN,invalid,13,2024-11-15
CAN,quarantine,29569,2024-11-15
AUS,quarantine,60107,2024-11-15
BTN,none,37,2024-11-15
ABW,quarantine,21,2024-11-15
DEU,quarantine,211258,2024-11-15
DMA,reject,20,2024-11-15
AZE,reject,1243,2024-11-15
GRL,none,362,2024-11-15
TWN,none,16799,2024-11-15
PER,invalid,18,2024-11-15
LAO,reject,367,2024-11-15
NZL,reject,11997,2024-11-15
MAC,quarantine,42,2024-11-15
TTO,quarantine,60,2024-11-15
VCT,none,1718,2024-11-15
FLK,none,8,2024-11-15
FSM,none,1205,2024-11-15
MDV,quarantine,263,2024-11-15
BLZ,reject,419,2024-11-15
CPV,none,463,2024-11-15
CYM,reject,150,2024-11-15
BLZ,none,1392,2024-11-15
SEN,quarantine,338,2024-11-15
PNG,none,436,2024-11-15
SRB,invalid,2,2024-11-15
NLD,quarantine,223511,2024-11-15
PHL,reject,2458,2024-11-15
PRT,quarantine,8892,2024-11-15
LBN,quarantine,90,2024-11-15
KHM,quarantine,94,2024-11-15
GIN,quarantine,17,2024-11-15
BRA,reject,38785,2024-11-15
FJI,quarantine,110,2024-11-15
MNE,invalid,69,2024-11-15
BEN,reject,45,2024-11-15
FIN,invalid,51,2024-11-15
NIC,reject,307,2024-11-15
AIA,quarantine,5949,2024-11-15
TUR,quarantine,39676,2024-11-15
BRA,quarantine,56517,2024-11-15
PSE,reject,336,2024-11-15
BOL,none,1262,2024-11-15
LCA,quarantine,46,2024-11-15
CZE,reject,13840,2024-11-15
LBN,none,294,2024-11-15
AFG,quarantine,61,2024-11-15
CAF,none,194,2024-11-15
CYP,reject,660,2024-11-15
BGR,quarantine,1493,2024-11-15
TGO,none,247,2024-11-15
ECU,invalid,5,2024-11-15
TKM,quarantine,42,2024-11-15
HUN,none,128791,2024-11-15
LAO,none,1731,2024-11-15
MDV,none,737,2024-11-15
LBY,none,897,2024-11-15
SMR,reject,26,2024-11-15
SGS,quarantine,74,2024-11-15
GRL,quarantine,111,2024-11-15
LSO,none,113,2024-11-15
LBR,quarantine,3,2024-11-15
DEU,none,851198,2024-11-15
PRY,none,5969,2024-11-15
TON,none,1562,2024-11-15
OMN,quarantine,143,2024-11-15
ZAF,reject,18496,2024-11-15
BIH,none,6684,2024-11-15
MYS,quarantine,8510,2024-11-15
AGO,reject,306,2024-11-15
DJI,none,107,2024-11-15
COD,reject,79,2024-11-15
NIU,quarantine,3254,2024-11-15
ISR,quarantine,3699,2024-11-15
URY,none,6647,2024-11-15
WSM,reject,571,2024-11-15
CIV,reject,172,2024-11-15
GRC,none,70399,2024-11-15
BFA,none,145,2024-11-15
NPL,quarantine,1282,2024-11-15
MDG,quarantine,265,2024-11-15
FRA,invalid,414,2024-11-15
SOM,reject,229,2024-11-15
SLE,quarantine,29,2024-11-15
TGO,quarantine,147,2024-11-15
NPL,none,3722,2024-11-15
TCA,quarantine,81,2024-11-15
CHL,quarantine,6120,2024-11-15
AND,none,271,2024-11-15
WSM,none,2304,2024-11-15
PYF,reject,87,2024-11-15
YEM,none,29,2024-11-15
NLD,reject,263549,2024-11-15
MYS,none,19027,2024-11-15
KOR,reject,2202,2024-11-15
CHE,invalid,104,2024-11-15
KWT,reject,180,2024-11-15
PNG,reject,52,2024-11-15
BRB,none,77,2024-11-15
ARG,none,79292,2024-11-15
LUX,invalid,13,2024-11-15
TWN,quarantine,3868,2024-11-15
ZMB,none,454,2024-11-15
SAU,quarantine,1342,2024-11-15
STP,quarantine,296,2024-11-15
NCL,none,805,2024-11-15
PNG,quarantine,145,2024-11-15
VIR,reject,32,2024-11-15
ZAF,none,136212,2024-11-15
KOR,quarantine,1131,2024-11-15
IDN,reject,14346,2024-11-15
BLR,reject,2009,2024-11-15
HTI,quarantine,20,2024-11-15
MSR,reject,312,2024-11-15
BMU,reject,199,2024-11-15
CUB,none,75,2024-11-15
ZAF,quarantine,26891,2024-11-15
NIC,quarantine,190,2024-11-15
UGA,reject,240,2024-11-15
ROU,none,108434,2024-11-15
ARG,reject,5174,2024-11-15
WLF,none,113,2024-11-15
SGP,reject,4218,2024-11-15
PYF,quarantine,83,2024-11-15
SMR,none,132,2024-11-15
PRY,quarantine,1227,2024-11-15
JOR,quarantine,521,2024-11-15
IND,invalid,130,2024-11-15
KHM,none,329,2024-11-15
BMU,quarantine,106,2024-11-15
ARG,invalid,69,2024-11-15
GRC,quarantine,23999,2024-11-15
MAR,reject,1015,2024-11-15
COL,reject,38956,2024-11-15
LVA,quarantine,2762,2024-11-15
TUN,reject,280,2024-11-15
CAN,invalid,254,2024-11-15
FIN,reject,8173,2024-11-15
LSO,quarantine,48,2024-11-15
NER,none,51,2024-11-15
THA,quarantine,4431,2024-11-15
LUX,quarantine,3895,2024-11-15
AGO,none,3850,2024-11-15
MNP,quarantine,19,2024-11-15
DJI,quarantine,34,2024-11-15
BEN,none,516,2024-11-15
MYT,quarantine,218,2024-11-15
BGD,none,2047,2024-11-15
NFK,reject,22,2024-11-15
HUN,reject,6554,2024-11-15
GGY,reject,783,2024-11-15
LBN,reject,91,2024-11-15
GAB,none,190,2024-11-15
MMR,none,210,2024-11-15
UGA,quarantine,338,2024-11-15
FIN,quarantine,8424,2024-11-15
SEN,none,685,2024-11-15
PYF,none,213,2024-11-15
JPN,reject,13691,2024-11-15
MRT,none,169,2024-11-15
MNG,quarantine,513,2024-11-15
GTM,none,494,2024-11-15
JAM,reject,77,2024-11-15
KNA,reject,19,2024-11-15
MWI,none,132,2024-11-15
HKG,reject,3211,2024-11-15
GUF,reject,26,2024-11-15
PSE,quarantine,210,2024-11-15
JAM,none,96,2024-11-15
NFK,none,13,2024-11-15
LTU,invalid,16,2024-11-15
PAK,quarantine,1922,2024-11-15
HND,none,458,2024-11-15
GBR,invalid,733,2024-11-15
SHN,none,1458,2024-11-15
KHM,reject,150,2024-11-15
SDN,quarantine,46,2024-11-15
EST,none,25643,2024-11-15
TUN,none,1895,2024-11-15
KNA,quarantine,7,2024-11-15
NAM,none,32,2024-11-15
CRI,reject,602,2024-11-15
CCK,invalid,23,2024-11-15
PLW,none,1696,2024-11-15
WLF,reject,72,2024-11-15
ITA,quarantine,31122,2024-11-15
PAN,reject,477,2024-11-15
QAT,quarantine,366,2024-11-15
VGB,quarantine,66,2024-11-15
GIB,none,271,2024-11-15
ARE,quarantine,3023,2024-11-15
CZE,invalid,64,2024-11-15
GNQ,reject,43,2024-11-15
CAF,quarantine,65,2024-11-15
BEL,none,172147,2024-11-15
ECU,none,5079,2024-11-15
ZMB,reject,116,2024-11-15
BGR,reject,1577,2024-11-15
PSE,none,521,2024-11-15
POL,reject,238103,2024-11-15
MEX,none,71158,2024-11-15
COL,invalid,217,2024-11-15
BTN,quarantine,29,2024-11-15
GHA,reject,88,2024-11-15
TUR,none,64199,2024-11-15
TUR,invalid,90,2024-11-15
SLE,reject,50,2024-11-15
MNP,none,26,2024-11-15
RUS,none,168015,2024-11-15
CAN,none,217014,2024-11-15
AUS,invalid,428,2024-11-15
IMN,quarantine,1701,2024-11-15
NOR,invalid,102,2024-11-15
IMN,none,3144,2024-11-15
ZAF,invalid,48,2024-11-15
IOT,quarantine,19043,2024-11-15
BHS,none,47,2024-11-15
LAO,quarantine,388,2024-11-15
FRO,none,556,2024-11-15
IMN,reject,618,2024-11-15
NAM,reject,20,2024-11-15
ABW,none,64,2024-11-15
SWE,none,70022,2024-11-15
NOR,reject,13660,2024-11-15
DZA,reject,444,2024-11-15
MEX,reject,8879,2024-11-15
NIU,none,13305,2024-11-15
KEN,none,6527,2024-11-15
USA,none,70521,2024-11-15
IRL,none,25356,2024-11-15
CRI,quarantine,673,2024-11-15
ETH,none,1956,2024-11-15
ESP,quarantine,71077,2024-11-15
GLP,reject,59,2024-11-15
BTN,reject,218,2024-11-15
SLV,quarantine,257,2024-11-15
CPV,quarantine,76,2024-11-15
CHE,reject,136647,2024-11-15
MAR,none,7727,2024-11-15
IRN,quarantine,11919,2024-11-15
ZWE,reject,304,2024-11-15
LBY,quarantine,420,2024-11-15
CIV,quarantine,610,2024-11-15
FJI,reject,95,2024-11-15
CZE,none,124986,2024-11-15
SUR,none,235,2024-11-15
CZE,quarantine,23709,2024-11-15
ITA,reject,23604,2024-11-15
LTU,reject,2504,2024-11-15
COG,reject,41,2024-11-15
MDG,reject,152,2024-11-15
NAM,quarantine,25,2024-11-15
TZA,none,2963,2024-11-15
IND,reject,18542,2024-11-15
CCK,reject,4775,2024-11-15
GHA,quarantine,148,2024-11-15
MAC,none,279,2024-11-15
ZWE,quarantine,255,2024-11-15
BEL,quarantine,34694,2024-11-15
GRC,reject,8211,2024-11-15
DOM,none,2497,2024-11-15
MYT,none,295,2024-11-15
SOM,quarantine,188,2024-11-15
BHS,reject,68,2024-11-15
PCN,reject,22,2024-11-15
KOR,none,5805,2024-11-15
BEL,invalid,279,2024-11-15
MTQ,quarantine,8,2024-11-15
TUN,invalid,18,2024-11-15
MTQ,none,33,2024-11-15
VNM,invalid,22,2024-11-15
COM,quarantine,3,2024-11-15
GRC,invalid,34,2024-11-15
YEM,quarantine,11,2024-11-15
IRL,invalid,26,2024-11-15
CYM,invalid,1,2024-11-15
MTQ,reject,29,2024-11-15
DMA,none,29,2024-11-15
TLS,quarantine,37,2024-11-15
PAK,invalid,4,2024-11-15
DJI,reject,44,2024-11-15
SMR,quarantine,27,2024-11-15
TJK,quarantine,58,2024-11-15
GNQ,quarantine,27,2024-11-15
KOR,invalid,50,2024-11-15
MWI,reject,118,2024-11-15
CUW,quarantine,34,2024-11-15
BRB,quarantine,46,2024-11-15
PHL,invalid,5,2024-11-15
NRU,none,7,2024-11-15
JPN,invalid,26,2024-11-15
COM,none,14,2024-11-15
PAN,invalid,2,2024-11-15
SUR,reject,88,2024-11-15
AZE,invalid,5,2024-11-15
ISL,invalid,7,2024-11-15
PCN,invalid,4,2024-11-15
TON,invalid,4,2024-11-15
SYR,reject,42,2024-11-15
SWZ,none,73,2024-11-15
NZL,invalid,49,2024-11-15
SLB,reject,42,2024-11-15
DOM,invalid,6,2024-11-15
LSO,reject,36,2024-11-15
GUM,reject,3,2024-11-15
SSD,quarantine,11,2024-11-15
CRI,invalid,2,2024-11-15
SLE,invalid,1,2024-11-15
COM,reject,6,2024-11-15
ASM,invalid,4,2024-11-15
ROU,invalid,33,2024-11-15
BRB,reject,30,2024-11-15
GGY,invalid,3,2024-11-15
ATA,reject,5,2024-11-15
NER,reject,15,2024-11-15
HRV,invalid,5,2024-11-15
SWZ,reject,12,2024-11-15
NRU,reject,24,2024-11-15
VEN,invalid,2,2024-11-15
MKD,invalid,1,2024-11-15
GHA,invalid,5,2024-11-15
VIR,quarantine,9,2024-11-15
MDV,invalid,1,2024-11-15
SLB,quarantine,23,2024-11-15
TUV,invalid,10,2024-11-15
GLP,quarantine,12,2024-11-15
LBR,none,14,2024-11-15
ZMB,invalid,1,2024-11-15
BGD,invalid,2,2024-11-15
COK,reject,13,2024-11-15
SAU,invalid,7,2024-11-15
GNB,quarantine,7,2024-11-15
VCT,invalid,4,2024-11-15
CHN,invalid,12,2024-11-15
AFG,invalid,1,2024-11-15
ATA,none,7,2024-11-15
KIR,quarantine,8,2024-11-15
ARM,invalid,15,2024-11-15
WLF,quarantine,61,2024-11-15
BTN,invalid,1,2024-11-15
LBY,invalid,3,2024-11-15
ABW,reject,19,2024-11-15
FLK,quarantine,1,2024-11-15
KEN,invalid,7,2024-11-15
VIR,none,22,2024-11-15
GNB,reject,3,2024-11-15
CIV,invalid,4,2024-11-15
COK,quarantine,2,2024-11-15
MOZ,invalid,1,2024-11-15
TCD,quarantine,16,2024-11-15
PLW,invalid,2,2024-11-15
WSM,invalid,2,2024-11-15
NPL,invalid,2,2024-11-15
DMA,quarantine,10,2024-11-15
EST,invalid,9,2024-11-15
GUF,quarantine,2,2024-11-15
URY,invalid,7,2024-11-15
LKA,invalid,1,2024-11-15
GLP,invalid,1,2024-11-15
SGP,invalid,8,2024-11-15
NRU,quarantine,2,2024-11-15
MSR,invalid,1,2024-11-15
HMD,reject,9,2024-11-15
THA,invalid,2,2024-11-15
DZA,invalid,2,2024-11-15
LBR,reject,3,2024-11-15
MDA,invalid,3,2024-11-15
HTI,invalid,1,2024-11-15
MAR,invalid,5,2024-11-15
SVK,invalid,8,2024-11-15
MDG,invalid,1,2024-11-15
BEN,invalid,1,2024-11-15
HMD,quarantine,15,2024-11-15
BOL,invalid,2,2024-11-15
SGS,invalid,1,2024-11-15
PCN,quarantine,2,2024-11-15
GIN,reject,2,2024-11-15
NER,invalid,1,2024-11-15
LIE,invalid,4,2024-11-15
EGY,invalid,2,2024-11-15
BGR,invalid,1,2024-11-15
ALB,invalid,2,2024-11-15
BIH,invalid,4,2024-11-15
JEY,invalid,1,2024-11-15
LVA,invalid,4,2024-11-15
PRY,invalid,3,2024-11-15
FJI,invalid,1,2024-11-15
NGA,invalid,2,2024-11-15
GUM,none,3,2024-11-15
UZB,invalid,5,2024-11-15
BWA,invalid,1,2024-11-15
RWA,invalid,1,2024-11-15
TKL,invalid,1,2024-11-15
GRL,invalid,2,2024-11-15
CYP,invalid,2,2024-11-15
BMU,invalid,1,2024-11-15
MNG,invalid,2,2024-11-15
LAO,invalid,2,2024-11-15
GUY,invalid,1,2024-11-15
MLT,invalid,1,2024-11-15
LBN,invalid,1,2024-11-15
BLR,invalid,1,2024-11-15
SPM,invalid,1,2024-11-15
IMN,invalid,1,2024-11-15
GUM,quarantine,1,2024-11-15
VUT,invalid,1,2024-11-15
MMR,invalid,1,2024-11-15
GUF,invalid,1,2024-11-15
QAT,invalid,1,2024-11-15
CXR,invalid,2,2024-11-15
SOM,invalid,1,2024-11-15
SLV,invalid,2,2024-11-15
OMN,invalid,1,2024-11-15
BLZ,invalid,1,2024-11-15
FSM,invalid,1,2024-11-15
HND,invalid,1,2024-11-15
ATG,invalid,1,2024-11-15
NGA,quarantine,6681,2024-12-15
UGA,none,858,2024-12-15
USA,quarantine,10552,2024-12-15
RUS,invalid,145,2024-12-15
PLW,invalid,3,2024-12-15
CCK,none,15330,2024-12-15
NGA,reject,1118,2024-12-15
ESP,reject,18322,2024-12-15
UKR,none,22020,2024-12-15
MOZ,quarantine,314,2024-12-15
TON,quarantine,463,2024-12-15
URY,quarantine,2418,2024-12-15
CHN,none,17896,2024-12-15
LTU,quarantine,2718,2024-12-15
BOL,reject,482,2024-12-15
NIU,invalid,26,2024-12-15
SPM,reject,212,2024-12-15
ITA,none,787578,2024-12-15
GGY,quarantine,834,2024-12-15
KGZ,reject,204,2024-12-15
HUN,quarantine,13076,2024-12-15
DZA,quarantine,505,2024-12-15
EGY,reject,296,2024-12-15
CYM,quarantine,156,2024-12-15
HTI,none,167,2024-12-15
HTI,reject,150,2024-12-15
CUB,quarantine,94,2024-12-15
ZMB,quarantine,140,2024-12-15
NZL,quarantine,11114,2024-12-15
SVK,reject,9052,2024-12-15
MDA,none,4713,2024-12-15
SPM,none,463,2024-12-15
KAZ,none,5788,2024-12-15
SWE,quarantine,13836,2024-12-15
UZB,reject,1137,2024-12-15
SLE,none,127,2024-12-15
CXR,quarantine,366,2024-12-15
BIH,quarantine,1032,2024-12-15
CXR,none,723,2024-12-15
KAZ,quarantine,4692,2024-12-15
VNM,quarantine,2694,2024-12-15
MUS,reject,321,2024-12-15
MWI,quarantine,40,2024-12-15
SLV,none,814,2024-12-15
IOT,invalid,116,2024-12-15
ISL,none,8694,2024-12-15
IRN,none,40358,2024-12-15
ETH,quarantine,58,2024-12-15
TKL,quarantine,212,2024-12-15
ETH,reject,56,2024-12-15
LCA,reject,101,2024-12-15
ARE,reject,3114,2024-12-15
SVK,none,56721,2024-12-15
RWA,reject,113,2024-12-15
TKL,reject,386,2024-12-15
AND,quarantine,184,2024-12-15
PAN,quarantine,249,2024-12-15
VCT,reject,442,2024-12-15
BHR,reject,194,2024-12-15
POL,quarantine,106757,2024-12-15
NOR,none,82345,2024-12-15
DZA,none,887,2024-12-15
LKA,reject,763,2024-12-15
DOM,reject,673,2024-12-15
PAN,none,955,2024-12-15
POL,none,474667,2024-12-15
GBR,quarantine,94154,2024-12-15
IDN,quarantine,14007,2024-12-15
REU,none,3243,2024-12-15
FRO,reject,454,2024-12-15
VUT,quarantine,25,2024-12-15
USA,reject,17338,2024-12-15
MMR,reject,86,2024-12-15
SPM,quarantine,310,2024-12-15
GRD,quarantine,42,2024-12-15
IDN,none,53131,2024-12-15
KEN,quarantine,9796,2024-12-15
ATG,quarantine,334,2024-12-15
TCD,none,35,2024-12-15
STP,reject,310,2024-12-15
BGD,quarantine,748,2024-12-15
TKM,reject,91,2024-12-15
MNE,none,44430,2024-12-15
EST,reject,3437,2024-12-15
GGY,none,2621,2024-12-15
BOL,quarantine,469,2024-12-15
ATF,quarantine,124,2024-12-15
GAB,reject,139,2024-12-15
PRT,invalid,51,2024-12-15
IOT,none,71915,2024-12-15
PLW,reject,681,2024-12-15
ISL,reject,1744,2024-12-15
SXM,none,126,2024-12-15
HKG,invalid,8,2024-12-15
PER,none,13829,2024-12-15
ROU,quarantine,11343,2024-12-15
ECU,reject,1261,2024-12-15
DEU,invalid,668,2024-12-15
JEY,reject,232,2024-12-15
CIV,none,1574,2024-12-15
EGY,quarantine,247,2024-12-15
AUT,reject,21480,2024-12-15
BEL,reject,35824,2024-12-15
ESP,none,193126,2024-12-15
SWE,invalid,205,2024-12-15
ARM,reject,583,2024-12-15
BHS,quarantine,22,2024-12-15
RUS,quarantine,38383,2024-12-15
SYC,none,267,2024-12-15
GRL,reject,364,2024-12-15
BDI,reject,88,2024-12-15
BDI,none,166,2024-12-15
,none,227761,2024-12-15
PLW,quarantine,661,2024-12-15
BDI,quarantine,51,2024-12-15
MCO,none,390,2024-12-15
ASM,reject,321,2024-12-15
THA,reject,1487,2024-12-15
SVN,reject,2187,2024-12-15
CPV,reject,51,2024-12-15
CUW,reject,22,2024-12-15
ROU,invalid,33,2024-12-15
PRI,quarantine,44,2024-12-15
RWA,quarantine,184,2024-12-15
CHL,reject,8000,2024-12-15
MLT,reject,452,2024-12-15
FSM,quarantine,284,2024-12-15
TUR,reject,5998,2024-12-15
OMN,reject,347,2024-12-15
ATF,reject,153,2024-12-15
CHE,none,166359,2024-12-15
ARE,none,16674,2024-12-15
PRT,reject,7933,2024-12-15
BMU,none,323,2024-12-15
LIE,reject,2656,2024-12-15
REU,reject,657,2024-12-15
BRN,reject,46,2024-12-15
GIB,reject,63,2024-12-15
FJI,none,222,2024-12-15
IND,none,226841,2024-12-15
GBR,reject,112074,2024-12-15
SGP,none,17124,2024-12-15
MKD,none,3837,2024-12-15
AZE,none,3671,2024-12-15
TZA,quarantine,518,2024-12-15
AGO,quarantine,276,2024-12-15
COD,none,332,2024-12-15
GNQ,none,56,2024-12-15
EGY,none,702,2024-12-15
KWT,quarantine,195,2024-12-15
HMD,quarantine,15,2024-12-15
IRN,reject,5371,2024-12-15
NOR,quarantine,69312,2024-12-15
CUW,none,132,2024-12-15
GRC,invalid,33,2024-12-15
ALB,quarantine,1722,2024-12-15
IRQ,quarantine,87,2024-12-15
SUR,quarantine,87,2024-12-15
ALA,none,436,2024-12-15
ARM,none,3519,2024-12-15
CHE,quarantine,162240,2024-12-15
SAU,reject,1453,2024-12-15
AFG,none,607,2024-12-15
MAC,reject,51,2024-12-15
AIA,none,30467,2024-12-15
SRB,quarantine,1804,2024-12-15
MUS,none,1077,2024-12-15
CHN,reject,12266,2024-12-15
GTM,reject,152,2024-12-15
CMR,none,611,2024-12-15
BHR,none,262,2024-12-15
AUT,none,166860,2024-12-15
BWA,none,715,2024-12-15
VGB,none,130,2024-12-15
IRL,invalid,25,2024-12-15
DNK,none,58348,2024-12-15
SYR,none,217,2024-12-15
MKD,quarantine,737,2024-12-15
GEO,none,3239,2024-12-15
JOR,reject,150,2024-12-15
ALA,reject,130,2024-12-15
DNK,quarantine,16956,2024-12-15
SLV,reject,292,2024-12-15
ITA,invalid,217,2024-12-15
MUS,quarantine,291,2024-12-15
GNB,quarantine,8,2024-12-15
BRB,reject,31,2024-12-15
MTQ,reject,29,2024-12-15
CYP,quarantine,731,2024-12-15
MOZ,none,1176,2024-12-15
LKA,quarantine,858,2024-12-15
GUY,none,237,2024-12-15
ESP,invalid,102,2024-12-15
MAR,quarantine,1295,2024-12-15
SAU,none,6396,2024-12-15
MEX,quarantine,10526,2024-12-15
MDV,reject,83,2024-12-15
VEN,quarantine,435,2024-12-15
NLD,none,982973,2024-12-15
DEU,reject,404813,2024-12-15
MNG,reject,485,2024-12-15
HRV,quarantine,2533,2024-12-15
MCO,quarantine,89,2024-12-15
PCN,quarantine,2,2024-12-15
SGP,quarantine,4382,2024-12-15
GRD,none,147,2024-12-15
CAF,reject,125,2024-12-15
AUT,invalid,58,2024-12-15
MEX,invalid,66,2024-12-15
TLS,quarantine,38,2024-12-15
AUT,quarantine,19153,2024-12-15
AFG,reject,104,2024-12-15
FRA,none,287043,2024-12-15
PAK,reject,1416,2024-12-15
CMR,quarantine,281,2024-12-15
RUS,reject,37976,2024-12-15
QAT,none,1351,2024-12-15
UZB,quarantine,1253,2024-12-15
OMN,none,461,2024-12-15
PAK,none,12480,2024-12-15
VEN,none,1789,2024-12-15
MNE,reject,10614,2024-12-15
AIA,reject,5307,2024-12-15
GUY,reject,108,2024-12-15
PAK,invalid,4,2024-12-15
LBY,reject,234,2024-12-15
MYS,invalid,26,2024-12-15
DJI,reject,44,2024-12-15
CMR,reject,278,2024-12-15
SWZ,quarantine,113,2024-12-15
LVA,reject,3667,2024-12-15
NER,quarantine,51,2024-12-15
COL,quarantine,24032,2024-12-15
ATG,none,1124,2024-12-15
LIE,none,3061,2024-12-15
GRD,reject,61,2024-12-15
MNG,none,1048,2024-12-15
THA,invalid,2,2024-12-15
EST,quarantine,7461,2024-12-15
NIU,reject,5061,2024-12-15
KWT,none,280,2024-12-15
CUB,reject,92,2024-12-15
TTO,none,176,2024-12-15
SXM,quarantine,37,2024-12-15
ARM,quarantine,677,2024-12-15
TJK,quarantine,59,2024-12-15
MYS,reject,4374,2024-12-15
GNQ,quarantine,27,2024-12-15
CCK,quarantine,6358,2024-12-15
SVN,quarantine,2723,2024-12-15
BLR,quarantine,1765,2024-12-15
SVK,quarantine,6360,2024-12-15
VUT,none,151,2024-12-15
NPL,reject,1031,2024-12-15
TON,reject,581,2024-12-15
GMB,quarantine,62,2024-12-15
HRV,reject,2301,2024-12-15
FIN,none,41989,2024-12-15
HKG,quarantine,2091,2024-12-15
PRI,reject,191,2024-12-15
MCO,reject,92,2024-12-15
JPN,quarantine,25650,2024-12-15
CYP,none,2445,2024-12-15
KGZ,quarantine,716,2024-12-15
IRQ,none,718,2024-12-15
LUX,none,7424,2024-12-15
IRL,reject,4335,2024-12-15
VCT,quarantine,398,2024-12-15
ATG,reject,466,2024-12-15
GUY,quarantine,155,2024-12-15
IND,quarantine,26885,2024-12-15
SGS,none,190,2024-12-15
PRY,reject,673,2024-12-15
QAT,reject,462,2024-12-15
SHN,reject,825,2024-12-15
LCA,none,371,2024-12-15
HUN,invalid,76,2024-12-15
REU,quarantine,2021,2024-12-15
ASM,quarantine,932,2024-12-15
SXM,reject,86,2024-12-15
KOR,invalid,52,2024-12-15
BLR,none,5387,2024-12-15
DNK,invalid,221,2024-12-15
CRI,none,1675,2024-12-15
KAZ,reject,1677,2024-12-15
ALA,quarantine,113,2024-12-15
ARG,quarantine,8039,2024-12-15
VUT,reject,43,2024-12-15
TTO,reject,107,2024-12-15
MWI,reject,117,2024-12-15
PRY,invalid,3,2024-12-15
COG,quarantine,118,2024-12-15
FRO,quarantine,183,2024-12-15
HND,reject,287,2024-12-15
VGB,reject,85,2024-12-15
KAZ,invalid,13,2024-12-15
UKR,reject,4716,2024-12-15
HRV,none,36266,2024-12-15
PER,reject,2241,2024-12-15
RWA,none,450,2024-12-15
SRB,reject,1769,2024-12-15
SSD,none,15,2024-12-15
GLP,none,96,2024-12-15
SDN,none,227,2024-12-15
WSM,quarantine,530,2024-12-15
BFA,quarantine,149,2024-12-15
POL,invalid,133,2024-12-15
COK,none,74,2024-12-15
AUS,none,324993,2024-12-15
GBR,none,636470,2024-12-15
TWN,reject,3184,2024-12-15
BIH,reject,519,2024-12-15
BHR,quarantine,139,2024-12-15
AIA,invalid,44,2024-12-15
BRA,none,673583,2024-12-15
ECU,quarantine,1282,2024-12-15
MDG,none,469,2024-12-15
CHN,quarantine,9694,2024-12-15
VNM,reject,4614,2024-12-15
DOM,quarantine,705,2024-12-15
ISL,quarantine,1431,2024-12-15
CYM,none,509,2024-12-15
BRN,none,76,2024-12-15
NCL,quarantine,322,2024-12-15
TGO,reject,70,2024-12-15
BRN,quarantine,110,2024-12-15
KIR,none,14,2024-12-15
ISR,none,28771,2024-12-15
CHL,invalid,45,2024-12-15
NLD,invalid,951,2024-12-15
BWA,quarantine,277,2024-12-15
ISR,reject,2214,2024-12-15
,quarantine,58568,2024-12-15
TLS,none,107,2024-12-15
ATF,none,233,2024-12-15
PRT,none,74234,2024-12-15
UKR,quarantine,6038,2024-12-15
ROU,reject,19525,2024-12-15
SOM,none,1114,2024-12-15
TZA,reject,432,2024-12-15
GIN,none,198,2024-12-15
JEY,quarantine,137,2024-12-15
TCA,none,206,2024-12-15
BFA,reject,25,2024-12-15
SLB,none,104,2024-12-15
HKG,none,13149,2024-12-15
JOR,none,366,2024-12-15
BLZ,quarantine,345,2024-12-15
SGS,reject,108,2024-12-15
SEN,reject,144,2024-12-15
TLS,reject,122,2024-12-15
,invalid,143,2024-12-15
NZL,none,65531,2024-12-15
CAN,reject,28216,2024-12-15
CUW,quarantine,33,2024-12-15
FRA,reject,78130,2024-12-15
TUV,reject,3450,2024-12-15
THA,none,8609,2024-12-15
TUV,none,12756,2024-12-15
DNK,reject,88458,2024-12-15
GEO,quarantine,994,2024-12-15
MLT,none,1673,2024-12-15
MRT,reject,37,2024-12-15
JAM,quarantine,167,2024-12-15
IRL,quarantine,3729,2024-12-15
BWA,reject,190,2024-12-15
SYC,quarantine,50,2024-12-15
TJK,reject,96,2024-12-15
MMR,quarantine,157,2024-12-15
VNM,none,10997,2024-12-15
BEN,quarantine,124,2024-12-15
SYC,reject,158,2024-12-15
,reject,85322,2024-12-15
GEO,reject,607,2024-12-15
NER,reject,15,2024-12-15
TCD,reject,45,2024-12-15
NGA,none,10530,2024-12-15
LUX,reject,2819,2024-12-15
VAT,none,67,2024-12-15
TUV,quarantine,2511,2024-12-15
JPN,none,229787,2024-12-15
SVN,none,36323,2024-12-15
KNA,none,20,2024-12-15
SDN,reject,88,2024-12-15
FRA,quarantine,78395,2024-12-15
SRB,none,12254,2024-12-15
LVA,none,8156,2024-12-15
GTM,quarantine,83,2024-12-15
URY,reject,993,2024-12-15
TKL,none,678,2024-12-15
COL,none,194079,2024-12-15
PHL,none,7349,2024-12-15
ISR,invalid,27,2024-12-15
PER,quarantine,2301,2024-12-15
GAB,quarantine,343,2024-12-15
URY,invalid,8,2024-12-15
MLT,quarantine,387,2024-12-15
MSR,none,407,2024-12-15
MNE,quarantine,13042,2024-12-15
ALB,reject,1107,2024-12-15
MLI,quarantine,138,2024-12-15
VEN,reject,557,2024-12-15
PHL,quarantine,2207,2024-12-15
NIC,none,287,2024-12-15
NCL,reject,176,2024-12-15
BGR,none,7958,2024-12-15
COD,quarantine,102,2024-12-15
HRV,invalid,6,2024-12-15
IOT,reject,17868,2024-12-15
BRA,invalid,729,2024-12-15
TCA,reject,78,2024-12-15
JEY,none,572,2024-12-15
ALB,none,3026,2024-12-15
KEN,reject,889,2024-12-15
MLI,reject,205,2024-12-15
USA,invalid,94,2024-12-15
ASM,none,1068,2024-12-15
TJK,none,254,2024-12-15
GMB,none,130,2024-12-15
REU,invalid,4,2024-12-15
FSM,reject,297,2024-12-15
COG,none,156,2024-12-15
ZWE,none,2480,2024-12-15
MDA,quarantine,799,2024-12-15
MYT,reject,88,2024-12-15
GHA,none,307,2024-12-15
MSR,quarantine,148,2024-12-15
UZB,none,7355,2024-12-15
LTU,none,24845,2024-12-15
MLI,none,395,2024-12-15
GRL,invalid,2,2024-12-15
KGZ,none,1123,2024-12-15
SYR,quarantine,142,2024-12-15
CHL,none,92512,2024-12-15
LKA,none,4962,2024-12-15
SWE,reject,24371,2024-12-15
MDA,reject,667,2024-12-15
SHN,quarantine,833,2024-12-15
IRQ,reject,222,2024-12-15
GNB,none,80,2024-12-15
BGD,reject,449,2024-12-15
HND,quarantine,153,2024-12-15
STP,none,691,2024-12-15
AND,reject,81,2024-12-15
TKM,none,44,2024-12-15
AUS,reject,53962,2024-12-15
TUN,quarantine,784,2024-12-15
MOZ,reject,278,2024-12-15
LIE,quarantine,2401,2024-12-15
AZE,quarantine,1148,2024-12-15
CXR,reject,360,2024-12-15
MKD,reject,561,2024-12-15
AUS,quarantine,61437,2024-12-15
CAN,quarantine,30393,2024-12-15
BTN,none,38,2024-12-15
ABW,quarantine,21,2024-12-15
DEU,quarantine,214858,2024-12-15
AZE,reject,1283,2024-12-15
GRL,none,386,2024-12-15
TWN,none,22405,2024-12-15
LAO,reject,372,2024-12-15
PER,invalid,17,2024-12-15
NZL,reject,12281,2024-12-15
MAC,quarantine,49,2024-12-15
VCT,none,1757,2024-12-15
FLK,none,8,2024-12-15
FSM,none,1225,2024-12-15
MDV,quarantine,268,2024-12-15
CPV,none,492,2024-12-15
CYM,reject,153,2024-12-15
BLZ,reject,425,2024-12-15
GUM,none,3,2024-12-15
SEN,quarantine,305,2024-12-15
BLZ,none,1416,2024-12-15
NRU,reject,24,2024-12-15
PNG,none,412,2024-12-15
NLD,quarantine,224267,2024-12-15
PRT,quarantine,9069,2024-12-15
PHL,reject,2474,2024-12-15
KHM,quarantine,91,2024-12-15
LBN,quarantine,91,2024-12-15
GIN,quarantine,17,2024-12-15
BRA,reject,38939,2024-12-15
MNE,invalid,64,2024-12-15
FJI,quarantine,113,2024-12-15
BEN,reject,44,2024-12-15
FIN,invalid,50,2024-12-15
NIC,reject,309,2024-12-15
BRA,quarantine,57451,2024-12-15
TUR,quarantine,40853,2024-12-15
AIA,quarantine,6290,2024-12-15
PSE,reject,337,2024-12-15
BOL,none,1312,2024-12-15
CZE,reject,14071,2024-12-15
CAF,none,199,2024-12-15
LBN,none,306,2024-12-15
AFG,quarantine,63,2024-12-15
LCA,quarantine,47,2024-12-15
BGR,quarantine,1529,2024-12-15
CYP,reject,665,2024-12-15
TGO,none,265,2024-12-15
ARM,invalid,15,2024-12-15
TKM,quarantine,43,2024-12-15
HUN,none,131370,2024-12-15
LAO,none,1765,2024-12-15
GRL,quarantine,117,2024-12-15
LBY,none,1104,2024-12-15
MDV,none,768,2024-12-15
SGS,quarantine,75,2024-12-15
LSO,none,138,2024-12-15
SUR,reject,87,2024-12-15
DEU,none,866477,2024-12-15
TON,none,1597,2024-12-15
PRY,none,6245,2024-12-15
OMN,quarantine,144,2024-12-15
ZAF,reject,19006,2024-12-15
MYS,quarantine,8740,2024-12-15
BIH,none,6955,2024-12-15
AGO,reject,308,2024-12-15
DJI,none,116,2024-12-15
COD,reject,80,2024-12-15
URY,none,6929,2024-12-15
ISR,quarantine,3743,2024-12-15
NIU,quarantine,3244,2024-12-15
WSM,reject,579,2024-12-15
CIV,reject,172,2024-12-15
GRC,none,72877,2024-12-15
BFA,none,152,2024-12-15
NPL,quarantine,1285,2024-12-15
MDG,quarantine,270,2024-12-15
FRA,invalid,418,2024-12-15
SLE,quarantine,31,2024-12-15
SOM,reject,227,2024-12-15
TGO,quarantine,142,2024-12-15
NPL,none,4193,2024-12-15
CHL,quarantine,6228,2024-12-15
AND,none,293,2024-12-15
SVK,invalid,8,2024-12-15
TCA,quarantine,86,2024-12-15
WSM,none,2412,2024-12-15
YEM,none,32,2024-12-15
PYF,reject,90,2024-12-15
NLD,reject,267566,2024-12-15
MYS,none,20136,2024-12-15
CHE,invalid,106,2024-12-15
KOR,reject,2233,2024-12-15
KWT,reject,181,2024-12-15
BRB,none,73,2024-12-15
PNG,reject,51,2024-12-15
ARG,none,82380,2024-12-15
TWN,quarantine,3984,2024-12-15
NCL,none,819,2024-12-15
SAU,quarantine,1380,2024-12-15
ZMB,none,485,2024-12-15
VIR,reject,32,2024-12-15
STP,quarantine,301,2024-12-15
PNG,quarantine,136,2024-12-15
BLR,reject,2047,2024-12-15
ZAF,none,151864,2024-12-15
KOR,quarantine,1163,2024-12-15
IDN,reject,13982,2024-12-15
BMU,reject,198,2024-12-15
MSR,reject,315,2024-12-15
CUB,none,77,2024-12-15
ZAF,quarantine,27505,2024-12-15
NIC,quarantine,191,2024-12-15
VIR,quarantine,10,2024-12-15
UGA,reject,246,2024-12-15
WLF,none,116,2024-12-15
ROU,none,112111,2024-12-15
SGP,reject,4339,2024-12-15
ARG,reject,5271,2024-12-15
SMR,none,133,2024-12-15
PYF,quarantine,83,2024-12-15
PRY,quarantine,1266,2024-12-15
JOR,quarantine,533,2024-12-15
IND,invalid,132,2024-12-15
BMU,quarantine,115,2024-12-15
ARG,invalid,68,2024-12-15
KHM,none,340,2024-12-15
GRC,quarantine,25017,2024-12-15
MAR,reject,1061,2024-12-15
TCD,quarantine,16,2024-12-15
COL,reject,51386,2024-12-15
LVA,quarantine,2786,2024-12-15
TUN,reject,290,2024-12-15
CAN,invalid,263,2024-12-15
FIN,reject,8288,2024-12-15
LSO,quarantine,49,2024-12-15
THA,quarantine,4511,2024-12-15
AGO,none,4166,2024-12-15
LUX,quarantine,3958,2024-12-15
MNP,quarantine,22,2024-12-15
DJI,quarantine,34,2024-12-15
BEN,none,426,2024-12-15
BGD,none,2449,2024-12-15
MYT,quarantine,209,2024-12-15
NFK,reject,22,2024-12-15
HUN,reject,6662,2024-12-15
GGY,reject,791,2024-12-15
GAB,none,196,2024-12-15
UGA,quarantine,345,2024-12-15
MMR,none,214,2024-12-15
SYR,reject,42,2024-12-15
SEN,none,717,2024-12-15
FIN,quarantine,8659,2024-12-15
WLF,quarantine,58,2024-12-15
PYF,none,219,2024-12-15
JPN,reject,14117,2024-12-15
MNG,quarantine,571,2024-12-15
GTM,none,520,2024-12-15
MRT,none,177,2024-12-15
KNA,reject,19,2024-12-15
JAM,reject,78,2024-12-15
MWI,none,142,2024-12-15
HKG,reject,3306,2024-12-15
PSE,quarantine,209,2024-12-15
JAM,none,102,2024-12-15
LTU,invalid,16,2024-12-15
NFK,none,14,2024-12-15
GUF,reject,26,2024-12-15
PAK,quarantine,2174,2024-12-15
SHN,none,1506,2024-12-15
HND,none,478,2024-12-15
GBR,invalid,735,2024-12-15
KHM,reject,150,2024-12-15
SWZ,none,105,2024-12-15
EST,none,27274,2024-12-15
TUN,none,2191,2024-12-15
NZL,invalid,48,2024-12-15
CRI,reject,597,2024-12-15
NAM,none,32,2024-12-15
SLB,quarantine,24,2024-12-15
PLW,none,1730,2024-12-15
SLB,reject,42,2024-12-15
WLF,reject,73,2024-12-15
ITA,quarantine,31852,2024-12-15
QAT,quarantine,374,2024-12-15
PAN,reject,478,2024-12-15
VGB,quarantine,66,2024-12-15
ARE,quarantine,3098,2024-12-15
LSO,reject,38,2024-12-15
GIB,none,272,2024-12-15
CZE,invalid,67,2024-12-15
CAF,quarantine,63,2024-12-15
GNQ,reject,43,2024-12-15
BEL,none,174205,2024-12-15
ECU,none,5433,2024-12-15
ZMB,reject,118,2024-12-15
BGR,reject,1637,2024-12-15
PSE,none,607,2024-12-15
POL,reject,238152,2024-12-15
MEX,none,74420,2024-12-15
COL,invalid,206,2024-12-15
GHA,reject,88,2024-12-15
BTN,quarantine,29,2024-12-15
TUR,none,67548,2024-12-15
TUR,invalid,88,2024-12-15
SLE,reject,51,2024-12-15
RUS,none,169423,2024-12-15
CAN,none,224283,2024-12-15
IMN,quarantine,1716,2024-12-15
AUS,invalid,435,2024-12-15
IMN,none,3418,2024-12-15
ZAF,invalid,49,2024-12-15
NOR,invalid,107,2024-12-15
IOT,quarantine,19457,2024-12-15
LAO,quarantine,394,2024-12-15
BHS,none,48,2024-12-15
FRO,none,458,2024-12-15
IMN,reject,620,2024-12-15
ABW,none,65,2024-12-15
NIU,none,13454,2024-12-15
SWE,none,71417,2024-12-15
KEN,none,8015,2024-12-15
NOR,reject,13981,2024-12-15
MEX,reject,8996,2024-12-15
DZA,reject,455,2024-12-15
USA,none,72414,2024-12-15
IRL,none,25874,2024-12-15
CRI,quarantine,691,2024-12-15
ESP,quarantine,72476,2024-12-15
ETH,none,2033,2024-12-15
SLV,quarantine,257,2024-12-15
BTN,reject,220,2024-12-15
CPV,quarantine,81,2024-12-15
GLP,reject,61,2024-12-15
GLP,quarantine,15,2024-12-15
CHE,reject,188593,2024-12-15
IRN,quarantine,11942,2024-12-15
MAR,none,8877,2024-12-15
CIV,quarantine,619,2024-12-15
LBY,quarantine,444,2024-12-15
ZWE,reject,299,2024-12-15
CZE,none,126888,2024-12-15
SUR,none,248,2024-12-15
CZE,quarantine,24482,2024-12-15
ITA,reject,24124,2024-12-15
LTU,reject,2553,2024-12-15
MDG,reject,158,2024-12-15
COG,reject,42,2024-12-15
NAM,quarantine,26,2024-12-15
CCK,reject,4880,2024-12-15
IND,reject,18916,2024-12-15
GHA,quarantine,139,2024-12-15
TZA,none,3754,2024-12-15
MAC,none,285,2024-12-15
ZWE,quarantine,258,2024-12-15
BEL,quarantine,35122,2024-12-15
GRC,reject,8979,2024-12-15
DOM,none,2573,2024-12-15
SOM,quarantine,198,2024-12-15
MYT,none,314,2024-12-15
BHS,reject,67,2024-12-15
PCN,reject,22,2024-12-15
KOR,none,6078,2024-12-15
BEL,invalid,294,2024-12-15
GMB,reject,19,2024-12-15
CYP,invalid,2,2024-12-15
NFK,quarantine,5,2024-12-15
YEM,reject,30,2024-12-15
COM,reject,6,2024-12-15
MTQ,none,35,2024-12-15
VNM,invalid,22,2024-12-15
IDN,invalid,28,2024-12-15
LIE,invalid,4,2024-12-15
ABW,reject,19,2024-12-15
UKR,invalid,43,2024-12-15
SAU,invalid,7,2024-12-15
DMA,none,33,2024-12-15
GIB,quarantine,64,2024-12-15
GNB,reject,3,2024-12-15
DMA,quarantine,10,2024-12-15
PCN,none,16,2024-12-15
EST,invalid,9,2024-12-15
CHN,invalid,12,2024-12-15
PRI,none,99,2024-12-15
MNP,reject,36,2024-12-15
LBR,reject,3,2024-12-15
BRB,quarantine,50,2024-12-15
KIR,reject,21,2024-12-15
FLK,reject,44,2024-12-15
TWN,invalid,39,2024-12-15
ARE,invalid,10,2024-12-15
NRU,none,8,2024-12-15
SVN,invalid,13,2024-12-15
DMA,reject,20,2024-12-15
TTO,quarantine,62,2024-12-15
COM,none,17,2024-12-15
SMR,reject,28,2024-12-15
HMD,reject,8,2024-12-15
PCN,invalid,4,2024-12-15
HTI,quarantine,20,2024-12-15
UZB,invalid,4,2024-12-15
NER,none,49,2024-12-15
LBN,reject,92,2024-12-15
SDN,quarantine,49,2024-12-15
MNP,none,29,2024-12-15
NAM,reject,20,2024-12-15
FJI,reject,94,2024-12-15
LBN,invalid,1,2024-12-15
LBY,invalid,2,2024-12-15
KEN,invalid,7,2024-12-15
COK,reject,13,2024-12-15
YEM,quarantine,13,2024-12-15
NPL,invalid,2,2024-12-15
VIR,none,23,2024-12-15
GGY,invalid,4,2024-12-15
MRT,quarantine,31,2024-12-15
HMD,none,13,2024-12-15
ATA,none,7,2024-12-15
BLR,invalid,1,2024-12-15
SWZ,reject,12,2024-12-15
SPM,invalid,1,2024-12-15
AZE,invalid,8,2024-12-15
KNA,quarantine,7,2024-12-15
CCK,invalid,23,2024-12-15
LBR,none,15,2024-12-15
TUN,invalid,18,2024-12-15
ASM,invalid,4,2024-12-15
IRN,invalid,12,2024-12-15
ATA,reject,5,2024-12-15
GUF,none,25,2024-12-15
SMR,quarantine,27,2024-12-15
PAN,invalid,2,2024-12-15
VEN,invalid,2,2024-12-15
MKD,invalid,1,2024-12-15
LUX,invalid,13,2024-12-15
GHA,invalid,5,2024-12-15
MDV,invalid,1,2024-12-15
TUV,invalid,10,2024-12-15
SSD,quarantine,11,2024-12-15
ZMB,invalid,1,2024-12-15
MTQ,quarantine,9,2024-12-15
COM,quarantine,3,2024-12-15
CYM,invalid,1,2024-12-15
PHL,invalid,5,2024-12-15
JPN,invalid,27,2024-12-15
LBR,quarantine,3,2024-12-15
ISL,invalid,7,2024-12-15
TON,invalid,4,2024-12-15
DOM,invalid,6,2024-12-15
GUM,reject,3,2024-12-15
CRI,invalid,2,2024-12-15
SLE,invalid,1,2024-12-15
BEN,invalid,1,2024-12-15
SGP,invalid,9,2024-12-15
VCT,invalid,4,2024-12-15
BOL,invalid,2,2024-12-15
SGS,invalid,1,2024-12-15
GLP,invalid,1,2024-12-15
BGD,invalid,2,2024-12-15
CIV,invalid,4,2024-12-15
HTI,invalid,2,2024-12-15
NRU,quarantine,2,2024-12-15
MSR,invalid,1,2024-12-15
SSD,reject,4,2024-12-15
DZA,invalid,2,2024-12-15
MDA,invalid,3,2024-12-15
MAR,invalid,5,2024-12-15
ECU,invalid,5,2024-12-15
MNG,invalid,3,2024-12-15
IMN,invalid,1,2024-12-15
SRB,invalid,2,2024-12-15
GUM,quarantine,1,2024-12-15
VUT,invalid,1,2024-12-15
GIN,reject,2,2024-12-15
NER,invalid,1,2024-12-15
BMU,invalid,1,2024-12-15
BIH,invalid,4,2024-12-15
KIR,quarantine,7,2024-12-15
LAO,invalid,2,2024-12-15
GUY,invalid,1,2024-12-15
MLT,invalid,1,2024-12-15
SLV,invalid,3,2024-12-15
QAT,invalid,1,2024-12-15
CXR,invalid,2,2024-12-15
SOM,invalid,1,2024-12-15
SHN,invalid,5,2024-12-15
FJI,invalid,1,2024-12-15
NGA,invalid,2,2024-12-15
FSM,invalid,1,2024-12-15
LVA,invalid,4,2024-12-15
RWA,invalid,1,2024-12-15
ALB,invalid,2,2024-12-15
GUF,quarantine,3,2024-12-15
TKL,invalid,1,2024-12-15
COK,quarantine,2,2024-12-15
LKA,invalid,1,2024-12-15
MMR,invalid,1,2024-12-15
EGY,invalid,2,2024-12-15
WSM,invalid,2,2024-12-15
GUF,invalid,1,2024-12-15
BLZ,invalid,1,2024-12-15
HND,invalid,1,2024-12-15
ATG,invalid,1,2024-12-15
BGR,invalid,1,2024-12-15
JEY,invalid,1,2024-12-15
AFG,invalid,1,2024-12-15
BTN,invalid,1,2024-12-15
MOZ,invalid,1,2024-12-15
NGA,quarantine,6453,2025-01-15
USA,quarantine,10902,2025-01-15
UGA,none,890,2025-01-15
RUS,invalid,144,2025-01-15
CCK,none,15699,2025-01-15
NGA,reject,1121,2025-01-15
ESP,reject,18597,2025-01-15
UKR,none,22573,2025-01-15
MOZ,quarantine,311,2025-01-15
TON,quarantine,481,2025-01-15
URY,quarantine,2450,2025-01-15
CHN,none,18334,2025-01-15
LTU,quarantine,2791,2025-01-15
BOL,reject,495,2025-01-15
SPM,reject,212,2025-01-15
NIU,invalid,27,2025-01-15
ITA,none,792263,2025-01-15
GGY,quarantine,860,2025-01-15
KGZ,reject,209,2025-01-15
HUN,quarantine,13229,2025-01-15
DZA,quarantine,474,2025-01-15
CUB,quarantine,102,2025-01-15
EGY,reject,303,2025-01-15
CYM,quarantine,159,2025-01-15
HTI,reject,169,2025-01-15
ZMB,quarantine,139,2025-01-15
HTI,none,176,2025-01-15
NZL,quarantine,11256,2025-01-15
SVK,reject,9491,2025-01-15
MDA,none,4855,2025-01-15
SPM,none,479,2025-01-15
KAZ,none,5656,2025-01-15
SWE,quarantine,14260,2025-01-15
UZB,reject,1148,2025-01-15
CXR,quarantine,368,2025-01-15
SLE,none,134,2025-01-15
CXR,none,730,2025-01-15
BIH,quarantine,1059,2025-01-15
LBN,invalid,1,2025-01-15
YEM,reject,31,2025-01-15
KAZ,quarantine,4881,2025-01-15
VNM,quarantine,2790,2025-01-15
MWI,quarantine,42,2025-01-15
MUS,reject,328,2025-01-15
LBY,invalid,2,2025-01-15
SLV,none,839,2025-01-15
IOT,invalid,113,2025-01-15
ISL,none,8850,2025-01-15
IRN,none,47397,2025-01-15
TKL,quarantine,210,2025-01-15
ETH,quarantine,64,2025-01-15
LCA,reject,101,2025-01-15
ETH,reject,56,2025-01-15
SVK,none,57253,2025-01-15
ARE,reject,3188,2025-01-15
AND,quarantine,192,2025-01-15
PAN,quarantine,249,2025-01-15
RWA,reject,114,2025-01-15
TKL,reject,391,2025-01-15
VCT,reject,438,2025-01-15
BHR,reject,197,2025-01-15
NOR,none,83429,2025-01-15
POL,quarantine,159051,2025-01-15
DZA,none,987,2025-01-15
LKA,reject,785,2025-01-15
DOM,reject,670,2025-01-15
PAN,none,962,2025-01-15
MTQ,none,34,2025-01-15
GBR,quarantine,95700,2025-01-15
POL,none,426697,2025-01-15
IDN,quarantine,13994,2025-01-15
REU,none,3287,2025-01-15
FRO,reject,464,2025-01-15
VNM,invalid,23,2025-01-15
USA,reject,18078,2025-01-15
SPM,quarantine,309,2025-01-15
GRD,quarantine,50,2025-01-15
MMR,reject,88,2025-01-15
KEN,quarantine,9450,2025-01-15
IDN,none,64863,2025-01-15
ATG,quarantine,338,2025-01-15
TCD,none,38,2025-01-15
STP,reject,326,2025-01-15
BGD,quarantine,761,2025-01-15
TKM,reject,97,2025-01-15
LIE,invalid,4,2025-01-15
MNE,none,45397,2025-01-15
GGY,none,2706,2025-01-15
EST,reject,3523,2025-01-15
BOL,quarantine,472,2025-01-15
ATF,quarantine,128,2025-01-15
GAB,reject,135,2025-01-15
PRT,invalid,51,2025-01-15
IOT,none,74025,2025-01-15
ISL,reject,1760,2025-01-15
PLW,reject,695,2025-01-15
SXM,none,125,2025-01-15
HKG,invalid,10,2025-01-15
ROU,quarantine,11553,2025-01-15
PER,none,14395,2025-01-15
ECU,reject,1283,2025-01-15
JEY,reject,237,2025-01-15
DEU,invalid,677,2025-01-15
ABW,reject,19,2025-01-15
CIV,none,1631,2025-01-15
EGY,quarantine,252,2025-01-15
ESP,none,195956,2025-01-15
AUT,reject,21961,2025-01-15
BEL,reject,36567,2025-01-15
ARM,reject,577,2025-01-15
SWE,invalid,210,2025-01-15
RUS,quarantine,38956,2025-01-15
BDI,reject,90,2025-01-15
GRL,reject,372,2025-01-15
BDI,none,187,2025-01-15
SYC,none,272,2025-01-15
,none,227683,2025-01-15
PLW,quarantine,671,2025-01-15
ASM,reject,329,2025-01-15
MCO,none,402,2025-01-15
KEN,invalid,7,2025-01-15
SVN,reject,2252,2025-01-15
THA,reject,1494,2025-01-15
ROU,invalid,33,2025-01-15
CPV,reject,55,2025-01-15
UKR,invalid,43,2025-01-15
RWA,quarantine,178,2025-01-15
PRI,quarantine,43,2025-01-15
FSM,quarantine,284,2025-01-15
CHL,reject,8196,2025-01-15
MLT,reject,453,2025-01-15
ATF,reject,152,2025-01-15
TUR,reject,6166,2025-01-15
OMN,reject,348,2025-01-15
CHE,none,167735,2025-01-15
ARE,none,18124,2025-01-15
PRT,reject,8003,2025-01-15
REU,reject,672,2025-01-15
LIE,reject,2716,2025-01-15
BMU,none,322,2025-01-15
BRN,reject,50,2025-01-15
FJI,none,228,2025-01-15
GIB,reject,65,2025-01-15
COK,reject,13,2025-01-15
GBR,reject,115691,2025-01-15
IND,none,236623,2025-01-15
SGP,none,17435,2025-01-15
MKD,none,4011,2025-01-15
AZE,none,3813,2025-01-15
TZA,quarantine,525,2025-01-15
AGO,quarantine,294,2025-01-15
COD,none,342,2025-01-15
GNQ,none,57,2025-01-15
EGY,none,746,2025-01-15
KWT,quarantine,196,2025-01-15
HMD,quarantine,15,2025-01-15
NOR,quarantine,69643,2025-01-15
IRN,reject,5511,2025-01-15
CUW,none,136,2025-01-15
ALB,quarantine,1858,2025-01-15
ALA,none,439,2025-01-15
IRQ,quarantine,86,2025-01-15
SUR,quarantine,90,2025-01-15
ARM,none,3693,2025-01-15
CHE,quarantine,163692,2025-01-15
SAU,reject,1535,2025-01-15
AFG,none,702,2025-01-15
AIA,none,32362,2025-01-15
MUS,none,1122,2025-01-15
SRB,quarantine,1811,2025-01-15
CHN,reject,13411,2025-01-15
CMR,none,626,2025-01-15
BHR,none,278,2025-01-15
GTM,reject,151,2025-01-15
YEM,quarantine,12,2025-01-15
AUT,none,168674,2025-01-15
BWA,none,791,2025-01-15
VGB,none,133,2025-01-15
DNK,none,59611,2025-01-15
GEO,none,3584,2025-01-15
MKD,quarantine,744,2025-01-15
SYR,none,226,2025-01-15
JOR,reject,151,2025-01-15
ALA,reject,128,2025-01-15
DNK,quarantine,17260,2025-01-15
NPL,invalid,2,2025-01-15
BRB,reject,33,2025-01-15
MUS,quarantine,298,2025-01-15
SLV,reject,296,2025-01-15
ITA,invalid,221,2025-01-15
CYP,quarantine,734,2025-01-15
GUY,none,245,2025-01-15
MOZ,none,1232,2025-01-15
LKA,quarantine,866,2025-01-15
ESP,invalid,114,2025-01-15
DMA,none,34,2025-01-15
VIR,none,22,2025-01-15
SAU,none,6882,2025-01-15
MEX,quarantine,10614,2025-01-15
MAR,quarantine,1310,2025-01-15
GIB,quarantine,64,2025-01-15
VEN,quarantine,443,2025-01-15
MDV,reject,87,2025-01-15
DEU,reject,411199,2025-01-15
NLD,none,989326,2025-01-15
MNG,reject,488,2025-01-15
HRV,quarantine,2602,2025-01-15
MCO,quarantine,90,2025-01-15
SGP,quarantine,4435,2025-01-15
CAF,reject,124,2025-01-15
GRD,none,149,2025-01-15
AUT,invalid,56,2025-01-15
MEX,invalid,70,2025-01-15
TLS,quarantine,37,2025-01-15
AUT,quarantine,19559,2025-01-15
AFG,reject,99,2025-01-15
FRA,none,287458,2025-01-15
PAK,reject,1435,2025-01-15
CMR,quarantine,301,2025-01-15
RUS,reject,40189,2025-01-15
UZB,quarantine,1286,2025-01-15
OMN,none,502,2025-01-15
QAT,none,1439,2025-01-15
GGY,invalid,5,2025-01-15
PAK,none,13662,2025-01-15
AIA,reject,5639,2025-01-15
MNE,reject,10890,2025-01-15
VEN,none,1869,2025-01-15
GUY,reject,110,2025-01-15
LBY,reject,241,2025-01-15
MRT,quarantine,32,2025-01-15
MYS,invalid,25,2025-01-15
DJI,reject,44,2025-01-15
CMR,reject,282,2025-01-15
SWZ,quarantine,130,2025-01-15
LVA,reject,3770,2025-01-15
NER,quarantine,50,2025-01-15
DMA,quarantine,10,2025-01-15
COL,quarantine,26381,2025-01-15
MNG,none,1038,2025-01-15
ATG,none,1150,2025-01-15
LIE,none,3108,2025-01-15
GRD,reject,61,2025-01-15
NIU,reject,5122,2025-01-15
EST,quarantine,7596,2025-01-15
KWT,none,292,2025-01-15
TTO,none,179,2025-01-15
CUB,reject,103,2025-01-15
SXM,quarantine,39,2025-01-15
ARM,quarantine,684,2025-01-15
TJK,quarantine,63,2025-01-15
MYS,reject,4407,2025-01-15
CCK,quarantine,6555,2025-01-15
TON,reject,578,2025-01-15
SVK,quarantine,6515,2025-01-15
BLR,quarantine,1810,2025-01-15
SVN,quarantine,2756,2025-01-15
NPL,reject,1063,2025-01-15
VUT,none,150,2025-01-15
HKG,quarantine,2120,2025-01-15
FIN,none,43307,2025-01-15
HRV,reject,2348,2025-01-15
PRI,reject,196,2025-01-15
MCO,reject,93,2025-01-15
JPN,quarantine,26337,2025-01-15
KGZ,quarantine,733,2025-01-15
IRQ,none,834,2025-01-15
CYP,none,2449,2025-01-15
IRL,reject,4416,2025-01-15
LUX,none,7476,2025-01-15
VCT,quarantine,412,2025-01-15
ATG,reject,476,2025-01-15
CHN,invalid,16,2025-01-15
GUY,quarantine,156,2025-01-15
IND,quarantine,27228,2025-01-15
PRY,reject,700,2025-01-15
SHN,reject,851,2025-01-15
QAT,reject,478,2025-01-15
LCA,none,415,2025-01-15
SGS,none,195,2025-01-15
HUN,invalid,74,2025-01-15
REU,quarantine,2031,2025-01-15
ASM,quarantine,939,2025-01-15
KOR,invalid,51,2025-01-15
SXM,reject,85,2025-01-15
BLR,none,5569,2025-01-15
KAZ,reject,1738,2025-01-15
CRI,none,1687,2025-01-15
DNK,invalid,225,2025-01-15
ALA,quarantine,123,2025-01-15
ARG,quarantine,8301,2025-01-15
MWI,reject,119,2025-01-15
VUT,reject,44,2025-01-15
TTO,reject,109,2025-01-15
VGB,reject,92,2025-01-15
FRO,quarantine,184,2025-01-15
HND,reject,295,2025-01-15
COG,quarantine,115,2025-01-15
HRV,none,36821,2025-01-15
SRB,reject,1804,2025-01-15
UKR,reject,4769,2025-01-15
PER,reject,2331,2025-01-15
RWA,none,481,2025-01-15
BFA,quarantine,145,2025-01-15
WSM,quarantine,541,2025-01-15
SDN,none,231,2025-01-15
POL,invalid,139,2025-01-15
GLP,none,99,2025-01-15
COK,none,74,2025-01-15
AUS,none,329970,2025-01-15
GBR,none,646646,2025-01-15
TWN,reject,3321,2025-01-15
BHR,quarantine,139,2025-01-15
BIH,reject,531,2025-01-15
AIA,invalid,44,2025-01-15
HMD,none,13,2025-01-15
BRA,none,684933,2025-01-15
ECU,quarantine,1305,2025-01-15
MDG,none,484,2025-01-15
CHN,quarantine,10111,2025-01-15
VNM,reject,4665,2025-01-15
DOM,quarantine,701,2025-01-15
CYM,none,514,2025-01-15
ISL,quarantine,1463,2025-01-15
NCL,quarantine,320,2025-01-15
BRN,quarantine,111,2025-01-15
BRN,none,73,2025-01-15
PRI,none,98,2025-01-15
TGO,reject,70,2025-01-15
ISR,none,29489,2025-01-15
ISR,reject,2262,2025-01-15
NLD,invalid,940,2025-01-15
BWA,quarantine,277,2025-01-15
CHL,invalid,49,2025-01-15
,quarantine,62191,2025-01-15
TLS,none,106,2025-01-15
ATF,none,241,2025-01-15
UKR,quarantine,6070,2025-01-15
PRT,none,75571,2025-01-15
SOM,none,1189,2025-01-15
ROU,reject,19613,2025-01-15
TCA,none,207,2025-01-15
TZA,reject,440,2025-01-15
GIN,none,202,2025-01-15
SLB,none,101,2025-01-15
BFA,reject,24,2025-01-15
JEY,quarantine,140,2025-01-15
HKG,none,13362,2025-01-15
JOR,none,374,2025-01-15
SEN,reject,153,2025-01-15
BLZ,quarantine,350,2025-01-15
SGS,reject,105,2025-01-15
TLS,reject,118,2025-01-15
,invalid,143,2025-01-15
NZL,none,66436,2025-01-15
CAN,reject,28753,2025-01-15
CUW,quarantine,34,2025-01-15
FRA,reject,79922,2025-01-15
TUV,reject,3517,2025-01-15
THA,none,8623,2025-01-15
DNK,reject,89565,2025-01-15
TUV,none,12884,2025-01-15
MLT,none,1701,2025-01-15
MNP,reject,36,2025-01-15
GEO,quarantine,1007,2025-01-15
JAM,quarantine,169,2025-01-15
IRL,quarantine,3862,2025-01-15
TJK,reject,96,2025-01-15
BWA,reject,188,2025-01-15
MMR,quarantine,159,2025-01-15
SYC,quarantine,50,2025-01-15
VNM,none,11402,2025-01-15
SYC,reject,157,2025-01-15
BEN,quarantine,140,2025-01-15
ATA,none,7,2025-01-15
,reject,86142,2025-01-15
GEO,reject,605,2025-01-15
BRB,quarantine,49,2025-01-15
TCD,reject,49,2025-01-15
NGA,none,14407,2025-01-15
LUX,reject,2949,2025-01-15
VAT,none,68,2025-01-15
BLR,invalid,1,2025-01-15
TUV,quarantine,2573,2025-01-15
JPN,none,231502,2025-01-15
SVN,none,36630,2025-01-15
SDN,reject,87,2025-01-15
FRA,quarantine,78111,2025-01-15
SRB,none,13017,2025-01-15
LVA,none,8343,2025-01-15
GTM,quarantine,82,2025-01-15
TKL,none,676,2025-01-15
URY,reject,1027,2025-01-15
COL,none,198043,2025-01-15
PHL,none,7695,2025-01-15
PER,quarantine,2342,2025-01-15
GAB,quarantine,356,2025-01-15
MLT,quarantine,401,2025-01-15
MNE,quarantine,13434,2025-01-15
ALB,reject,1103,2025-01-15
MSR,none,417,2025-01-15
MLI,quarantine,143,2025-01-15
PHL,quarantine,2267,2025-01-15
NCL,reject,180,2025-01-15
NIC,none,299,2025-01-15
VEN,reject,559,2025-01-15
BGR,none,8185,2025-01-15
KIR,reject,20,2025-01-15
COD,quarantine,106,2025-01-15
IOT,reject,18167,2025-01-15
BRA,invalid,788,2025-01-15
MLI,reject,206,2025-01-15
ALB,none,3177,2025-01-15
JEY,none,579,2025-01-15
TCA,reject,79,2025-01-15
KEN,reject,907,2025-01-15
USA,invalid,99,2025-01-15
ASM,none,1056,2025-01-15
GMB,none,124,2025-01-15
TJK,none,258,2025-01-15
COG,none,149,2025-01-15
FSM,reject,306,2025-01-15
SWZ,reject,12,2025-01-15
ZWE,none,2661,2025-01-15
MDA,quarantine,820,2025-01-15
MYT,reject,90,2025-01-15
FLK,reject,42,2025-01-15
GHA,none,323,2025-01-15
MSR,quarantine,149,2025-01-15
LTU,none,25447,2025-01-15
UZB,none,8030,2025-01-15
MLI,none,387,2025-01-15
KGZ,none,1146,2025-01-15
SYR,quarantine,136,2025-01-15
CHL,none,95460,2025-01-15
LKA,none,5520,2025-01-15
SWE,reject,24706,2025-01-15
IRQ,reject,226,2025-01-15
SHN,quarantine,848,2025-01-15
MDA,reject,679,2025-01-15
BGD,reject,466,2025-01-15
GNB,none,82,2025-01-15
STP,none,698,2025-01-15
HND,quarantine,150,2025-01-15
TKM,none,44,2025-01-15
AND,reject,87,2025-01-15
AUS,reject,54769,2025-01-15
TUN,quarantine,880,2025-01-15
MOZ,reject,285,2025-01-15
LIE,quarantine,2425,2025-01-15
AZE,quarantine,1154,2025-01-15
CXR,reject,371,2025-01-15
MKD,reject,573,2025-01-15
AUS,quarantine,62282,2025-01-15
CAN,quarantine,31121,2025-01-15
BTN,none,40,2025-01-15
ABW,quarantine,21,2025-01-15
DEU,quarantine,220771,2025-01-15
AZE,reject,1253,2025-01-15
GRL,none,403,2025-01-15
TWN,none,22259,2025-01-15
LAO,reject,376,2025-01-15
NZL,reject,12444,2025-01-15
MAC,quarantine,50,2025-01-15
VCT,none,1768,2025-01-15
FSM,none,1237,2025-01-15
MDV,quarantine,273,2025-01-15
BLZ,reject,431,2025-01-15
CPV,none,509,2025-01-15
CYM,reject,160,2025-01-15
BLZ,none,1422,2025-01-15
SEN,quarantine,351,2025-01-15
PNG,none,449,2025-01-15
NLD,quarantine,225287,2025-01-15
PRT,quarantine,9238,2025-01-15
PHL,reject,2562,2025-01-15
KHM,quarantine,93,2025-01-15
LBN,quarantine,94,2025-01-15
BRA,reject,39842,2025-01-15
MNE,invalid,63,2025-01-15
FJI,quarantine,112,2025-01-15
FIN,invalid,52,2025-01-15
NIC,reject,309,2025-01-15
TUR,quarantine,41943,2025-01-15
AIA,quarantine,6570,2025-01-15
BRA,quarantine,58154,2025-01-15
PSE,reject,335,2025-01-15
BOL,none,1375,2025-01-15
CZE,reject,14418,2025-01-15
LBN,none,313,2025-01-15
AFG,quarantine,65,2025-01-15
CAF,none,222,2025-01-15
LCA,quarantine,46,2025-01-15
SPM,invalid,1,2025-01-15
BGR,quarantine,1539,2025-01-15
TGO,none,271,2025-01-15
CYP,reject,659,2025-01-15
TKM,quarantine,44,2025-01-15
ARM,invalid,14,2025-01-15
HUN,none,133780,2025-01-15
LSO,none,145,2025-01-15
LAO,none,1807,2025-01-15
LBY,none,1358,2025-01-15
SUR,reject,87,2025-01-15
MDV,none,772,2025-01-15
GRL,quarantine,116,2025-01-15
SMR,reject,29,2025-01-15
SGS,quarantine,72,2025-01-15
DEU,none,876532,2025-01-15
TON,none,1602,2025-01-15
PRY,none,6343,2025-01-15
OMN,quarantine,144,2025-01-15
AZE,invalid,8,2025-01-15
MYS,quarantine,8941,2025-01-15
ZAF,reject,19597,2025-01-15
BIH,none,7149,2025-01-15
AGO,reject,310,2025-01-15
COD,reject,80,2025-01-15
DJI,none,192,2025-01-15
URY,none,7136,2025-01-15
ISR,quarantine,3793,2025-01-15
NIU,quarantine,3297,2025-01-15
WSM,reject,603,2025-01-15
CIV,reject,175,2025-01-15
GRC,none,74764,2025-01-15
NPL,quarantine,1311,2025-01-15
BFA,none,156,2025-01-15
MDG,quarantine,269,2025-01-15
HMD,reject,9,2025-01-15
FRA,invalid,413,2025-01-15
TGO,quarantine,146,2025-01-15
SLE,quarantine,30,2025-01-15
SOM,reject,228,2025-01-15
NPL,none,4707,2025-01-15
CHL,quarantine,6285,2025-01-15
AND,none,312,2025-01-15
TCA,quarantine,82,2025-01-15
WSM,none,2437,2025-01-15
PYF,reject,90,2025-01-15
NLD,reject,271828,2025-01-15
MYS,none,21212,2025-01-15
KOR,reject,2277,2025-01-15
KWT,reject,182,2025-01-15
BRB,none,74,2025-01-15
PNG,reject,50,2025-01-15
CHE,invalid,108,2025-01-15
ARG,none,83604,2025-01-15
TWN,quarantine,4047,2025-01-15
ZMB,none,499,2025-01-15
NCL,none,827,2025-01-15
SAU,quarantine,1401,2025-01-15
STP,quarantine,317,2025-01-15
VIR,reject,32,2025-01-15
PNG,quarantine,148,2025-01-15
ZAF,none,154895,2025-01-15
IDN,reject,13453,2025-01-15
BLR,reject,2066,2025-01-15
KOR,quarantine,1192,2025-01-15
MSR,reject,322,2025-01-15
BMU,reject,201,2025-01-15
CUB,none,81,2025-01-15
HTI,quarantine,20,2025-01-15
ZAF,quarantine,27793,2025-01-15
UGA,reject,245,2025-01-15
NIC,quarantine,192,2025-01-15
VIR,quarantine,11,2025-01-15
SGP,reject,4430,2025-01-15
ROU,none,114792,2025-01-15
ARG,reject,5330,2025-01-15
WLF,none,120,2025-01-15
PYF,quarantine,85,2025-01-15
SMR,none,133,2025-01-15
JOR,quarantine,536,2025-01-15
PRY,quarantine,1281,2025-01-15
UZB,invalid,1,2025-01-15
IND,invalid,132,2025-01-15
KHM,none,350,2025-01-15
ARG,invalid,68,2025-01-15
BMU,quarantine,117,2025-01-15
GRC,quarantine,25918,2025-01-15
MAR,reject,1077,2025-01-15
TCD,quarantine,15,2025-01-15
COL,reject,54756,2025-01-15
TUN,reject,299,2025-01-15
LVA,quarantine,2762,2025-01-15
CAN,invalid,262,2025-01-15
FIN,reject,8414,2025-01-15
LSO,quarantine,52,2025-01-15
NER,none,51,2025-01-15
LUX,quarantine,3946,2025-01-15
AGO,none,4236,2025-01-15
THA,quarantine,4783,2025-01-15
BGD,none,2800,2025-01-15
MYT,quarantine,209,2025-01-15
BEN,none,411,2025-01-15
HUN,reject,6780,2025-01-15
LBN,reject,89,2025-01-15
GGY,reject,812,2025-01-15
GAB,none,202,2025-01-15
SYR,reject,41,2025-01-15
MMR,none,217,2025-01-15
UGA,quarantine,339,2025-01-15
FIN,quarantine,8885,2025-01-15
SEN,none,740,2025-01-15
WLF,quarantine,59,2025-01-15
PYF,none,217,2025-01-15
JPN,reject,14742,2025-01-15
MNG,quarantine,580,2025-01-15
MRT,none,182,2025-01-15
GTM,none,544,2025-01-15
JAM,reject,79,2025-01-15
MWI,none,148,2025-01-15
HKG,reject,3412,2025-01-15
GUF,reject,26,2025-01-15
PSE,quarantine,210,2025-01-15
NFK,none,14,2025-01-15
JAM,none,106,2025-01-15
SHN,none,1562,2025-01-15
PAK,quarantine,2226,2025-01-15
HND,none,509,2025-01-15
GBR,invalid,743,2025-01-15
KHM,reject,154,2025-01-15
SDN,quarantine,55,2025-01-15
SWZ,none,106,2025-01-15
EST,none,27578,2025-01-15
TUN,none,2610,2025-01-15
NZL,invalid,50,2025-01-15
KNA,quarantine,7,2025-01-15
CRI,reject,606,2025-01-15
NAM,none,34,2025-01-15
SLB,quarantine,26,2025-01-15
CCK,invalid,23,2025-01-15
PLW,none,1747,2025-01-15
WLF,reject,79,2025-01-15
SLB,reject,42,2025-01-15
ITA,quarantine,32409,2025-01-15
VGB,quarantine,66,2025-01-15
QAT,quarantine,373,2025-01-15
PAN,reject,478,2025-01-15
TUV,invalid,12,2025-01-15
CAF,quarantine,69,2025-01-15
ARE,quarantine,3150,2025-01-15
GIB,none,272,2025-01-15
CZE,invalid,67,2025-01-15
LSO,reject,38,2025-01-15
GNQ,reject,46,2025-01-15
BEL,none,176277,2025-01-15
ECU,none,5613,2025-01-15
ZMB,reject,120,2025-01-15
BGR,reject,1687,2025-01-15
PSE,none,703,2025-01-15
POL,reject,242265,2025-01-15
MEX,none,76504,2025-01-15
COL,invalid,216,2025-01-15
GHA,reject,89,2025-01-15
TUR,none,69630,2025-01-15
SLE,reject,51,2025-01-15
TUR,invalid,87,2025-01-15
MNP,none,30,2025-01-15
RUS,none,170159,2025-01-15
CAN,none,229561,2025-01-15
IMN,none,3682,2025-01-15
IMN,quarantine,1714,2025-01-15
AUS,invalid,443,2025-01-15
NOR,invalid,110,2025-01-15
ZAF,invalid,50,2025-01-15
IOT,quarantine,19916,2025-01-15
LAO,quarantine,403,2025-01-15
BHS,none,47,2025-01-15
IMN,reject,707,2025-01-15
FRO,none,462,2025-01-15
NAM,reject,20,2025-01-15
ABW,none,66,2025-01-15
SWE,none,72518,2025-01-15
NIU,none,13558,2025-01-15
MEX,reject,9649,2025-01-15
NOR,reject,14162,2025-01-15
KEN,none,9075,2025-01-15
DZA,reject,465,2025-01-15
IRL,none,26373,2025-01-15
USA,none,74424,2025-01-15
CRI,quarantine,683,2025-01-15
ESP,quarantine,73445,2025-01-15
ETH,none,2128,2025-01-15
SLV,quarantine,259,2025-01-15
BTN,reject,219,2025-01-15
CPV,quarantine,83,2025-01-15
LBR,none,23,2025-01-15
GLP,reject,62,2025-01-15
IRN,quarantine,12190,2025-01-15
CHE,reject,190967,2025-01-15
MAR,none,9803,2025-01-15
CIV,quarantine,626,2025-01-15
LBY,quarantine,462,2025-01-15
ZWE,reject,303,2025-01-15
FJI,reject,94,2025-01-15
CZE,none,128168,2025-01-15
SUR,none,259,2025-01-15
CZE,quarantine,25176,2025-01-15
ITA,reject,24613,2025-01-15
LTU,reject,2615,2025-01-15
MDG,reject,163,2025-01-15
NAM,quarantine,26,2025-01-15
COG,reject,42,2025-01-15
IND,reject,23298,2025-01-15
TZA,none,4040,2025-01-15
CCK,reject,4993,2025-01-15
ZWE,quarantine,256,2025-01-15
MAC,none,285,2025-01-15
GHA,quarantine,148,2025-01-15
BEL,quarantine,35562,2025-01-15
GRC,reject,8986,2025-01-15
DOM,none,2643,2025-01-15
MYT,none,314,2025-01-15
SOM,quarantine,206,2025-01-15
BHS,reject,68,2025-01-15
KOR,none,6313,2025-01-15
BEL,invalid,297,2025-01-15
COM,reject,6,2025-01-15
VUT,quarantine,26,2025-01-15
IDN,invalid,24,2025-01-15
ASM,invalid,4,2025-01-15
IRN,invalid,11,2025-01-15
MAC,reject,50,2025-01-15
ATA,reject,5,2025-01-15
GUF,none,25,2025-01-15
SMR,quarantine,27,2025-01-15
GNQ,quarantine,29,2025-01-15
GMB,quarantine,63,2025-01-15
SSD,none,18,2025-01-15
KIR,none,14,2025-01-15
GUF,quarantine,8,2025-01-15
MRT,reject,38,2025-01-15
NER,reject,14,2025-01-15
KNA,none,21,2025-01-15
HRV,invalid,6,2025-01-15
TWN,invalid,40,2025-01-15
SVN,invalid,13,2025-01-15
TTO,quarantine,61,2025-01-15
NRU,reject,24,2025-01-15
JPN,invalid,28,2025-01-15
BEN,reject,47,2025-01-15
PAN,invalid,3,2025-01-15
VEN,invalid,2,2025-01-15
SVK,invalid,9,2025-01-15
YEM,none,34,2025-01-15
MKD,invalid,1,2025-01-15
LUX,invalid,13,2025-01-15
PCN,invalid,4,2025-01-15
GHA,invalid,5,2025-01-15
DJI,quarantine,34,2025-01-15
MNP,quarantine,22,2025-01-15
MDV,invalid,1,2025-01-15
KNA,reject,19,2025-01-15
BTN,quarantine,29,2025-01-15
SSD,quarantine,11,2025-01-15
GLP,quarantine,17,2025-01-15
ZMB,invalid,1,2025-01-15
GMB,reject,20,2025-01-15
SSD,reject,4,2025-01-15
MTQ,quarantine,13,2025-01-15
BHS,quarantine,23,2025-01-15
BDI,quarantine,49,2025-01-15
CUW,reject,21,2025-01-15
GRC,invalid,33,2025-01-15
MTQ,reject,29,2025-01-15
THA,invalid,2,2025-01-15
PCN,none,17,2025-01-15
EST,invalid,8,2025-01-15
KAZ,invalid,14,2025-01-15
DZA,invalid,3,2025-01-15
LBR,reject,3,2025-01-15
MDA,invalid,3,2025-01-15
HTI,invalid,2,2025-01-15
ISR,invalid,27,2025-01-15
MAR,invalid,6,2025-01-15
DMA,reject,20,2025-01-15
PER,invalid,18,2025-01-15
GIN,quarantine,18,2025-01-15
COM,none,18,2025-01-15
ECU,invalid,5,2025-01-15
LTU,invalid,16,2025-01-15
PCN,reject,22,2025-01-15
CYP,invalid,2,2025-01-15
BMU,invalid,1,2025-01-15
IRL,invalid,25,2025-01-15
MNG,invalid,3,2025-01-15
BIH,invalid,4,2025-01-15
KIR,quarantine,9,2025-01-15
LAO,invalid,2,2025-01-15
ARE,invalid,11,2025-01-15
GUY,invalid,1,2025-01-15
MLT,invalid,1,2025-01-15
SLV,invalid,4,2025-01-15
QAT,invalid,1,2025-01-15
PAK,invalid,4,2025-01-15
CXR,invalid,2,2025-01-15
URY,invalid,8,2025-01-15
REU,invalid,4,2025-01-15
NRU,quarantine,2,2025-01-15
GUM,none,3,2025-01-15
SGP,invalid,9,2025-01-15
SHN,invalid,5,2025-01-15
PRY,invalid,3,2025-01-15
FJI,invalid,1,2025-01-15
NGA,invalid,3,2025-01-15
NRU,none,7,2025-01-15
LBR,quarantine,3,2025-01-15
TON,invalid,4,2025-01-15
NFK,reject,22,2025-01-15
NFK,quarantine,4,2025-01-15
TUN,invalid,4,2025-01-15
EGY,invalid,3,2025-01-15
SAU,invalid,6,2025-01-15
FSM,invalid,1,2025-01-15
ISL,invalid,5,2025-01-15
LVA,invalid,5,2025-01-15
GUM,reject,3,2025-01-15
FLK,none,9,2025-01-15
SRB,invalid,2,2025-01-15
VCT,invalid,4,2025-01-15
MMR,invalid,1,2025-01-15
WSM,invalid,2,2025-01-15
GIN,reject,2,2025-01-15
BOL,invalid,2,2025-01-15
GUF,invalid,1,2025-01-15
COM,quarantine,3,2025-01-15
GNB,quarantine,8,2025-01-15
CIV,invalid,2,2025-01-15
BLZ,invalid,1,2025-01-15
DOM,invalid,6,2025-01-15
RWA,invalid,1,2025-01-15
ALB,invalid,2,2025-01-15
PHL,invalid,4,2025-01-15
TKL,invalid,1,2025-01-15
GNB,reject,3,2025-01-15
COK,quarantine,2,2025-01-15
LKA,invalid,1,2025-01-15
PLW,invalid,3,2025-01-15
PCN,quarantine,2,2025-01-15
GRL,invalid,1,2025-01-15
HND,invalid,1,2025-01-15
ATG,invalid,1,2025-01-15
BGR,invalid,1,2025-01-15
JEY,invalid,1,2025-01-15
BEN,invalid,1,2025-01-15
SGS,invalid,1,2025-01-15
CYM,invalid,1,2025-01-15
CRI,invalid,2,2025-01-15
SLE,invalid,1,2025-01-15
AFG,invalid,1,2025-01-15
BTN,invalid,1,2025-01-15
MOZ,invalid,1,2025-01-15
NER,invalid,1,2025-01-15
GLP,invalid,1,2025-01-15
MSR,invalid,1,2025-01-15
IMN,invalid,1,2025-01-15
GUM,quarantine,1,2025-01-15
VUT,invalid,1,2025-01-15
USA,quarantine,11313,2025-02-15
NGA,quarantine,6868,2025-02-15
UGA,none,977,2025-02-15
RUS,invalid,147,2025-02-15
CCK,none,16233,2025-02-15
NGA,reject,1142,2025-02-15
ESP,reject,19073,2025-02-15
UKR,none,23363,2025-02-15
MOZ,quarantine,324,2025-02-15
TON,quarantine,497,2025-02-15
URY,quarantine,2488,2025-02-15
CHN,none,18513,2025-02-15
LTU,quarantine,2853,2025-02-15
BOL,reject,521,2025-02-15
SPM,reject,217,2025-02-15
ITA,none,803410,2025-02-15
KGZ,reject,246,2025-02-15
GGY,quarantine,890,2025-02-15
HUN,quarantine,13394,2025-02-15
DZA,quarantine,560,2025-02-15
CUB,quarantine,96,2025-02-15
HTI,reject,173,2025-02-15
EGY,reject,312,2025-02-15
ZMB,quarantine,152,2025-02-15
HTI,none,178,2025-02-15
CYM,quarantine,161,2025-02-15
SVK,reject,9748,2025-02-15
MDA,none,5444,2025-02-15
NZL,quarantine,11467,2025-02-15
SPM,none,479,2025-02-15
UZB,reject,1187,2025-02-15
KAZ,none,5803,2025-02-15
SWE,quarantine,14440,2025-02-15
CXR,quarantine,377,2025-02-15
SLE,none,149,2025-02-15
BIH,quarantine,1103,2025-02-15
CXR,none,765,2025-02-15
SSD,reject,6,2025-02-15
YEM,reject,31,2025-02-15
MTQ,quarantine,14,2025-02-15
KAZ,quarantine,4939,2025-02-15
VNM,quarantine,2837,2025-02-15
MUS,reject,350,2025-02-15
SLV,none,886,2025-02-15
IOT,invalid,118,2025-02-15
IRN,none,53899,2025-02-15
ETH,reject,60,2025-02-15
ISL,none,9055,2025-02-15
LCA,reject,117,2025-02-15
TKL,quarantine,212,2025-02-15
ETH,quarantine,62,2025-02-15
SVK,none,57840,2025-02-15
ARE,reject,3315,2025-02-15
AND,quarantine,210,2025-02-15
PAN,quarantine,257,2025-02-15
TKL,reject,400,2025-02-15
RWA,reject,113,2025-02-15
VCT,reject,428,2025-02-15
BHR,reject,209,2025-02-15
NOR,none,85638,2025-02-15
POL,quarantine,160345,2025-02-15
DZA,none,1032,2025-02-15
DOM,reject,694,2025-02-15
LKA,reject,807,2025-02-15
PAN,none,1000,2025-02-15
MTQ,none,37,2025-02-15
GBR,quarantine,98032,2025-02-15
IDN,quarantine,14694,2025-02-15
POL,none,431168,2025-02-15
REU,none,3303,2025-02-15
FRO,reject,454,2025-02-15
VUT,quarantine,27,2025-02-15
VNM,invalid,23,2025-02-15
USA,reject,19062,2025-02-15
SPM,quarantine,305,2025-02-15
GRD,quarantine,48,2025-02-15
MMR,reject,91,2025-02-15
IDN,none,76587,2025-02-15
KEN,quarantine,9970,2025-02-15
ATG,quarantine,352,2025-02-15
TCD,none,51,2025-02-15
IDN,invalid,25,2025-02-15
STP,reject,337,2025-02-15
TKM,reject,109,2025-02-15
BGD,quarantine,771,2025-02-15
MNE,none,47244,2025-02-15
GGY,none,2798,2025-02-15
EST,reject,3596,2025-02-15
BOL,quarantine,484,2025-02-15
ATF,quarantine,133,2025-02-15
GAB,reject,142,2025-02-15
PRT,invalid,51,2025-02-15
IOT,none,76878,2025-02-15
PLW,reject,691,2025-02-15
ISL,reject,1797,2025-02-15
SXM,none,138,2025-02-15
ROU,quarantine,11894,2025-02-15
PER,none,15287,2025-02-15
ECU,reject,1339,2025-02-15
DEU,invalid,672,2025-02-15
JEY,reject,254,2025-02-15
CIV,none,1711,2025-02-15
EGY,quarantine,259,2025-02-15
ESP,none,200242,2025-02-15
BEL,reject,37495,2025-02-15
AUT,reject,22666,2025-02-15
ARM,reject,608,2025-02-15
SWE,invalid,212,2025-02-15
BHS,quarantine,23,2025-02-15
COM,quarantine,3,2025-02-15
RUS,quarantine,39428,2025-02-15
BDI,none,382,2025-02-15
BDI,reject,94,2025-02-15
GRL,reject,417,2025-02-15
SYC,none,286,2025-02-15
,none,231959,2025-02-15
PLW,quarantine,680,2025-02-15
BDI,quarantine,49,2025-02-15
MCO,none,415,2025-02-15
ASM,reject,345,2025-02-15
THA,reject,1521,2025-02-15
SVN,reject,2352,2025-02-15
BGD,invalid,2,2025-02-15
CPV,reject,59,2025-02-15
ROU,invalid,33,2025-02-15
CUW,reject,23,2025-02-15
UKR,invalid,41,2025-02-15
PRI,quarantine,46,2025-02-15
RWA,quarantine,173,2025-02-15
CHL,reject,8446,2025-02-15
MLT,reject,467,2025-02-15
FSM,quarantine,299,2025-02-15
ATF,reject,157,2025-02-15
OMN,reject,355,2025-02-15
TUR,reject,6390,2025-02-15
CHE,none,169562,2025-02-15
REU,reject,703,2025-02-15
LIE,reject,2797,2025-02-15
ARE,none,20072,2025-02-15
PRT,reject,8172,2025-02-15
BMU,none,327,2025-02-15
FJI,none,235,2025-02-15
BRN,reject,51,2025-02-15
COK,reject,15,2025-02-15
GIB,reject,74,2025-02-15
GBR,reject,122796,2025-02-15
IND,none,248518,2025-02-15
MKD,none,4392,2025-02-15
SGP,none,17875,2025-02-15
AZE,none,4128,2025-02-15
COD,none,361,2025-02-15
AGO,quarantine,305,2025-02-15
TZA,quarantine,523,2025-02-15
GNQ,none,55,2025-02-15
EGY,none,798,2025-02-15
KWT,quarantine,201,2025-02-15
SAU,invalid,6,2025-02-15
NOR,quarantine,70340,2025-02-15
IRN,reject,5750,2025-02-15
GRC,invalid,33,2025-02-15
CUW,none,137,2025-02-15
ALB,quarantine,1944,2025-02-15
ALA,none,455,2025-02-15
SUR,quarantine,92,2025-02-15
IRQ,quarantine,87,2025-02-15
ARM,none,3882,2025-02-15
CHE,quarantine,171821,2025-02-15
AFG,none,785,2025-02-15
SAU,reject,1629,2025-02-15
MAC,reject,62,2025-02-15
SRB,quarantine,1866,2025-02-15
AIA,none,35013,2025-02-15
MUS,none,1204,2025-02-15
YEM,quarantine,14,2025-02-15
BHR,none,310,2025-02-15
CHN,reject,13481,2025-02-15
CMR,none,666,2025-02-15
GTM,reject,159,2025-02-15
AUT,none,170940,2025-02-15
BWA,none,909,2025-02-15
VGB,none,140,2025-02-15
IRL,invalid,24,2025-02-15
DNK,none,60975,2025-02-15
MKD,quarantine,749,2025-02-15
GEO,none,4106,2025-02-15
SYR,none,233,2025-02-15
ALA,reject,133,2025-02-15
JOR,reject,163,2025-02-15
DNK,quarantine,17698,2025-02-15
ITA,invalid,222,2025-02-15
SLV,reject,305,2025-02-15
MTQ,reject,33,2025-02-15
MUS,quarantine,304,2025-02-15
GNB,quarantine,8,2025-02-15
BRB,reject,41,2025-02-15
LKA,quarantine,870,2025-02-15
CYP,quarantine,763,2025-02-15
MOZ,none,1398,2025-02-15
ESP,invalid,116,2025-02-15
DMA,none,35,2025-02-15
GUY,none,277,2025-02-15
VEN,quarantine,453,2025-02-15
MEX,quarantine,10869,2025-02-15
SAU,none,7697,2025-02-15
GIB,quarantine,66,2025-02-15
MAR,quarantine,1321,2025-02-15
MDV,reject,94,2025-02-15
NLD,none,996004,2025-02-15
DEU,reject,419662,2025-02-15
MNG,reject,517,2025-02-15
HRV,quarantine,2698,2025-02-15
MCO,quarantine,95,2025-02-15
SGP,quarantine,4470,2025-02-15
CAF,reject,126,2025-02-15
GRD,none,150,2025-02-15
MEX,invalid,69,2025-02-15
TLS,quarantine,39,2025-02-15
AUT,quarantine,20081,2025-02-15
AFG,reject,105,2025-02-15
FRA,none,447902,2025-02-15
CMR,quarantine,323,2025-02-15
PAK,reject,1487,2025-02-15
RUS,reject,44103,2025-02-15
QAT,none,1510,2025-02-15
OMN,none,521,2025-02-15
UZB,quarantine,1357,2025-02-15
PAK,none,15245,2025-02-15
MNE,reject,11276,2025-02-15
AIA,reject,6102,2025-02-15
VEN,none,1948,2025-02-15
GUY,reject,118,2025-02-15
GUF,none,26,2025-02-15
PAK,invalid,5,2025-02-15
LBY,reject,260,2025-02-15
CMR,reject,303,2025-02-15
SWZ,quarantine,160,2025-02-15
LVA,reject,3901,2025-02-15
NER,quarantine,51,2025-02-15
COL,quarantine,27306,2025-02-15
LIE,none,3161,2025-02-15
MNG,none,1065,2025-02-15
ATG,none,1182,2025-02-15
GRD,reject,62,2025-02-15
EST,quarantine,7787,2025-02-15
NIU,reject,5177,2025-02-15
KWT,none,303,2025-02-15
TTO,none,181,2025-02-15
CUB,reject,112,2025-02-15
SXM,quarantine,40,2025-02-15
ARM,quarantine,693,2025-02-15
TJK,quarantine,63,2025-02-15
VCT,invalid,4,2025-02-15
MYS,reject,4553,2025-02-15
GNQ,quarantine,28,2025-02-15
CCK,quarantine,6712,2025-02-15
TON,reject,590,2025-02-15
SVN,quarantine,2820,2025-02-15
SVK,quarantine,6658,2025-02-15
NPL,reject,1101,2025-02-15
GMB,quarantine,61,2025-02-15
BLR,quarantine,1815,2025-02-15
VUT,none,153,2025-02-15
FIN,none,45296,2025-02-15
HKG,quarantine,2157,2025-02-15
HRV,reject,2423,2025-02-15
PRI,reject,198,2025-02-15
MCO,reject,96,2025-02-15
JPN,quarantine,27040,2025-02-15
CYP,none,2575,2025-02-15
IRQ,none,1060,2025-02-15
KGZ,quarantine,762,2025-02-15
LUX,none,7609,2025-02-15
GUY,quarantine,154,2025-02-15
VCT,quarantine,419,2025-02-15
IRL,reject,4524,2025-02-15
ATG,reject,494,2025-02-15
CHN,invalid,25,2025-02-15
IND,quarantine,28011,2025-02-15
SHN,reject,876,2025-02-15
PRY,reject,727,2025-02-15
QAT,reject,496,2025-02-15
LCA,none,474,2025-02-15
SGS,none,197,2025-02-15
HUN,invalid,75,2025-02-15
REU,quarantine,2061,2025-02-15
KOR,invalid,49,2025-02-15
ASM,quarantine,938,2025-02-15
SXM,reject,86,2025-02-15
BLR,none,5993,2025-02-15
KAZ,reject,1860,2025-02-15
CRI,none,1741,2025-02-15
DNK,invalid,238,2025-02-15
ALA,quarantine,120,2025-02-15
ARG,quarantine,8410,2025-02-15
MWI,reject,122,2025-02-15
VUT,reject,46,2025-02-15
TTO,reject,119,2025-02-15
FRO,quarantine,185,2025-02-15
VGB,reject,98,2025-02-15
HND,reject,307,2025-02-15
HRV,none,38031,2025-02-15
UKR,reject,4835,2025-02-15
PER,reject,2459,2025-02-15
SRB,reject,1851,2025-02-15
RWA,none,525,2025-02-15
SSD,none,23,2025-02-15
WSM,quarantine,546,2025-02-15
SDN,none,239,2025-02-15
COK,none,76,2025-02-15
BFA,quarantine,149,2025-02-15
GLP,none,107,2025-02-15
POL,invalid,140,2025-02-15
AUS,none,339827,2025-02-15
GBR,none,665793,2025-02-15
TWN,reject,3427,2025-02-15
AIA,invalid,46,2025-02-15
BIH,reject,563,2025-02-15
BHR,quarantine,137,2025-02-15
BRA,none,705234,2025-02-15
ECU,quarantine,1335,2025-02-15
MDG,none,691,2025-02-15
CHN,quarantine,10384,2025-02-15
VNM,reject,4783,2025-02-15
DOM,quarantine,722,2025-02-15
ISL,quarantine,1526,2025-02-15
CYM,none,526,2025-02-15
PRI,none,99,2025-02-15
BRN,none,74,2025-02-15
NCL,quarantine,321,2025-02-15
BRN,quarantine,111,2025-02-15
KIR,none,16,2025-02-15
TGO,reject,74,2025-02-15
ISR,none,31032,2025-02-15
NLD,invalid,954,2025-02-15
ISR,reject,2340,2025-02-15
BWA,quarantine,282,2025-02-15
CHL,invalid,51,2025-02-15
,quarantine,62566,2025-02-15
TLS,none,108,2025-02-15
ATF,none,245,2025-02-15
PRT,none,77617,2025-02-15
SOM,none,1276,2025-02-15
ROU,reject,19985,2025-02-15
UKR,quarantine,6165,2025-02-15
SLB,none,103,2025-02-15
TZA,reject,483,2025-02-15
JEY,quarantine,150,2025-02-15
GIN,none,203,2025-02-15
TCA,none,208,2025-02-15
SGS,reject,111,2025-02-15
HKG,none,13579,2025-02-15
JOR,none,398,2025-02-15
BLZ,quarantine,367,2025-02-15
SEN,reject,161,2025-02-15
TLS,reject,123,2025-02-15
AFG,invalid,1,2025-02-15
,invalid,141,2025-02-15
NZL,none,68113,2025-02-15
CAN,reject,29852,2025-02-15
FRA,reject,103311,2025-02-15
TUV,reject,3688,2025-02-15
THA,none,8679,2025-02-15
DNK,reject,90520,2025-02-15
TUV,none,13207,2025-02-15
GEO,quarantine,1037,2025-02-15
MLT,none,1760,2025-02-15
MRT,reject,37,2025-02-15
JAM,quarantine,166,2025-02-15
TJK,reject,117,2025-02-15
IRL,quarantine,3976,2025-02-15
BWA,reject,195,2025-02-15
MMR,quarantine,158,2025-02-15
VNM,none,11746,2025-02-15
SYC,reject,160,2025-02-15
BEN,quarantine,142,2025-02-15
ATA,none,7,2025-02-15
,reject,87468,2025-02-15
GEO,reject,610,2025-02-15
BRB,quarantine,48,2025-02-15
TCD,reject,55,2025-02-15
NGA,none,18364,2025-02-15
LUX,reject,3050,2025-02-15
VAT,none,68,2025-02-15
TUV,quarantine,2617,2025-02-15
JPN,none,237026,2025-02-15
SVN,none,37097,2025-02-15
SDN,reject,97,2025-02-15
KNA,none,22,2025-02-15
FRA,quarantine,113365,2025-02-15
SRB,none,13997,2025-02-15
LVA,none,8720,2025-02-15
GTM,quarantine,83,2025-02-15
TKL,none,671,2025-02-15
URY,reject,1064,2025-02-15
COL,none,216095,2025-02-15
KIR,quarantine,8,2025-02-15
PHL,none,8024,2025-02-15
PER,quarantine,2393,2025-02-15
ISR,invalid,28,2025-02-15
GAB,quarantine,377,2025-02-15
MLT,quarantine,415,2025-02-15
MNE,quarantine,13791,2025-02-15
MSR,none,423,2025-02-15
ALB,reject,1124,2025-02-15
MLI,quarantine,139,2025-02-15
VEN,reject,599,2025-02-15
PHL,quarantine,2297,2025-02-15
NCL,reject,186,2025-02-15
NIC,none,306,2025-02-15
BGR,none,8573,2025-02-15
COD,quarantine,111,2025-02-15
IOT,reject,18668,2025-02-15
BRA,invalid,862,2025-02-15
JEY,none,602,2025-02-15
ALB,none,3434,2025-02-15
KEN,reject,968,2025-02-15
MLI,reject,211,2025-02-15
TCA,reject,83,2025-02-15
USA,invalid,92,2025-02-15
ASM,none,1055,2025-02-15
GMB,none,132,2025-02-15
TJK,none,273,2025-02-15
FSM,reject,312,2025-02-15
COG,none,164,2025-02-15
MDA,quarantine,843,2025-02-15
ZWE,none,4022,2025-02-15
MYT,reject,94,2025-02-15
FLK,reject,42,2025-02-15
GHA,none,349,2025-02-15
MSR,quarantine,153,2025-02-15
UZB,none,8918,2025-02-15
LTU,none,26452,2025-02-15
MLI,none,407,2025-02-15
TWN,invalid,40,2025-02-15
KGZ,none,1170,2025-02-15
SYR,quarantine,136,2025-02-15
CHL,none,99310,2025-02-15
LKA,none,6162,2025-02-15
SWE,reject,25258,2025-02-15
SHN,quarantine,893,2025-02-15
MDA,reject,707,2025-02-15
IRQ,reject,253,2025-02-15
BGD,reject,481,2025-02-15
GNB,none,61,2025-02-15
HND,quarantine,157,2025-02-15
STP,none,729,2025-02-15
AND,reject,88,2025-02-15
TKM,none,46,2025-02-15
ARE,invalid,11,2025-02-15
AUS,reject,56282,2025-02-15
TUN,quarantine,922,2025-02-15
MOZ,reject,288,2025-02-15
CXR,reject,381,2025-02-15
LIE,quarantine,2439,2025-02-15
AZE,quarantine,1190,2025-02-15
MKD,reject,589,2025-02-15
SVN,invalid,13,2025-02-15
CAN,quarantine,32357,2025-02-15
AUS,quarantine,63374,2025-02-15
BTN,none,40,2025-02-15
DEU,quarantine,227881,2025-02-15
AZE,reject,1296,2025-02-15
GRL,none,430,2025-02-15
TWN,none,25670,2025-02-15
LAO,reject,384,2025-02-15
PER,invalid,18,2025-02-15
NZL,reject,12692,2025-02-15
TTO,quarantine,63,2025-02-15
VCT,none,1808,2025-02-15
FLK,none,9,2025-02-15
FSM,none,1269,2025-02-15
MDV,quarantine,292,2025-02-15
BLZ,reject,433,2025-02-15
CPV,none,533,2025-02-15
CYM,reject,170,2025-02-15
BLZ,none,1457,2025-02-15
SEN,quarantine,355,2025-02-15
NRU,reject,28,2025-02-15
PNG,none,474,2025-02-15
NLD,quarantine,226228,2025-02-15
PRT,quarantine,9513,2025-02-15
PHL,reject,2702,2025-02-15
LBN,quarantine,94,2025-02-15
KHM,quarantine,95,2025-02-15
JPN,invalid,30,2025-02-15
GIN,quarantine,18,2025-02-15
BRA,reject,41660,2025-02-15
FJI,quarantine,124,2025-02-15
MNE,invalid,60,2025-02-15
BEN,reject,52,2025-02-15
FIN,invalid,52,2025-02-15
NIC,reject,318,2025-02-15
TUR,quarantine,42937,2025-02-15
AIA,quarantine,7041,2025-02-15
BRA,quarantine,58920,2025-02-15
BOL,none,1445,2025-02-15
PSE,reject,348,2025-02-15
CZE,reject,14977,2025-02-15
CAF,none,225,2025-02-15
AFG,quarantine,67,2025-02-15
LBN,none,327,2025-02-15
LCA,quarantine,47,2025-02-15
TGO,none,291,2025-02-15
BGR,quarantine,1572,2025-02-15
CYP,reject,681,2025-02-15
TKM,quarantine,43,2025-02-15
ARM,invalid,16,2025-02-15
HUN,none,137900,2025-02-15
LAO,none,1871,2025-02-15
LBY,none,1613,2025-02-15
LSO,none,198,2025-02-15
MDV,none,795,2025-02-15
GRL,quarantine,114,2025-02-15
SUR,reject,93,2025-02-15
SGS,quarantine,71,2025-02-15
DEU,none,895075,2025-02-15
PRY,none,6586,2025-02-15
TON,none,1650,2025-02-15
OMN,quarantine,153,2025-02-15
ZAF,reject,20855,2025-02-15
MYS,quarantine,9097,2025-02-15
BIH,none,7501,2025-02-15
DJI,none,196,2025-02-15
AGO,reject,309,2025-02-15
COD,reject,89,2025-02-15
ISR,quarantine,3866,2025-02-15
URY,none,7500,2025-02-15
NIU,quarantine,3317,2025-02-15
WSM,reject,622,2025-02-15
CIV,reject,181,2025-02-15
GRC,none,77005,2025-02-15
NPL,quarantine,1332,2025-02-15
MDG,quarantine,268,2025-02-15
BFA,none,173,2025-02-15
TGO,quarantine,149,2025-02-15
SOM,reject,254,2025-02-15
FRA,invalid,524,2025-02-15
SLE,quarantine,30,2025-02-15
CHL,quarantine,6398,2025-02-15
NPL,none,5372,2025-02-15
TCA,quarantine,86,2025-02-15
AND,none,325,2025-02-15
SVK,invalid,11,2025-02-15
WSM,none,2538,2025-02-15
PYF,reject,98,2025-02-15
NLD,reject,277117,2025-02-15
MYS,none,22331,2025-02-15
KOR,reject,2424,2025-02-15
CHE,invalid,119,2025-02-15
KWT,reject,200,2025-02-15
BRB,none,73,2025-02-15
ARG,none,86013,2025-02-15
TWN,quarantine,4121,2025-02-15
SAU,quarantine,1438,2025-02-15
NCL,none,839,2025-02-15
STP,quarantine,319,2025-02-15
ZMB,none,525,2025-02-15
PNG,quarantine,149,2025-02-15
ZAF,none,161347,2025-02-15
BLR,reject,2090,2025-02-15
IDN,reject,13149,2025-02-15
KOR,quarantine,1218,2025-02-15
BMU,reject,214,2025-02-15
MSR,reject,331,2025-02-15
HTI,quarantine,21,2025-02-15
CUB,none,78,2025-02-15
ZAF,quarantine,28596,2025-02-15
UGA,reject,255,2025-02-15
NIC,quarantine,196,2025-02-15
VIR,quarantine,12,2025-02-15
ROU,none,120111,2025-02-15
ARG,reject,5433,2025-02-15
SGP,reject,4583,2025-02-15
PYF,quarantine,85,2025-02-15
WLF,none,122,2025-02-15
SMR,none,135,2025-02-15
JOR,quarantine,541,2025-02-15
PRY,quarantine,1297,2025-02-15
IND,invalid,131,2025-02-15
KHM,none,371,2025-02-15
ARG,invalid,65,2025-02-15
BMU,quarantine,119,2025-02-15
GRC,quarantine,28244,2025-02-15
MAR,reject,1096,2025-02-15
COL,reject,59565,2025-02-15
LVA,quarantine,2759,2025-02-15
TUN,reject,314,2025-02-15
CAN,invalid,260,2025-02-15
FIN,reject,8626,2025-02-15
LSO,quarantine,54,2025-02-15
NER,none,55,2025-02-15
LUX,quarantine,4123,2025-02-15
THA,quarantine,4907,2025-02-15
AGO,none,4379,2025-02-15
MNP,quarantine,24,2025-02-15
DJI,quarantine,36,2025-02-15
BGD,none,3209,2025-02-15
BEN,none,454,2025-02-15
MYT,quarantine,210,2025-02-15
HUN,reject,6952,2025-02-15
GGY,reject,839,2025-02-15
GAB,none,209,2025-02-15
LBN,reject,90,2025-02-15
MMR,none,224,2025-02-15
UGA,quarantine,337,2025-02-15
SYR,reject,43,2025-02-15
FIN,quarantine,9149,2025-02-15
SEN,none,770,2025-02-15
PYF,none,220,2025-02-15
JPN,reject,15337,2025-02-15
GTM,none,570,2025-02-15
MNG,quarantine,627,2025-02-15
MRT,none,190,2025-02-15
MWI,none,165,2025-02-15
JAM,reject,85,2025-02-15
HKG,reject,3509,2025-02-15
PSE,quarantine,243,2025-02-15
GUF,reject,28,2025-02-15
JAM,none,111,2025-02-15
LTU,invalid,16,2025-02-15
SHN,none,1619,2025-02-15
HND,none,512,2025-02-15
GBR,invalid,752,2025-02-15
PAK,quarantine,2276,2025-02-15
SDN,quarantine,53,2025-02-15
SWZ,none,111,2025-02-15
KHM,reject,162,2025-02-15
EST,none,27948,2025-02-15
TUN,none,2567,2025-02-15
NZL,invalid,48,2025-02-15
CRI,reject,632,2025-02-15
NAM,none,35,2025-02-15
CCK,invalid,23,2025-02-15
SLB,quarantine,26,2025-02-15
PLW,none,1789,2025-02-15
SLB,reject,47,2025-02-15
WLF,reject,84,2025-02-15
ITA,quarantine,33191,2025-02-15
QAT,quarantine,384,2025-02-15
PAN,reject,490,2025-02-15
VGB,quarantine,70,2025-02-15
ARE,quarantine,3214,2025-02-15
CAF,quarantine,69,2025-02-15
LSO,reject,42,2025-02-15
GIB,none,281,2025-02-15
CZE,invalid,67,2025-02-15
GNQ,reject,47,2025-02-15
BEL,none,179547,2025-02-15
ECU,none,5996,2025-02-15
ZMB,reject,123,2025-02-15
BGR,reject,1719,2025-02-15
BTN,invalid,1,2025-02-15
PSE,none,755,2025-02-15
POL,reject,242471,2025-02-15
MEX,none,80271,2025-02-15
COL,invalid,218,2025-02-15
GHA,reject,97,2025-02-15
BTN,quarantine,31,2025-02-15
TUR,none,74391,2025-02-15
SLE,reject,49,2025-02-15
TUR,invalid,84,2025-02-15
MNP,none,31,2025-02-15
CAN,none,235390,2025-02-15
RUS,none,173014,2025-02-15
IMN,quarantine,1746,2025-02-15
IMN,none,4005,2025-02-15
AUS,invalid,452,2025-02-15
NOR,invalid,109,2025-02-15
ZAF,invalid,56,2025-02-15
IOT,quarantine,20363,2025-02-15
LAO,quarantine,417,2025-02-15
BHS,none,48,2025-02-15
FRO,none,471,2025-02-15
IMN,reject,742,2025-02-15
ABW,none,63,2025-02-15
NAM,reject,20,2025-02-15
NIU,none,13814,2025-02-15
SWE,none,74471,2025-02-15
NOR,reject,14583,2025-02-15
KEN,none,11205,2025-02-15
MEX,reject,10693,2025-02-15
DZA,reject,480,2025-02-15
SSD,quarantine,12,2025-02-15
IRL,none,27598,2025-02-15
USA,none,76752,2025-02-15
CRI,quarantine,701,2025-02-15
ESP,quarantine,75505,2025-02-15
ETH,none,2154,2025-02-15
SLV,quarantine,267,2025-02-15
GLP,reject,66,2025-02-15
BTN,reject,226,2025-02-15
CPV,quarantine,85,2025-02-15
CHE,reject,193739,2025-02-15
IRN,quarantine,12415,2025-02-15
MAR,none,10835,2025-02-15
CIV,quarantine,632,2025-02-15
LBY,quarantine,469,2025-02-15
ZWE,reject,326,2025-02-15
FJI,reject,97,2025-02-15
CZE,none,130657,2025-02-15
SUR,none,272,2025-02-15
CZE,quarantine,26049,2025-02-15
ITA,reject,25236,2025-02-15
LTU,reject,2706,2025-02-15
NAM,quarantine,25,2025-02-15
MDG,reject,166,2025-02-15
CCK,reject,5146,2025-02-15
IND,reject,28356,2025-02-15
TZA,none,4764,2025-02-15
ZWE,quarantine,264,2025-02-15
MAC,none,294,2025-02-15
GHA,quarantine,152,2025-02-15
GRC,reject,8965,2025-02-15
BEL,quarantine,36043,2025-02-15
DOM,none,2739,2025-02-15
MYT,none,320,2025-02-15
SOM,quarantine,209,2025-02-15
BHS,reject,96,2025-02-15
KOR,none,7441,2025-02-15
BEL,invalid,312,2025-02-15
GMB,reject,23,2025-02-15
MWI,quarantine,42,2025-02-15
VIR,none,23,2025-02-15
AUT,invalid,56,2025-02-15
MRT,quarantine,32,2025-02-15
DJI,reject,45,2025-02-15
GNB,reject,5,2025-02-15
DMA,quarantine,10,2025-02-15
PCN,none,17,2025-02-15
EST,invalid,9,2025-02-15
KAZ,invalid,14,2025-02-15
COG,quarantine,117,2025-02-15
GUF,quarantine,8,2025-02-15
CUW,quarantine,34,2025-02-15
SYC,quarantine,52,2025-02-15
PHL,invalid,5,2025-02-15
NER,reject,16,2025-02-15
URY,invalid,8,2025-02-15
KIR,reject,24,2025-02-15
COK,quarantine,3,2025-02-15
ABW,quarantine,21,2025-02-15
DMA,reject,19,2025-02-15
COM,none,22,2025-02-15
LKA,invalid,1,2025-02-15
GEO,invalid,1,2025-02-15
SMR,reject,30,2025-02-15
ISL,invalid,5,2025-02-15
YEM,none,34,2025-02-15
NFK,reject,26,2025-02-15
KNA,reject,21,2025-02-15
LBR,none,24,2025-02-15
GLP,quarantine,19,2025-02-15
COG,reject,46,2025-02-15
PCN,reject,26,2025-02-15
NIU,invalid,27,2025-02-15
GLP,invalid,1,2025-02-15
ASM,invalid,5,2025-02-15
ABW,reject,22,2025-02-15
SGP,invalid,9,2025-02-15
IRN,invalid,10,2025-02-15
MYS,invalid,25,2025-02-15
BFA,reject,24,2025-02-15
MNP,reject,39,2025-02-15
HTI,invalid,2,2025-02-15
NRU,quarantine,2,2025-02-15
MSR,invalid,1,2025-02-15
NRU,none,7,2025-02-15
MAC,quarantine,50,2025-02-15
HMD,reject,10,2025-02-15
PNG,reject,53,2025-02-15
VIR,reject,33,2025-02-15
WLF,quarantine,58,2025-02-15
NFK,none,16,2025-02-15
DOM,invalid,6,2025-02-15
COM,reject,6,2025-02-15
LIE,invalid,6,2025-02-15
EGY,invalid,3,2025-02-15
HMD,quarantine,15,2025-02-15
BGR,invalid,1,2025-02-15
SMR,quarantine,27,2025-02-15
SHN,invalid,5,2025-02-15
ALB,invalid,2,2025-02-15
DZA,invalid,3,2025-02-15
BIH,invalid,4,2025-02-15
NGA,invalid,4,2025-02-15
JEY,invalid,1,2025-02-15
AZE,invalid,7,2025-02-15
LUX,invalid,13,2025-02-15
LVA,invalid,4,2025-02-15
HMD,none,15,2025-02-15
LAO,invalid,2,2025-02-15
HRV,invalid,6,2025-02-15
TCD,quarantine,15,2025-02-15
LBN,invalid,1,2025-02-15
LBY,invalid,2,2025-02-15
HKG,invalid,11,2025-02-15
KEN,invalid,7,2025-02-15
NPL,invalid,2,2025-02-15
GGY,invalid,4,2025-02-15
THA,invalid,3,2025-02-15
BLR,invalid,1,2025-02-15
SWZ,reject,12,2025-02-15
SPM,invalid,1,2025-02-15
UZB,invalid,1,2025-02-15
KNA,quarantine,7,2025-02-15
TUV,invalid,12,2025-02-15
CYP,invalid,2,2025-02-15
NFK,quarantine,4,2025-02-15
LBR,reject,3,2025-02-15
PCN,invalid,4,2025-02-15
CIV,invalid,2,2025-02-15
MOZ,invalid,1,2025-02-15
CRI,invalid,2,2025-02-15
BEN,invalid,2,2025-02-15
REU,invalid,4,2025-02-15
BOL,invalid,2,2025-02-15
SGS,invalid,1,2025-02-15
GHA,invalid,5,2025-02-15
GUM,reject,3,2025-02-15
TUN,invalid,4,2025-02-15
PCN,quarantine,2,2025-02-15
GIN,reject,2,2025-02-15
NER,invalid,1,2025-02-15
MAR,invalid,6,2025-02-15
ECU,invalid,4,2025-02-15
MDA,invalid,3,2025-02-15
IMN,invalid,2,2025-02-15
PRY,invalid,3,2025-02-15
FJI,invalid,1,2025-02-15
GUM,none,3,2025-02-15
LBR,quarantine,3,2025-02-15
TON,invalid,3,2025-02-15
FLK,quarantine,1,2025-02-15
BMU,invalid,1,2025-02-15
MNG,invalid,3,2025-02-15
KGZ,invalid,1,2025-02-15
GUY,invalid,1,2025-02-15
MLT,invalid,1,2025-02-15
SLV,invalid,4,2025-02-15
PLW,invalid,3,2025-02-15
WSM,invalid,2,2025-02-15
MMR,invalid,1,2025-02-15
ATA,reject,5,2025-02-15
PAN,invalid,3,2025-02-15
VEN,invalid,2,2025-02-15
GUF,invalid,1,2025-02-15
SRB,invalid,2,2025-02-15
RWA,invalid,1,2025-02-15
TKL,invalid,1,2025-02-15
VAT,quarantine,1,2025-02-15
QAT,invalid,1,2025-02-15
CXR,invalid,2,2025-02-15
GRL,invalid,1,2025-02-15
BLZ,invalid,1,2025-02-15
FSM,invalid,1,2025-02-15
ATG,invalid,1,2025-02-15
GUM,quarantine,1,2025-02-15
VUT,invalid,1,2025-02-15
CYM,invalid,1,2025-02-15
GTM,invalid,1,2025-02-15
SLE,invalid,1,2025-02-15
MKD,invalid,1,2025-02-15
MDV,invalid,1,2025-02-15
USA,quarantine,11497,2025-03-15
RUS,invalid,144,2025-03-15
CCK,none,16753,2025-03-15
UKR,none,24149,2025-03-15
ESP,reject,19509,2025-03-15
URY,quarantine,2519,2025-03-15
CHN,none,19009,2025-03-15
NIU,invalid,28,2025-03-15
ITA,none,813304,2025-03-15
HUN,quarantine,11311,2025-03-15
EGY,reject,313,2025-03-15
SVK,reject,10134,2025-03-15
NZL,quarantine,11615,2025-03-15
KAZ,none,5921,2025-03-15
SWE,quarantine,14752,2025-03-15
BIH,quarantine,1114,2025-03-15
KAZ,quarantine,4999,2025-03-15
VNM,quarantine,2954,2025-03-15
SLV,none,943,2025-03-15
IOT,invalid,119,2025-03-15
IRN,none,58330,2025-03-15
TKL,quarantine,209,2025-03-15
SVK,none,58333,2025-03-15
TKL,reject,408,2025-03-15
NOR,none,87745,2025-03-15
POL,quarantine,161548,2025-03-15
MTQ,none,37,2025-03-15
POL,none,434007,2025-03-15
GBR,quarantine,100259,2025-03-15
IDN,quarantine,14804,2025-03-15
USA,reject,20055,2025-03-15
IDN,none,84687,2025-03-15
MNE,none,41151,2025-03-15
EST,reject,3639,2025-03-15
PRT,invalid,51,2025-03-15
GAB,reject,143,2025-03-15
IOT,none,79155,2025-03-15
PER,none,16079,2025-03-15
ECU,reject,1119,2025-03-15
ROU,quarantine,12080,2025-03-15
DEU,invalid,677,2025-03-15
EGY,quarantine,259,2025-03-15
ESP,none,203631,2025-03-15
BEL,reject,38582,2025-03-15
AUT,reject,23301,2025-03-15
SWE,invalid,214,2025-03-15
RUS,quarantine,40173,2025-03-15
SYC,none,187,2025-03-15
,none,235384,2025-03-15
UKR,invalid,42,2025-03-15
THA,reject,1562,2025-03-15
ROU,invalid,35,2025-03-15
PRI,quarantine,42,2025-03-15
CHL,reject,8626,2025-03-15
IRN,invalid,10,2025-03-15
TUR,reject,5184,2025-03-15
CHE,none,171310,2025-03-15
LIE,reject,2846,2025-03-15
PRT,reject,8297,2025-03-15
GBR,reject,126103,2025-03-15
IND,none,255055,2025-03-15
EGY,none,866,2025-03-15
IRN,reject,5897,2025-03-15
NOR,quarantine,70997,2025-03-15
GRC,invalid,33,2025-03-15
CHE,quarantine,174440,2025-03-15
AIA,none,27171,2025-03-15
CHN,reject,13255,2025-03-15
GTM,reject,175,2025-03-15
AUT,none,173588,2025-03-15
DNK,none,62459,2025-03-15
DNK,quarantine,18190,2025-03-15
ITA,invalid,224,2025-03-15
SLV,reject,314,2025-03-15
ESP,invalid,122,2025-03-15
DMA,none,37,2025-03-15
VEN,quarantine,459,2025-03-15
MEX,quarantine,7195,2025-03-15
MDV,reject,94,2025-03-15
NLD,none,1002302,2025-03-15
DEU,reject,426530,2025-03-15
AUT,invalid,54,2025-03-15
MEX,invalid,48,2025-03-15
AUT,quarantine,20607,2025-03-15
FRA,none,458366,2025-03-15
RUS,reject,46342,2025-03-15
MNE,reject,9898,2025-03-15
AIA,reject,4884,2025-03-15
VEN,none,2009,2025-03-15
GUF,none,26,2025-03-15
LBY,reject,191,2025-03-15
MYS,invalid,29,2025-03-15
LVA,reject,3577,2025-03-15
DMA,quarantine,9,2025-03-15
COL,quarantine,27528,2025-03-15
LIE,none,3193,2025-03-15
NIU,reject,5232,2025-03-15
EST,quarantine,7941,2025-03-15
MYS,reject,4669,2025-03-15
CCK,quarantine,6851,2025-03-15
SVK,quarantine,6786,2025-03-15
TON,reject,45,2025-03-15
FIN,none,46721,2025-03-15
PRI,reject,200,2025-03-15
HKG,quarantine,10,2025-03-15
JPN,quarantine,27014,2025-03-15
CHN,invalid,28,2025-03-15
IND,quarantine,28396,2025-03-15
HUN,invalid,58,2025-03-15
KAZ,reject,1966,2025-03-15
CRI,none,1756,2025-03-15
DNK,invalid,243,2025-03-15
ARG,quarantine,8535,2025-03-15
KAZ,invalid,13,2025-03-15
UKR,reject,4868,2025-03-15
PER,reject,2544,2025-03-15
BFA,quarantine,146,2025-03-15
POL,invalid,136,2025-03-15
AUS,none,346847,2025-03-15
GBR,none,679184,2025-03-15
BIH,reject,577,2025-03-15
BRA,none,711911,2025-03-15
ECU,quarantine,1063,2025-03-15
CHN,quarantine,10930,2025-03-15
VNM,reject,4880,2025-03-15
PRI,none,109,2025-03-15
NLD,invalid,952,2025-03-15
CHL,invalid,51,2025-03-15
,quarantine,62699,2025-03-15
ROU,reject,20170,2025-03-15
PRT,none,79120,2025-03-15
UKR,quarantine,6220,2025-03-15
HKG,none,85,2025-03-15
,invalid,151,2025-03-15
CAN,reject,30811,2025-03-15
NZL,none,69408,2025-03-15
FRA,reject,107186,2025-03-15
THA,none,8746,2025-03-15
DNK,reject,91815,2025-03-15
VNM,none,12147,2025-03-15
SYC,reject,108,2025-03-15
,reject,88671,2025-03-15
JPN,none,234340,2025-03-15
FRA,quarantine,115810,2025-03-15
LVA,none,8080,2025-03-15
GTM,quarantine,89,2025-03-15
TKL,none,663,2025-03-15
URY,reject,1079,2025-03-15
COL,none,222174,2025-03-15
PER,quarantine,2419,2025-03-15
GAB,quarantine,389,2025-03-15
MNE,quarantine,12067,2025-03-15
MLI,quarantine,143,2025-03-15
VEN,reject,614,2025-03-15
IOT,reject,19456,2025-03-15
BRA,invalid,872,2025-03-15
USA,invalid,91,2025-03-15
MLI,reject,195,2025-03-15
FLK,reject,44,2025-03-15
MLI,none,409,2025-03-15
CHL,none,101787,2025-03-15
SWE,reject,25901,2025-03-15
AUS,reject,57767,2025-03-15
TUN,quarantine,954,2025-03-15
LIE,quarantine,2476,2025-03-15
CAN,quarantine,33240,2025-03-15
AUS,quarantine,64241,2025-03-15
DEU,quarantine,232209,2025-03-15
LAO,reject,388,2025-03-15
PER,invalid,18,2025-03-15
NZL,reject,12968,2025-03-15
FLK,none,9,2025-03-15
MDV,quarantine,309,2025-03-15
NLD,quarantine,227447,2025-03-15
PRT,quarantine,9840,2025-03-15
LBN,quarantine,96,2025-03-15
JPN,invalid,32,2025-03-15
BRA,reject,42834,2025-03-15
MNE,invalid,56,2025-03-15
FIN,invalid,53,2025-03-15
BRA,quarantine,59138,2025-03-15
AIA,quarantine,5490,2025-03-15
TUR,quarantine,35053,2025-03-15
CZE,reject,15177,2025-03-15
LBN,none,334,2025-03-15
HUN,none,117531,2025-03-15
LBY,none,1335,2025-03-15
LAO,none,1907,2025-03-15
MDV,none,814,2025-03-15
DEU,none,909537,2025-03-15
TON,none,108,2025-03-15
ZAF,reject,12586,2025-03-15
BIH,none,7740,2025-03-15
MYS,quarantine,9346,2025-03-15
NIU,quarantine,3338,2025-03-15
URY,none,7778,2025-03-15
GRC,none,78837,2025-03-15
BFA,none,174,2025-03-15
FRA,invalid,531,2025-03-15
CHL,quarantine,6490,2025-03-15
YEM,none,35,2025-03-15
NLD,reject,282455,2025-03-15
KOR,reject,2670,2025-03-15
CHE,invalid,123,2025-03-15
MYS,none,23662,2025-03-15
ARG,none,87906,2025-03-15
ZAF,none,94403,2025-03-15
IDN,reject,12843,2025-03-15
KOR,quarantine,1253,2025-03-15
ZAF,quarantine,16683,2025-03-15
ROU,none,128363,2025-03-15
ARG,reject,5535,2025-03-15
IND,invalid,131,2025-03-15
ARG,invalid,59,2025-03-15
GRC,quarantine,29109,2025-03-15
COL,reject,64316,2025-03-15
LVA,quarantine,2507,2025-03-15
CAN,invalid,255,2025-03-15
TUN,reject,322,2025-03-15
FIN,reject,8799,2025-03-15
THA,quarantine,5017,2025-03-15
MYT,quarantine,216,2025-03-15
GAB,none,220,2025-03-15
HUN,reject,5921,2025-03-15
LBN,reject,93,2025-03-15
FIN,quarantine,9462,2025-03-15
JPN,reject,14977,2025-03-15
GTM,none,582,2025-03-15
GUF,reject,28,2025-03-15
HKG,reject,120,2025-03-15
GBR,invalid,2981,2025-03-15
EST,none,28206,2025-03-15
TUN,none,3255,2025-03-15
NZL,invalid,52,2025-03-15
CRI,reject,627,2025-03-15
NAM,none,38,2025-03-15
ITA,quarantine,33984,2025-03-15
CZE,invalid,66,2025-03-15
BEL,none,181165,2025-03-15
ECU,none,5063,2025-03-15
POL,reject,247550,2025-03-15
MEX,none,55605,2025-03-15
COL,invalid,224,2025-03-15
TUR,none,61756,2025-03-15
TUR,invalid,71,2025-03-15
RUS,none,175987,2025-03-15
CAN,none,240437,2025-03-15
IMN,none,4226,2025-03-15
IMN,quarantine,1769,2025-03-15
NOR,invalid,113,2025-03-15
AUS,invalid,453,2025-03-15
ZAF,invalid,38,2025-03-15
IOT,quarantine,20902,2025-03-15
LAO,quarantine,429,2025-03-15
IMN,reject,780,2025-03-15
SWE,none,76064,2025-03-15
NOR,reject,14931,2025-03-15
NIU,none,13978,2025-03-15
MEX,reject,7615,2025-03-15
USA,none,79653,2025-03-15
CRI,quarantine,677,2025-03-15
ESP,quarantine,77008,2025-03-15
SLV,quarantine,274,2025-03-15
CHE,reject,196162,2025-03-15
IRN,quarantine,12738,2025-03-15
LBY,quarantine,356,2025-03-15
CZE,none,132593,2025-03-15
ITA,reject,25785,2025-03-15
CZE,quarantine,26748,2025-03-15
CCK,reject,5234,2025-03-15
IND,reject,32166,2025-03-15
BEL,quarantine,36607,2025-03-15
MYT,none,325,2025-03-15
GRC,reject,9025,2025-03-15
KOR,none,7729,2025-03-15
BEL,invalid,321,2025-03-15
TON,quarantine,35,2025-03-15
YEM,reject,33,2025-03-15
IDN,invalid,26,2025-03-15
MKD,none,3,2025-03-15
YEM,quarantine,14,2025-03-15
EST,invalid,9,2025-03-15
KOR,invalid,49,2025-03-15
AIA,invalid,29,2025-03-15
BFA,reject,23,2025-03-15
SYC,quarantine,29,2025-03-15
MYT,reject,96,2025-03-15
DMA,reject,19,2025-03-15
TWN,none,19,2025-03-15
CCK,invalid,23,2025-03-15
NAM,reject,22,2025-03-15
VNM,invalid,22,2025-03-15
SRB,reject,8,2025-03-15
IMN,invalid,3,2025-03-15
SVK,invalid,12,2025-03-15
BGD,none,4,2025-03-15
NAM,quarantine,26,2025-03-15
LBN,invalid,1,2025-03-15
MTQ,quarantine,14,2025-03-15
LBY,invalid,2,2025-03-15
LIE,invalid,7,2025-03-15
THA,invalid,3,2025-03-15
TWN,reject,25,2025-03-15
SRB,none,25,2025-03-15
MTQ,reject,34,2025-03-15
GUF,quarantine,8,2025-03-15
VEN,invalid,2,2025-03-15
MDV,invalid,1,2025-03-15
URY,invalid,8,2025-03-15
EGY,invalid,3,2025-03-15
GUF,invalid,1,2025-03-15
LVA,invalid,4,2025-03-15
TUN,invalid,4,2025-03-15
BIH,invalid,4,2025-03-15
BGD,reject,2,2025-03-15
ECU,invalid,4,2025-03-15
GTM,invalid,1,2025-03-15
CRI,invalid,2,2025-03-15
LAO,invalid,2,2025-03-15
TKL,invalid,1,2025-03-15
SRB,quarantine,1,2025-03-15
MKD,quarantine,1,2025-03-15
MNG,reject,1,2025-03-15
SLV,invalid,4,2025-03-15
BGD,quarantine,1,2025-03-15
TWN,quarantine,2,2025-03-15
SAU,reject,1,2025-03-15
MKD,reject,1,2025-03-15
NGA,quarantine,7545,2025-04-15
RUS,invalid,153,2025-04-15
USA,quarantine,11803,2025-04-15
UGA,none,1152,2025-04-15
CCK,none,17377,2025-04-15
NGA,reject,1171,2025-04-15
UKR,none,24818,2025-04-15
ESP,reject,20370,2025-04-15
TON,quarantine,516,2025-04-15
MOZ,quarantine,345,2025-04-15
URY,quarantine,2554,2025-04-15
GMB,reject,24,2025-04-15
CHN,none,19447,2025-04-15
LTU,quarantine,3040,2025-04-15
SPM,reject,232,2025-04-15
BOL,reject,578,2025-04-15
NIU,invalid,29,2025-04-15
ITA,none,828342,2025-04-15
GGY,quarantine,955,2025-04-15
KGZ,reject,272,2025-04-15
HUN,quarantine,13933,2025-04-15
HTI,reject,166,2025-04-15
ZMB,quarantine,160,2025-04-15
EGY,reject,324,2025-04-15
HTI,none,200,2025-04-15
DZA,quarantine,583,2025-04-15
CYM,quarantine,170,2025-04-15
CUB,quarantine,109,2025-04-15
SVK,reject,10546,2025-04-15
NZL,quarantine,11871,2025-04-15
SPM,none,486,2025-04-15
MDA,none,5839,2025-04-15
NFK,quarantine,4,2025-04-15
UZB,reject,1280,2025-04-15
SWE,quarantine,15033,2025-04-15
KAZ,none,6199,2025-04-15
SLE,none,177,2025-04-15
CXR,quarantine,383,2025-04-15
BIH,quarantine,1139,2025-04-15
CXR,none,799,2025-04-15
SSD,reject,8,2025-04-15
YEM,reject,33,2025-04-15
KAZ,quarantine,5111,2025-04-15
VNM,quarantine,3075,2025-04-15
MUS,reject,357,2025-04-15
MWI,quarantine,49,2025-04-15
SLV,none,1002,2025-04-15
IOT,invalid,119,2025-04-15
IRN,none,62915,2025-04-15
ISL,none,9419,2025-04-15
TKL,quarantine,214,2025-04-15
ETH,reject,65,2025-04-15
ETH,quarantine,67,2025-04-15
LCA,reject,113,2025-04-15
SVK,none,59083,2025-04-15
ARE,reject,3521,2025-04-15
TKL,reject,404,2025-04-15
PAN,quarantine,265,2025-04-15
AND,quarantine,256,2025-04-15
RWA,reject,114,2025-04-15
BHR,reject,222,2025-04-15
VCT,reject,486,2025-04-15
NOR,none,89876,2025-04-15
POL,quarantine,163288,2025-04-15
DZA,none,1273,2025-04-15
DOM,reject,728,2025-04-15
LKA,reject,873,2025-04-15
PAN,none,1058,2025-04-15
POL,none,439951,2025-04-15
GBR,quarantine,103418,2025-04-15
FRO,reject,460,2025-04-15
IDN,quarantine,14337,2025-04-15
REU,none,3452,2025-04-15
VUT,quarantine,31,2025-04-15
USA,reject,22183,2025-04-15
SPM,quarantine,316,2025-04-15
GRD,quarantine,53,2025-04-15
MMR,reject,97,2025-04-15
IDN,none,88629,2025-04-15
KEN,quarantine,10424,2025-04-15
ATG,quarantine,374,2025-04-15
TCD,none,57,2025-04-15
IDN,invalid,25,2025-04-15
STP,reject,365,2025-04-15
BGD,quarantine,790,2025-04-15
TKM,reject,112,2025-04-15
MNE,none,49087,2025-04-15
GGY,none,2947,2025-04-15
EST,reject,3678,2025-04-15
BOL,quarantine,492,2025-04-15
ATF,quarantine,138,2025-04-15
GAB,reject,148,2025-04-15
IOT,none,81656,2025-04-15
PLW,reject,731,2025-04-15
ISL,reject,1891,2025-04-15
SXM,none,140,2025-04-15
PER,none,16826,2025-04-15
ROU,quarantine,12299,2025-04-15
DEU,invalid,689,2025-04-15
JEY,reject,263,2025-04-15
ECU,reject,1404,2025-04-15
EGY,quarantine,263,2025-04-15
CIV,none,1827,2025-04-15
ESP,none,207060,2025-04-15
AUT,reject,24169,2025-04-15
BEL,reject,39942,2025-04-15
SWE,invalid,220,2025-04-15
ARM,reject,641,2025-04-15
BHS,quarantine,28,2025-04-15
SYC,none,306,2025-04-15
RUS,quarantine,41014,2025-04-15
BDI,none,424,2025-04-15
GRL,reject,429,2025-04-15
BDI,reject,100,2025-04-15
,none,240679,2025-04-15
PLW,quarantine,695,2025-04-15
SGP,invalid,14,2025-04-15
BDI,quarantine,55,2025-04-15
ASM,reject,359,2025-04-15
MCO,none,438,2025-04-15
SVN,reject,2460,2025-04-15
THA,reject,1628,2025-04-15
CPV,reject,62,2025-04-15
ROU,invalid,30,2025-04-15
UKR,invalid,40,2025-04-15
CUW,reject,25,2025-04-15
RWA,quarantine,147,2025-04-15
PRI,quarantine,42,2025-04-15
CHL,reject,9013,2025-04-15
IRN,invalid,10,2025-04-15
FSM,quarantine,314,2025-04-15
MLT,reject,488,2025-04-15
TUR,reject,6799,2025-04-15
OMN,reject,376,2025-04-15
ATF,reject,170,2025-04-15
CHE,none,173437,2025-04-15
ARE,none,22974,2025-04-15
PRT,reject,8513,2025-04-15
BRN,reject,51,2025-04-15
LIE,reject,2945,2025-04-15
BMU,none,336,2025-04-15
REU,reject,762,2025-04-15
GIB,reject,83,2025-04-15
FJI,none,247,2025-04-15
GBR,reject,137726,2025-04-15
IND,none,263901,2025-04-15
AZE,none,4575,2025-04-15
SGP,none,18670,2025-04-15
TZA,quarantine,552,2025-04-15
MKD,none,5182,2025-04-15
COD,none,416,2025-04-15
AGO,quarantine,325,2025-04-15
GNQ,none,63,2025-04-15
EGY,none,892,2025-04-15
KWT,quarantine,214,2025-04-15
SAU,invalid,7,2025-04-15
NOR,quarantine,71374,2025-04-15
IRN,reject,6047,2025-04-15
CUW,none,140,2025-04-15
IRQ,quarantine,92,2025-04-15
ALB,quarantine,2023,2025-04-15
ALA,none,459,2025-04-15
SUR,quarantine,97,2025-04-15
ARM,none,4241,2025-04-15
CHE,quarantine,177921,2025-04-15
AFG,none,872,2025-04-15
SAU,reject,1718,2025-04-15
MAC,reject,65,2025-04-15
AIA,none,40336,2025-04-15
SRB,quarantine,1961,2025-04-15
MUS,none,1364,2025-04-15
CHN,reject,14584,2025-04-15
CMR,none,768,2025-04-15
BHR,none,323,2025-04-15
GTM,reject,192,2025-04-15
AUT,none,176524,2025-04-15
BWA,none,1091,2025-04-15
VGB,none,147,2025-04-15
DNK,none,64483,2025-04-15
GEO,none,4883,2025-04-15
MKD,quarantine,778,2025-04-15
ALA,reject,135,2025-04-15
SYR,none,242,2025-04-15
JOR,reject,168,2025-04-15
DNK,quarantine,18574,2025-04-15
SLV,reject,317,2025-04-15
ITA,invalid,227,2025-04-15
MUS,quarantine,322,2025-04-15
BRB,reject,42,2025-04-15
MOZ,none,1659,2025-04-15
LKA,quarantine,886,2025-04-15
CYP,quarantine,803,2025-04-15
GUY,none,327,2025-04-15
ESP,invalid,125,2025-04-15
DMA,none,39,2025-04-15
SAU,none,8528,2025-04-15
MEX,quarantine,11471,2025-04-15
MAR,quarantine,1363,2025-04-15
GIB,quarantine,62,2025-04-15
VEN,quarantine,462,2025-04-15
MDV,reject,97,2025-04-15
DEU,reject,434962,2025-04-15
NLD,none,1014595,2025-04-15
MNG,reject,541,2025-04-15
HRV,quarantine,2868,2025-04-15
MCO,quarantine,94,2025-04-15
SGP,quarantine,4605,2025-04-15
GRD,none,158,2025-04-15
MEX,invalid,75,2025-04-15
CAF,reject,126,2025-04-15
AUT,invalid,54,2025-04-15
AUT,quarantine,21334,2025-04-15
AFG,reject,108,2025-04-15
FRA,none,469389,2025-04-15
CMR,quarantine,357,2025-04-15
PAK,reject,1559,2025-04-15
RUS,reject,45513,2025-04-15
UZB,quarantine,1495,2025-04-15
QAT,none,1668,2025-04-15
OMN,none,563,2025-04-15
GGY,invalid,4,2025-04-15
PAK,none,17591,2025-04-15
AIA,reject,9299,2025-04-15
MNE,reject,12993,2025-04-15
VEN,none,2062,2025-04-15
GUY,reject,119,2025-04-15
GUF,none,26,2025-04-15
LBY,reject,287,2025-04-15
MRT,quarantine,33,2025-04-15
DJI,reject,48,2025-04-15
CMR,reject,328,2025-04-15
SWZ,quarantine,163,2025-04-15
LVA,reject,4136,2025-04-15
NER,quarantine,54,2025-04-15
COL,quarantine,28064,2025-04-15
LIE,none,3236,2025-04-15
MNG,none,1124,2025-04-15
ATG,none,1257,2025-04-15
GRD,reject,67,2025-04-15
NIU,reject,5306,2025-04-15
EST,quarantine,8137,2025-04-15
CUB,reject,125,2025-04-15
KWT,none,322,2025-04-15
TTO,none,196,2025-04-15
PCN,none,18,2025-04-15
SXM,quarantine,44,2025-04-15
ARM,quarantine,708,2025-04-15
TJK,quarantine,62,2025-04-15
MYS,reject,4807,2025-04-15
CCK,quarantine,7023,2025-04-15
SVN,quarantine,2929,2025-04-15
SVK,quarantine,6930,2025-04-15
BLR,quarantine,2018,2025-04-15
TON,reject,643,2025-04-15
NPL,reject,1162,2025-04-15
VUT,none,155,2025-04-15
GMB,quarantine,72,2025-04-15
FIN,none,48173,2025-04-15
HKG,quarantine,2246,2025-04-15
HRV,reject,2508,2025-04-15
PRI,reject,204,2025-04-15
MCO,reject,100,2025-04-15
JPN,quarantine,28921,2025-04-15
CYP,none,2763,2025-04-15
KGZ,quarantine,847,2025-04-15
IRQ,none,1250,2025-04-15
LUX,none,7830,2025-04-15
VCT,quarantine,454,2025-04-15
GUY,quarantine,162,2025-04-15
IRL,reject,4764,2025-04-15
ATG,reject,532,2025-04-15
CHN,invalid,31,2025-04-15
IND,quarantine,29163,2025-04-15
QAT,reject,527,2025-04-15
PRY,reject,749,2025-04-15
SHN,reject,930,2025-04-15
LCA,none,569,2025-04-15
SGS,none,191,2025-04-15
HUN,invalid,70,2025-04-15
REU,quarantine,2087,2025-04-15
ASM,quarantine,956,2025-04-15
SXM,reject,92,2025-04-15
KOR,invalid,47,2025-04-15
BLR,none,6932,2025-04-15
KAZ,reject,2159,2025-04-15
CRI,none,1833,2025-04-15
ALA,quarantine,127,2025-04-15
DNK,invalid,245,2025-04-15
ARG,quarantine,8742,2025-04-15
TTO,reject,119,2025-04-15
VUT,reject,48,2025-04-15
MWI,reject,127,2025-04-15
HND,reject,337,2025-04-15
VGB,reject,106,2025-04-15
COG,quarantine,116,2025-04-15
FRO,quarantine,186,2025-04-15
HRV,none,39584,2025-04-15
SRB,reject,1908,2025-04-15
UKR,reject,4933,2025-04-15
PER,reject,2651,2025-04-15
RWA,none,632,2025-04-15
SSD,none,32,2025-04-15
WSM,quarantine,567,2025-04-15
BFA,quarantine,158,2025-04-15
SDN,none,282,2025-04-15
GLP,none,90,2025-04-15
POL,invalid,136,2025-04-15
COK,none,75,2025-04-15
AUS,none,355280,2025-04-15
GBR,none,695488,2025-04-15
TWN,reject,3692,2025-04-15
BIH,reject,593,2025-04-15
BHR,quarantine,152,2025-04-15
HMD,none,13,2025-04-15
AIA,invalid,46,2025-04-15
BRA,none,731434,2025-04-15
MDG,none,788,2025-04-15
ECU,quarantine,1431,2025-04-15
CHN,quarantine,11505,2025-04-15
VNM,reject,5020,2025-04-15
ISL,quarantine,1596,2025-04-15
CYM,none,537,2025-04-15
NCL,quarantine,331,2025-04-15
DOM,quarantine,741,2025-04-15
BRN,none,87,2025-04-15
BRN,quarantine,113,2025-04-15
TGO,reject,76,2025-04-15
PRI,none,114,2025-04-15
KIR,none,17,2025-04-15
ISR,none,32470,2025-04-15
ISR,reject,2469,2025-04-15
NLD,invalid,951,2025-04-15
BWA,quarantine,299,2025-04-15
CHL,invalid,51,2025-04-15
,quarantine,63486,2025-04-15
ATF,none,241,2025-04-15
TLS,none,182,2025-04-15
PRT,none,80930,2025-04-15
UKR,quarantine,6312,2025-04-15
ROU,reject,20484,2025-04-15
TZA,reject,549,2025-04-15
SOM,none,1407,2025-04-15
GIN,none,206,2025-04-15
TCA,none,215,2025-04-15
JEY,quarantine,158,2025-04-15
BFA,reject,28,2025-04-15
SLB,none,103,2025-04-15
HKG,none,13979,2025-04-15
JOR,none,413,2025-04-15
TLS,reject,56,2025-04-15
BLZ,quarantine,391,2025-04-15
SEN,reject,193,2025-04-15
SGS,reject,124,2025-04-15
,invalid,149,2025-04-15
CAN,reject,36463,2025-04-15
NZL,none,70840,2025-04-15
FRA,reject,111794,2025-04-15
THA,none,8854,2025-04-15
TUV,reject,4191,2025-04-15
TUV,none,13591,2025-04-15
DNK,reject,93144,2025-04-15
MNP,reject,40,2025-04-15
MLT,none,1865,2025-04-15
GEO,quarantine,1099,2025-04-15
MRT,reject,39,2025-04-15
JAM,quarantine,107,2025-04-15
MMR,quarantine,152,2025-04-15
IRL,quarantine,4219,2025-04-15
BWA,reject,209,2025-04-15
TJK,reject,133,2025-04-15
SYC,quarantine,55,2025-04-15
VNM,none,12829,2025-04-15
BEN,quarantine,150,2025-04-15
SYC,reject,166,2025-04-15
,reject,90784,2025-04-15
GEO,reject,648,2025-04-15
TCD,reject,55,2025-04-15
NGA,none,22525,2025-04-15
LUX,reject,3264,2025-04-15
VAT,none,69,2025-04-15
TUV,quarantine,2684,2025-04-15
JPN,none,246486,2025-04-15
SVN,none,38141,2025-04-15
SDN,reject,97,2025-04-15
KNA,none,25,2025-04-15
LVA,none,9720,2025-04-15
FRA,quarantine,117762,2025-04-15
SRB,none,15961,2025-04-15
GTM,quarantine,95,2025-04-15
URY,reject,1133,2025-04-15
TKL,none,668,2025-04-15
COL,none,228560,2025-04-15
PHL,none,8405,2025-04-15
PER,quarantine,2499,2025-04-15
ISR,invalid,27,2025-04-15
GAB,quarantine,402,2025-04-15
MLT,quarantine,431,2025-04-15
MNE,quarantine,14812,2025-04-15
ALB,reject,1170,2025-04-15
MSR,none,440,2025-04-15
MLI,quarantine,138,2025-04-15
PHL,quarantine,2351,2025-04-15
VEN,reject,647,2025-04-15
NIC,none,299,2025-04-15
NCL,reject,191,2025-04-15
BGR,none,9250,2025-04-15
COD,quarantine,119,2025-04-15
KIR,reject,25,2025-04-15
IOT,reject,20762,2025-04-15
BRA,invalid,873,2025-04-15
JEY,none,625,2025-04-15
ALB,none,3714,2025-04-15
MLI,reject,202,2025-04-15
KEN,reject,1015,2025-04-15
USA,invalid,87,2025-04-15
TCA,reject,91,2025-04-15
TJK,none,295,2025-04-15
GMB,none,140,2025-04-15
ASM,none,1059,2025-04-15
REU,invalid,4,2025-04-15
COG,none,182,2025-04-15
FSM,reject,326,2025-04-15
ZWE,none,4640,2025-04-15
MYT,reject,103,2025-04-15
MDA,quarantine,883,2025-04-15
FLK,reject,45,2025-04-15
GHA,none,378,2025-04-15
MSR,quarantine,159,2025-04-15
UZB,none,10321,2025-04-15
LTU,none,28229,2025-04-15
MLI,none,466,2025-04-15
TWN,invalid,43,2025-04-15
KGZ,none,1193,2025-04-15
SYR,quarantine,152,2025-04-15
CHL,none,105332,2025-04-15
LKA,none,7253,2025-04-15
SWE,reject,26645,2025-04-15
SHN,quarantine,980,2025-04-15
GNB,none,89,2025-04-15
BGD,reject,484,2025-04-15
IRQ,reject,261,2025-04-15
MDA,reject,763,2025-04-15
STP,none,755,2025-04-15
HND,quarantine,179,2025-04-15
AND,reject,110,2025-04-15
ARE,invalid,12,2025-04-15
TKM,none,52,2025-04-15
AUS,reject,61597,2025-04-15
TUN,quarantine,991,2025-04-15
MOZ,reject,296,2025-04-15
AZE,quarantine,1242,2025-04-15
LIE,quarantine,2554,2025-04-15
CXR,reject,385,2025-04-15
MKD,reject,615,2025-04-15
SVN,invalid,14,2025-04-15
CAN,quarantine,34243,2025-04-15
AUS,quarantine,65962,2025-04-15
BTN,none,45,2025-04-15
ABW,quarantine,22,2025-04-15
DEU,quarantine,238226,2025-04-15
DMA,reject,19,2025-04-15
AZE,reject,1382,2025-04-15
GRL,none,467,2025-04-15
TWN,none,21760,2025-04-15
PER,invalid,18,2025-04-15
LAO,reject,463,2025-04-15
NZL,reject,13374,2025-04-15
MAC,quarantine,54,2025-04-15
TTO,quarantine,64,2025-04-15
VCT,none,1865,2025-04-15
FLK,none,9,2025-04-15
FSM,none,1303,2025-04-15
MDV,quarantine,348,2025-04-15
BLZ,reject,469,2025-04-15
CPV,none,1547,2025-04-15
CYM,reject,235,2025-04-15
BLZ,none,1523,2025-04-15
SEN,quarantine,358,2025-04-15
PNG,none,496,2025-04-15
SRB,invalid,3,2025-04-15
NLD,quarantine,229695,2025-04-15
PHL,reject,2885,2025-04-15
PRT,quarantine,10105,2025-04-15
LBN,quarantine,99,2025-04-15
KHM,quarantine,97,2025-04-15
GIN,quarantine,18,2025-04-15
BRA,reject,45728,2025-04-15
FJI,quarantine,85,2025-04-15
MNE,invalid,62,2025-04-15
BEN,reject,58,2025-04-15
FIN,invalid,51,2025-04-15
NIC,reject,332,2025-04-15
BRA,quarantine,60213,2025-04-15
TUR,quarantine,44293,2025-04-15
AIA,quarantine,7983,2025-04-15
PSE,reject,343,2025-04-15
BOL,none,1559,2025-04-15
LCA,quarantine,47,2025-04-15
CZE,reject,15518,2025-04-15
LBN,none,343,2025-04-15
AFG,quarantine,75,2025-04-15
CAF,none,222,2025-04-15
CYP,reject,712,2025-04-15
BGR,quarantine,1644,2025-04-15
TGO,none,293,2025-04-15
ECU,invalid,4,2025-04-15
TKM,quarantine,44,2025-04-15
HUN,none,144176,2025-04-15
MDV,none,830,2025-04-15
LAO,none,1957,2025-04-15
LBY,none,1958,2025-04-15
LSO,none,222,2025-04-15
SMR,reject,33,2025-04-15
SGS,quarantine,70,2025-04-15
GRL,quarantine,127,2025-04-15
SUR,reject,97,2025-04-15
LBR,quarantine,3,2025-04-15
DEU,none,928846,2025-04-15
PRY,none,6902,2025-04-15
TON,none,1716,2025-04-15
OMN,quarantine,158,2025-04-15
ZAF,reject,23734,2025-04-15
BIH,none,7964,2025-04-15
MYS,quarantine,9543,2025-04-15
AGO,reject,342,2025-04-15
DJI,none,207,2025-04-15
COD,reject,119,2025-04-15
URY,none,8049,2025-04-15
NIU,quarantine,3399,2025-04-15
ISR,quarantine,3961,2025-04-15
WSM,reject,669,2025-04-15
CIV,reject,186,2025-04-15
GRC,none,81055,2025-04-15
BFA,none,189,2025-04-15
NPL,quarantine,1364,2025-04-15
MDG,quarantine,256,2025-04-15
FRA,invalid,536,2025-04-15
SOM,reject,263,2025-04-15
SLE,quarantine,30,2025-04-15
TGO,quarantine,139,2025-04-15
NPL,none,7227,2025-04-15
TCA,quarantine,86,2025-04-15
CHL,quarantine,6751,2025-04-15
AND,none,385,2025-04-15
WSM,none,2652,2025-04-15
PYF,reject,123,2025-04-15
YEM,none,37,2025-04-15
NLD,reject,289102,2025-04-15
MYS,none,24859,2025-04-15
KOR,reject,2668,2025-04-15
CHE,invalid,121,2025-04-15
KWT,reject,205,2025-04-15
PNG,reject,53,2025-04-15
BRB,none,76,2025-04-15
ARG,none,90597,2025-04-15
LUX,invalid,11,2025-04-15
TWN,quarantine,4324,2025-04-15
ZMB,none,582,2025-04-15
SAU,quarantine,1508,2025-04-15
NCL,none,856,2025-04-15
STP,quarantine,338,2025-04-15
PNG,quarantine,158,2025-04-15
VIR,reject,36,2025-04-15
KOR,quarantine,1310,2025-04-15
ZAF,none,173087,2025-04-15
IDN,reject,12894,2025-04-15
BLR,reject,2283,2025-04-15
HTI,quarantine,23,2025-04-15
MSR,reject,358,2025-04-15
BMU,reject,215,2025-04-15
CUB,none,78,2025-04-15
ZAF,quarantine,30318,2025-04-15
NIC,quarantine,203,2025-04-15
UGA,reject,266,2025-04-15
ROU,none,132665,2025-04-15
ARG,reject,5796,2025-04-15
WLF,none,134,2025-04-15
SGP,reject,4745,2025-04-15
PYF,quarantine,74,2025-04-15
SMR,none,143,2025-04-15
PRY,quarantine,1346,2025-04-15
JOR,quarantine,555,2025-04-15
IND,invalid,132,2025-04-15
KHM,none,396,2025-04-15
BMU,quarantine,129,2025-04-15
ARG,invalid,57,2025-04-15
GRC,quarantine,30307,2025-04-15
MAR,reject,1179,2025-04-15
COL,reject,74445,2025-04-15
LVA,quarantine,2867,2025-04-15
TUN,reject,326,2025-04-15
CAN,invalid,257,2025-04-15
FIN,reject,8968,2025-04-15
NER,none,57,2025-04-15
LSO,quarantine,56,2025-04-15
THA,quarantine,5103,2025-04-15
LUX,quarantine,4255,2025-04-15
AGO,none,4655,2025-04-15
MNP,quarantine,23,2025-04-15
DJI,quarantine,39,2025-04-15
BGD,none,3828,2025-04-15
BEN,none,481,2025-04-15
MYT,quarantine,222,2025-04-15
NFK,reject,25,2025-04-15
GGY,reject,892,2025-04-15
HUN,reject,7264,2025-04-15
LBN,reject,94,2025-04-15
GAB,none,228,2025-04-15
MMR,none,230,2025-04-15
UGA,quarantine,346,2025-04-15
FIN,quarantine,9699,2025-04-15
SEN,none,831,2025-04-15
WLF,quarantine,59,2025-04-15
PYF,none,228,2025-04-15
JPN,reject,16236,2025-04-15
MRT,none,199,2025-04-15
MNG,quarantine,707,2025-04-15
GTM,none,616,2025-04-15
JAM,reject,89,2025-04-15
KNA,reject,21,2025-04-15
LVA,invalid,4,2025-04-15
MWI,none,183,2025-04-15
HKG,reject,3642,2025-04-15
GUF,reject,28,2025-04-15
PSE,quarantine,282,2025-04-15
JAM,none,123,2025-04-15
NFK,none,17,2025-04-15
LTU,invalid,16,2025-04-15
PAK,quarantine,2332,2025-04-15
HND,none,533,2025-04-15
GBR,invalid,2986,2025-04-15
SHN,none,1686,2025-04-15
KHM,reject,169,2025-04-15
SDN,quarantine,61,2025-04-15
EST,none,28716,2025-04-15
TUN,none,3233,2025-04-15
KNA,quarantine,7,2025-04-15
NAM,none,40,2025-04-15
CRI,reject,668,2025-04-15
CCK,invalid,24,2025-04-15
PLW,none,1860,2025-04-15
WLF,reject,89,2025-04-15
ITA,quarantine,34815,2025-04-15
PAN,reject,516,2025-04-15
QAT,quarantine,381,2025-04-15
VGB,quarantine,66,2025-04-15
ARE,quarantine,3386,2025-04-15
GIB,none,294,2025-04-15
CZE,invalid,68,2025-04-15
LSO,reject,47,2025-04-15
GNQ,reject,47,2025-04-15
CAF,quarantine,65,2025-04-15
BEL,none,183329,2025-04-15
ECU,none,6660,2025-04-15
ZMB,reject,137,2025-04-15
BGR,reject,1778,2025-04-15
PSE,none,873,2025-04-15
POL,reject,248867,2025-04-15
MEX,none,88417,2025-04-15
GHA,reject,96,2025-04-15
COL,invalid,220,2025-04-15
BTN,quarantine,32,2025-04-15
TUR,none,84693,2025-04-15
TUR,invalid,88,2025-04-15
SLE,reject,49,2025-04-15
MNP,none,32,2025-04-15
RUS,none,179544,2025-04-15
CAN,none,247117,2025-04-15
IMN,none,4459,2025-04-15
AUS,invalid,464,2025-04-15
IMN,quarantine,1722,2025-04-15
NOR,invalid,111,2025-04-15
ZAF,invalid,56,2025-04-15
IOT,quarantine,21414,2025-04-15
LAO,quarantine,451,2025-04-15
BHS,none,52,2025-04-15
IMN,reject,812,2025-04-15
FRO,none,486,2025-04-15
NAM,reject,22,2025-04-15
ABW,none,69,2025-04-15
SWE,none,77821,2025-04-15
NOR,reject,15331,2025-04-15
DZA,reject,510,2025-04-15
MEX,reject,13121,2025-04-15
KEN,none,14037,2025-04-15
NIU,none,14233,2025-04-15
USA,none,82405,2025-04-15
IRL,none,30047,2025-04-15
CRI,quarantine,729,2025-04-15
ETH,none,2150,2025-04-15
ESP,quarantine,78787,2025-04-15
GLP,reject,68,2025-04-15
SLV,quarantine,289,2025-04-15
BTN,reject,234,2025-04-15
GLP,quarantine,23,2025-04-15
CPV,quarantine,90,2025-04-15
CHE,reject,200536,2025-04-15
MAR,none,12379,2025-04-15
IRN,quarantine,12796,2025-04-15
ZWE,reject,344,2025-04-15
LBY,quarantine,486,2025-04-15
CIV,quarantine,622,2025-04-15
FJI,reject,101,2025-04-15
CZE,none,134540,2025-04-15
SUR,none,314,2025-04-15
CZE,quarantine,27570,2025-04-15
ITA,reject,26761,2025-04-15
LTU,reject,2847,2025-04-15
COG,reject,50,2025-04-15
MDG,reject,179,2025-04-15
NAM,quarantine,29,2025-04-15
CCK,reject,7089,2025-04-15
IND,reject,43963,2025-04-15
TZA,none,5426,2025-04-15
ZWE,quarantine,288,2025-04-15
GHA,quarantine,153,2025-04-15
MAC,none,313,2025-04-15
BEL,quarantine,37087,2025-04-15
GRC,reject,9201,2025-04-15
DOM,none,2965,2025-04-15
MYT,none,342,2025-04-15
SOM,quarantine,225,2025-04-15
BHS,reject,97,2025-04-15
PCN,reject,26,2025-04-15
KOR,none,7877,2025-04-15
BEL,invalid,327,2025-04-15
MTQ,none,39,2025-04-15
BEN,invalid,2,2025-04-15
PRT,invalid,55,2025-04-15
ABW,reject,23,2025-04-15
COK,reject,15,2025-04-15
HMD,quarantine,16,2025-04-15
GRC,invalid,31,2025-04-15
IRL,invalid,25,2025-04-15
VIR,none,24,2025-04-15
TLS,quarantine,39,2025-04-15
MYS,invalid,23,2025-04-15
SMR,quarantine,27,2025-04-15
GNB,reject,6,2025-04-15
DMA,quarantine,9,2025-04-15
VCT,invalid,4,2025-04-15
KAZ,invalid,14,2025-04-15
CUW,quarantine,34,2025-04-15
NER,reject,18,2025-04-15
BRB,quarantine,50,2025-04-15
BOL,invalid,2,2025-04-15
NRU,reject,28,2025-04-15
JPN,invalid,39,2025-04-15
ARM,invalid,18,2025-04-15
SGS,invalid,1,2025-04-15
HMD,reject,10,2025-04-15
GHA,invalid,5,2025-04-15
VIR,quarantine,11,2025-04-15
SYR,reject,48,2025-04-15
SWZ,none,121,2025-04-15
NZL,invalid,52,2025-04-15
SLB,quarantine,24,2025-04-15
SLB,reject,50,2025-04-15
DOM,invalid,6,2025-04-15
TUV,invalid,12,2025-04-15
GUM,reject,3,2025-04-15
LBR,none,50,2025-04-15
GLP,invalid,1,2025-04-15
BGD,invalid,2,2025-04-15
YEM,quarantine,13,2025-04-15
EST,invalid,8,2025-04-15
GNQ,quarantine,29,2025-04-15
HTI,invalid,2,2025-04-15
NRU,quarantine,2,2025-04-15
MSR,invalid,1,2025-04-15
NRU,none,8,2025-04-15
COM,none,20,2025-04-15
SSD,quarantine,11,2025-04-15
VNM,invalid,22,2025-04-15
ASM,invalid,3,2025-04-15
ATA,reject,5,2025-04-15
MNG,invalid,3,2025-04-15
SWZ,reject,13,2025-04-15
COK,quarantine,4,2025-04-15
IMN,invalid,3,2025-04-15
GUM,quarantine,1,2025-04-15
SVK,invalid,12,2025-04-15
VUT,invalid,1,2025-04-15
MTQ,quarantine,14,2025-04-15
MTQ,reject,34,2025-04-15
THA,invalid,3,2025-04-15
DZA,invalid,3,2025-04-15
LBR,reject,3,2025-04-15
MDA,invalid,3,2025-04-15
MAR,invalid,6,2025-04-15
TCD,quarantine,16,2025-04-15
GUF,quarantine,8,2025-04-15
URY,invalid,9,2025-04-15
LKA,invalid,1,2025-04-15
GEO,invalid,2,2025-04-15
ISL,invalid,5,2025-04-15
RWA,invalid,1,2025-04-15
GNB,quarantine,8,2025-04-15
ALB,invalid,2,2025-04-15
ATA,none,7,2025-04-15
PHL,invalid,3,2025-04-15
TKL,invalid,1,2025-04-15
AZE,invalid,7,2025-04-15
VAT,quarantine,1,2025-04-15
CYP,invalid,2,2025-04-15
HKG,invalid,11,2025-04-15
BMU,invalid,1,2025-04-15
BIH,invalid,4,2025-04-15
KIR,quarantine,9,2025-04-15
LAO,invalid,2,2025-04-15
GUY,invalid,1,2025-04-15
MLT,invalid,1,2025-04-15
SLV,invalid,4,2025-04-15
LIE,invalid,7,2025-04-15
HRV,invalid,6,2025-04-15
QAT,invalid,1,2025-04-15
PAK,invalid,6,2025-04-15
CXR,invalid,2,2025-04-15
GUM,none,3,2025-04-15
LBN,invalid,1,2025-04-15
LBY,invalid,2,2025-04-15
NPL,invalid,2,2025-04-15
BLR,invalid,1,2025-04-15
NGA,invalid,4,2025-04-15
SPM,invalid,1,2025-04-15
COM,quarantine,3,2025-04-15
CYM,invalid,1,2025-04-15
GTM,invalid,1,2025-04-15
PAN,invalid,3,2025-04-15
PCN,invalid,4,2025-04-15
TON,invalid,3,2025-04-15
CRI,invalid,2,2025-04-15
SLE,invalid,1,2025-04-15
TUN,invalid,4,2025-04-15
EGY,invalid,3,2025-04-15
KEN,invalid,5,2025-04-15
FSM,invalid,1,2025-04-15
AGO,invalid,1,2025-04-15
PLW,invalid,3,2025-04-15
PCN,quarantine,3,2025-04-15
PRY,invalid,3,2025-04-15
GRL,invalid,1,2025-04-15
SHN,invalid,4,2025-04-15
FJI,invalid,1,2025-04-15
COM,reject,6,2025-04-15
BGR,invalid,1,2025-04-15
JEY,invalid,1,2025-04-15
WSM,invalid,2,2025-04-15
VEN,invalid,2,2025-04-15
MKD,invalid,1,2025-04-15
MDV,invalid,1,2025-04-15
GIN,reject,2,2025-04-15
NER,invalid,1,2025-04-15
AFG,invalid,1,2025-04-15
BTN,invalid,1,2025-04-15
CIV,invalid,2,2025-04-15
MOZ,invalid,1,2025-04-15
MMR,invalid,1,2025-04-15
GUF,invalid,1,2025-04-15
BLZ,invalid,1,2025-04-15
ATG,invalid,1,2025-04-15
USA,quarantine,11769,2025-05-15
UGA,none,1257,2025-05-15
NGA,quarantine,7790,2025-05-15
RUS,invalid,162,2025-05-15
CCK,none,17902,2025-05-15
NGA,reject,1187,2025-05-15
UKR,none,25457,2025-05-15
ESP,reject,22829,2025-05-15
MOZ,quarantine,351,2025-05-15
TON,quarantine,525,2025-05-15
URY,quarantine,2590,2025-05-15
CHN,none,19296,2025-05-15
BOL,reject,591,2025-05-15
LTU,quarantine,3099,2025-05-15
SPM,reject,237,2025-05-15
ITA,none,848996,2025-05-15
GGY,quarantine,975,2025-05-15
KGZ,reject,282,2025-05-15
HUN,quarantine,13828,2025-05-15
HTI,none,215,2025-05-15
EGY,reject,333,2025-05-15
DZA,quarantine,655,2025-05-15
HTI,reject,175,2025-05-15
CUB,quarantine,112,2025-05-15
CYM,quarantine,172,2025-05-15
ZMB,quarantine,168,2025-05-15
SPM,none,498,2025-05-15
SVK,reject,10907,2025-05-15
NZL,quarantine,12112,2025-05-15
MDA,none,5831,2025-05-15
SWE,quarantine,15343,2025-05-15
KAZ,none,6225,2025-05-15
UZB,reject,1297,2025-05-15
SLE,none,184,2025-05-15
CXR,quarantine,394,2025-05-15
BIH,quarantine,1159,2025-05-15
CXR,none,812,2025-05-15
MTQ,quarantine,16,2025-05-15
KAZ,quarantine,5187,2025-05-15
MUS,reject,370,2025-05-15
VNM,quarantine,3108,2025-05-15
MWI,quarantine,49,2025-05-15
SLV,none,1007,2025-05-15
IOT,invalid,115,2025-05-15
IRN,none,67575,2025-05-15
ISL,none,9622,2025-05-15
TKL,quarantine,213,2025-05-15
ETH,reject,66,2025-05-15
ETH,quarantine,73,2025-05-15
LCA,reject,119,2025-05-15
SVK,none,59391,2025-05-15
ARE,reject,3685,2025-05-15
RWA,reject,110,2025-05-15
TKL,reject,402,2025-05-15
AND,quarantine,264,2025-05-15
PAN,quarantine,269,2025-05-15
VCT,reject,737,2025-05-15
BHR,reject,231,2025-05-15
POL,quarantine,171237,2025-05-15
NOR,none,90985,2025-05-15
DZA,none,1382,2025-05-15
LKA,reject,886,2025-05-15
DOM,reject,744,2025-05-15
PAN,none,1083,2025-05-15
MTQ,none,39,2025-05-15
POL,none,442499,2025-05-15
GBR,quarantine,107058,2025-05-15
IDN,quarantine,14140,2025-05-15
REU,none,3546,2025-05-15
VNM,invalid,23,2025-05-15
FRO,reject,462,2025-05-15
VUT,quarantine,32,2025-05-15
USA,reject,32219,2025-05-15
SPM,quarantine,315,2025-05-15
MMR,reject,96,2025-05-15
GRD,quarantine,60,2025-05-15
IDN,none,99016,2025-05-15
KEN,quarantine,10589,2025-05-15
ATG,quarantine,393,2025-05-15
TCD,none,54,2025-05-15
IDN,invalid,25,2025-05-15
STP,reject,363,2025-05-15
BGD,quarantine,796,2025-05-15
TKM,reject,114,2025-05-15
MNE,none,49959,2025-05-15
GGY,none,3052,2025-05-15
EST,reject,3745,2025-05-15
BOL,quarantine,506,2025-05-15
ATF,quarantine,142,2025-05-15
GAB,reject,153,2025-05-15
PRT,invalid,52,2025-05-15
IOT,none,84334,2025-05-15
PLW,reject,1189,2025-05-15
ISL,reject,1900,2025-05-15
SXM,none,147,2025-05-15
HKG,invalid,13,2025-05-15
ROU,quarantine,12484,2025-05-15
PER,none,17454,2025-05-15
ECU,reject,1434,2025-05-15
DEU,invalid,689,2025-05-15
JEY,reject,273,2025-05-15
CIV,none,1934,2025-05-15
EGY,quarantine,269,2025-05-15
BEL,reject,41977,2025-05-15
ESP,none,209949,2025-05-15
AUT,reject,25312,2025-05-15
ARM,reject,713,2025-05-15
SWE,invalid,232,2025-05-15
COM,quarantine,4,2025-05-15
RUS,quarantine,41695,2025-05-15
BDI,none,456,2025-05-15
GRL,reject,436,2025-05-15
SYC,none,314,2025-05-15
BDI,reject,102,2025-05-15
,none,246107,2025-05-15
PLW,quarantine,707,2025-05-15
BDI,quarantine,54,2025-05-15
SGP,invalid,13,2025-05-15
ASM,reject,370,2025-05-15
MCO,none,444,2025-05-15
SVN,reject,2534,2025-05-15
THA,reject,1648,2025-05-15
CUW,reject,26,2025-05-15
CPV,reject,66,2025-05-15
UKR,invalid,40,2025-05-15
RWA,quarantine,150,2025-05-15
PRI,quarantine,44,2025-05-15
CHL,reject,9590,2025-05-15
MLT,reject,504,2025-05-15
FSM,quarantine,318,2025-05-15
TUR,reject,7520,2025-05-15
OMN,reject,388,2025-05-15
ATF,reject,175,2025-05-15
CHE,none,175389,2025-05-15
PRT,reject,8633,2025-05-15
ARE,none,24592,2025-05-15
LIE,reject,2988,2025-05-15
REU,reject,800,2025-05-15
GIB,reject,89,2025-05-15
BMU,none,338,2025-05-15
BRN,reject,54,2025-05-15
FJI,none,257,2025-05-15
IND,none,270147,2025-05-15
GBR,reject,185698,2025-05-15
MKD,none,5380,2025-05-15
SGP,none,19063,2025-05-15
AZE,none,4951,2025-05-15
TZA,quarantine,565,2025-05-15
COD,none,547,2025-05-15
AGO,quarantine,324,2025-05-15
GNQ,none,65,2025-05-15
EGY,none,986,2025-05-15
KWT,quarantine,221,2025-05-15
NOR,quarantine,71658,2025-05-15
IRN,reject,6352,2025-05-15
CUW,none,143,2025-05-15
ALA,none,462,2025-05-15
ALB,quarantine,2039,2025-05-15
SUR,quarantine,100,2025-05-15
IRQ,quarantine,97,2025-05-15
ARM,none,4392,2025-05-15
CHE,quarantine,180482,2025-05-15
SAU,reject,1775,2025-05-15
AFG,none,910,2025-05-15
MAC,reject,65,2025-05-15
AIA,none,43214,2025-05-15
SRB,quarantine,2013,2025-05-15
MUS,none,1446,2025-05-15
CHN,reject,16596,2025-05-15
CMR,none,802,2025-05-15
BHR,none,331,2025-05-15
YEM,quarantine,14,2025-05-15
GTM,reject,199,2025-05-15
AUT,none,178395,2025-05-15
BWA,none,1184,2025-05-15
IRL,invalid,26,2025-05-15
VGB,none,149,2025-05-15
CYM,invalid,1,2025-05-15
DNK,none,65893,2025-05-15
GEO,none,5060,2025-05-15
ALA,reject,134,2025-05-15
MKD,quarantine,812,2025-05-15
JOR,reject,172,2025-05-15
SYR,none,261,2025-05-15
DNK,quarantine,18962,2025-05-15
SLV,reject,322,2025-05-15
MTQ,reject,34,2025-05-15
ITA,invalid,229,2025-05-15
MUS,quarantine,327,2025-05-15
GUY,none,340,2025-05-15
CYP,quarantine,835,2025-05-15
LKA,quarantine,902,2025-05-15
VIR,none,26,2025-05-15
MOZ,none,1763,2025-05-15
ESP,invalid,125,2025-05-15
MEX,quarantine,11908,2025-05-15
SAU,none,8946,2025-05-15
MAR,quarantine,1398,2025-05-15
VEN,quarantine,468,2025-05-15
GIB,quarantine,61,2025-05-15
MDV,reject,98,2025-05-15
DEU,reject,449045,2025-05-15
NLD,none,1018677,2025-05-15
MNG,reject,549,2025-05-15
HRV,quarantine,2988,2025-05-15
MCO,quarantine,93,2025-05-15
SGP,quarantine,4659,2025-05-15
CAF,reject,127,2025-05-15
MEX,invalid,77,2025-05-15
AUT,invalid,52,2025-05-15
GRD,none,159,2025-05-15
TLS,quarantine,40,2025-05-15
AUT,quarantine,21704,2025-05-15
AFG,reject,103,2025-05-15
FRA,none,478385,2025-05-15
PAK,reject,1709,2025-05-15
CMR,quarantine,372,2025-05-15
RUS,reject,49616,2025-05-15
UZB,quarantine,1530,2025-05-15
QAT,none,1750,2025-05-15
OMN,none,600,2025-05-15
PAK,none,18950,2025-05-15
AIA,reject,24813,2025-05-15
MNE,reject,19242,2025-05-15
VEN,none,2152,2025-05-15
GUY,reject,122,2025-05-15
GUF,none,26,2025-05-15
PAK,invalid,5,2025-05-15
LBY,reject,298,2025-05-15
MYS,invalid,23,2025-05-15
MRT,quarantine,34,2025-05-15
DJI,reject,48,2025-05-15
CMR,reject,338,2025-05-15
SMR,quarantine,26,2025-05-15
GNB,reject,6,2025-05-15
SWZ,quarantine,160,2025-05-15
LVA,reject,4206,2025-05-15
NER,quarantine,56,2025-05-15
COL,quarantine,28474,2025-05-15
LIE,none,3290,2025-05-15
MNG,none,1156,2025-05-15
GRD,reject,67,2025-05-15
ATG,none,1281,2025-05-15
EST,quarantine,8296,2025-05-15
NIU,reject,5370,2025-05-15
CUB,reject,210,2025-05-15
TTO,none,200,2025-05-15
PCN,none,19,2025-05-15
KWT,none,332,2025-05-15
SXM,quarantine,43,2025-05-15
ARM,quarantine,707,2025-05-15
TJK,quarantine,61,2025-05-15
MYS,reject,4880,2025-05-15
GNQ,quarantine,31,2025-05-15
SVK,quarantine,7069,2025-05-15
CCK,quarantine,7424,2025-05-15
SVN,quarantine,3026,2025-05-15
TON,reject,660,2025-05-15
NPL,reject,1193,2025-05-15
BLR,quarantine,2065,2025-05-15
VUT,none,157,2025-05-15
GMB,quarantine,70,2025-05-15
FIN,none,49157,2025-05-15
HRV,reject,2574,2025-05-15
HKG,quarantine,2285,2025-05-15
PRI,reject,202,2025-05-15
MCO,reject,100,2025-05-15
JPN,quarantine,29878,2025-05-15
KGZ,quarantine,874,2025-05-15
CYP,none,2864,2025-05-15
IRQ,none,1384,2025-05-15
LUX,none,7947,2025-05-15
IRL,reject,4895,2025-05-15
VCT,quarantine,456,2025-05-15
ATG,reject,613,2025-05-15
GUY,quarantine,163,2025-05-15
IND,quarantine,29523,2025-05-15
QAT,reject,532,2025-05-15
LCA,none,592,2025-05-15
SHN,reject,1004,2025-05-15
PRY,reject,751,2025-05-15
SGS,none,192,2025-05-15
HUN,invalid,70,2025-05-15
REU,quarantine,2114,2025-05-15
ASM,quarantine,965,2025-05-15
SXM,reject,90,2025-05-15
KOR,invalid,47,2025-05-15
BLR,none,7033,2025-05-15
ALA,quarantine,123,2025-05-15
KAZ,reject,2237,2025-05-15
CRI,none,1902,2025-05-15
DNK,invalid,238,2025-05-15
ARG,quarantine,8831,2025-05-15
VUT,reject,64,2025-05-15
MWI,reject,129,2025-05-15
TTO,reject,122,2025-05-15
HND,reject,340,2025-05-15
VGB,reject,110,2025-05-15
COG,quarantine,115,2025-05-15
FRO,quarantine,177,2025-05-15
HRV,none,40276,2025-05-15
SRB,reject,1939,2025-05-15
UKR,reject,5011,2025-05-15
PER,reject,3059,2025-05-15
RWA,none,683,2025-05-15
SSD,none,38,2025-05-15
BFA,quarantine,154,2025-05-15
SDN,none,299,2025-05-15
WSM,quarantine,584,2025-05-15
GLP,none,89,2025-05-15
COK,none,75,2025-05-15
POL,invalid,135,2025-05-15
AUS,none,361663,2025-05-15
GBR,none,711031,2025-05-15
TWN,reject,4307,2025-05-15
AIA,invalid,46,2025-05-15
BIH,reject,599,2025-05-15
BHR,quarantine,152,2025-05-15
HMD,none,14,2025-05-15
BRA,none,742885,2025-05-15
MDG,none,825,2025-05-15
ECU,quarantine,1507,2025-05-15
CHN,quarantine,12164,2025-05-15
VNM,reject,5185,2025-05-15
ISL,quarantine,1631,2025-05-15
NCL,quarantine,330,2025-05-15
DOM,quarantine,762,2025-05-15
CYM,none,572,2025-05-15
PRI,none,118,2025-05-15
BRN,none,91,2025-05-15
TGO,reject,78,2025-05-15
BRN,quarantine,112,2025-05-15
KIR,none,16,2025-05-15
ISR,none,33261,2025-05-15
ISR,reject,2527,2025-05-15
BWA,quarantine,320,2025-05-15
NLD,invalid,963,2025-05-15
CHL,invalid,49,2025-05-15
,quarantine,65026,2025-05-15
ATF,none,239,2025-05-15
TLS,none,194,2025-05-15
GUF,quarantine,8,2025-05-15
PRT,none,82558,2025-05-15
SOM,none,1533,2025-05-15
ROU,reject,20744,2025-05-15
SLB,none,103,2025-05-15
UKR,quarantine,6371,2025-05-15
TCA,none,219,2025-05-15
GIN,none,217,2025-05-15
JEY,quarantine,160,2025-05-15
TZA,reject,556,2025-05-15
SGS,reject,151,2025-05-15
HKG,none,14164,2025-05-15
BLZ,quarantine,396,2025-05-15
JOR,none,430,2025-05-15
SEN,reject,207,2025-05-15
TLS,reject,58,2025-05-15
,invalid,148,2025-05-15
NZL,none,72338,2025-05-15
CAN,reject,58877,2025-05-15
CUW,quarantine,35,2025-05-15
FRA,reject,119629,2025-05-15
TUV,reject,6132,2025-05-15
THA,none,8880,2025-05-15
DNK,reject,94432,2025-05-15
TUV,none,13810,2025-05-15
GEO,quarantine,1127,2025-05-15
MLT,none,1919,2025-05-15
MNP,reject,40,2025-05-15
MRT,reject,43,2025-05-15
JAM,quarantine,114,2025-05-15
IRL,quarantine,4392,2025-05-15
SYC,quarantine,57,2025-05-15
BWA,reject,214,2025-05-15
MMR,quarantine,158,2025-05-15
VNM,none,13260,2025-05-15
SYC,reject,167,2025-05-15
BEN,quarantine,153,2025-05-15
,reject,94247,2025-05-15
GEO,reject,676,2025-05-15
BRB,quarantine,51,2025-05-15
PHL,invalid,4,2025-05-15
NGA,none,24124,2025-05-15
LUX,reject,3375,2025-05-15
GTM,invalid,2,2025-05-15
VAT,none,70,2025-05-15
TUV,quarantine,2742,2025-05-15
JPN,none,250121,2025-05-15
SVN,none,38443,2025-05-15
KNA,none,26,2025-05-15
SDN,reject,99,2025-05-15
FRA,quarantine,119627,2025-05-15
LVA,none,9951,2025-05-15
SRB,none,16682,2025-05-15
GTM,quarantine,101,2025-05-15
URY,reject,1137,2025-05-15
TKL,none,669,2025-05-15
COL,none,233482,2025-05-15
PHL,none,8553,2025-05-15
PER,quarantine,2556,2025-05-15
GAB,quarantine,421,2025-05-15
MLT,quarantine,447,2025-05-15
MNE,quarantine,15247,2025-05-15
ALB,reject,1189,2025-05-15
MSR,none,451,2025-05-15
MLI,quarantine,141,2025-05-15
PHL,quarantine,2369,2025-05-15
NIC,none,291,2025-05-15
VEN,reject,668,2025-05-15
NCL,reject,190,2025-05-15
BGR,none,9475,2025-05-15
KIR,reject,25,2025-05-15
COD,quarantine,122,2025-05-15
BRA,invalid,806,2025-05-15
IOT,reject,28460,2025-05-15
ALB,none,3876,2025-05-15
JEY,none,636,2025-05-15
KEN,reject,1054,2025-05-15
MLI,reject,207,2025-05-15
USA,invalid,86,2025-05-15
TCA,reject,92,2025-05-15
TJK,none,302,2025-05-15
ASM,none,1065,2025-05-15
GMB,none,147,2025-05-15
FSM,reject,390,2025-05-15
COG,none,187,2025-05-15
MYT,reject,110,2025-05-15
ZWE,none,4922,2025-05-15
MDA,quarantine,1101,2025-05-15
FLK,reject,45,2025-05-15
GHA,none,412,2025-05-15
MSR,quarantine,160,2025-05-15
LTU,none,29033,2025-05-15
UZB,none,10950,2025-05-15
MLI,none,533,2025-05-15
TWN,invalid,45,2025-05-15
KGZ,none,1295,2025-05-15
SYR,quarantine,157,2025-05-15
CHL,none,112264,2025-05-15
LKA,none,7767,2025-05-15
SWE,reject,27647,2025-05-15
SHN,quarantine,1013,2025-05-15
BGD,reject,498,2025-05-15
MDA,reject,777,2025-05-15
IRQ,reject,267,2025-05-15
GNB,none,90,2025-05-15
STP,none,759,2025-05-15
HND,quarantine,189,2025-05-15
AND,reject,114,2025-05-15
TKM,none,53,2025-05-15
AUS,reject,76951,2025-05-15
TUN,quarantine,1020,2025-05-15
MOZ,reject,296,2025-05-15
AZE,quarantine,1262,2025-05-15
LIE,quarantine,2588,2025-05-15
CXR,reject,391,2025-05-15
NRU,none,8,2025-05-15
MKD,reject,626,2025-05-15
SVN,invalid,13,2025-05-15
CAN,quarantine,35050,2025-05-15
AUS,quarantine,67047,2025-05-15
ABW,quarantine,22,2025-05-15
DEU,quarantine,242220,2025-05-15
AZE,reject,1424,2025-05-15
GRL,none,480,2025-05-15
DMA,reject,21,2025-05-15
TWN,none,20478,2025-05-15
LAO,reject,791,2025-05-15
PER,invalid,19,2025-05-15
NZL,reject,14745,2025-05-15
MAC,quarantine,59,2025-05-15
TTO,quarantine,70,2025-05-15
VCT,none,1930,2025-05-15
FLK,none,9,2025-05-15
MDV,quarantine,363,2025-05-15
FSM,none,1327,2025-05-15
BLZ,reject,533,2025-05-15
CPV,none,1565,2025-05-15
CYM,reject,333,2025-05-15
BLZ,none,1551,2025-05-15
SEN,quarantine,353,2025-05-15
PNG,none,552,2025-05-15
NLD,quarantine,240106,2025-05-15
PHL,reject,3150,2025-05-15
PRT,quarantine,10244,2025-05-15
LBN,quarantine,102,2025-05-15
KHM,quarantine,101,2025-05-15
JPN,invalid,36,2025-05-15
BRA,reject,51261,2025-05-15
MNE,invalid,60,2025-05-15
FJI,quarantine,89,2025-05-15
BEN,reject,57,2025-05-15
COM,none,20,2025-05-15
FIN,invalid,50,2025-05-15
NIC,reject,295,2025-05-15
TUR,quarantine,44879,2025-05-15
AIA,quarantine,8459,2025-05-15
BRA,quarantine,61240,2025-05-15
BOL,none,1600,2025-05-15
PSE,reject,351,2025-05-15
CZE,reject,15953,2025-05-15
CAF,none,226,2025-05-15
LBN,none,337,2025-05-15
AFG,quarantine,77,2025-05-15
LCA,quarantine,48,2025-05-15
PAN,invalid,3,2025-05-15
BGR,quarantine,1662,2025-05-15
CYP,reject,729,2025-05-15
TGO,none,311,2025-05-15
TKM,quarantine,46,2025-05-15
HUN,none,146174,2025-05-15
LAO,none,1971,2025-05-15
LBY,none,2174,2025-05-15
MDV,none,844,2025-05-15
LSO,none,240,2025-05-15
GRL,quarantine,126,2025-05-15
SGS,quarantine,74,2025-05-15
SMR,reject,35,2025-05-15
LBR,quarantine,3,2025-05-15
SUR,reject,96,2025-05-15
DEU,none,942327,2025-05-15
TON,none,1755,2025-05-15
PRY,none,7061,2025-05-15
OMN,quarantine,161,2025-05-15
AZE,invalid,7,2025-05-15
BIH,none,8230,2025-05-15
ZAF,reject,27049,2025-05-15
MYS,quarantine,9915,2025-05-15
AGO,reject,433,2025-05-15
COD,reject,132,2025-05-15
DJI,none,212,2025-05-15
ISR,quarantine,4025,2025-05-15
NIU,quarantine,3588,2025-05-15
WSM,reject,1025,2025-05-15
URY,none,8316,2025-05-15
CIV,reject,191,2025-05-15
GRC,none,83524,2025-05-15
MDG,quarantine,257,2025-05-15
NPL,quarantine,1390,2025-05-15
BFA,none,206,2025-05-15
FRA,invalid,540,2025-05-15
SOM,reject,276,2025-05-15
TGO,quarantine,132,2025-05-15
SLE,quarantine,30,2025-05-15
AND,none,418,2025-05-15
NPL,none,7682,2025-05-15
CHL,quarantine,6984,2025-05-15
TCA,quarantine,86,2025-05-15
WSM,none,2741,2025-05-15
YEM,none,40,2025-05-15
PYF,reject,122,2025-05-15
NLD,reject,318473,2025-05-15
MYS,none,26168,2025-05-15
KOR,reject,2897,2025-05-15
PNG,reject,51,2025-05-15
KWT,reject,208,2025-05-15
CHE,invalid,125,2025-05-15
BRB,none,77,2025-05-15
ARG,none,93877,2025-05-15
TWN,quarantine,4441,2025-05-15
STP,quarantine,344,2025-05-15
SAU,quarantine,1546,2025-05-15
ZMB,none,609,2025-05-15
NCL,none,865,2025-05-15
PNG,quarantine,161,2025-05-15
VIR,reject,37,2025-05-15
PCN,invalid,4,2025-05-15
ZAF,none,177006,2025-05-15
BLR,reject,2360,2025-05-15
KOR,quarantine,1331,2025-05-15
IDN,reject,12871,2025-05-15
MSR,reject,376,2025-05-15
BMU,reject,220,2025-05-15
CUB,none,79,2025-05-15
ZAF,quarantine,31020,2025-05-15
NIC,quarantine,195,2025-05-15
UGA,reject,273,2025-05-15
ROU,none,135443,2025-05-15
SGP,reject,5077,2025-05-15
ARG,reject,6014,2025-05-15
WLF,none,137,2025-05-15
PYF,quarantine,74,2025-05-15
SMR,none,146,2025-05-15
PRY,quarantine,1347,2025-05-15
JOR,quarantine,566,2025-05-15
IND,invalid,127,2025-05-15
TON,invalid,3,2025-05-15
KHM,none,422,2025-05-15
ARG,invalid,54,2025-05-15
BMU,quarantine,131,2025-05-15
GRC,quarantine,31311,2025-05-15
MAR,reject,1201,2025-05-15
COL,reject,99903,2025-05-15
LVA,quarantine,2917,2025-05-15
TUN,reject,339,2025-05-15
CAN,invalid,261,2025-05-15
FIN,reject,9126,2025-05-15
NER,none,59,2025-05-15
LSO,quarantine,57,2025-05-15
AGO,none,4798,2025-05-15
LUX,quarantine,4269,2025-05-15
THA,quarantine,5145,2025-05-15
DJI,quarantine,40,2025-05-15
BGD,none,4352,2025-05-15
BEN,none,490,2025-05-15
MYT,quarantine,219,2025-05-15
HUN,reject,7461,2025-05-15
GGY,reject,1110,2025-05-15
LBN,reject,90,2025-05-15
GAB,none,228,2025-05-15
SYR,reject,47,2025-05-15
UGA,quarantine,347,2025-05-15
MMR,none,234,2025-05-15
FIN,quarantine,10019,2025-05-15
SEN,none,828,2025-05-15
PYF,none,229,2025-05-15
JPN,reject,17132,2025-05-15
MNG,quarantine,739,2025-05-15
GTM,none,628,2025-05-15
MRT,none,213,2025-05-15
KNA,reject,21,2025-05-15
MWI,none,193,2025-05-15
JAM,reject,89,2025-05-15
HKG,reject,3725,2025-05-15
PSE,quarantine,296,2025-05-15
JAM,none,121,2025-05-15
NFK,none,17,2025-05-15
SHN,none,1727,2025-05-15
PAK,quarantine,2306,2025-05-15
GBR,invalid,2984,2025-05-15
HND,none,539,2025-05-15
SDN,quarantine,60,2025-05-15
KHM,reject,172,2025-05-15
SWZ,none,128,2025-05-15
EST,none,29072,2025-05-15
TUN,none,3303,2025-05-15
NZL,invalid,56,2025-05-15
CRI,reject,683,2025-05-15
CCK,invalid,24,2025-05-15
NAM,none,40,2025-05-15
PLW,none,2048,2025-05-15
SLB,reject,50,2025-05-15
WLF,reject,91,2025-05-15
DOM,invalid,6,2025-05-15
ITA,quarantine,35523,2025-05-15
PAN,reject,522,2025-05-15
QAT,quarantine,391,2025-05-15
VGB,quarantine,64,2025-05-15
ARE,quarantine,3488,2025-05-15
CAF,quarantine,68,2025-05-15
GIB,none,297,2025-05-15
LSO,reject,47,2025-05-15
GNQ,reject,47,2025-05-15
CZE,invalid,68,2025-05-15
BEL,none,184926,2025-05-15
ECU,none,6949,2025-05-15
ZMB,reject,138,2025-05-15
BGR,reject,1813,2025-05-15
PSE,none,946,2025-05-15
POL,reject,249168,2025-05-15
MEX,none,91238,2025-05-15
COL,invalid,210,2025-05-15
GHA,reject,101,2025-05-15
TUR,none,88905,2025-05-15
GUM,reject,4,2025-05-15
MNP,none,33,2025-05-15
TUR,invalid,89,2025-05-15
CAN,none,253490,2025-05-15
RUS,none,181895,2025-05-15
IMN,none,4704,2025-05-15
IMN,quarantine,1730,2025-05-15
AUS,invalid,461,2025-05-15
NOR,invalid,113,2025-05-15
ZAF,invalid,57,2025-05-15
IOT,quarantine,21941,2025-05-15
LAO,quarantine,461,2025-05-15
BHS,none,52,2025-05-15
IMN,reject,832,2025-05-15
FRO,none,490,2025-05-15
ABW,none,70,2025-05-15
SWE,none,79601,2025-05-15
NOR,reject,15704,2025-05-15
MEX,reject,17993,2025-05-15
NIU,none,14460,2025-05-15
SSD,quarantine,12,2025-05-15
KEN,none,15290,2025-05-15
DZA,reject,520,2025-05-15
USA,none,83927,2025-05-15
IRL,none,30772,2025-05-15
CRI,quarantine,725,2025-05-15
ESP,quarantine,80253,2025-05-15
ETH,none,2180,2025-05-15
BTN,reject,238,2025-05-15
SLV,quarantine,287,2025-05-15
CPV,quarantine,90,2025-05-15
CHE,reject,204465,2025-05-15
CIV,quarantine,625,2025-05-15
MAR,none,13335,2025-05-15
IRN,quarantine,12720,2025-05-15
LBY,quarantine,508,2025-05-15
ZWE,reject,348,2025-05-15
FJI,reject,105,2025-05-15
CZE,none,135996,2025-05-15
SUR,none,327,2025-05-15
LTU,reject,2903,2025-05-15
ITA,reject,28352,2025-05-15
CZE,quarantine,28194,2025-05-15
MDG,reject,179,2025-05-15
NAM,quarantine,29,2025-05-15
COG,reject,51,2025-05-15
CCK,reject,19315,2025-05-15
IND,reject,81732,2025-05-15
ZWE,quarantine,332,2025-05-15
GHA,quarantine,150,2025-05-15
TZA,none,5847,2025-05-15
MAC,none,308,2025-05-15
BEL,quarantine,38062,2025-05-15
GRC,reject,9436,2025-05-15
MYT,none,338,2025-05-15
DOM,none,3059,2025-05-15
CRI,invalid,5,2025-05-15
SOM,quarantine,224,2025-05-15
SLE,invalid,1,2025-05-15
BHS,reject,98,2025-05-15
BEL,invalid,327,2025-05-15
KOR,none,8055,2025-05-15
YEM,reject,33,2025-05-15
TUN,invalid,4,2025-05-15
ABW,reject,23,2025-05-15
BHS,quarantine,28,2025-05-15
ROU,invalid,30,2025-05-15
IRN,invalid,10,2025-05-15
COK,reject,16,2025-05-15
SAU,invalid,7,2025-05-15
GRC,invalid,31,2025-05-15
BRB,reject,43,2025-05-15
GNB,quarantine,8,2025-05-15
DMA,none,40,2025-05-15
PCN,quarantine,3,2025-05-15
DMA,quarantine,9,2025-05-15
EST,invalid,8,2025-05-15
CHN,invalid,31,2025-05-15
GIN,reject,2,2025-05-15
NER,invalid,1,2025-05-15
BFA,reject,29,2025-05-15
TJK,reject,134,2025-05-15
TCD,reject,54,2025-05-15
NER,reject,18,2025-05-15
MAR,invalid,6,2025-05-15
BTN,none,45,2025-05-15
NRU,reject,28,2025-05-15
GIN,quarantine,17,2025-05-15
ECU,invalid,4,2025-05-15
HMD,reject,10,2025-05-15
ISL,invalid,5,2025-05-15
LUX,invalid,10,2025-05-15
HTI,quarantine,25,2025-05-15
TCD,quarantine,17,2025-05-15
MNP,quarantine,26,2025-05-15
NFK,reject,25,2025-05-15
WLF,quarantine,60,2025-05-15
SLB,quarantine,24,2025-05-15
BTN,quarantine,31,2025-05-15
SLE,reject,51,2025-05-15
NAM,reject,21,2025-05-15
LBR,none,51,2025-05-15
GLP,reject,69,2025-05-15
GLP,quarantine,22,2025-05-15
NIU,invalid,28,2025-05-15
SSD,reject,10,2025-05-15
LBN,invalid,1,2025-05-15
LBY,invalid,2,2025-05-15
LIE,invalid,6,2025-05-15
HMD,quarantine,16,2025-05-15
NPL,invalid,3,2025-05-15
GGY,invalid,4,2025-05-15
THA,invalid,3,2025-05-15
ATA,none,8,2025-05-15
BLR,invalid,1,2025-05-15
NGA,invalid,4,2025-05-15
SWZ,reject,13,2025-05-15
ARE,invalid,14,2025-05-15
IMN,invalid,3,2025-05-15
SPM,invalid,1,2025-05-15
ARM,invalid,19,2025-05-15
VIR,quarantine,10,2025-05-15
GUF,reject,28,2025-05-15
KNA,quarantine,7,2025-05-15
TUV,invalid,12,2025-05-15
COM,reject,6,2025-05-15
ASM,invalid,3,2025-05-15
KEN,invalid,9,2025-05-15
ATA,reject,5,2025-05-15
KAZ,invalid,14,2025-05-15
HRV,invalid,6,2025-05-15
VEN,invalid,2,2025-05-15
SVK,invalid,12,2025-05-15
MKD,invalid,1,2025-05-15
GHA,invalid,5,2025-05-15
MDV,invalid,1,2025-05-15
PLW,invalid,4,2025-05-15
QAT,invalid,2,2025-05-15
PRY,invalid,3,2025-05-15
ISR,invalid,27,2025-05-15
URY,invalid,9,2025-05-15
REU,invalid,4,2025-05-15
GRL,invalid,1,2025-05-15
GUM,none,2,2025-05-15
PCN,reject,26,2025-05-15
GMB,reject,24,2025-05-15
CYP,invalid,2,2025-05-15
NFK,quarantine,4,2025-05-15
LBR,reject,3,2025-05-15
LTU,invalid,16,2025-05-15
MDA,invalid,4,2025-05-15
HTI,invalid,2,2025-05-15
BMU,invalid,1,2025-05-15
KIR,quarantine,9,2025-05-15
LAO,invalid,2,2025-05-15
GUY,invalid,1,2025-05-15
MLT,invalid,1,2025-05-15
SLV,invalid,3,2025-05-15
BEN,invalid,1,2025-05-15
BOL,invalid,3,2025-05-15
SGS,invalid,1,2025-05-15
CXR,invalid,2,2025-05-15
NRU,quarantine,2,2025-05-15
EGY,invalid,3,2025-05-15
BGR,invalid,2,2025-05-15
FSM,invalid,1,2025-05-15
AGO,invalid,1,2025-05-15
COK,quarantine,4,2025-05-15
SRB,invalid,2,2025-05-15
LVA,invalid,4,2025-05-15
VCT,invalid,3,2025-05-15
GLP,invalid,1,2025-05-15
BGD,invalid,2,2025-05-15
UZB,invalid,1,2025-05-15
MNG,invalid,2,2025-05-15
GUM,quarantine,1,2025-05-15
VUT,invalid,1,2025-05-15
RWA,invalid,1,2025-05-15
ALB,invalid,2,2025-05-15
TKL,invalid,1,2025-05-15
VAT,quarantine,1,2025-05-15
LKA,invalid,1,2025-05-15
GEO,invalid,2,2025-05-15
SHN,invalid,4,2025-05-15
FJI,invalid,1,2025-05-15
MMR,invalid,1,2025-05-15
WSM,invalid,2,2025-05-15
GUF,invalid,1,2025-05-15
CIV,invalid,2,2025-05-15
BLZ,invalid,1,2025-05-15
BIH,invalid,3,2025-05-15
ATG,invalid,1,2025-05-15
MOZ,invalid,2,2025-05-15
DZA,invalid,2,2025-05-15
JEY,invalid,1,2025-05-15
AFG,invalid,1,2025-05-15
BTN,invalid,1,2025-05-15
USA,quarantine,12034,2025-06-15
UGA,none,1356,2025-06-15
NGA,quarantine,10560,2025-06-15
RUS,invalid,168,2025-06-15
CCK,none,18888,2025-06-15
NGA,reject,1247,2025-06-15
UKR,none,26142,2025-06-15
ESP,reject,38520,2025-06-15
TON,quarantine,535,2025-06-15
MOZ,quarantine,384,2025-06-15
URY,quarantine,2641,2025-06-15
GMB,reject,25,2025-06-15
CHN,none,20175,2025-06-15
LTU,quarantine,3189,2025-06-15
BOL,reject,605,2025-06-15
SPM,reject,241,2025-06-15
NIU,invalid,30,2025-06-15
ITA,none,879354,2025-06-15
GGY,quarantine,1022,2025-06-15
KGZ,reject,296,2025-06-15
HUN,quarantine,13925,2025-06-15
DZA,quarantine,678,2025-06-15
CUB,quarantine,114,2025-06-15
EGY,reject,338,2025-06-15
HTI,none,218,2025-06-15
CYM,quarantine,182,2025-06-15
HTI,reject,178,2025-06-15
ZMB,quarantine,185,2025-06-15
SVK,reject,19513,2025-06-15
NZL,quarantine,12324,2025-06-15
MDA,none,5993,2025-06-15
SPM,none,514,2025-06-15
SWE,quarantine,18922,2025-06-15
KAZ,none,6316,2025-06-15
UZB,reject,1321,2025-06-15
SLE,none,197,2025-06-15
CXR,quarantine,412,2025-06-15
BIH,quarantine,1181,2025-06-15
CXR,none,837,2025-06-15
SSD,reject,9,2025-06-15
KAZ,quarantine,5277,2025-06-15
VNM,quarantine,3283,2025-06-15
MUS,reject,394,2025-06-15
MWI,quarantine,51,2025-06-15
IOT,invalid,115,2025-06-15
SLV,none,1059,2025-06-15
ISL,none,9729,2025-06-15
IRN,none,67561,2025-06-15
ETH,quarantine,73,2025-06-15
ETH,reject,68,2025-06-15
TKL,quarantine,217,2025-06-15
LCA,reject,123,2025-06-15
SVK,none,52025,2025-06-15
AND,quarantine,275,2025-06-15
ARE,reject,3841,2025-06-15
PAN,quarantine,275,2025-06-15
TKL,reject,403,2025-06-15
RWA,reject,115,2025-06-15
BHR,reject,248,2025-06-15
VCT,reject,960,2025-06-15
POL,quarantine,173650,2025-06-15
NOR,none,92664,2025-06-15
DZA,none,1463,2025-06-15
DOM,reject,776,2025-06-15
LKA,reject,896,2025-06-15
PAN,none,1118,2025-06-15
MTQ,none,43,2025-06-15
POL,none,445726,2025-06-15
REU,none,3609,2025-06-15
GBR,quarantine,123272,2025-06-15
IDN,quarantine,14263,2025-06-15
FRO,reject,473,2025-06-15
VUT,quarantine,31,2025-06-15
VNM,invalid,23,2025-06-15
USA,reject,37363,2025-06-15
SPM,quarantine,319,2025-06-15
MMR,reject,99,2025-06-15
GRD,quarantine,61,2025-06-15
IDN,none,106594,2025-06-15
ATG,quarantine,399,2025-06-15
KEN,quarantine,13311,2025-06-15
IDN,invalid,27,2025-06-15
BGD,quarantine,800,2025-06-15
STP,reject,373,2025-06-15
TKM,reject,117,2025-06-15
LIE,invalid,6,2025-06-15
MNE,none,51042,2025-06-15
EST,reject,3858,2025-06-15
ATF,quarantine,149,2025-06-15
GGY,none,3163,2025-06-15
BOL,quarantine,518,2025-06-15
PRT,invalid,51,2025-06-15
GAB,reject,161,2025-06-15
IOT,none,86956,2025-06-15
PLW,reject,1139,2025-06-15
ISL,reject,1949,2025-06-15
SXM,none,156,2025-06-15
ROU,quarantine,12675,2025-06-15
PER,none,18603,2025-06-15
ECU,reject,1481,2025-06-15
DEU,invalid,704,2025-06-15
JEY,reject,289,2025-06-15
CIV,none,2033,2025-06-15
EGY,quarantine,274,2025-06-15
AUT,reject,29584,2025-06-15
ESP,none,214632,2025-06-15
BEL,reject,45806,2025-06-15
ARM,reject,783,2025-06-15
SWE,invalid,242,2025-06-15
BHS,quarantine,27,2025-06-15
RUS,quarantine,42246,2025-06-15
GRL,reject,451,2025-06-15
BDI,none,461,2025-06-15
BDI,reject,105,2025-06-15
SYC,none,315,2025-06-15
,none,253390,2025-06-15
SGP,invalid,14,2025-06-15
PLW,quarantine,722,2025-06-15
BDI,quarantine,60,2025-06-15
MCO,none,454,2025-06-15
ASM,reject,379,2025-06-15
SVN,reject,2587,2025-06-15
THA,reject,1714,2025-06-15
CPV,reject,71,2025-06-15
ROU,invalid,31,2025-06-15
RWA,quarantine,155,2025-06-15
PRI,quarantine,43,2025-06-15
CHL,reject,10312,2025-06-15
MLT,reject,516,2025-06-15
FSM,quarantine,330,2025-06-15
TUR,reject,7817,2025-06-15
ATF,reject,178,2025-06-15
OMN,reject,393,2025-06-15
CHE,none,177408,2025-06-15
ARE,none,26346,2025-06-15
PRT,reject,8933,2025-06-15
REU,reject,814,2025-06-15
LIE,reject,3028,2025-06-15
FJI,none,260,2025-06-15
BMU,none,344,2025-06-15
GIB,reject,93,2025-06-15
BRN,reject,53,2025-06-15
SGP,none,19503,2025-06-15
GBR,reject,224387,2025-06-15
IND,none,280619,2025-06-15
MKD,none,5711,2025-06-15
AZE,none,5244,2025-06-15
TZA,quarantine,613,2025-06-15
AGO,quarantine,319,2025-06-15
COD,none,574,2025-06-15
GNQ,none,69,2025-06-15
HMD,quarantine,38,2025-06-15
EGY,none,1028,2025-06-15
KWT,quarantine,222,2025-06-15
NOR,quarantine,72347,2025-06-15
IRN,reject,6405,2025-06-15
GRC,invalid,31,2025-06-15
CUW,none,144,2025-06-15
ALA,none,466,2025-06-15
ALB,quarantine,2108,2025-06-15
IRQ,quarantine,109,2025-06-15
SUR,quarantine,100,2025-06-15
ARM,none,4524,2025-06-15
CHE,quarantine,186978,2025-06-15
SAU,reject,1826,2025-06-15
AFG,none,944,2025-06-15
MAC,reject,66,2025-06-15
AIA,none,46698,2025-06-15
SRB,quarantine,2086,2025-06-15
MUS,none,1503,2025-06-15
CHN,reject,15565,2025-06-15
CMR,none,814,2025-06-15
BHR,none,351,2025-06-15
GTM,reject,202,2025-06-15
AUT,none,180003,2025-06-15
BWA,none,1278,2025-06-15
VGB,none,148,2025-06-15
DNK,none,67023,2025-06-15
GEO,none,5406,2025-06-15
MKD,quarantine,874,2025-06-15
SYR,none,269,2025-06-15
JOR,reject,172,2025-06-15
ALA,reject,132,2025-06-15
DNK,quarantine,19345,2025-06-15
ITA,invalid,235,2025-06-15
MTQ,reject,34,2025-06-15
MUS,quarantine,328,2025-06-15
SLV,reject,339,2025-06-15
BRB,reject,43,2025-06-15
CYP,quarantine,850,2025-06-15
LKA,quarantine,929,2025-06-15
MOZ,none,1882,2025-06-15
GUY,none,364,2025-06-15
DMA,none,39,2025-06-15
ESP,invalid,123,2025-06-15
MEX,quarantine,12323,2025-06-15
SAU,none,9455,2025-06-15
VEN,quarantine,490,2025-06-15
MAR,quarantine,1441,2025-06-15
GIB,quarantine,63,2025-06-15
MDV,reject,103,2025-06-15
NLD,none,1024918,2025-06-15
DEU,reject,1146881,2025-06-15
MNG,reject,562,2025-06-15
HRV,quarantine,3088,2025-06-15
MCO,quarantine,95,2025-06-15
SGP,quarantine,4733,2025-06-15
CAF,reject,129,2025-06-15
GRD,none,154,2025-06-15
AUT,invalid,56,2025-06-15
TLS,quarantine,43,2025-06-15
AUT,quarantine,26272,2025-06-15
AFG,reject,102,2025-06-15
FRA,none,487817,2025-06-15
PAK,reject,1773,2025-06-15
CMR,quarantine,366,2025-06-15
RUS,reject,47216,2025-06-15
UZB,quarantine,1532,2025-06-15
QAT,none,1807,2025-06-15
OMN,none,629,2025-06-15
PAK,none,20585,2025-06-15
MNE,reject,23520,2025-06-15
AIA,reject,43779,2025-06-15
VEN,none,2264,2025-06-15
GUY,reject,122,2025-06-15
GUF,none,28,2025-06-15
LBY,reject,302,2025-06-15
MRT,quarantine,33,2025-06-15
CMR,reject,371,2025-06-15
SWZ,quarantine,158,2025-06-15
LVA,reject,4323,2025-06-15
NER,quarantine,55,2025-06-15
COL,quarantine,29050,2025-06-15
ATG,none,1302,2025-06-15
MNG,none,1205,2025-06-15
LIE,none,3364,2025-06-15
GRD,reject,71,2025-06-15
NIU,reject,5981,2025-06-15
EST,quarantine,8417,2025-06-15
KWT,none,339,2025-06-15
TTO,none,202,2025-06-15
CUB,reject,276,2025-06-15
ARM,quarantine,706,2025-06-15
TJK,quarantine,63,2025-06-15
VCT,invalid,4,2025-06-15
MYS,reject,5011,2025-06-15
GNQ,quarantine,30,2025-06-15
CCK,quarantine,7809,2025-06-15
SVK,quarantine,7243,2025-06-15
SVN,quarantine,3114,2025-06-15
BLR,quarantine,2126,2025-06-15
NPL,reject,1240,2025-06-15
VUT,none,161,2025-06-15
TON,reject,692,2025-06-15
GMB,quarantine,76,2025-06-15
FIN,none,50307,2025-06-15
HKG,quarantine,2362,2025-06-15
HRV,reject,2674,2025-06-15
PRI,reject,218,2025-06-15
MCO,reject,102,2025-06-15
JPN,quarantine,30794,2025-06-15
CYP,none,2945,2025-06-15
KGZ,quarantine,920,2025-06-15
IRQ,none,1506,2025-06-15
LUX,none,8067,2025-06-15
CHN,invalid,34,2025-06-15
IRL,reject,5083,2025-06-15
VCT,quarantine,465,2025-06-15
ATG,reject,668,2025-06-15
GUY,quarantine,164,2025-06-15
IND,quarantine,30341,2025-06-15
SHN,reject,1065,2025-06-15
LCA,none,620,2025-06-15
PRY,reject,778,2025-06-15
QAT,reject,552,2025-06-15
SGS,none,198,2025-06-15
HUN,invalid,71,2025-06-15
REU,quarantine,2126,2025-06-15
ASM,quarantine,978,2025-06-15
SXM,reject,92,2025-06-15
KOR,invalid,47,2025-06-15
CRI,none,1940,2025-06-15
KAZ,reject,2297,2025-06-15
BLR,none,7131,2025-06-15
DNK,invalid,246,2025-06-15
ALA,quarantine,124,2025-06-15
ARG,quarantine,9221,2025-06-15
TTO,reject,127,2025-06-15
VUT,reject,74,2025-06-15
MWI,reject,136,2025-06-15
VGB,reject,118,2025-06-15
COG,quarantine,113,2025-06-15
HND,reject,364,2025-06-15
FRO,quarantine,181,2025-06-15
UKR,reject,5089,2025-06-15
HRV,none,40989,2025-06-15
PER,reject,3423,2025-06-15
RWA,none,817,2025-06-15
SRB,reject,1979,2025-06-15
SSD,none,43,2025-06-15
SDN,none,310,2025-06-15
WSM,quarantine,590,2025-06-15
GLP,none,93,2025-06-15
BFA,quarantine,154,2025-06-15
POL,invalid,136,2025-06-15
COK,none,79,2025-06-15
AUS,none,369991,2025-06-15
GBR,none,728176,2025-06-15
TWN,reject,5198,2025-06-15
BHR,quarantine,157,2025-06-15
BIH,reject,624,2025-06-15
AIA,invalid,47,2025-06-15
HMD,none,14,2025-06-15
BRA,none,758331,2025-06-15
MDG,none,865,2025-06-15
ECU,quarantine,1561,2025-06-15
CHN,quarantine,12774,2025-06-15
ISL,quarantine,1703,2025-06-15
VNM,reject,5371,2025-06-15
DOM,quarantine,785,2025-06-15
BRN,quarantine,112,2025-06-15
CYM,none,569,2025-06-15
BRN,none,92,2025-06-15
NCL,quarantine,322,2025-06-15
PRI,none,120,2025-06-15
TGO,reject,77,2025-06-15
KIR,none,18,2025-06-15
ISR,none,34175,2025-06-15
NLD,invalid,985,2025-06-15
ISR,reject,2661,2025-06-15
BWA,quarantine,332,2025-06-15
CHL,invalid,51,2025-06-15
,quarantine,76465,2025-06-15
TLS,none,199,2025-06-15
ATF,none,234,2025-06-15
PRT,none,84480,2025-06-15
ROU,reject,21047,2025-06-15
SOM,none,1602,2025-06-15
UKR,quarantine,6543,2025-06-15
SLB,none,102,2025-06-15
GIN,none,221,2025-06-15
TCA,none,226,2025-06-15
TZA,reject,567,2025-06-15
JEY,quarantine,157,2025-06-15
BFA,reject,30,2025-06-15
HKG,none,14376,2025-06-15
JOR,none,449,2025-06-15
TLS,reject,64,2025-06-15
BLZ,quarantine,416,2025-06-15
SGS,reject,170,2025-06-15
SEN,reject,218,2025-06-15
,invalid,148,2025-06-15
CAN,reject,72144,2025-06-15
NZL,none,73915,2025-06-15
CUW,quarantine,39,2025-06-15
FRA,reject,122207,2025-06-15
TUV,reject,7168,2025-06-15
THA,none,8948,2025-06-15
TUV,none,14081,2025-06-15
DNK,reject,97036,2025-06-15
MLT,none,1965,2025-06-15
GEO,quarantine,1196,2025-06-15
MNP,reject,41,2025-06-15
MRT,reject,44,2025-06-15
JAM,quarantine,115,2025-06-15
IRL,quarantine,4565,2025-06-15
BWA,reject,220,2025-06-15
SYC,quarantine,55,2025-06-15
MMR,quarantine,159,2025-06-15
TJK,reject,144,2025-06-15
VNM,none,13671,2025-06-15
BEN,quarantine,156,2025-06-15
SYC,reject,170,2025-06-15
,reject,138821,2025-06-15
GEO,reject,685,2025-06-15
TCD,reject,55,2025-06-15
BRB,quarantine,54,2025-06-15
PHL,invalid,4,2025-06-15
NGA,none,26771,2025-06-15
LUX,reject,3507,2025-06-15
VAT,none,71,2025-06-15
TUV,quarantine,2783,2025-06-15
SVN,none,39025,2025-06-15
JPN,none,254700,2025-06-15
SDN,reject,99,2025-06-15
FRA,quarantine,127889,2025-06-15
SRB,none,17683,2025-06-15
LVA,none,10250,2025-06-15
GTM,quarantine,103,2025-06-15
URY,reject,1166,2025-06-15
TKL,none,681,2025-06-15
COL,none,236206,2025-06-15
PER,quarantine,2609,2025-06-15
PHL,none,8771,2025-06-15
GAB,quarantine,420,2025-06-15
ISR,invalid,25,2025-06-15
MLT,quarantine,466,2025-06-15
MNE,quarantine,15795,2025-06-15
ALB,reject,1207,2025-06-15
MSR,none,465,2025-06-15
MLI,quarantine,146,2025-06-15
PHL,quarantine,2392,2025-06-15
VEN,reject,687,2025-06-15
NIC,none,282,2025-06-15
NCL,reject,197,2025-06-15
BGR,none,9869,2025-06-15
COD,quarantine,123,2025-06-15
LAO,invalid,4,2025-06-15
HRV,invalid,6,2025-06-15
IOT,reject,33894,2025-06-15
BRA,invalid,800,2025-06-15
ALB,none,4008,2025-06-15
JEY,none,652,2025-06-15
TCA,reject,104,2025-06-15
KEN,reject,1081,2025-06-15
MLI,reject,207,2025-06-15
USA,invalid,86,2025-06-15
ASM,none,1068,2025-06-15
TJK,none,299,2025-06-15
GMB,none,147,2025-06-15
FSM,reject,454,2025-06-15
COG,none,202,2025-06-15
ZWE,none,5372,2025-06-15
MDA,quarantine,1119,2025-06-15
MYT,reject,108,2025-06-15
FLK,reject,45,2025-06-15
GHA,none,436,2025-06-15
MSR,quarantine,162,2025-06-15
UZB,none,11642,2025-06-15
LTU,none,29848,2025-06-15
MLI,none,538,2025-06-15
TWN,invalid,43,2025-06-15
KGZ,none,1322,2025-06-15
SYR,quarantine,163,2025-06-15
CHL,none,118013,2025-06-15
LKA,none,8516,2025-06-15
SWE,reject,38964,2025-06-15
MDA,reject,782,2025-06-15
IRQ,reject,267,2025-06-15
SHN,quarantine,1041,2025-06-15
BGD,reject,506,2025-06-15
GNB,none,97,2025-06-15
HND,quarantine,192,2025-06-15
STP,none,781,2025-06-15
TKM,none,51,2025-06-15
AND,reject,119,2025-06-15
AUS,reject,93310,2025-06-15
TUN,quarantine,1040,2025-06-15
MOZ,reject,308,2025-06-15
LIE,quarantine,2680,2025-06-15
CXR,reject,398,2025-06-15
AZE,quarantine,1294,2025-06-15
MKD,reject,650,2025-06-15
SVN,invalid,13,2025-06-15
AUS,quarantine,69263,2025-06-15
CAN,quarantine,36151,2025-06-15
BTN,none,49,2025-06-15
ABW,quarantine,22,2025-06-15
DEU,quarantine,251170,2025-06-15
GRL,none,486,2025-06-15
AZE,reject,1452,2025-06-15
DMA,reject,22,2025-06-15
TWN,none,21195,2025-06-15
LAO,reject,930,2025-06-15
PER,invalid,20,2025-06-15
NZL,reject,16152,2025-06-15
MAC,quarantine,69,2025-06-15
TTO,quarantine,72,2025-06-15
VCT,none,1983,2025-06-15
FSM,none,1359,2025-06-15
MDV,quarantine,374,2025-06-15
CPV,none,1608,2025-06-15
CYM,reject,430,2025-06-15
BLZ,reject,594,2025-06-15
BLZ,none,1578,2025-06-15
SEN,quarantine,368,2025-06-15
NRU,reject,28,2025-06-15
PNG,none,572,2025-06-15
NLD,quarantine,285585,2025-06-15
PHL,reject,3534,2025-06-15
PRT,quarantine,10522,2025-06-15
LBN,quarantine,113,2025-06-15
KHM,quarantine,106,2025-06-15
BRA,reject,57338,2025-06-15
FJI,quarantine,91,2025-06-15
MNE,invalid,59,2025-06-15
BEN,reject,57,2025-06-15
FIN,invalid,48,2025-06-15
COM,none,20,2025-06-15
NIC,reject,289,2025-06-15
TUR,quarantine,45736,2025-06-15
AIA,quarantine,9160,2025-06-15
BRA,quarantine,62541,2025-06-15
BOL,none,1700,2025-06-15
PSE,reject,351,2025-06-15
CZE,reject,16989,2025-06-15
CAF,none,250,2025-06-15
LBN,none,339,2025-06-15
LCA,quarantine,50,2025-06-15
AFG,quarantine,81,2025-06-15
BGR,quarantine,1724,2025-06-15
CYP,reject,745,2025-06-15
TGO,none,320,2025-06-15
TKM,quarantine,184,2025-06-15
HUN,none,149674,2025-06-15
LAO,none,2023,2025-06-15
LBY,none,2408,2025-06-15
SUR,reject,98,2025-06-15
MDV,none,853,2025-06-15
SGS,quarantine,74,2025-06-15
LSO,none,249,2025-06-15
GRL,quarantine,126,2025-06-15
SMR,reject,35,2025-06-15
DEU,none,955987,2025-06-15
PRY,none,7272,2025-06-15
TON,none,1811,2025-06-15
OMN,quarantine,160,2025-06-15
ZAF,reject,31396,2025-06-15
DJI,none,217,2025-06-15
BIH,none,8472,2025-06-15
MYS,quarantine,10127,2025-06-15
AGO,reject,467,2025-06-15
COD,reject,139,2025-06-15
URY,none,9655,2025-06-15
NIU,quarantine,5686,2025-06-15
ISR,quarantine,4276,2025-06-15
WSM,reject,1155,2025-06-15
CIV,reject,198,2025-06-15
GRC,none,85365,2025-06-15
NPL,quarantine,1401,2025-06-15
MDG,quarantine,259,2025-06-15
BFA,none,227,2025-06-15
FRA,invalid,539,2025-06-15
SOM,reject,283,2025-06-15
TGO,quarantine,141,2025-06-15
SLE,quarantine,29,2025-06-15
AND,none,452,2025-06-15
NPL,none,8332,2025-06-15
CHL,quarantine,7258,2025-06-15
TCA,quarantine,85,2025-06-15
WSM,none,2592,2025-06-15
YEM,none,41,2025-06-15
PYF,reject,122,2025-06-15
NLD,reject,529594,2025-06-15
MYS,none,27601,2025-06-15
KOR,reject,3196,2025-06-15
KWT,reject,211,2025-06-15
BRB,none,80,2025-06-15
CHE,invalid,122,2025-06-15
PNG,reject,53,2025-06-15
ARG,none,96761,2025-06-15
LUX,invalid,10,2025-06-15
TWN,quarantine,4630,2025-06-15
SAU,quarantine,1597,2025-06-15
NCL,none,879,2025-06-15
ZMB,none,624,2025-06-15
PNG,quarantine,162,2025-06-15
STP,quarantine,350,2025-06-15
VIR,reject,38,2025-06-15
ZAF,none,183187,2025-06-15
BLR,reject,2543,2025-06-15
IDN,reject,13112,2025-06-15
KOR,quarantine,1398,2025-06-15
MSR,reject,401,2025-06-15
BMU,reject,223,2025-06-15
CUB,none,79,2025-06-15
ZAF,quarantine,32969,2025-06-15
UGA,reject,282,2025-06-15
NIC,quarantine,194,2025-06-15
ROU,none,139277,2025-06-15
SGP,reject,5491,2025-06-15
ARG,reject,6244,2025-06-15
SMR,none,147,2025-06-15
WLF,none,138,2025-06-15
PRY,quarantine,1384,2025-06-15
IND,invalid,131,2025-06-15
JOR,quarantine,577,2025-06-15
KHM,none,442,2025-06-15
BMU,quarantine,144,2025-06-15
ARG,invalid,59,2025-06-15
GRC,quarantine,32707,2025-06-15
MAR,reject,1259,2025-06-15
TCD,quarantine,17,2025-06-15
COL,reject,119814,2025-06-15
LVA,quarantine,2944,2025-06-15
TUN,reject,346,2025-06-15
CAN,invalid,251,2025-06-15
FIN,reject,9225,2025-06-15
LSO,quarantine,62,2025-06-15
AGO,none,4929,2025-06-15
THA,quarantine,5299,2025-06-15
LUX,quarantine,4366,2025-06-15
DJI,quarantine,41,2025-06-15
MNP,quarantine,24,2025-06-15
BGD,none,4639,2025-06-15
BEN,none,503,2025-06-15
MYT,quarantine,218,2025-06-15
HUN,reject,7672,2025-06-15
GGY,reject,1406,2025-06-15
GAB,none,190,2025-06-15
LBN,reject,98,2025-06-15
MMR,none,243,2025-06-15
UGA,quarantine,353,2025-06-15
SYR,reject,57,2025-06-15
SEN,none,866,2025-06-15
FIN,quarantine,11145,2025-06-15
WLF,quarantine,58,2025-06-15
PYF,none,230,2025-06-15
JPN,reject,16951,2025-06-15
MRT,none,244,2025-06-15
GTM,none,677,2025-06-15
MNG,quarantine,758,2025-06-15
JAM,reject,91,2025-06-15
MWI,none,213,2025-06-15
HKG,reject,3868,2025-06-15
PSE,quarantine,279,2025-06-15
NFK,none,18,2025-06-15
LTU,invalid,15,2025-06-15
JAM,none,126,2025-06-15
GUF,reject,28,2025-06-15
GBR,invalid,2990,2025-06-15
SHN,none,1804,2025-06-15
PAK,quarantine,2356,2025-06-15
HND,none,549,2025-06-15
KHM,reject,174,2025-06-15
SDN,quarantine,62,2025-06-15
SWZ,none,129,2025-06-15
EST,none,29498,2025-06-15
TUN,none,3419,2025-06-15
NZL,invalid,58,2025-06-15
CRI,reject,708,2025-06-15
SLB,quarantine,25,2025-06-15
CCK,invalid,26,2025-06-15
NAM,none,39,2025-06-15
PLW,none,2234,2025-06-15
WLF,reject,90,2025-06-15
SLB,reject,52,2025-06-15
ITA,quarantine,37586,2025-06-15
PAN,reject,539,2025-06-15
QAT,quarantine,409,2025-06-15
VGB,quarantine,67,2025-06-15
ARE,quarantine,3639,2025-06-15
GIB,none,303,2025-06-15
LSO,reject,50,2025-06-15
GNQ,reject,47,2025-06-15
CZE,invalid,65,2025-06-15
CAF,quarantine,68,2025-06-15
BEL,none,188306,2025-06-15
ZMB,reject,140,2025-06-15
ECU,none,7306,2025-06-15
BGR,reject,1855,2025-06-15
PSE,none,993,2025-06-15
POL,reject,243468,2025-06-15
MEX,none,95382,2025-06-15
GHA,reject,103,2025-06-15
COL,invalid,212,2025-06-15
BTN,quarantine,30,2025-06-15
TUR,none,91392,2025-06-15
TUR,invalid,89,2025-06-15
SLE,reject,52,2025-06-15
RUS,none,183470,2025-06-15
CAN,none,259669,2025-06-15
IMN,none,4835,2025-06-15
IMN,quarantine,1685,2025-06-15
AUS,invalid,464,2025-06-15
NOR,invalid,111,2025-06-15
ZAF,invalid,58,2025-06-15
IOT,quarantine,22674,2025-06-15
LAO,quarantine,475,2025-06-15
IMN,reject,863,2025-06-15
ABW,none,70,2025-06-15
FRO,none,493,2025-06-15
NAM,reject,22,2025-06-15
NIU,none,14610,2025-06-15
SWE,none,81220,2025-06-15
NOR,reject,16304,2025-06-15
MEX,reject,22720,2025-06-15
KEN,none,16144,2025-06-15
DZA,reject,535,2025-06-15
USA,none,85581,2025-06-15
IRL,none,31901,2025-06-15
CRI,quarantine,739,2025-06-15
ESP,quarantine,83456,2025-06-15
ETH,none,2276,2025-06-15
SLV,quarantine,295,2025-06-15
BTN,reject,240,2025-06-15
GLP,reject,71,2025-06-15
CPV,quarantine,96,2025-06-15
LBR,none,58,2025-06-15
GLP,quarantine,21,2025-06-15
CHE,reject,209382,2025-06-15
IRN,quarantine,11764,2025-06-15
MAR,none,14365,2025-06-15
ZWE,reject,346,2025-06-15
LBY,quarantine,528,2025-06-15
FJI,reject,108,2025-06-15
CIV,quarantine,631,2025-06-15
CZE,none,137384,2025-06-15
SUR,none,339,2025-06-15
CZE,quarantine,29121,2025-06-15
ITA,reject,30073,2025-06-15
LTU,reject,2995,2025-06-15
COG,reject,54,2025-06-15
MDG,reject,178,2025-06-15
NAM,quarantine,28,2025-06-15
CCK,reject,23791,2025-06-15
IND,reject,112293,2025-06-15
TZA,none,6795,2025-06-15
GHA,quarantine,152,2025-06-15
ZWE,quarantine,335,2025-06-15
MAC,none,304,2025-06-15
BEL,quarantine,53543,2025-06-15
GRC,reject,9656,2025-06-15
DOM,none,3164,2025-06-15
SOM,quarantine,235,2025-06-15
MYT,none,353,2025-06-15
BHS,reject,101,2025-06-15
PCN,reject,28,2025-06-15
KOR,none,8499,2025-06-15
BEL,invalid,338,2025-06-15
MTQ,quarantine,16,2025-06-15
TCD,none,54,2025-06-15
HKG,invalid,12,2025-06-15
COM,quarantine,3,2025-06-15
CUW,reject,27,2025-06-15
UKR,invalid,39,2025-06-15
YEM,quarantine,14,2025-06-15
IRL,invalid,26,2025-06-15
CYM,invalid,1,2025-06-15
VIR,none,26,2025-06-15
MEX,invalid,81,2025-06-15
PAK,invalid,4,2025-06-15
MYS,invalid,22,2025-06-15
DJI,reject,49,2025-06-15
SMR,quarantine,28,2025-06-15
GNB,reject,6,2025-06-15
PCN,none,19,2025-06-15
SXM,quarantine,44,2025-06-15
GUF,quarantine,8,2025-06-15
GTM,invalid,2,2025-06-15
KNA,none,28,2025-06-15
KIR,reject,26,2025-06-15
NRU,none,8,2025-06-15
FLK,none,9,2025-06-15
JPN,invalid,38,2025-06-15
PAN,invalid,3,2025-06-15
LBR,quarantine,3,2025-06-15
AZE,invalid,7,2025-06-15
PCN,invalid,4,2025-06-15
PYF,quarantine,79,2025-06-15
TON,invalid,3,2025-06-15
NER,none,60,2025-06-15
KNA,reject,22,2025-06-15
DOM,invalid,7,2025-06-15
GUM,reject,4,2025-06-15
MNP,none,34,2025-06-15
BHS,none,55,2025-06-15
SSD,quarantine,13,2025-06-15
CRI,invalid,5,2025-06-15
SLE,invalid,1,2025-06-15
YEM,reject,33,2025-06-15
TUN,invalid,5,2025-06-15
ABW,reject,23,2025-06-15
IRN,invalid,9,2025-06-15
COK,reject,17,2025-06-15
SAU,invalid,7,2025-06-15
GNB,quarantine,8,2025-06-15
PCN,quarantine,3,2025-06-15
DMA,quarantine,9,2025-06-15
GIN,reject,2,2025-06-15
NER,invalid,1,2025-06-15
NER,reject,18,2025-06-15
MAR,invalid,6,2025-06-15
GIN,quarantine,18,2025-06-15
ECU,invalid,5,2025-06-15
HMD,reject,10,2025-06-15
ISL,invalid,5,2025-06-15
HTI,quarantine,24,2025-06-15
NFK,reject,28,2025-06-15
NFK,quarantine,4,2025-06-15
GGY,invalid,4,2025-06-15
REU,invalid,4,2025-06-15
ARE,invalid,14,2025-06-15
SRB,invalid,3,2025-06-15
LVA,invalid,4,2025-06-15
KNA,quarantine,7,2025-06-15
KAZ,invalid,13,2025-06-15
LBR,reject,4,2025-06-15
MDA,invalid,4,2025-06-15
URY,invalid,9,2025-06-15
COK,quarantine,4,2025-06-15
LKA,invalid,2,2025-06-15
GEO,invalid,2,2025-06-15
SVK,invalid,13,2025-06-15
VIR,quarantine,10,2025-06-15
BEN,invalid,1,2025-06-15
KEN,invalid,9,2025-06-15
SWZ,reject,15,2025-06-15
BOL,invalid,3,2025-06-15
ARM,invalid,19,2025-06-15
SGS,invalid,1,2025-06-15
GHA,invalid,5,2025-06-15
TUV,invalid,12,2025-06-15
PLW,invalid,4,2025-06-15
QAT,invalid,2,2025-06-15
THA,invalid,3,2025-06-15
PRY,invalid,3,2025-06-15
GRL,invalid,1,2025-06-15
GUM,none,2,2025-06-15
GLP,invalid,1,2025-06-15
BGD,invalid,2,2025-06-15
EST,invalid,7,2025-06-15
HTI,invalid,2,2025-06-15
NRU,quarantine,2,2025-06-15
UZB,invalid,1,2025-06-15
ASM,invalid,3,2025-06-15
SHN,invalid,4,2025-06-15
FJI,invalid,1,2025-06-15
KIR,quarantine,9,2025-06-15
NGA,invalid,4,2025-06-15
ATA,reject,5,2025-06-15
MNG,invalid,2,2025-06-15
IMN,invalid,3,2025-06-15
GUM,quarantine,1,2025-06-15
VUT,invalid,1,2025-06-15
CYP,invalid,3,2025-06-15
COM,reject,6,2025-06-15
MLT,invalid,2,2025-06-15
RWA,invalid,1,2025-06-15
ALB,invalid,2,2025-06-15
ATA,none,8,2025-06-15
TKL,invalid,1,2025-06-15
VAT,quarantine,1,2025-06-15
MMR,invalid,1,2025-06-15
EGY,invalid,3,2025-06-15
WSM,invalid,2,2025-06-15
VEN,invalid,2,2025-06-15
GUF,invalid,1,2025-06-15
NPL,invalid,3,2025-06-15
CIV,invalid,2,2025-06-15
CXR,invalid,2,2025-06-15
BLZ,invalid,1,2025-06-15
BIH,invalid,3,2025-06-15
ATG,invalid,1,2025-06-15
MOZ,invalid,2,2025-06-15
DZA,invalid,2,2025-06-15
JEY,invalid,1,2025-06-15
SOM,invalid,1,2025-06-15
SLV,invalid,3,2025-06-15
LBN,invalid,1,2025-06-15
LBY,invalid,2,2025-06-15
BLR,invalid,1,2025-06-15
SPM,invalid,1,2025-06-15
MKD,invalid,1,2025-06-15
MDV,invalid,1,2025-06-15
AFG,invalid,1,2025-06-15
BTN,invalid,1,2025-06-15
BMU,invalid,1,2025-06-15
GUY,invalid,1,2025-06-15
BGR,invalid,1,2025-06-15
FSM,invalid,1,2025-06-15
AGO,invalid,1,2025-06-15
USA,quarantine,12415,2025-07-15
NGA,quarantine,10550,2025-07-15
UGA,none,1545,2025-07-15
RUS,invalid,171,2025-07-15
CCK,none,19616,2025-07-15
NGA,reject,1312,2025-07-15
UKR,none,26811,2025-07-15
ESP,reject,41346,2025-07-15
TON,quarantine,548,2025-07-15
MOZ,quarantine,402,2025-07-15
URY,quarantine,2649,2025-07-15
GMB,reject,28,2025-07-15
CHN,none,20179,2025-07-15
LTU,quarantine,3252,2025-07-15
SPM,reject,247,2025-07-15
BOL,reject,629,2025-07-15
NIU,invalid,31,2025-07-15
ITA,none,905190,2025-07-15
KGZ,reject,332,2025-07-15
GGY,quarantine,1062,2025-07-15
HUN,quarantine,14261,2025-07-15
DZA,quarantine,686,2025-07-15
CYM,quarantine,182,2025-07-15
CUB,quarantine,109,2025-07-15
EGY,reject,340,2025-07-15
HTI,none,224,2025-07-15
ZMB,quarantine,191,2025-07-15
HTI,reject,184,2025-07-15
SVK,reject,20070,2025-07-15
NZL,quarantine,12602,2025-07-15
MDA,none,6192,2025-07-15
SPM,none,567,2025-07-15
UZB,reject,1366,2025-07-15
KAZ,none,6431,2025-07-15
SWE,quarantine,19239,2025-07-15
CXR,quarantine,419,2025-07-15
SLE,none,198,2025-07-15
CXR,none,858,2025-07-15
BIH,quarantine,1203,2025-07-15
SSD,reject,10,2025-07-15
YEM,reject,33,2025-07-15
VNM,quarantine,3405,2025-07-15
KAZ,quarantine,5238,2025-07-15
MUS,reject,420,2025-07-15
MWI,quarantine,45,2025-07-15
SLV,none,1065,2025-07-15
IOT,invalid,118,2025-07-15
IRN,none,75120,2025-07-15
ISL,none,9842,2025-07-15
LCA,reject,130,2025-07-15
TKL,quarantine,217,2025-07-15
ETH,quarantine,75,2025-07-15
ETH,reject,72,2025-07-15
SVK,none,52600,2025-07-15
ARE,reject,4004,2025-07-15
TKL,reject,402,2025-07-15
AND,quarantine,292,2025-07-15
PAN,quarantine,286,2025-07-15
RWA,reject,115,2025-07-15
VCT,reject,1124,2025-07-15
BHR,reject,252,2025-07-15
NOR,none,94142,2025-07-15
POL,quarantine,175292,2025-07-15
DZA,none,1545,2025-07-15
DOM,reject,815,2025-07-15
LKA,reject,903,2025-07-15
PAN,none,1141,2025-07-15
MTQ,none,39,2025-07-15
GBR,quarantine,126370,2025-07-15
POL,none,449267,2025-07-15
IDN,quarantine,14743,2025-07-15
REU,none,3666,2025-07-15
FRO,reject,478,2025-07-15
VUT,quarantine,31,2025-07-15
VNM,invalid,23,2025-07-15
USA,reject,45915,2025-07-15
MMR,reject,97,2025-07-15
SPM,quarantine,331,2025-07-15
GRD,quarantine,62,2025-07-15
IDN,none,113494,2025-07-15
KEN,quarantine,13341,2025-07-15
ATG,quarantine,410,2025-07-15
TCD,none,61,2025-07-15
IDN,invalid,28,2025-07-15
STP,reject,387,2025-07-15
TKM,reject,122,2025-07-15
BGD,quarantine,819,2025-07-15
LIE,invalid,6,2025-07-15
MNE,none,52173,2025-07-15
EST,reject,3900,2025-07-15
BOL,quarantine,530,2025-07-15
GGY,none,3251,2025-07-15
ATF,quarantine,148,2025-07-15
GAB,reject,170,2025-07-15
IOT,none,89481,2025-07-15
ISL,reject,2035,2025-07-15
PLW,reject,1284,2025-07-15
SXM,none,163,2025-07-15
PER,none,19542,2025-07-15
JEY,reject,294,2025-07-15
ROU,quarantine,12835,2025-07-15
ECU,reject,1534,2025-07-15
DEU,invalid,712,2025-07-15
ABW,reject,23,2025-07-15
CIV,none,2074,2025-07-15
EGY,quarantine,278,2025-07-15
AUT,reject,30886,2025-07-15
BEL,reject,47069,2025-07-15
ESP,none,218061,2025-07-15
ARM,reject,824,2025-07-15
SWE,invalid,250,2025-07-15
BHS,quarantine,27,2025-07-15
RUS,quarantine,43292,2025-07-15
SYC,none,315,2025-07-15
GRL,reject,503,2025-07-15
BDI,none,493,2025-07-15
BDI,reject,107,2025-07-15
,none,259364,2025-07-15
PLW,quarantine,739,2025-07-15
BDI,quarantine,74,2025-07-15
ASM,reject,388,2025-07-15
MCO,none,460,2025-07-15
THA,reject,1753,2025-07-15
SVN,reject,2642,2025-07-15
CPV,reject,1132,2025-07-15
ROU,invalid,32,2025-07-15
UKR,invalid,40,2025-07-15
RWA,quarantine,155,2025-07-15
FSM,quarantine,346,2025-07-15
CHL,reject,11013,2025-07-15
MLT,reject,528,2025-07-15
TUR,reject,8075,2025-07-15
OMN,reject,405,2025-07-15
ATF,reject,188,2025-07-15
CHE,none,179287,2025-07-15
ARE,none,28125,2025-07-15
LIE,reject,3084,2025-07-15
PRT,reject,9091,2025-07-15
REU,reject,844,2025-07-15
BMU,none,348,2025-07-15
FJI,none,267,2025-07-15
GIB,reject,93,2025-07-15
BRN,reject,56,2025-07-15
GBR,reject,267175,2025-07-15
IND,none,288731,2025-07-15
SGP,none,19946,2025-07-15
AZE,none,5478,2025-07-15
MKD,none,5880,2025-07-15
TZA,quarantine,634,2025-07-15
AGO,quarantine,342,2025-07-15
COD,none,612,2025-07-15
GNQ,none,65,2025-07-15
KWT,quarantine,224,2025-07-15
HMD,quarantine,38,2025-07-15
EGY,none,1057,2025-07-15
SAU,invalid,10,2025-07-15
NOR,quarantine,72829,2025-07-15
IRN,reject,6417,2025-07-15
GRC,invalid,31,2025-07-15
CUW,none,143,2025-07-15
ALB,quarantine,2167,2025-07-15
IRQ,quarantine,110,2025-07-15
SUR,quarantine,100,2025-07-15
ALA,none,466,2025-07-15
ARM,none,4689,2025-07-15
CHE,quarantine,190770,2025-07-15
SAU,reject,1907,2025-07-15
AFG,none,966,2025-07-15
MAC,reject,65,2025-07-15
AIA,none,49998,2025-07-15
SRB,quarantine,2161,2025-07-15
MUS,none,1548,2025-07-15
CHN,reject,16354,2025-07-15
CMR,none,841,2025-07-15
BHR,none,356,2025-07-15
YEM,quarantine,14,2025-07-15
GTM,reject,221,2025-07-15
AUT,none,182403,2025-07-15
BWA,none,1365,2025-07-15
IRL,invalid,27,2025-07-15
VGB,none,146,2025-07-15
DNK,none,68515,2025-07-15
GEO,none,5739,2025-07-15
SYR,none,285,2025-07-15
MKD,quarantine,891,2025-07-15
JOR,reject,173,2025-07-15
ALA,reject,135,2025-07-15
ITA,invalid,232,2025-07-15
DNK,quarantine,19747,2025-07-15
SLV,reject,361,2025-07-15
BRB,reject,45,2025-07-15
MUS,quarantine,330,2025-07-15
MTQ,reject,34,2025-07-15
CYP,quarantine,881,2025-07-15
MOZ,none,1972,2025-07-15
LKA,quarantine,937,2025-07-15
VIR,none,27,2025-07-15
GUY,none,387,2025-07-15
ESP,invalid,119,2025-07-15
DMA,none,38,2025-07-15
MEX,quarantine,12664,2025-07-15
SAU,none,10041,2025-07-15
MAR,quarantine,1476,2025-07-15
MDV,reject,104,2025-07-15
VEN,quarantine,496,2025-07-15
NLD,none,1032560,2025-07-15
DEU,reject,1164364,2025-07-15
MNG,reject,573,2025-07-15
HRV,quarantine,3428,2025-07-15
MCO,quarantine,102,2025-07-15
CAF,reject,130,2025-07-15
SGP,quarantine,4804,2025-07-15
GRD,none,163,2025-07-15
AUT,invalid,56,2025-07-15
MEX,invalid,86,2025-07-15
AUT,quarantine,26931,2025-07-15
AFG,reject,103,2025-07-15
FRA,none,497613,2025-07-15
PAK,reject,1819,2025-07-15
CMR,quarantine,376,2025-07-15
RUS,reject,44149,2025-07-15
UZB,quarantine,1563,2025-07-15
QAT,none,1864,2025-07-15
OMN,none,689,2025-07-15
ATA,reject,6,2025-07-15
PAK,none,21921,2025-07-15
MNE,reject,27217,2025-07-15
AIA,reject,60176,2025-07-15
GUY,reject,291,2025-07-15
VEN,none,2295,2025-07-15
LBY,reject,317,2025-07-15
MRT,quarantine,33,2025-07-15
MYS,invalid,23,2025-07-15
DJI,reject,52,2025-07-15
CMR,reject,387,2025-07-15
SMR,quarantine,29,2025-07-15
SWZ,quarantine,159,2025-07-15
LVA,reject,4392,2025-07-15
NER,quarantine,56,2025-07-15
MNG,none,1219,2025-07-15
COL,quarantine,30757,2025-07-15
LIE,none,3382,2025-07-15
ATG,none,1303,2025-07-15
GRD,reject,75,2025-07-15
NIU,reject,6097,2025-07-15
EST,quarantine,8583,2025-07-15
KWT,none,341,2025-07-15
CUB,reject,293,2025-07-15
TTO,none,205,2025-07-15
PCN,none,18,2025-07-15
SXM,quarantine,44,2025-07-15
ARM,quarantine,719,2025-07-15
TJK,quarantine,64,2025-07-15
EST,invalid,11,2025-07-15
MYS,reject,5486,2025-07-15
GNQ,quarantine,30,2025-07-15
CCK,quarantine,8190,2025-07-15
BLR,quarantine,2220,2025-07-15
SVK,quarantine,7491,2025-07-15
SVN,quarantine,3192,2025-07-15
TON,reject,710,2025-07-15
NPL,reject,1246,2025-07-15
GMB,quarantine,76,2025-07-15
VUT,none,163,2025-07-15
HRV,reject,2728,2025-07-15
FIN,none,51292,2025-07-15
HKG,quarantine,2442,2025-07-15
PRI,reject,232,2025-07-15
MCO,reject,105,2025-07-15
JPN,quarantine,31752,2025-07-15
CYP,none,3034,2025-07-15
KGZ,quarantine,971,2025-07-15
IRQ,none,1595,2025-07-15
CHN,invalid,48,2025-07-15
LUX,none,8178,2025-07-15
IRL,reject,5210,2025-07-15
VCT,quarantine,487,2025-07-15
ATG,reject,711,2025-07-15
GUY,quarantine,164,2025-07-15
QAT,reject,583,2025-07-15
IND,quarantine,31461,2025-07-15
SHN,reject,1114,2025-07-15
SGS,none,196,2025-07-15
PRY,reject,820,2025-07-15
LCA,none,625,2025-07-15
HUN,invalid,71,2025-07-15
REU,quarantine,2179,2025-07-15
SXM,reject,96,2025-07-15
ASM,quarantine,983,2025-07-15
KOR,invalid,46,2025-07-15
KAZ,reject,2398,2025-07-15
BLR,none,7335,2025-07-15
CRI,none,1954,2025-07-15
DNK,invalid,247,2025-07-15
ALA,quarantine,132,2025-07-15
ARG,quarantine,9397,2025-07-15
MWI,reject,144,2025-07-15
TTO,reject,130,2025-07-15
VUT,reject,81,2025-07-15
PRY,invalid,3,2025-07-15
HND,reject,377,2025-07-15
VGB,reject,120,2025-07-15
COG,quarantine,115,2025-07-15
FRO,quarantine,185,2025-07-15
HRV,none,41505,2025-07-15
UKR,reject,5141,2025-07-15
PER,reject,3745,2025-07-15
RWA,none,858,2025-07-15
SRB,reject,2026,2025-07-15
SDN,none,316,2025-07-15
GLP,none,97,2025-07-15
BFA,quarantine,156,2025-07-15
WSM,quarantine,607,2025-07-15
POL,invalid,141,2025-07-15
COK,none,81,2025-07-15
AUS,none,376787,2025-07-15
ATG,invalid,2,2025-07-15
TWN,reject,5825,2025-07-15
GBR,none,744312,2025-07-15
BHR,quarantine,162,2025-07-15
BIH,reject,633,2025-07-15
BRA,none,766177,2025-07-15
MDG,none,910,2025-07-15
ECU,quarantine,1636,2025-07-15
CHN,quarantine,13129,2025-07-15
ISL,quarantine,1716,2025-07-15
VNM,reject,5453,2025-07-15
BRN,quarantine,112,2025-07-15
NCL,quarantine,346,2025-07-15
DOM,quarantine,813,2025-07-15
CYM,none,587,2025-07-15
TGO,reject,84,2025-07-15
BRN,none,97,2025-07-15
PRI,none,114,2025-07-15
KIR,none,20,2025-07-15
ISR,none,34404,2025-07-15
ISR,reject,2721,2025-07-15
BWA,quarantine,346,2025-07-15
NLD,invalid,989,2025-07-15
CHL,invalid,49,2025-07-15
,quarantine,77556,2025-07-15
TLS,none,209,2025-07-15
ATF,none,242,2025-07-15
PRT,none,86021,2025-07-15
ROU,reject,21161,2025-07-15
GIN,none,225,2025-07-15
UKR,quarantine,6596,2025-07-15
TZA,reject,576,2025-07-15
SOM,none,1648,2025-07-15
SLB,none,101,2025-07-15
TCA,none,230,2025-07-15
JEY,quarantine,158,2025-07-15
BFA,reject,30,2025-07-15
HKG,none,14583,2025-07-15
SEN,reject,240,2025-07-15
BLZ,quarantine,422,2025-07-15
JOR,none,464,2025-07-15
SGS,reject,199,2025-07-15
TLS,reject,68,2025-07-15
,invalid,152,2025-07-15
CAN,reject,93139,2025-07-15
NZL,none,75241,2025-07-15
CUW,quarantine,41,2025-07-15
FRA,reject,128047,2025-07-15
TUV,reject,7841,2025-07-15
THA,none,9083,2025-07-15
DNK,reject,98837,2025-07-15
MLT,none,2001,2025-07-15
TUV,none,14333,2025-07-15
MNP,reject,41,2025-07-15
GEO,quarantine,1239,2025-07-15
MRT,reject,45,2025-07-15
JAM,quarantine,118,2025-07-15
IRL,quarantine,4728,2025-07-15
TJK,reject,149,2025-07-15
BWA,reject,227,2025-07-15
MMR,quarantine,221,2025-07-15
SYC,quarantine,59,2025-07-15
VNM,none,14097,2025-07-15
SYC,reject,175,2025-07-15
BEN,quarantine,166,2025-07-15
,reject,142326,2025-07-15
GEO,reject,707,2025-07-15
TCD,reject,57,2025-07-15
BRB,quarantine,56,2025-07-15
NGA,none,31528,2025-07-15
LUX,reject,3579,2025-07-15
VAT,none,78,2025-07-15
TUV,quarantine,2804,2025-07-15
JPN,none,259929,2025-07-15
SVN,none,39529,2025-07-15
SDN,reject,100,2025-07-15
KNA,none,28,2025-07-15
FRA,quarantine,130080,2025-07-15
SRB,none,18421,2025-07-15
LVA,none,10455,2025-07-15
GTM,quarantine,108,2025-07-15
URY,reject,1188,2025-07-15
TKL,none,684,2025-07-15
COL,none,261145,2025-07-15
PER,quarantine,2742,2025-07-15
PHL,none,9058,2025-07-15
GAB,quarantine,428,2025-07-15
MLT,quarantine,489,2025-07-15
MNE,quarantine,16231,2025-07-15
ALB,reject,1265,2025-07-15
MLI,quarantine,149,2025-07-15
MSR,none,471,2025-07-15
VEN,reject,698,2025-07-15
PHL,quarantine,2463,2025-07-15
NCL,reject,196,2025-07-15
NIC,none,295,2025-07-15
BGR,none,10589,2025-07-15
COD,quarantine,124,2025-07-15
HRV,invalid,6,2025-07-15
IOT,reject,39292,2025-07-15
BRA,invalid,778,2025-07-15
KEN,reject,1119,2025-07-15
ALB,none,4215,2025-07-15
JEY,none,667,2025-07-15
MLI,reject,216,2025-07-15
USA,invalid,86,2025-07-15
TCA,reject,109,2025-07-15
TJK,none,303,2025-07-15
ASM,none,1079,2025-07-15
GMB,none,150,2025-07-15
FSM,reject,483,2025-07-15
COG,none,212,2025-07-15
SWZ,reject,16,2025-07-15
MDA,quarantine,1181,2025-07-15
ZWE,none,5984,2025-07-15
MYT,reject,115,2025-07-15
GHA,none,474,2025-07-15
MSR,quarantine,166,2025-07-15
UZB,none,12339,2025-07-15
LTU,none,30464,2025-07-15
MLI,none,544,2025-07-15
TWN,invalid,46,2025-07-15
KGZ,none,1344,2025-07-15
SYR,quarantine,176,2025-07-15
CHL,none,123487,2025-07-15
LKA,none,9159,2025-07-15
SWE,reject,40559,2025-07-15
MDA,reject,803,2025-07-15
SHN,quarantine,1072,2025-07-15
GNB,none,100,2025-07-15
IRQ,reject,270,2025-07-15
BGD,reject,522,2025-07-15
STP,none,789,2025-07-15
HND,quarantine,202,2025-07-15
AND,reject,128,2025-07-15
TKM,none,53,2025-07-15
ARE,invalid,13,2025-07-15
AUS,reject,114165,2025-07-15
MOZ,reject,323,2025-07-15
TUN,quarantine,1004,2025-07-15
LIE,quarantine,2760,2025-07-15
AZE,quarantine,1357,2025-07-15
CXR,reject,419,2025-07-15
NRU,none,8,2025-07-15
MKD,reject,661,2025-07-15
CAN,quarantine,37479,2025-07-15
AUS,quarantine,71794,2025-07-15
BTN,none,50,2025-07-15
MOZ,invalid,2,2025-07-15
DEU,quarantine,259490,2025-07-15
GRL,none,486,2025-07-15
AZE,reject,1491,2025-07-15
TWN,none,22251,2025-07-15
LAO,reject,1072,2025-07-15
PER,invalid,24,2025-07-15
NZL,reject,17881,2025-07-15
TTO,quarantine,72,2025-07-15
MAC,quarantine,71,2025-07-15
VCT,none,2035,2025-07-15
FSM,none,1394,2025-07-15
MDV,quarantine,376,2025-07-15
CYM,reject,495,2025-07-15
CPV,none,1670,2025-07-15
BLZ,reject,651,2025-07-15
BLZ,none,1620,2025-07-15
SEN,quarantine,381,2025-07-15
PNG,none,594,2025-07-15
NRU,reject,29,2025-07-15
NLD,quarantine,303819,2025-07-15
PRT,quarantine,10729,2025-07-15
PHL,reject,3855,2025-07-15
KHM,quarantine,109,2025-07-15
LBN,quarantine,116,2025-07-15
JPN,invalid,43,2025-07-15
GIN,quarantine,18,2025-07-15
BRA,reject,62445,2025-07-15
FJI,quarantine,95,2025-07-15
MNE,invalid,61,2025-07-15
FIN,invalid,51,2025-07-15
BEN,reject,59,2025-07-15
COM,none,22,2025-07-15
NIC,reject,304,2025-07-15
BRA,quarantine,63713,2025-07-15
AIA,quarantine,9928,2025-07-15
TUR,quarantine,45762,2025-07-15
BOL,none,1765,2025-07-15
PSE,reject,399,2025-07-15
LCA,quarantine,50,2025-07-15
CZE,reject,17458,2025-07-15
CAF,none,241,2025-07-15
LBN,none,350,2025-07-15
AFG,quarantine,90,2025-07-15
CYP,reject,777,2025-07-15
BGR,quarantine,1780,2025-07-15
TGO,none,387,2025-07-15
TKM,quarantine,228,2025-07-15
ARM,invalid,21,2025-07-15
HUN,none,151780,2025-07-15
LAO,none,2049,2025-07-15
LBY,none,2617,2025-07-15
MDV,none,859,2025-07-15
SGS,quarantine,71,2025-07-15
SUR,reject,101,2025-07-15
GRL,quarantine,132,2025-07-15
LSO,none,276,2025-07-15
DEU,none,969053,2025-07-15
PRY,none,7422,2025-07-15
TON,none,1874,2025-07-15
OMN,quarantine,162,2025-07-15
ZAF,reject,35160,2025-07-15
MYS,quarantine,10351,2025-07-15
BIH,none,8714,2025-07-15
AGO,reject,487,2025-07-15
COD,reject,144,2025-07-15
DJI,none,219,2025-07-15
WSM,reject,1295,2025-07-15
ISR,quarantine,4336,2025-07-15
NIU,quarantine,5742,2025-07-15
URY,none,10355,2025-07-15
CIV,reject,210,2025-07-15
GRC,none,87006,2025-07-15
NPL,quarantine,1415,2025-07-15
MDG,quarantine,272,2025-07-15
BFA,none,246,2025-07-15
HMD,reject,11,2025-07-15
FRA,invalid,529,2025-07-15
SOM,reject,334,2025-07-15
TGO,quarantine,146,2025-07-15
SLE,quarantine,41,2025-07-15
CHL,quarantine,7541,2025-07-15
NPL,none,8843,2025-07-15
AND,none,471,2025-07-15
TCA,quarantine,87,2025-07-15
SVK,invalid,13,2025-07-15
WSM,none,2745,2025-07-15
YEM,none,45,2025-07-15
PYF,reject,124,2025-07-15
NLD,reject,533925,2025-07-15
MYS,none,29219,2025-07-15
KOR,reject,3434,2025-07-15
BRB,none,79,2025-07-15
KWT,reject,215,2025-07-15
CHE,invalid,122,2025-07-15
PNG,reject,55,2025-07-15
ARG,none,99194,2025-07-15
LUX,invalid,10,2025-07-15
TWN,quarantine,4784,2025-07-15
NCL,none,902,2025-07-15
SAU,quarantine,1676,2025-07-15
PNG,quarantine,162,2025-07-15
STP,quarantine,359,2025-07-15
ZMB,none,649,2025-07-15
VIR,reject,38,2025-07-15
ZAF,none,187544,2025-07-15
BLR,reject,2593,2025-07-15
MSR,reject,422,2025-07-15
IDN,reject,13006,2025-07-15
BMU,reject,232,2025-07-15
KOR,quarantine,1455,2025-07-15
CUB,none,78,2025-07-15
ZAF,quarantine,34430,2025-07-15
UGA,reject,293,2025-07-15
NIC,quarantine,189,2025-07-15
ROU,none,142217,2025-07-15
SGP,reject,5854,2025-07-15
ARG,reject,6423,2025-07-15
PYF,quarantine,84,2025-07-15
WLF,none,139,2025-07-15
SMR,none,149,2025-07-15
PRY,quarantine,1422,2025-07-15
IND,invalid,130,2025-07-15
UZB,invalid,2,2025-07-15
JOR,quarantine,588,2025-07-15
KHM,none,471,2025-07-15
BMU,quarantine,144,2025-07-15
ARG,invalid,57,2025-07-15
GRC,quarantine,36099,2025-07-15
MAR,reject,1318,2025-07-15
TCD,quarantine,18,2025-07-15
COL,reject,157522,2025-07-15
LVA,quarantine,3027,2025-07-15
TUN,reject,367,2025-07-15
CAN,invalid,251,2025-07-15
FIN,reject,9488,2025-07-15
NER,none,63,2025-07-15
LSO,quarantine,63,2025-07-15
AGO,none,5140,2025-07-15
THA,quarantine,5412,2025-07-15
LUX,quarantine,4431,2025-07-15
DJI,quarantine,43,2025-07-15
MNP,quarantine,23,2025-07-15
BGD,none,4966,2025-07-15
BEN,none,516,2025-07-15
MYT,quarantine,220,2025-07-15
NFK,reject,28,2025-07-15
HUN,reject,7825,2025-07-15
GGY,reject,1621,2025-07-15
LBN,reject,100,2025-07-15
GAB,none,204,2025-07-15
MMR,none,249,2025-07-15
UGA,quarantine,358,2025-07-15
SYR,reject,61,2025-07-15
FIN,quarantine,11478,2025-07-15
SEN,none,907,2025-07-15
WLF,quarantine,57,2025-07-15
PYF,none,228,2025-07-15
JPN,reject,16718,2025-07-15
MNG,quarantine,786,2025-07-15
GTM,none,720,2025-07-15
MRT,none,247,2025-07-15
MWI,none,215,2025-07-15
JAM,reject,96,2025-07-15
KNA,reject,22,2025-07-15
HKG,reject,3969,2025-07-15
JAM,none,130,2025-07-15
PSE,quarantine,299,2025-07-15
NFK,none,18,2025-07-15
SHN,none,1838,2025-07-15
PAK,quarantine,2369,2025-07-15
HND,none,562,2025-07-15
GBR,invalid,763,2025-07-15
KHM,reject,177,2025-07-15
SDN,quarantine,68,2025-07-15
SWZ,none,133,2025-07-15
EST,none,30065,2025-07-15
TUN,none,2961,2025-07-15
NZL,invalid,64,2025-07-15
CRI,reject,748,2025-07-15
SLB,quarantine,26,2025-07-15
CCK,invalid,26,2025-07-15
NAM,none,40,2025-07-15
PLW,none,2384,2025-07-15
SLB,reject,53,2025-07-15
WLF,reject,92,2025-07-15
ITA,quarantine,38381,2025-07-15
PAN,reject,565,2025-07-15
QAT,quarantine,414,2025-07-15
VGB,quarantine,74,2025-07-15
TUV,invalid,13,2025-07-15
ARE,quarantine,3777,2025-07-15
GIB,none,303,2025-07-15
CAF,quarantine,69,2025-07-15
GNQ,reject,49,2025-07-15
LSO,reject,51,2025-07-15
CZE,invalid,67,2025-07-15
BEL,none,190810,2025-07-15
ECU,none,7613,2025-07-15
ZMB,reject,144,2025-07-15
BGR,reject,1889,2025-07-15
PSE,none,1054,2025-07-15
POL,reject,243532,2025-07-15
MEX,none,117200,2025-07-15
GHA,reject,106,2025-07-15
BTN,quarantine,31,2025-07-15
COL,invalid,205,2025-07-15
TUR,none,94566,2025-07-15
SLE,reject,55,2025-07-15
TUR,invalid,89,2025-07-15
RUS,none,186492,2025-07-15
CAN,none,265975,2025-07-15
IMN,none,4806,2025-07-15
IMN,quarantine,1687,2025-07-15
AUS,invalid,463,2025-07-15
ZAF,invalid,62,2025-07-15
NOR,invalid,109,2025-07-15
IOT,quarantine,23441,2025-07-15
BHS,none,54,2025-07-15
LAO,quarantine,491,2025-07-15
FRO,none,489,2025-07-15
IMN,reject,892,2025-07-15
ABW,none,70,2025-07-15
MEX,reject,26709,2025-07-15
SWE,none,82922,2025-07-15
NOR,reject,16741,2025-07-15
NIU,none,14764,2025-07-15
KEN,none,17773,2025-07-15
DZA,reject,549,2025-07-15
USA,none,88152,2025-07-15
IRL,none,32679,2025-07-15
CRI,quarantine,766,2025-07-15
ESP,quarantine,85034,2025-07-15
ETH,none,2368,2025-07-15
GLP,reject,76,2025-07-15
BTN,reject,243,2025-07-15
SLV,quarantine,306,2025-07-15
CPV,quarantine,110,2025-07-15
GLP,quarantine,30,2025-07-15
CHE,reject,214156,2025-07-15
IRN,quarantine,12773,2025-07-15
MAR,none,15364,2025-07-15
CIV,quarantine,681,2025-07-15
ZWE,reject,347,2025-07-15
LBY,quarantine,545,2025-07-15
CZE,none,138737,2025-07-15
SUR,none,355,2025-07-15
LTU,reject,3050,2025-07-15
CZE,quarantine,29833,2025-07-15
ITA,reject,32211,2025-07-15
MDG,reject,185,2025-07-15
COG,reject,57,2025-07-15
NAM,quarantine,27,2025-07-15
CCK,reject,23630,2025-07-15
IND,reject,145478,2025-07-15
TZA,none,7447,2025-07-15
ZWE,quarantine,345,2025-07-15
MAC,none,300,2025-07-15
GHA,quarantine,150,2025-07-15
SOM,quarantine,242,2025-07-15
BEL,quarantine,54344,2025-07-15
DOM,none,3280,2025-07-15
GRC,reject,9850,2025-07-15
MYT,none,363,2025-07-15
BHS,reject,107,2025-07-15
KOR,none,8828,2025-07-15
BEL,invalid,345,2025-07-15
NFK,quarantine,4,2025-07-15
HKG,invalid,11,2025-07-15
SGP,invalid,13,2025-07-15
CUW,reject,26,2025-07-15
PRI,quarantine,46,2025-07-15
IRN,invalid,10,2025-07-15
COK,reject,19,2025-07-15
GIB,quarantine,65,2025-07-15
PCN,quarantine,4,2025-07-15
GGY,invalid,2,2025-07-15
GUF,none,26,2025-07-15
SSD,none,50,2025-07-15
HMD,none,14,2025-07-15
AIA,invalid,46,2025-07-15
ISR,invalid,21,2025-07-15
KIR,reject,29,2025-07-15
REU,invalid,4,2025-07-15
FLK,reject,46,2025-07-15
SVN,invalid,13,2025-07-15
ABW,quarantine,22,2025-07-15
DMA,reject,24,2025-07-15
FLK,none,10,2025-07-15
SRB,invalid,2,2025-07-15
ECU,invalid,5,2025-07-15
SMR,reject,38,2025-07-15
LBR,quarantine,3,2025-07-15
HTI,quarantine,24,2025-07-15
GUF,reject,31,2025-07-15
LTU,invalid,17,2025-07-15
KNA,quarantine,7,2025-07-15
MNP,none,47,2025-07-15
NAM,reject,24,2025-07-15
SSD,quarantine,14,2025-07-15
FJI,reject,113,2025-07-15
CRI,invalid,5,2025-07-15
PCN,reject,28,2025-07-15
MTQ,quarantine,16,2025-07-15
PRT,invalid,50,2025-07-15
COM,quarantine,4,2025-07-15
CYM,invalid,1,2025-07-15
TLS,quarantine,43,2025-07-15
PAK,invalid,5,2025-07-15
GNB,reject,6,2025-07-15
GUF,quarantine,8,2025-07-15
PHL,invalid,4,2025-07-15
GTM,invalid,2,2025-07-15
NGA,invalid,5,2025-07-15
PAN,invalid,3,2025-07-15
AZE,invalid,7,2025-07-15
PCN,invalid,4,2025-07-15
TON,invalid,3,2025-07-15
DOM,invalid,6,2025-07-15
GUM,reject,4,2025-07-15
SLE,invalid,1,2025-07-15
COM,reject,6,2025-07-15
ASM,invalid,3,2025-07-15
KEN,invalid,11,2025-07-15
KAZ,invalid,13,2025-07-15
NER,reject,20,2025-07-15
MKD,invalid,1,2025-07-15
GHA,invalid,5,2025-07-15
VIR,quarantine,9,2025-07-15
MDV,invalid,1,2025-07-15
LBR,none,60,2025-07-15
TUN,invalid,5,2025-07-15
EGY,invalid,3,2025-07-15
BGR,invalid,1,2025-07-15
FSM,invalid,1,2025-07-15
AGO,invalid,1,2025-07-15
URY,invalid,8,2025-07-15
COK,quarantine,4,2025-07-15
MAR,invalid,5,2025-07-15
ISL,invalid,5,2025-07-15
GNB,quarantine,9,2025-07-15
DMA,quarantine,10,2025-07-15
THA,invalid,3,2025-07-15
LBR,reject,5,2025-07-15
MDA,invalid,4,2025-07-15
HTI,invalid,2,2025-07-15
IMN,invalid,2,2025-07-15
LKA,invalid,1,2025-07-15
QAT,invalid,2,2025-07-15
CYP,invalid,3,2025-07-15
CXR,invalid,2,2025-07-15
KIR,quarantine,8,2025-07-15
NRU,quarantine,2,2025-07-15
SLV,invalid,3,2025-07-15
SHN,invalid,4,2025-07-15
FJI,invalid,1,2025-07-15
GUM,none,2,2025-07-15
GEO,invalid,2,2025-07-15
LBY,invalid,2,2025-07-15
CIV,invalid,2,2025-07-15
BMU,invalid,1,2025-07-15
LAO,invalid,4,2025-07-15
GUY,invalid,1,2025-07-15
MLT,invalid,2,2025-07-15
HND,invalid,1,2025-07-15
NPL,invalid,3,2025-07-15
BLZ,invalid,1,2025-07-15
BIH,invalid,3,2025-07-15
ATA,none,7,2025-07-15
LCA,invalid,1,2025-07-15
BEN,invalid,1,2025-07-15
BOL,invalid,3,2025-07-15
SGS,invalid,1,2025-07-15
GIN,reject,2,2025-07-15
NER,invalid,1,2025-07-15
MMR,invalid,2,2025-07-15
WSM,invalid,2,2025-07-15
VEN,invalid,1,2025-07-15
LVA,invalid,3,2025-07-15
MNG,invalid,2,2025-07-15
GUM,quarantine,1,2025-07-15
VUT,invalid,1,2025-07-15
PLW,invalid,4,2025-07-15
VCT,invalid,4,2025-07-15
RWA,invalid,1,2025-07-15
ALB,invalid,2,2025-07-15
TKL,invalid,1,2025-07-15
VAT,quarantine,1,2025-07-15
DZA,invalid,2,2025-07-15
JEY,invalid,1,2025-07-15
SOM,invalid,1,2025-07-15
BGD,invalid,1,2025-07-15
AFG,invalid,1,2025-07-15
GRL,invalid,1,2025-07-15
LBN,invalid,1,2025-07-15
BLR,invalid,1,2025-07-15
USA,quarantine,15985,2025-08-15
NGA,quarantine,10750,2025-08-15
UGA,none,1643,2025-08-15
RUS,invalid,172,2025-08-15
CCK,none,20294,2025-08-15
NGA,reject,1378,2025-08-15
UKR,none,27457,2025-08-15
ESP,reject,42706,2025-08-15
TON,quarantine,566,2025-08-15
MOZ,quarantine,429,2025-08-15
QAT,invalid,2,2025-08-15
GMB,reject,28,2025-08-15
URY,quarantine,2656,2025-08-15
CHN,none,20284,2025-08-15
BOL,reject,662,2025-08-15
LTU,quarantine,3352,2025-08-15
SPM,reject,256,2025-08-15
CYP,invalid,3,2025-08-15
ITA,none,919637,2025-08-15
GGY,quarantine,1201,2025-08-15
KGZ,reject,345,2025-08-15
HUN,quarantine,14622,2025-08-15
HTI,none,223,2025-08-15
EGY,reject,345,2025-08-15
DZA,quarantine,669,2025-08-15
ZMB,quarantine,192,2025-08-15
CUB,quarantine,123,2025-08-15
HTI,reject,186,2025-08-15
CYM,quarantine,234,2025-08-15
SVK,reject,20366,2025-08-15
MDA,none,6332,2025-08-15
NZL,quarantine,13420,2025-08-15
SPM,none,576,2025-08-15
SWE,quarantine,19756,2025-08-15
KAZ,none,6469,2025-08-15
UZB,reject,1412,2025-08-15
CXR,quarantine,432,2025-08-15
SLE,none,203,2025-08-15
CXR,none,882,2025-08-15
BIH,quarantine,1214,2025-08-15
YEM,reject,36,2025-08-15
KAZ,quarantine,5325,2025-08-15
VNM,quarantine,3583,2025-08-15
MUS,reject,436,2025-08-15
SLV,none,1137,2025-08-15
IOT,invalid,116,2025-08-15
IRN,none,81048,2025-08-15
ISL,none,9987,2025-08-15
TKL,quarantine,220,2025-08-15
LCA,reject,121,2025-08-15
ETH,reject,67,2025-08-15
ETH,quarantine,67,2025-08-15
ARE,reject,4218,2025-08-15
SVK,none,52937,2025-08-15
AND,quarantine,314,2025-08-15
PAN,quarantine,298,2025-08-15
TKL,reject,402,2025-08-15
RWA,reject,122,2025-08-15
VCT,reject,1328,2025-08-15
BHR,reject,260,2025-08-15
POL,quarantine,177193,2025-08-15
NOR,none,95775,2025-08-15
DZA,none,1765,2025-08-15
DOM,reject,838,2025-08-15
LKA,reject,935,2025-08-15
PAN,none,1181,2025-08-15
MTQ,none,41,2025-08-15
POL,none,453173,2025-08-15
GBR,quarantine,149523,2025-08-15
REU,none,3741,2025-08-15
IDN,quarantine,15421,2025-08-15
FRO,reject,488,2025-08-15
VUT,quarantine,91,2025-08-15
USA,reject,48783,2025-08-15
MMR,reject,101,2025-08-15
SPM,quarantine,344,2025-08-15
GRD,quarantine,63,2025-08-15
IDN,none,121312,2025-08-15
KEN,quarantine,13858,2025-08-15
ATG,quarantine,452,2025-08-15
TCD,none,72,2025-08-15
IDN,invalid,31,2025-08-15
BGD,quarantine,856,2025-08-15
TKM,reject,121,2025-08-15
STP,reject,398,2025-08-15
MNE,none,53582,2025-08-15
EST,reject,3969,2025-08-15
GGY,none,3348,2025-08-15
BOL,quarantine,549,2025-08-15
ATF,quarantine,145,2025-08-15
GAB,reject,170,2025-08-15
PRT,invalid,52,2025-08-15
IOT,none,92344,2025-08-15
SXM,none,164,2025-08-15
PLW,reject,1327,2025-08-15
ISL,reject,2102,2025-08-15
ROU,quarantine,13035,2025-08-15
ECU,reject,1586,2025-08-15
PER,none,21064,2025-08-15
DEU,invalid,715,2025-08-15
JEY,reject,303,2025-08-15
ABW,reject,23,2025-08-15
CIV,none,2172,2025-08-15
EGY,quarantine,286,2025-08-15
ARM,reject,852,2025-08-15
BEL,reject,48527,2025-08-15
ESP,none,222700,2025-08-15
AUT,reject,31915,2025-08-15
SWE,invalid,253,2025-08-15
RUS,quarantine,44124,2025-08-15
BDI,none,510,2025-08-15
SYC,none,311,2025-08-15
GRL,reject,515,2025-08-15
BDI,reject,111,2025-08-15
,none,264853,2025-08-15
BDI,quarantine,83,2025-08-15
PLW,quarantine,829,2025-08-15
MCO,none,470,2025-08-15
ASM,reject,389,2025-08-15
SVN,reject,2687,2025-08-15
UKR,invalid,39,2025-08-15
THA,reject,1794,2025-08-15
CPV,reject,170,2025-08-15
CUW,reject,30,2025-08-15
ROU,invalid,30,2025-08-15
PRI,quarantine,46,2025-08-15
RWA,quarantine,161,2025-08-15
CHL,reject,11381,2025-08-15
MLT,reject,540,2025-08-15
FSM,quarantine,370,2025-08-15
TUR,reject,8287,2025-08-15
OMN,reject,412,2025-08-15
ATF,reject,200,2025-08-15
CHE,none,180232,2025-08-15
ARE,none,30069,2025-08-15
PRT,reject,9222,2025-08-15
LIE,reject,3164,2025-08-15
REU,reject,879,2025-08-15
COK,reject,19,2025-08-15
BMU,none,350,2025-08-15
BRN,reject,57,2025-08-15
FJI,none,281,2025-08-15
GIB,reject,92,2025-08-15
IND,none,297288,2025-08-15
GBR,reject,289189,2025-08-15
MKD,none,5965,2025-08-15
AZE,none,5717,2025-08-15
SGP,none,20447,2025-08-15
TZA,quarantine,809,2025-08-15
COD,none,667,2025-08-15
AGO,quarantine,345,2025-08-15
GNQ,none,68,2025-08-15
HMD,quarantine,39,2025-08-15
KWT,quarantine,229,2025-08-15
EGY,none,1097,2025-08-15
SAU,invalid,11,2025-08-15
NOR,quarantine,73107,2025-08-15
IRN,reject,6714,2025-08-15
CUW,none,141,2025-08-15
GRC,invalid,28,2025-08-15
ALB,quarantine,2222,2025-08-15
ALA,none,473,2025-08-15
SUR,quarantine,102,2025-08-15
IRQ,quarantine,121,2025-08-15
ARM,none,4816,2025-08-15
CHE,quarantine,193677,2025-08-15
AFG,none,998,2025-08-15
SAU,reject,2013,2025-08-15
MAC,reject,65,2025-08-15
AIA,none,53918,2025-08-15
MUS,none,1604,2025-08-15
SRB,quarantine,2233,2025-08-15
GTM,reject,223,2025-08-15
CHN,reject,16831,2025-08-15
CMR,none,874,2025-08-15
BHR,none,366,2025-08-15
YEM,quarantine,16,2025-08-15
AUT,none,184217,2025-08-15
BWA,none,1422,2025-08-15
VGB,none,145,2025-08-15
IRL,invalid,27,2025-08-15
DNK,none,69337,2025-08-15
GEO,none,5987,2025-08-15
JOR,reject,177,2025-08-15
SYR,none,306,2025-08-15
MKD,quarantine,907,2025-08-15
ALA,reject,138,2025-08-15
DNK,quarantine,20132,2025-08-15
MUS,quarantine,349,2025-08-15
BRB,reject,44,2025-08-15
SLV,reject,370,2025-08-15
MTQ,reject,34,2025-08-15
ITA,invalid,225,2025-08-15
MOZ,none,2089,2025-08-15
LKA,quarantine,971,2025-08-15
CYP,quarantine,902,2025-08-15
ESP,invalid,127,2025-08-15
GUY,none,408,2025-08-15
VIR,none,27,2025-08-15
DMA,none,39,2025-08-15
SAU,none,10694,2025-08-15
MEX,quarantine,15336,2025-08-15
MDV,reject,102,2025-08-15
MAR,quarantine,1504,2025-08-15
VEN,quarantine,508,2025-08-15
GIB,quarantine,66,2025-08-15
DEU,reject,1176042,2025-08-15
NLD,none,1032678,2025-08-15
MNG,reject,592,2025-08-15
HRV,quarantine,3500,2025-08-15
MCO,quarantine,107,2025-08-15
CAF,reject,129,2025-08-15
SGP,quarantine,5061,2025-08-15
GRD,none,169,2025-08-15
MEX,invalid,89,2025-08-15
AUT,invalid,58,2025-08-15
TLS,quarantine,42,2025-08-15
AUT,quarantine,27719,2025-08-15
AFG,reject,108,2025-08-15
FRA,none,503263,2025-08-15
PAK,reject,1880,2025-08-15
CMR,quarantine,410,2025-08-15
RUS,reject,45303,2025-08-15
UZB,quarantine,1604,2025-08-15
QAT,none,1910,2025-08-15
OMN,none,722,2025-08-15
PAK,none,23529,2025-08-15
AIA,reject,71974,2025-08-15
MNE,reject,28647,2025-08-15
VEN,none,2554,2025-08-15
GUY,reject,339,2025-08-15
GUF,none,26,2025-08-15
PAK,invalid,5,2025-08-15
MYS,invalid,22,2025-08-15
LBY,reject,321,2025-08-15
MRT,quarantine,35,2025-08-15
DJI,reject,53,2025-08-15
CMR,reject,398,2025-08-15
SMR,quarantine,27,2025-08-15
SWZ,quarantine,161,2025-08-15
LVA,reject,4473,2025-08-15
NER,quarantine,58,2025-08-15
COL,quarantine,39013,2025-08-15
MNG,none,1223,2025-08-15
LIE,none,3388,2025-08-15
ATG,none,1307,2025-08-15
GRD,reject,80,2025-08-15
EST,quarantine,8732,2025-08-15
NIU,reject,6153,2025-08-15
CUB,reject,293,2025-08-15
TTO,none,209,2025-08-15
KWT,none,344,2025-08-15
SXM,quarantine,48,2025-08-15
ARM,quarantine,771,2025-08-15
TJK,quarantine,68,2025-08-15
MYS,reject,5641,2025-08-15
GNQ,quarantine,30,2025-08-15
CCK,quarantine,11907,2025-08-15
SVK,quarantine,7572,2025-08-15
SVN,quarantine,3290,2025-08-15
TON,reject,722,2025-08-15
GMB,quarantine,80,2025-08-15
NPL,reject,1276,2025-08-15
BLR,quarantine,2292,2025-08-15
VUT,none,168,2025-08-15
FIN,none,52036,2025-08-15
HKG,quarantine,2543,2025-08-15
HRV,reject,2781,2025-08-15
PRI,reject,236,2025-08-15
MCO,reject,106,2025-08-15
JPN,quarantine,32658,2025-08-15
KGZ,quarantine,1060,2025-08-15
CYP,none,3147,2025-08-15
IRQ,none,1689,2025-08-15
LUX,none,8255,2025-08-15
IRL,reject,5371,2025-08-15
ATG,reject,751,2025-08-15
VCT,quarantine,784,2025-08-15
IND,quarantine,51069,2025-08-15
QAT,reject,601,2025-08-15
SHN,reject,1148,2025-08-15
SGS,none,200,2025-08-15
PRY,reject,831,2025-08-15
LCA,none,623,2025-08-15
HUN,invalid,71,2025-08-15
REU,quarantine,2236,2025-08-15
ASM,quarantine,984,2025-08-15
SXM,reject,97,2025-08-15
KOR,invalid,48,2025-08-15
KAZ,reject,2483,2025-08-15
BLR,none,7451,2025-08-15
CRI,none,1992,2025-08-15
DNK,invalid,245,2025-08-15
ALA,quarantine,133,2025-08-15
CXR,invalid,2,2025-08-15
ARG,quarantine,9723,2025-08-15
MWI,reject,136,2025-08-15
TTO,reject,131,2025-08-15
VUT,reject,110,2025-08-15
COG,quarantine,111,2025-08-15
HND,reject,393,2025-08-15
FRO,quarantine,194,2025-08-15
VGB,reject,121,2025-08-15
KAZ,invalid,16,2025-08-15
HRV,none,41968,2025-08-15
PER,reject,3986,2025-08-15
UKR,reject,5237,2025-08-15
RWA,none,1020,2025-08-15
SRB,reject,2074,2025-08-15
SSD,none,55,2025-08-15
WSM,quarantine,731,2025-08-15
BFA,quarantine,158,2025-08-15
COK,none,82,2025-08-15
SDN,none,329,2025-08-15
GLP,none,98,2025-08-15
POL,invalid,136,2025-08-15
AUS,none,386217,2025-08-15
GBR,none,759644,2025-08-15
TWN,reject,6270,2025-08-15
BHR,quarantine,174,2025-08-15
BIH,reject,646,2025-08-15
AIA,invalid,44,2025-08-15
BRA,none,779006,2025-08-15
MDG,none,962,2025-08-15
ECU,quarantine,1731,2025-08-15
VNM,reject,5539,2025-08-15
CHN,quarantine,13807,2025-08-15
ISL,quarantine,1792,2025-08-15
CYM,none,591,2025-08-15
DOM,quarantine,843,2025-08-15
NCL,quarantine,359,2025-08-15
BRN,quarantine,114,2025-08-15
PRI,none,115,2025-08-15
BRN,none,98,2025-08-15
ISR,reject,2836,2025-08-15
ISR,none,35488,2025-08-15
NLD,invalid,996,2025-08-15
CHL,invalid,701,2025-08-15
BWA,quarantine,334,2025-08-15
,quarantine,79485,2025-08-15
TLS,none,218,2025-08-15
ATF,none,252,2025-08-15
PRT,none,87583,2025-08-15
ROU,reject,21337,2025-08-15
UKR,quarantine,6677,2025-08-15
TZA,reject,600,2025-08-15
SOM,none,1746,2025-08-15
GIN,none,232,2025-08-15
JEY,quarantine,164,2025-08-15
TCA,none,230,2025-08-15
SLB,none,102,2025-08-15
HKG,none,14805,2025-08-15
JOR,none,475,2025-08-15
BLZ,quarantine,445,2025-08-15
SEN,reject,254,2025-08-15
SGS,reject,208,2025-08-15
TLS,reject,71,2025-08-15
,invalid,152,2025-08-15
CAN,reject,101674,2025-08-15
NZL,none,76177,2025-08-15
CUW,quarantine,45,2025-08-15
FRA,reject,132196,2025-08-15
TUV,reject,8033,2025-08-15
THA,none,9225,2025-08-15
TUV,none,14575,2025-08-15
DNK,reject,99504,2025-08-15
GEO,quarantine,1280,2025-08-15
MLT,none,2048,2025-08-15
MRT,reject,48,2025-08-15
MNP,reject,41,2025-08-15
JAM,quarantine,119,2025-08-15
BWA,reject,239,2025-08-15
IRL,quarantine,4878,2025-08-15
TJK,reject,156,2025-08-15
MMR,quarantine,221,2025-08-15
SYC,quarantine,65,2025-08-15
VNM,none,14426,2025-08-15
SYC,reject,182,2025-08-15
BEN,quarantine,173,2025-08-15
,reject,145256,2025-08-15
GEO,reject,717,2025-08-15
TCD,reject,59,2025-08-15
BRB,quarantine,56,2025-08-15
NGA,none,33506,2025-08-15
LUX,reject,3672,2025-08-15
VAT,none,69,2025-08-15
TUV,quarantine,3384,2025-08-15
JPN,none,263051,2025-08-15
SVN,none,40110,2025-08-15
SDN,reject,99,2025-08-15
KNA,none,29,2025-08-15
FRA,quarantine,132004,2025-08-15
SRB,none,19198,2025-08-15
LVA,none,10699,2025-08-15
GTM,quarantine,115,2025-08-15
TKL,none,684,2025-08-15
URY,reject,1207,2025-08-15
COL,none,273279,2025-08-15
KIR,quarantine,8,2025-08-15
PER,quarantine,2966,2025-08-15
PHL,none,9309,2025-08-15
GAB,quarantine,468,2025-08-15
ISR,invalid,24,2025-08-15
URY,invalid,8,2025-08-15
MLT,quarantine,499,2025-08-15
MNE,quarantine,18943,2025-08-15
ALB,reject,1283,2025-08-15
MSR,none,483,2025-08-15
MLI,quarantine,142,2025-08-15
PHL,quarantine,2625,2025-08-15
NIC,none,301,2025-08-15
VEN,reject,707,2025-08-15
NCL,reject,208,2025-08-15
BGR,none,11338,2025-08-15
COD,quarantine,128,2025-08-15
IOT,reject,42473,2025-08-15
BRA,invalid,816,2025-08-15
USA,invalid,88,2025-08-15
KEN,reject,1159,2025-08-15
ALB,none,4383,2025-08-15
JEY,none,666,2025-08-15
MLI,reject,221,2025-08-15
GMB,none,152,2025-08-15
ASM,none,1092,2025-08-15
TJK,none,316,2025-08-15
REU,invalid,3,2025-08-15
FSM,reject,515,2025-08-15
COG,none,229,2025-08-15
MYT,reject,123,2025-08-15
ZWE,none,6399,2025-08-15
MDA,quarantine,1248,2025-08-15
FLK,reject,48,2025-08-15
GHA,none,509,2025-08-15
MSR,quarantine,178,2025-08-15
LTU,none,31265,2025-08-15
UZB,none,13210,2025-08-15
MLI,none,477,2025-08-15
NRU,quarantine,2,2025-08-15
TWN,invalid,47,2025-08-15
KGZ,none,1404,2025-08-15
SYR,quarantine,244,2025-08-15
CHL,none,128561,2025-08-15
LKA,none,9817,2025-08-15
SWE,reject,41267,2025-08-15
MDA,reject,824,2025-08-15
SHN,quarantine,1145,2025-08-15
IRQ,reject,298,2025-08-15
GNB,none,102,2025-08-15
BGD,reject,531,2025-08-15
STP,none,809,2025-08-15
AND,reject,130,2025-08-15
HND,quarantine,207,2025-08-15
TKM,none,53,2025-08-15
AUS,reject,126780,2025-08-15
TUN,quarantine,1121,2025-08-15
MOZ,reject,347,2025-08-15
LIE,quarantine,2831,2025-08-15
CXR,reject,434,2025-08-15
AZE,quarantine,1406,2025-08-15
MKD,reject,673,2025-08-15
CAN,quarantine,45540,2025-08-15
AUS,quarantine,81544,2025-08-15
BTN,none,51,2025-08-15
DEU,quarantine,261356,2025-08-15
AZE,reject,1410,2025-08-15
GRL,none,484,2025-08-15
DMA,reject,29,2025-08-15
TWN,none,22637,2025-08-15
LAO,reject,1193,2025-08-15
PER,invalid,37,2025-08-15
NZL,reject,19223,2025-08-15
TTO,quarantine,73,2025-08-15
VCT,none,2094,2025-08-15
FSM,none,1426,2025-08-15
MDV,quarantine,379,2025-08-15
BLZ,reject,707,2025-08-15
CPV,none,1734,2025-08-15
CYM,reject,544,2025-08-15
BLZ,none,1625,2025-08-15
SEN,quarantine,387,2025-08-15
PNG,none,617,2025-08-15
NRU,reject,29,2025-08-15
NLD,quarantine,309003,2025-08-15
PHL,reject,4056,2025-08-15
PRT,quarantine,11008,2025-08-15
KHM,quarantine,112,2025-08-15
LBN,quarantine,124,2025-08-15
JPN,invalid,41,2025-08-15
BRA,reject,64346,2025-08-15
MNE,invalid,60,2025-08-15
FJI,quarantine,102,2025-08-15
FIN,invalid,51,2025-08-15
NIC,reject,310,2025-08-15
AIA,quarantine,18501,2025-08-15
BRA,quarantine,68046,2025-08-15
TUR,quarantine,47003,2025-08-15
BOL,none,1952,2025-08-15
PSE,reject,407,2025-08-15
CZE,reject,17936,2025-08-15
CAF,none,247,2025-08-15
LBN,none,356,2025-08-15
AFG,quarantine,95,2025-08-15
LCA,quarantine,48,2025-08-15
CYP,reject,795,2025-08-15
BGR,quarantine,1838,2025-08-15
TGO,none,381,2025-08-15
TKM,quarantine,242,2025-08-15
HUN,none,154123,2025-08-15
GRL,quarantine,137,2025-08-15
LAO,none,2087,2025-08-15
LBY,none,2714,2025-08-15
LSO,none,293,2025-08-15
SUR,reject,106,2025-08-15
MDV,none,886,2025-08-15
SMR,reject,39,2025-08-15
SGS,quarantine,76,2025-08-15
DEU,none,981557,2025-08-15
TON,none,1957,2025-08-15
PRY,none,7887,2025-08-15
AZE,invalid,7,2025-08-15
OMN,quarantine,172,2025-08-15
ZAF,reject,37937,2025-08-15
COD,reject,145,2025-08-15
AGO,reject,500,2025-08-15
MYS,quarantine,10720,2025-08-15
BIH,none,8900,2025-08-15
DJI,none,225,2025-08-15
CIV,reject,215,2025-08-15
WSM,reject,1357,2025-08-15
URY,none,11565,2025-08-15
ISR,quarantine,4509,2025-08-15
NIU,quarantine,5837,2025-08-15
GRC,none,88241,2025-08-15
NPL,quarantine,1430,2025-08-15
MDG,quarantine,273,2025-08-15
BFA,none,264,2025-08-15
HMD,reject,11,2025-08-15
FRA,invalid,525,2025-08-15
SOM,reject,337,2025-08-15
SLE,quarantine,48,2025-08-15
TGO,quarantine,145,2025-08-15
AND,none,481,2025-08-15
NPL,none,8496,2025-08-15
CHL,quarantine,7984,2025-08-15
TCA,quarantine,84,2025-08-15
WSM,none,2849,2025-08-15
PYF,reject,127,2025-08-15
NLD,reject,536445,2025-08-15
MYS,none,30923,2025-08-15
KOR,reject,3662,2025-08-15
CHE,invalid,125,2025-08-15
KWT,reject,219,2025-08-15
BRB,none,84,2025-08-15
PNG,reject,56,2025-08-15
ARG,none,149519,2025-08-15
TWN,quarantine,5205,2025-08-15
VIR,reject,38,2025-08-15
SAU,quarantine,1787,2025-08-15
STP,quarantine,373,2025-08-15
NCL,none,923,2025-08-15
PNG,quarantine,170,2025-08-15
ZMB,none,676,2025-08-15
ZAF,none,193085,2025-08-15
KOR,quarantine,1548,2025-08-15
MSR,reject,432,2025-08-15
IDN,reject,16083,2025-08-15
BLR,reject,2629,2025-08-15
BMU,reject,232,2025-08-15
CUB,none,81,2025-08-15
ZAF,quarantine,37636,2025-08-15
NIC,quarantine,202,2025-08-15
UGA,reject,296,2025-08-15
ROU,none,145215,2025-08-15
ARG,reject,6731,2025-08-15
SGP,reject,6136,2025-08-15
WLF,none,134,2025-08-15
PYF,quarantine,85,2025-08-15
SMR,none,159,2025-08-15
JOR,quarantine,587,2025-08-15
PRY,quarantine,1432,2025-08-15
IND,invalid,135,2025-08-15
ARG,invalid,113,2025-08-15
BMU,quarantine,157,2025-08-15
KHM,none,511,2025-08-15
GRC,quarantine,37759,2025-08-15
MAR,reject,1355,2025-08-15
COL,reject,174233,2025-08-15
LVA,quarantine,3055,2025-08-15
CAN,invalid,256,2025-08-15
TUN,reject,373,2025-08-15
FIN,reject,9633,2025-08-15
NER,none,65,2025-08-15
LSO,quarantine,65,2025-08-15
THA,quarantine,5560,2025-08-15
LUX,quarantine,4508,2025-08-15
AGO,none,5243,2025-08-15
DJI,quarantine,44,2025-08-15
BGD,none,6761,2025-08-15
BEN,none,523,2025-08-15
MYT,quarantine,227,2025-08-15
GGY,reject,1730,2025-08-15
HUN,reject,7992,2025-08-15
GAB,none,219,2025-08-15
LBN,reject,111,2025-08-15
UGA,quarantine,364,2025-08-15
MMR,none,264,2025-08-15
SYR,reject,64,2025-08-15
FIN,quarantine,11720,2025-08-15
SEN,none,947,2025-08-15
WLF,quarantine,59,2025-08-15
PYF,none,232,2025-08-15
JPN,reject,16627,2025-08-15
MRT,none,259,2025-08-15
GTM,none,738,2025-08-15
MNG,quarantine,805,2025-08-15
MWI,none,219,2025-08-15
KNA,reject,22,2025-08-15
JAM,reject,97,2025-08-15
HKG,reject,4075,2025-08-15
PSE,quarantine,283,2025-08-15
JAM,none,134,2025-08-15
GUF,reject,31,2025-08-15
SHN,none,1897,2025-08-15
PAK,quarantine,2370,2025-08-15
GBR,invalid,761,2025-08-15
HND,none,578,2025-08-15
SWZ,none,133,2025-08-15
KHM,reject,183,2025-08-15
EST,none,30254,2025-08-15
TUN,none,2909,2025-08-15
NZL,invalid,62,2025-08-15
CRI,reject,799,2025-08-15
SLB,quarantine,28,2025-08-15
CCK,invalid,22,2025-08-15
PLW,none,2468,2025-08-15
SLB,reject,55,2025-08-15
WLF,reject,93,2025-08-15
ITA,quarantine,39988,2025-08-15
PAN,reject,622,2025-08-15
VGB,quarantine,79,2025-08-15
QAT,quarantine,435,2025-08-15
ARE,quarantine,3987,2025-08-15
GIB,none,311,2025-08-15
CAF,quarantine,68,2025-08-15
GNQ,reject,52,2025-08-15
CZE,invalid,67,2025-08-15
LSO,reject,52,2025-08-15
VAT,quarantine,9,2025-08-15
BEL,none,193766,2025-08-15
ECU,none,7934,2025-08-15
ZMB,reject,146,2025-08-15
BGR,reject,1934,2025-08-15
PSE,none,1132,2025-08-15
POL,reject,241058,2025-08-15
MEX,none,123069,2025-08-15
GHA,reject,110,2025-08-15
COL,invalid,197,2025-08-15
BTN,quarantine,31,2025-08-15
TUR,none,97850,2025-08-15
SLE,reject,55,2025-08-15
TUR,invalid,90,2025-08-15
MNP,none,50,2025-08-15
CAN,none,270473,2025-08-15
RUS,none,189363,2025-08-15
IMN,none,4726,2025-08-15
IMN,quarantine,1714,2025-08-15
AUS,invalid,460,2025-08-15
NOR,invalid,109,2025-08-15
ZAF,invalid,64,2025-08-15
IOT,quarantine,27265,2025-08-15
LAO,quarantine,634,2025-08-15
BHS,none,54,2025-08-15
IMN,reject,909,2025-08-15
NAM,reject,24,2025-08-15
FRO,none,495,2025-08-15
ABW,none,72,2025-08-15
SWE,none,83892,2025-08-15
MEX,reject,29360,2025-08-15
NIU,none,14910,2025-08-15
KEN,none,19298,2025-08-15
NOR,reject,16963,2025-08-15
DZA,reject,572,2025-08-15
USA,none,88849,2025-08-15
IRL,none,33568,2025-08-15
CRI,quarantine,779,2025-08-15
ESP,quarantine,87117,2025-08-15
ETH,none,2165,2025-08-15
SLV,invalid,2,2025-08-15
GLP,quarantine,30,2025-08-15
BTN,reject,252,2025-08-15
SLV,quarantine,320,2025-08-15
CPV,quarantine,121,2025-08-15
LBR,none,60,2025-08-15
CHE,reject,218616,2025-08-15
IRN,quarantine,13164,2025-08-15
MAR,none,16120,2025-08-15
LBY,quarantine,556,2025-08-15
FJI,reject,117,2025-08-15
CIV,quarantine,680,2025-08-15
ZWE,reject,359,2025-08-15
CZE,none,140432,2025-08-15
SUR,none,367,2025-08-15
ITA,reject,33749,2025-08-15
CZE,quarantine,30933,2025-08-15
LTU,reject,3147,2025-08-15
MDG,reject,186,2025-08-15
COG,reject,60,2025-08-15
NAM,quarantine,28,2025-08-15
CCK,reject,17504,2025-08-15
IND,reject,161305,2025-08-15
ZWE,quarantine,383,2025-08-15
TZA,none,8002,2025-08-15
MAC,none,299,2025-08-15
GHA,quarantine,150,2025-08-15
BEL,quarantine,55542,2025-08-15
DOM,none,3511,2025-08-15
GRC,reject,10021,2025-08-15
MYT,none,371,2025-08-15
SOM,quarantine,258,2025-08-15
PCN,reject,28,2025-08-15
BHS,reject,110,2025-08-15
KOR,none,9111,2025-08-15
BEL,invalid,349,2025-08-15
PLW,invalid,4,2025-08-15
NIU,invalid,32,2025-08-15
SSD,reject,11,2025-08-15
TUN,invalid,4,2025-08-15
VNM,invalid,23,2025-08-15
WSM,invalid,2,2025-08-15
NPL,invalid,3,2025-08-15
GNB,quarantine,9,2025-08-15
GNB,reject,6,2025-08-15
PCN,none,18,2025-08-15
VCT,invalid,4,2025-08-15
CHN,invalid,64,2025-08-15
GUY,quarantine,171,2025-08-15
HMD,none,16,2025-08-15
KIR,none,20,2025-08-15
TGO,reject,87,2025-08-15
BFA,reject,34,2025-08-15
ATA,none,8,2025-08-15
NER,reject,18,2025-08-15
KIR,reject,29,2025-08-15
TCA,reject,114,2025-08-15
SWZ,reject,30,2025-08-15
ABW,quarantine,22,2025-08-15
MAC,quarantine,73,2025-08-15
SVK,invalid,13,2025-08-15
YEM,none,45,2025-08-15
GHA,invalid,5,2025-08-15
TCD,quarantine,23,2025-08-15
MNP,quarantine,24,2025-08-15
NFK,none,18,2025-08-15
SDN,quarantine,68,2025-08-15
NAM,none,42,2025-08-15
TUV,invalid,13,2025-08-15
RWA,invalid,1,2025-08-15
MWI,quarantine,48,2025-08-15
IRN,invalid,11,2025-08-15
DMA,quarantine,10,2025-08-15
GIN,reject,3,2025-08-15
ALB,invalid,2,2025-08-15
GUF,quarantine,8,2025-08-15
AGO,invalid,2,2025-08-15
MDA,invalid,4,2025-08-15
PHL,invalid,5,2025-08-15
LAO,invalid,6,2025-08-15
MAR,invalid,6,2025-08-15
TKL,invalid,1,2025-08-15
BEN,reject,58,2025-08-15
ECU,invalid,6,2025-08-15
NFK,reject,28,2025-08-15
LVA,invalid,3,2025-08-15
LTU,invalid,15,2025-08-15
KNA,quarantine,7,2025-08-15
SSD,quarantine,14,2025-08-15
ZMB,invalid,1,2025-08-15
GLP,reject,75,2025-08-15
LIE,invalid,6,2025-08-15
HKG,invalid,11,2025-08-15
BHS,quarantine,27,2025-08-15
KEN,invalid,10,2025-08-15
PCN,quarantine,4,2025-08-15
THA,invalid,3,2025-08-15
PRY,invalid,2,2025-08-15
HRV,invalid,6,2025-08-15
GRL,invalid,1,2025-08-15
FLK,none,10,2025-08-15
GUM,none,2,2025-08-15
GIN,quarantine,19,2025-08-15
ARM,invalid,21,2025-08-15
LUX,invalid,10,2025-08-15
VIR,quarantine,9,2025-08-15
ATA,reject,6,2025-08-15
EST,invalid,11,2025-08-15
ATG,invalid,2,2025-08-15
ARE,invalid,13,2025-08-15
NRU,none,8,2025-08-15
MOZ,invalid,2,2025-08-15
COM,none,22,2025-08-15
UZB,invalid,2,2025-08-15
MTQ,quarantine,16,2025-08-15
HND,invalid,1,2025-08-15
COM,quarantine,4,2025-08-15
SGP,invalid,13,2025-08-15
CIV,invalid,2,2025-08-15
BLZ,invalid,1,2025-08-15
BIH,invalid,3,2025-08-15
PNG,invalid,1,2025-08-15
NGA,invalid,6,2025-08-15
ISL,invalid,5,2025-08-15
HTI,quarantine,26,2025-08-15
DOM,invalid,6,2025-08-15
NFK,quarantine,4,2025-08-15
EGY,invalid,3,2025-08-15
BGR,invalid,2,2025-08-15
FSM,invalid,1,2025-08-15
GTM,invalid,2,2025-08-15
COK,quarantine,6,2025-08-15
JEY,invalid,2,2025-08-15
SVN,invalid,13,2025-08-15
GUM,reject,4,2025-08-15
LBR,reject,6,2025-08-15
HTI,invalid,2,2025-08-15
IMN,invalid,2,2025-08-15
LKA,invalid,1,2025-08-15
BGD,invalid,1,2025-08-15
AFG,invalid,1,2025-08-15
ASM,invalid,3,2025-08-15
SHN,invalid,4,2025-08-15
FJI,invalid,1,2025-08-15
BLR,invalid,2,2025-08-15
GEO,invalid,2,2025-08-15
LBR,quarantine,3,2025-08-15
TON,invalid,3,2025-08-15
BMU,invalid,1,2025-08-15
GGY,invalid,2,2025-08-15
GUY,invalid,1,2025-08-15
CRI,invalid,5,2025-08-15
SRB,invalid,1,2025-08-15
COM,reject,6,2025-08-15
DZA,invalid,1,2025-08-15
BOL,invalid,3,2025-08-15
SOM,invalid,1,2025-08-15
CYM,invalid,1,2025-08-15
PAN,invalid,3,2025-08-15
PCN,invalid,4,2025-08-15
SLE,invalid,1,2025-08-15
LCA,invalid,1,2025-08-15
BEN,invalid,1,2025-08-15
SGS,invalid,1,2025-08-15
MKD,invalid,1,2025-08-15
MDV,invalid,1,2025-08-15
MMR,invalid,2,2025-08-15
VEN,invalid,1,2025-08-15
NER,invalid,1,2025-08-15
MNG,invalid,2,2025-08-15
GUM,quarantine,1,2025-08-15
VUT,invalid,1,2025-08-15
LBN,invalid,1,2025-08-15
LBY,invalid,1,2025-08-15
MLT,invalid,1,2025-08-15
NGA,quarantine,10706,2025-09-15
USA,quarantine,25883,2025-09-15
UGA,none,1702,2025-09-15
RUS,invalid,172,2025-09-15
NGA,reject,1425,2025-09-15
CCK,none,21018,2025-09-15
UKR,none,28101,2025-09-15
ESP,reject,42991,2025-09-15
TON,quarantine,572,2025-09-15
MOZ,quarantine,424,2025-09-15
URY,quarantine,2689,2025-09-15
LTU,quarantine,3465,2025-09-15
CHN,none,20356,2025-09-15
BOL,reject,687,2025-09-15
SPM,reject,258,2025-09-15
ITA,none,925157,2025-09-15
GGY,quarantine,1438,2025-09-15
KGZ,reject,363,2025-09-15
HTI,reject,193,2025-09-15
HUN,quarantine,14983,2025-09-15
DZA,quarantine,708,2025-09-15
EGY,reject,357,2025-09-15
HTI,none,224,2025-09-15
CYM,quarantine,333,2025-09-15
ZMB,quarantine,197,2025-09-15
CUB,quarantine,114,2025-09-15
NZL,quarantine,14912,2025-09-15
SVK,reject,20864,2025-09-15
MDA,none,6470,2025-09-15
SPM,none,578,2025-09-15
NFK,quarantine,4,2025-09-15
SWE,quarantine,20989,2025-09-15
KAZ,none,6608,2025-09-15
CXR,quarantine,446,2025-09-15
UZB,reject,1472,2025-09-15
SLE,none,223,2025-09-15
CXR,none,899,2025-09-15
BIH,quarantine,1266,2025-09-15
YEM,reject,35,2025-09-15
MTQ,quarantine,16,2025-09-15
KAZ,quarantine,5395,2025-09-15
VNM,quarantine,3700,2025-09-15
MUS,reject,441,2025-09-15
MWI,quarantine,47,2025-09-15
SLV,none,1191,2025-09-15
IOT,invalid,118,2025-09-15
LCA,reject,133,2025-09-15
IRN,none,86834,2025-09-15
ISL,none,10158,2025-09-15
ETH,quarantine,77,2025-09-15
TKL,quarantine,225,2025-09-15
TUN,invalid,4,2025-09-15
ETH,reject,72,2025-09-15
AND,quarantine,333,2025-09-15
SVK,none,53282,2025-09-15
ARE,reject,4357,2025-09-15
TKL,reject,405,2025-09-15
PAN,quarantine,309,2025-09-15
RWA,reject,123,2025-09-15
VCT,reject,1339,2025-09-15
BHR,reject,266,2025-09-15
NOR,none,98296,2025-09-15
POL,quarantine,179064,2025-09-15
DZA,none,1904,2025-09-15
LKA,reject,944,2025-09-15
DOM,reject,870,2025-09-15
PAN,none,1232,2025-09-15
MTQ,none,43,2025-09-15
GBR,quarantine,191800,2025-09-15
POL,none,455778,2025-09-15
FRO,reject,503,2025-09-15
REU,none,3846,2025-09-15
IDN,quarantine,15645,2025-09-15
VUT,quarantine,221,2025-09-15
USA,reject,48214,2025-09-15
SPM,quarantine,350,2025-09-15
GRD,quarantine,64,2025-09-15
MMR,reject,102,2025-09-15
IDN,none,124882,2025-09-15
KEN,quarantine,13965,2025-09-15
ATG,quarantine,536,2025-09-15
TCD,none,80,2025-09-15
TKM,reject,125,2025-09-15
BGD,quarantine,879,2025-09-15
STP,reject,404,2025-09-15
MNE,none,54857,2025-09-15
GGY,none,3414,2025-09-15
EST,reject,4028,2025-09-15
BOL,quarantine,557,2025-09-15
ATF,quarantine,144,2025-09-15
PRT,invalid,51,2025-09-15
GAB,reject,175,2025-09-15
IOT,none,95078,2025-09-15
PLW,reject,1291,2025-09-15
ISL,reject,2190,2025-09-15
SXM,none,155,2025-09-15
ROU,quarantine,13247,2025-09-15
PER,none,22419,2025-09-15
DEU,invalid,720,2025-09-15
ECU,reject,1623,2025-09-15
JEY,reject,316,2025-09-15
EGY,invalid,3,2025-09-15
ABW,reject,24,2025-09-15
CIV,none,2272,2025-09-15
EGY,quarantine,301,2025-09-15
ESP,none,226092,2025-09-15
BEL,reject,49643,2025-09-15
AUT,reject,32787,2025-09-15
ARM,reject,863,2025-09-15
SWE,invalid,256,2025-09-15
BHS,quarantine,30,2025-09-15
RUS,quarantine,45471,2025-09-15
GRL,reject,517,2025-09-15
BDI,none,511,2025-09-15
SYC,none,324,2025-09-15
BDI,reject,115,2025-09-15
,none,270163,2025-09-15
PLW,quarantine,935,2025-09-15
BDI,quarantine,84,2025-09-15
ASM,reject,396,2025-09-15
MCO,none,472,2025-09-15
KEN,invalid,9,2025-09-15
SVN,reject,2730,2025-09-15
THA,reject,1825,2025-09-15
CPV,reject,92,2025-09-15
RWA,quarantine,163,2025-09-15
CHL,reject,11555,2025-09-15
MLT,reject,560,2025-09-15
FSM,quarantine,428,2025-09-15
ATF,reject,201,2025-09-15
TUR,reject,8461,2025-09-15
OMN,reject,423,2025-09-15
CHE,none,182145,2025-09-15
REU,reject,894,2025-09-15
ARE,none,31882,2025-09-15
PRT,reject,9220,2025-09-15
LIE,reject,3233,2025-09-15
BMU,none,363,2025-09-15
GIB,reject,97,2025-09-15
FJI,none,287,2025-09-15
IND,none,308175,2025-09-15
GBR,reject,293478,2025-09-15
AZE,none,6011,2025-09-15
SGP,none,20910,2025-09-15
MKD,none,6182,2025-09-15
TZA,quarantine,801,2025-09-15
COD,none,699,2025-09-15
AGO,quarantine,339,2025-09-15
GNQ,none,68,2025-09-15
EGY,none,1137,2025-09-15
KWT,quarantine,238,2025-09-15
HMD,quarantine,12,2025-09-15
NOR,quarantine,73830,2025-09-15
IRN,reject,6991,2025-09-15
GRC,invalid,28,2025-09-15
CUW,none,142,2025-09-15
ALB,quarantine,2265,2025-09-15
IRQ,quarantine,127,2025-09-15
ALA,none,482,2025-09-15
SUR,quarantine,107,2025-09-15
ARM,none,4937,2025-09-15
CHE,quarantine,199106,2025-09-15
AFG,none,1121,2025-09-15
SAU,reject,2088,2025-09-15
MAC,reject,66,2025-09-15
AIA,none,57684,2025-09-15
SRB,quarantine,2333,2025-09-15
MUS,none,1678,2025-09-15
CHN,reject,16396,2025-09-15
CMR,none,1135,2025-09-15
GTM,reject,235,2025-09-15
BHR,none,377,2025-09-15
BGR,invalid,2,2025-09-15
AUT,none,186202,2025-09-15
BWA,none,1516,2025-09-15
VGB,none,148,2025-09-15
DNK,none,71566,2025-09-15
GEO,none,6293,2025-09-15
JOR,reject,182,2025-09-15
ALA,reject,139,2025-09-15
SYR,none,320,2025-09-15
MKD,quarantine,930,2025-09-15
DNK,quarantine,21007,2025-09-15
SLV,reject,385,2025-09-15
MUS,quarantine,366,2025-09-15
ITA,invalid,218,2025-09-15
MTQ,reject,34,2025-09-15
LKA,quarantine,1010,2025-09-15
MOZ,none,2220,2025-09-15
CYP,quarantine,952,2025-09-15
GUY,none,403,2025-09-15
ESP,invalid,128,2025-09-15
DMA,none,39,2025-09-15
VIR,none,27,2025-09-15
MEX,quarantine,20390,2025-09-15
SAU,none,11398,2025-09-15
VEN,quarantine,515,2025-09-15
GIB,quarantine,67,2025-09-15
MAR,quarantine,1489,2025-09-15
MDV,reject,104,2025-09-15
NLD,none,1037456,2025-09-15
DEU,reject,1179067,2025-09-15
MNG,reject,606,2025-09-15
HRV,quarantine,3630,2025-09-15
MCO,quarantine,111,2025-09-15
SGP,quarantine,5450,2025-09-15
CAF,reject,127,2025-09-15
MEX,invalid,87,2025-09-15
GRD,none,180,2025-09-15
AUT,invalid,60,2025-09-15
AUT,quarantine,29315,2025-09-15
AFG,reject,109,2025-09-15
FRA,none,510873,2025-09-15
PAK,reject,1930,2025-09-15
CMR,quarantine,408,2025-09-15
QAT,none,1990,2025-09-15
RUS,reject,47560,2025-09-15
UZB,quarantine,1694,2025-09-15
OMN,none,765,2025-09-15
PAK,none,25716,2025-09-15
AIA,reject,72372,2025-09-15
MNE,reject,27910,2025-09-15
VEN,none,2622,2025-09-15
GUY,reject,345,2025-09-15
GUF,none,27,2025-09-15
LBY,reject,328,2025-09-15
MYS,invalid,22,2025-09-15
CMR,reject,408,2025-09-15
FSM,invalid,1,2025-09-15
SMR,quarantine,27,2025-09-15
SWZ,quarantine,118,2025-09-15
LVA,reject,4561,2025-09-15
NER,quarantine,61,2025-09-15
COL,quarantine,61665,2025-09-15
ATG,none,1320,2025-09-15
GRD,reject,81,2025-09-15
LIE,none,3431,2025-09-15
MNG,none,1246,2025-09-15
EST,quarantine,8932,2025-09-15
NIU,reject,6197,2025-09-15
KWT,none,363,2025-09-15
TTO,none,207,2025-09-15
CUB,reject,292,2025-09-15
SXM,quarantine,52,2025-09-15
PCN,none,17,2025-09-15
ARM,quarantine,834,2025-09-15
TJK,quarantine,72,2025-09-15
MYS,reject,5860,2025-09-15
GNQ,quarantine,32,2025-09-15
CCK,quarantine,19833,2025-09-15
SVN,quarantine,3447,2025-09-15
BLR,quarantine,2368,2025-09-15
TON,reject,744,2025-09-15
SVK,quarantine,7699,2025-09-15
NPL,reject,1299,2025-09-15
VUT,none,179,2025-09-15
GMB,quarantine,80,2025-09-15
FIN,none,53714,2025-09-15
HRV,reject,2817,2025-09-15
HKG,quarantine,2595,2025-09-15
PRI,reject,238,2025-09-15
MCO,reject,109,2025-09-15
JPN,quarantine,33810,2025-09-15
IRQ,none,1751,2025-09-15
CYP,none,3221,2025-09-15
KGZ,quarantine,1072,2025-09-15
LUX,none,8436,2025-09-15
IRL,reject,5525,2025-09-15
VCT,quarantine,1032,2025-09-15
ATG,reject,757,2025-09-15
GUY,quarantine,173,2025-09-15
SHN,reject,1169,2025-09-15
IND,quarantine,92323,2025-09-15
SGS,none,200,2025-09-15
QAT,reject,614,2025-09-15
LCA,none,592,2025-09-15
PRY,reject,845,2025-09-15
HUN,invalid,67,2025-09-15
REU,quarantine,2277,2025-09-15
ASM,quarantine,993,2025-09-15
KOR,invalid,48,2025-09-15
SXM,reject,101,2025-09-15
BLR,none,8210,2025-09-15
CRI,none,2052,2025-09-15
KAZ,reject,2538,2025-09-15
DNK,invalid,252,2025-09-15
ALA,quarantine,142,2025-09-15
MWI,reject,138,2025-09-15
ARG,quarantine,10067,2025-09-15
TTO,reject,134,2025-09-15
VUT,reject,114,2025-09-15
KAZ,invalid,17,2025-09-15
VGB,reject,123,2025-09-15
HND,reject,412,2025-09-15
COG,quarantine,111,2025-09-15
FRO,quarantine,203,2025-09-15
SRB,reject,2073,2025-09-15
UKR,reject,5269,2025-09-15
HRV,none,42671,2025-09-15
PER,reject,4098,2025-09-15
RWA,none,1084,2025-09-15
SSD,none,66,2025-09-15
WSM,quarantine,936,2025-09-15
SDN,none,336,2025-09-15
POL,invalid,132,2025-09-15
COK,none,81,2025-09-15
BFA,quarantine,154,2025-09-15
GLP,none,98,2025-09-15
AUS,none,392806,2025-09-15
GBR,none,777889,2025-09-15
TWN,reject,6370,2025-09-15
BIH,reject,654,2025-09-15
BHR,quarantine,181,2025-09-15
AIA,invalid,46,2025-09-15
BRA,none,796618,2025-09-15
ECU,quarantine,1802,2025-09-15
MDG,none,1000,2025-09-15
CHN,quarantine,14865,2025-09-15
CYM,none,604,2025-09-15
VNM,reject,5601,2025-09-15
ISL,quarantine,1843,2025-09-15
DOM,quarantine,852,2025-09-15
NCL,quarantine,375,2025-09-15
BRN,quarantine,114,2025-09-15
BRN,none,99,2025-09-15
PRI,none,122,2025-09-15
TGO,reject,89,2025-09-15
ISR,none,36381,2025-09-15
ISR,reject,2903,2025-09-15
NLD,invalid,993,2025-09-15
CHL,invalid,1797,2025-09-15
BWA,quarantine,348,2025-09-15
,quarantine,84316,2025-09-15
TLS,none,208,2025-09-15
ATF,none,257,2025-09-15
AGO,invalid,2,2025-09-15
PRT,none,89548,2025-09-15
TZA,reject,613,2025-09-15
ROU,reject,21671,2025-09-15
UKR,quarantine,6871,2025-09-15
GIN,none,241,2025-09-15
SOM,none,1849,2025-09-15
JEY,quarantine,169,2025-09-15
TCA,none,232,2025-09-15
SLB,none,105,2025-09-15
BFA,reject,36,2025-09-15
HKG,none,15189,2025-09-15
SGS,reject,220,2025-09-15
JOR,none,485,2025-09-15
SEN,reject,265,2025-09-15
BLZ,quarantine,487,2025-09-15
TLS,reject,92,2025-09-15
,invalid,160,2025-09-15
NZL,none,77467,2025-09-15
CAN,reject,102610,2025-09-15
CUW,quarantine,47,2025-09-15
FRA,reject,136701,2025-09-15
TUV,reject,7791,2025-09-15
THA,none,9347,2025-09-15
DNK,reject,100488,2025-09-15
TUV,none,14739,2025-09-15
GEO,quarantine,1329,2025-09-15
MLT,none,2086,2025-09-15
MNP,reject,42,2025-09-15
MRT,reject,49,2025-09-15
JAM,quarantine,121,2025-09-15
IRL,quarantine,5038,2025-09-15
MMR,quarantine,221,2025-09-15
BWA,reject,255,2025-09-15
TJK,reject,163,2025-09-15
SYC,quarantine,64,2025-09-15
VNM,none,14923,2025-09-15
BEN,quarantine,183,2025-09-15
SYC,reject,183,2025-09-15
,reject,146963,2025-09-15
GEO,reject,723,2025-09-15
BRB,quarantine,56,2025-09-15
LUX,reject,3817,2025-09-15
NGA,none,35888,2025-09-15
GTM,invalid,2,2025-09-15
TUV,quarantine,4584,2025-09-15
JPN,none,266349,2025-09-15
SVN,none,40737,2025-09-15
SDN,reject,100,2025-09-15
KNA,none,28,2025-09-15
FRA,quarantine,135191,2025-09-15
LVA,none,11011,2025-09-15
SRB,none,20071,2025-09-15
GTM,quarantine,117,2025-09-15
TKL,none,693,2025-09-15
URY,reject,1230,2025-09-15
COL,none,284260,2025-09-15
PHL,none,9554,2025-09-15
GAB,quarantine,478,2025-09-15
PER,quarantine,3351,2025-09-15
URY,invalid,8,2025-09-15
ISR,invalid,22,2025-09-15
MLT,quarantine,505,2025-09-15
MNE,quarantine,24460,2025-09-15
ALB,reject,1297,2025-09-15
MLI,quarantine,142,2025-09-15
MSR,none,484,2025-09-15
PHL,quarantine,3018,2025-09-15
NCL,reject,222,2025-09-15
VEN,reject,721,2025-09-15
NIC,none,304,2025-09-15
BGR,none,11965,2025-09-15
COD,quarantine,133,2025-09-15
IOT,reject,42417,2025-09-15
BRA,invalid,836,2025-09-15
ALB,none,4471,2025-09-15
KEN,reject,1208,2025-09-15
JEY,none,678,2025-09-15
MLI,reject,217,2025-09-15
TCA,reject,117,2025-09-15
USA,invalid,88,2025-09-15
ASM,none,1102,2025-09-15
TJK,none,327,2025-09-15
GMB,none,164,2025-09-15
FSM,reject,520,2025-09-15
COG,none,242,2025-09-15
SWZ,reject,32,2025-09-15
ZWE,none,7159,2025-09-15
MDA,quarantine,1278,2025-09-15
MYT,reject,127,2025-09-15
GHA,none,547,2025-09-15
MSR,quarantine,204,2025-09-15
UZB,none,13986,2025-09-15
LTU,none,32043,2025-09-15
MLI,none,497,2025-09-15
TWN,invalid,49,2025-09-15
KGZ,none,1470,2025-09-15
SYR,quarantine,199,2025-09-15
CHL,none,132810,2025-09-15
LKA,none,10640,2025-09-15
COK,quarantine,6,2025-09-15
SWE,reject,41945,2025-09-15
MDA,reject,847,2025-09-15
SHN,quarantine,1259,2025-09-15
GNB,none,104,2025-09-15
IRQ,reject,316,2025-09-15
BGD,reject,541,2025-09-15
STP,none,835,2025-09-15
HND,quarantine,211,2025-09-15
AND,reject,133,2025-09-15
TKM,none,55,2025-09-15
AUS,reject,129944,2025-09-15
TUN,quarantine,1149,2025-09-15
MOZ,reject,351,2025-09-15
MAR,invalid,5,2025-09-15
AZE,quarantine,1415,2025-09-15
LIE,quarantine,2940,2025-09-15
CXR,reject,430,2025-09-15
JEY,invalid,2,2025-09-15
MKD,reject,688,2025-09-15
SVN,invalid,13,2025-09-15
AUS,quarantine,102908,2025-09-15
CAN,quarantine,67243,2025-09-15
BTN,none,55,2025-09-15
ABW,quarantine,22,2025-09-15
DEU,quarantine,304244,2025-09-15
AZE,reject,1432,2025-09-15
DMA,reject,31,2025-09-15
GRL,none,481,2025-09-15
TWN,none,23254,2025-09-15
LAO,reject,1134,2025-09-15
PER,invalid,55,2025-09-15
NZL,reject,19834,2025-09-15
MAC,quarantine,76,2025-09-15
TTO,quarantine,72,2025-09-15
VCT,none,2144,2025-09-15
FSM,none,1457,2025-09-15
MDV,quarantine,388,2025-09-15
BLZ,reject,710,2025-09-15
CPV,none,1727,2025-09-15
CYM,reject,527,2025-09-15
BLZ,none,1644,2025-09-15
SEN,quarantine,395,2025-09-15
PNG,none,633,2025-09-15
NRU,reject,29,2025-09-15
NLD,quarantine,316958,2025-09-15
PRT,quarantine,11190,2025-09-15
PHL,reject,4221,2025-09-15
LBN,quarantine,127,2025-09-15
KHM,quarantine,119,2025-09-15
JPN,invalid,66,2025-09-15
BRA,reject,65769,2025-09-15
FJI,quarantine,106,2025-09-15
BEN,reject,60,2025-09-15
FIN,invalid,53,2025-09-15
COM,none,22,2025-09-15
NIC,reject,326,2025-09-15
TUR,quarantine,48129,2025-09-15
BRA,quarantine,74609,2025-09-15
AIA,quarantine,39238,2025-09-15
BOL,none,2040,2025-09-15
PSE,reject,408,2025-09-15
CZE,reject,18252,2025-09-15
AFG,quarantine,101,2025-09-15
LBN,none,362,2025-09-15
CAF,none,250,2025-09-15
LCA,quarantine,50,2025-09-15
CYP,reject,813,2025-09-15
BGR,quarantine,1886,2025-09-15
TGO,none,423,2025-09-15
TKM,quarantine,245,2025-09-15
ARM,invalid,20,2025-09-15
HUN,none,156763,2025-09-15
LAO,none,2125,2025-09-15
GRL,quarantine,138,2025-09-15
LSO,none,300,2025-09-15
LBY,none,2841,2025-09-15
MDV,none,908,2025-09-15
SMR,reject,40,2025-09-15
SUR,reject,108,2025-09-15
SGS,quarantine,107,2025-09-15
DEU,none,989630,2025-09-15
PRY,none,8259,2025-09-15
TON,none,2035,2025-09-15
OMN,quarantine,177,2025-09-15
ZAF,reject,40909,2025-09-15
MYS,quarantine,10949,2025-09-15
BIH,none,9142,2025-09-15
AGO,reject,521,2025-09-15
DJI,none,228,2025-09-15
COD,reject,150,2025-09-15
CIV,reject,217,2025-09-15
URY,none,12132,2025-09-15
NIU,quarantine,5912,2025-09-15
WSM,reject,1284,2025-09-15
ISR,quarantine,4632,2025-09-15
GRC,none,89762,2025-09-15
NPL,quarantine,1458,2025-09-15
MDG,quarantine,278,2025-09-15
BFA,none,269,2025-09-15
FRA,invalid,535,2025-09-15
TGO,quarantine,144,2025-09-15
SOM,reject,341,2025-09-15
SLE,quarantine,51,2025-09-15
CHL,quarantine,8598,2025-09-15
NPL,none,9895,2025-09-15
AND,none,505,2025-09-15
ISL,invalid,6,2025-09-15
TCA,quarantine,85,2025-09-15
WSM,none,2757,2025-09-15
PYF,reject,129,2025-09-15
YEM,none,50,2025-09-15
MYS,none,32443,2025-09-15
NLD,reject,540949,2025-09-15
CHE,invalid,132,2025-09-15
KOR,reject,3749,2025-09-15
KWT,reject,223,2025-09-15
BRB,none,83,2025-09-15
ARG,none,161019,2025-09-15
LUX,invalid,10,2025-09-15
TWN,quarantine,6002,2025-09-15
STP,quarantine,390,2025-09-15
SAU,quarantine,1896,2025-09-15
ZMB,none,709,2025-09-15
NCL,none,946,2025-09-15
VIR,reject,40,2025-09-15
PNG,quarantine,169,2025-09-15
GHA,invalid,5,2025-09-15
ZAF,none,193436,2025-09-15
KOR,quarantine,1777,2025-09-15
IDN,reject,32456,2025-09-15
BLR,reject,2654,2025-09-15
BMU,reject,232,2025-09-15
MSR,reject,436,2025-09-15
CUB,none,91,2025-09-15
HTI,quarantine,26,2025-09-15
ZAF,quarantine,43142,2025-09-15
UGA,reject,302,2025-09-15
NIC,quarantine,203,2025-09-15
VIR,quarantine,12,2025-09-15
ROU,none,147724,2025-09-15
SGP,reject,6260,2025-09-15
ARG,reject,6922,2025-09-15
WLF,none,138,2025-09-15
SMR,none,160,2025-09-15
PYF,quarantine,91,2025-09-15
PRY,quarantine,1480,2025-09-15
JOR,quarantine,567,2025-09-15
IND,invalid,140,2025-09-15
KHM,none,562,2025-09-15
ARG,invalid,149,2025-09-15
BMU,quarantine,156,2025-09-15
GRC,quarantine,38698,2025-09-15
MAR,reject,1356,2025-09-15
TCD,quarantine,24,2025-09-15
COL,reject,173557,2025-09-15
LVA,quarantine,3105,2025-09-15
TUN,reject,388,2025-09-15
CAN,invalid,256,2025-09-15
FIN,reject,9745,2025-09-15
LSO,quarantine,72,2025-09-15
NER,none,67,2025-09-15
AGO,none,5424,2025-09-15
THA,quarantine,5688,2025-09-15
LUX,quarantine,4565,2025-09-15
MNP,quarantine,25,2025-09-15
BGD,none,7538,2025-09-15
NFK,reject,28,2025-09-15
BEN,none,537,2025-09-15
MYT,quarantine,228,2025-09-15
HUN,reject,8192,2025-09-15
GGY,reject,1737,2025-09-15
LBN,reject,116,2025-09-15
GAB,none,229,2025-09-15
SYR,reject,66,2025-09-15
MMR,none,279,2025-09-15
UGA,quarantine,361,2025-09-15
FIN,quarantine,12069,2025-09-15
WLF,quarantine,65,2025-09-15
SEN,none,990,2025-09-15
PYF,none,240,2025-09-15
JPN,reject,18430,2025-09-15
MNG,quarantine,833,2025-09-15
MRT,none,261,2025-09-15
GTM,none,753,2025-09-15
JAM,reject,100,2025-09-15
MWI,none,241,2025-09-15
HKG,reject,4158,2025-09-15
JAM,none,136,2025-09-15
PSE,quarantine,315,2025-09-15
NFK,none,18,2025-09-15
LTU,invalid,18,2025-09-15
SHN,none,1964,2025-09-15
PAK,quarantine,2543,2025-09-15
GBR,invalid,767,2025-09-15
HND,none,590,2025-09-15
SDN,quarantine,69,2025-09-15
SWZ,none,138,2025-09-15
KHM,reject,195,2025-09-15
EST,none,30678,2025-09-15
TUN,none,2989,2025-09-15
NZL,invalid,68,2025-09-15
CRI,reject,826,2025-09-15
NAM,none,45,2025-09-15
SLB,quarantine,31,2025-09-15
PLW,none,2577,2025-09-15
SLB,reject,55,2025-09-15
WLF,reject,95,2025-09-15
ITA,quarantine,42049,2025-09-15
PAN,reject,649,2025-09-15
QAT,quarantine,442,2025-09-15
TUV,invalid,13,2025-09-15
VGB,quarantine,80,2025-09-15
ARE,quarantine,4150,2025-09-15
GIB,none,318,2025-09-15
CZE,invalid,71,2025-09-15
CAF,quarantine,69,2025-09-15
GNQ,reject,53,2025-09-15
LSO,reject,56,2025-09-15
BEL,none,196866,2025-09-15
ECU,none,8186,2025-09-15
ZMB,reject,144,2025-09-15
BGR,reject,1976,2025-09-15
PSE,none,1208,2025-09-15
POL,reject,242713,2025-09-15
MEX,none,127288,2025-09-15
BTN,quarantine,31,2025-09-15
GHA,reject,118,2025-09-15
COL,invalid,197,2025-09-15
TUR,none,100191,2025-09-15
TUR,invalid,86,2025-09-15
SLE,reject,59,2025-09-15
MNP,none,49,2025-09-15
GUM,reject,4,2025-09-15
RUS,none,192991,2025-09-15
CAN,none,276615,2025-09-15
IMN,quarantine,1763,2025-09-15
IMN,none,4482,2025-09-15
AUS,invalid,452,2025-09-15
NOR,invalid,104,2025-09-15
ZAF,invalid,72,2025-09-15
IOT,quarantine,34950,2025-09-15
LAO,quarantine,888,2025-09-15
BHS,none,53,2025-09-15
IMN,reject,919,2025-09-15
FRO,none,487,2025-09-15
ABW,none,80,2025-09-15
NAM,reject,24,2025-09-15
KEN,none,20713,2025-09-15
SWE,none,104863,2025-09-15
NIU,none,17018,2025-09-15
MEX,reject,29581,2025-09-15
NOR,reject,17521,2025-09-15
DZA,reject,576,2025-09-15
USA,none,89781,2025-09-15
IRL,none,34412,2025-09-15
CRI,quarantine,795,2025-09-15
ESP,quarantine,90287,2025-09-15
ETH,none,2496,2025-09-15
SLV,quarantine,334,2025-09-15
GLP,reject,78,2025-09-15
BTN,reject,255,2025-09-15
CPV,quarantine,122,2025-09-15
GLP,quarantine,30,2025-09-15
LBR,none,63,2025-09-15
IRN,quarantine,13392,2025-09-15
CHE,reject,223130,2025-09-15
MAR,none,17809,2025-09-15
LBY,quarantine,592,2025-09-15
ZWE,reject,367,2025-09-15
CIV,quarantine,667,2025-09-15
FJI,reject,123,2025-09-15
CZE,none,142298,2025-09-15
SUR,none,412,2025-09-15
CZE,quarantine,32032,2025-09-15
ITA,reject,34731,2025-09-15
LTU,reject,3174,2025-09-15
COG,reject,61,2025-09-15
MDG,reject,188,2025-09-15
NAM,quarantine,24,2025-09-15
CCK,reject,12309,2025-09-15
IND,reject,156817,2025-09-15
TZA,none,8555,2025-09-15
ZWE,quarantine,414,2025-09-15
MAC,none,307,2025-09-15
GHA,quarantine,154,2025-09-15
BEL,quarantine,56957,2025-09-15
DOM,none,3641,2025-09-15
GRC,reject,10134,2025-09-15
SOM,quarantine,270,2025-09-15
MYT,none,402,2025-09-15
BHS,reject,112,2025-09-15
KOR,none,9532,2025-09-15
BEL,invalid,350,2025-09-15
NIU,invalid,32,2025-09-15
SSD,reject,13,2025-09-15
VNM,invalid,25,2025-09-15
UKR,invalid,40,2025-09-15
CUW,reject,31,2025-09-15
IRN,invalid,10,2025-09-15
BRN,reject,58,2025-09-15
COK,reject,20,2025-09-15
SAU,invalid,11,2025-09-15
IRL,invalid,29,2025-09-15
GNB,quarantine,9,2025-09-15
BRB,reject,47,2025-09-15
TLS,quarantine,43,2025-09-15
MRT,quarantine,35,2025-09-15
CIV,invalid,1,2025-09-15
CHN,invalid,16,2025-09-15
KIR,none,20,2025-09-15
TCD,reject,60,2025-09-15
VAT,none,71,2025-09-15
KIR,quarantine,10,2025-09-15
KIR,reject,30,2025-09-15
HRV,invalid,5,2025-09-15
FLK,reject,48,2025-09-15
ARE,invalid,13,2025-09-15
MOZ,invalid,1,2025-09-15
GIN,quarantine,19,2025-09-15
MNE,invalid,56,2025-09-15
LBR,quarantine,5,2025-09-15
PNG,reject,57,2025-09-15
DJI,quarantine,45,2025-09-15
KNA,reject,23,2025-09-15
GUF,reject,33,2025-09-15
CCK,invalid,21,2025-09-15
DOM,invalid,6,2025-09-15
VAT,quarantine,9,2025-09-15
CRI,invalid,5,2025-09-15
GMB,reject,28,2025-09-15
LCA,invalid,1,2025-09-15
BEN,invalid,1,2025-09-15
SGP,invalid,13,2025-09-15
ROU,invalid,30,2025-09-15
PRI,quarantine,46,2025-09-15
DJI,reject,56,2025-09-15
GNB,reject,5,2025-09-15
DMA,quarantine,10,2025-09-15
BLZ,invalid,2,2025-09-15
HMD,none,15,2025-09-15
NER,reject,19,2025-09-15
LAO,invalid,6,2025-09-15
REU,invalid,3,2025-09-15
BOL,invalid,5,2025-09-15
FLK,none,12,2025-09-15
SGS,invalid,1,2025-09-15
HMD,reject,16,2025-09-15
KNA,quarantine,7,2025-09-15
PCN,reject,29,2025-09-15
IDN,invalid,33,2025-09-15
HKG,invalid,9,2025-09-15
YEM,quarantine,14,2025-09-15
PCN,quarantine,4,2025-09-15
GIN,reject,3,2025-09-15
NER,invalid,1,2025-09-15
NRU,none,8,2025-09-15
ECU,invalid,7,2025-09-15
AZE,invalid,9,2025-09-15
PCN,invalid,4,2025-09-15
SSD,quarantine,17,2025-09-15
HND,invalid,1,2025-09-15
LIE,invalid,6,2025-09-15
COM,quarantine,4,2025-09-15
NPL,invalid,3,2025-09-15
CXR,invalid,2,2025-09-15
BIH,invalid,3,2025-09-15
ATA,none,8,2025-09-15
PNG,invalid,1,2025-09-15
NGA,invalid,5,2025-09-15
SVK,invalid,11,2025-09-15
BGD,invalid,1,2025-09-15
PAK,invalid,6,2025-09-15
VCT,invalid,5,2025-09-15
TZA,invalid,1,2025-09-15
AFG,invalid,1,2025-09-15
LBR,reject,6,2025-09-15
GUF,quarantine,8,2025-09-15
MDA,invalid,4,2025-09-15
GEO,invalid,2,2025-09-15
EST,invalid,11,2025-09-15
HTI,invalid,2,2025-09-15
NRU,quarantine,2,2025-09-15
UZB,invalid,1,2025-09-15
ATA,reject,6,2025-09-15
ATG,invalid,2,2025-09-15
GGY,invalid,2,2025-09-15
SHN,invalid,5,2025-09-15
SRB,invalid,1,2025-09-15
CYM,invalid,1,2025-09-15
PHL,invalid,5,2025-09-15
PAN,invalid,3,2025-09-15
TON,invalid,4,2025-09-15
SLE,invalid,1,2025-09-15
COM,reject,6,2025-09-15
ASM,invalid,3,2025-09-15
BLR,invalid,3,2025-09-15
MKD,invalid,1,2025-09-15
MDV,invalid,1,2025-09-15
ALB,invalid,2,2025-09-15
DZA,invalid,1,2025-09-15
SOM,invalid,1,2025-09-15
LVA,invalid,3,2025-09-15
QAT,invalid,2,2025-09-15
CYP,invalid,3,2025-09-15
ZWE,invalid,1,2025-09-15
SLV,invalid,2,2025-09-15
THA,invalid,3,2025-09-15
IMN,invalid,1,2025-09-15
LKA,invalid,1,2025-09-15
MMR,invalid,2,2025-09-15
LBN,invalid,1,2025-09-15
LBY,invalid,1,2025-09-15
PLW,invalid,4,2025-09-15
WSM,invalid,2,2025-09-15
MLT,invalid,1,2025-09-15
RWA,invalid,1,2025-09-15
TKL,invalid,1,2025-09-15
PRY,invalid,2,2025-09-15
GRL,invalid,1,2025-09-15
GUM,none,2,2025-09-15
FJI,invalid,1,2025-09-15
BMU,invalid,1,2025-09-15
UGA,invalid,1,2025-09-15
GUY,invalid,1,2025-09-15
MNG,invalid,2,2025-09-15
GUM,quarantine,1,2025-09-15
USA,quarantine,30203,2025-10-09
NGA,quarantine,10847,2025-10-09
UGA,none,1783,2025-10-09
RUS,invalid,171,2025-10-09
CCK,none,21487,2025-10-09
NGA,reject,1433,2025-10-09
UKR,none,28653,2025-10-09
ESP,reject,41984,2025-10-09
TON,quarantine,587,2025-10-09
MOZ,quarantine,437,2025-10-09
URY,quarantine,2710,2025-10-09
SPM,reject,259,2025-10-09
CHN,none,20219,2025-10-09
LTU,quarantine,3553,2025-10-09
BOL,reject,692,2025-10-09
ITA,none,929798,2025-10-09
KGZ,reject,372,2025-10-09
GGY,quarantine,1573,2025-10-09
HUN,quarantine,15363,2025-10-09
CYM,quarantine,396,2025-10-09
DZA,quarantine,715,2025-10-09
HTI,none,223,2025-10-09
HTI,reject,193,2025-10-09
EGY,reject,358,2025-10-09
ZMB,quarantine,200,2025-10-09
CUB,quarantine,114,2025-10-09
SVK,reject,21216,2025-10-09
MDA,none,6592,2025-10-09
NZL,quarantine,15960,2025-10-09
SPM,none,594,2025-10-09
KAZ,none,6684,2025-10-09
UZB,reject,1480,2025-10-09
SWE,quarantine,21729,2025-10-09
CXR,quarantine,450,2025-10-09
SLE,none,223,2025-10-09
BIH,quarantine,1288,2025-10-09
CXR,none,918,2025-10-09
SSD,reject,13,2025-10-09
YEM,reject,35,2025-10-09
MTQ,quarantine,16,2025-10-09
KAZ,quarantine,5436,2025-10-09
VNM,quarantine,3821,2025-10-09
MUS,reject,450,2025-10-09
MWI,quarantine,53,2025-10-09
SLV,none,1255,2025-10-09
IOT,invalid,119,2025-10-09
ISL,none,10300,2025-10-09
IRN,none,90732,2025-10-09
LCA,reject,133,2025-10-09
ETH,reject,74,2025-10-09
TKL,quarantine,231,2025-10-09
ETH,quarantine,82,2025-10-09
SVK,none,53666,2025-10-09
ARE,reject,4505,2025-10-09
AND,quarantine,356,2025-10-09
TKL,reject,401,2025-10-09
RWA,reject,127,2025-10-09
PAN,quarantine,313,2025-10-09
VCT,reject,1349,2025-10-09
BHR,reject,268,2025-10-09
NOR,none,100027,2025-10-09
POL,quarantine,180661,2025-10-09
DZA,none,1960,2025-10-09
DOM,reject,886,2025-10-09
LKA,reject,947,2025-10-09
PAN,none,1250,2025-10-09
MTQ,none,45,2025-10-09
GBR,quarantine,221758,2025-10-09
POL,none,459456,2025-10-09
IDN,quarantine,15821,2025-10-09
REU,none,3911,2025-10-09
VUT,quarantine,240,2025-10-09
FRO,reject,481,2025-10-09
VNM,invalid,25,2025-10-09
USA,reject,48131,2025-10-09
SPM,quarantine,357,2025-10-09
GRD,quarantine,63,2025-10-09
MMR,reject,99,2025-10-09
IDN,none,128145,2025-10-09
KEN,quarantine,14145,2025-10-09
ATG,quarantine,578,2025-10-09
TCD,none,87,2025-10-09
IDN,invalid,33,2025-10-09
STP,reject,406,2025-10-09
TKM,reject,129,2025-10-09
BGD,quarantine,893,2025-10-09
MNE,none,55459,2025-10-09
GGY,none,3481,2025-10-09
EST,reject,4087,2025-10-09
BOL,quarantine,564,2025-10-09
ATF,quarantine,143,2025-10-09
GAB,reject,176,2025-10-09
PRT,invalid,53,2025-10-09
IOT,none,97211,2025-10-09
PLW,reject,1293,2025-10-09
ISL,reject,2223,2025-10-09
SXM,none,156,2025-10-09
ROU,quarantine,13449,2025-10-09
PER,none,23200,2025-10-09
ECU,reject,1653,2025-10-09
DEU,invalid,745,2025-10-09
JEY,reject,323,2025-10-09
EGY,quarantine,305,2025-10-09
CIV,none,2342,2025-10-09
ESP,none,228975,2025-10-09
BEL,reject,56708,2025-10-09
AUT,reject,34107,2025-10-09
ARM,reject,870,2025-10-09
SWE,invalid,256,2025-10-09
BHS,quarantine,30,2025-10-09
COM,quarantine,4,2025-10-09
RUS,quarantine,46429,2025-10-09
BDI,none,492,2025-10-09
BDI,reject,113,2025-10-09
GRL,reject,520,2025-10-09
SYC,none,337,2025-10-09
,none,274700,2025-10-09
PLW,quarantine,1034,2025-10-09
BDI,quarantine,87,2025-10-09
MCO,none,478,2025-10-09
ASM,reject,400,2025-10-09
KEN,invalid,11,2025-10-09
THA,reject,1851,2025-10-09
SVN,reject,2767,2025-10-09
BGD,invalid,1,2025-10-09
CPV,reject,94,2025-10-09
ROU,invalid,31,2025-10-09
CUW,reject,31,2025-10-09
UKR,invalid,40,2025-10-09
PRI,quarantine,51,2025-10-09
RWA,quarantine,169,2025-10-09
MLT,reject,570,2025-10-09
CHL,reject,11673,2025-10-09
FSM,quarantine,486,2025-10-09
ATF,reject,201,2025-10-09
OMN,reject,427,2025-10-09
TUR,reject,8566,2025-10-09
CHE,none,184043,2025-10-09
REU,reject,921,2025-10-09
LIE,reject,3277,2025-10-09
ARE,none,33553,2025-10-09
PRT,reject,9350,2025-10-09
BMU,none,363,2025-10-09
FJI,none,297,2025-10-09
BRN,reject,59,2025-10-09
COK,reject,20,2025-10-09
GIB,reject,97,2025-10-09
GBR,reject,298516,2025-10-09
IND,none,316332,2025-10-09
MKD,none,6390,2025-10-09
SGP,none,21230,2025-10-09
AZE,none,6187,2025-10-09
COD,none,756,2025-10-09
AGO,quarantine,344,2025-10-09
TZA,quarantine,819,2025-10-09
GNQ,none,71,2025-10-09
EGY,none,1205,2025-10-09
KWT,quarantine,237,2025-10-09
HMD,quarantine,12,2025-10-09
SAU,invalid,11,2025-10-09
NOR,quarantine,74475,2025-10-09
IRN,reject,7199,2025-10-09
CUW,none,143,2025-10-09
GRC,invalid,28,2025-10-09
ALB,quarantine,2282,2025-10-09
ALA,none,493,2025-10-09
IRQ,quarantine,133,2025-10-09
SUR,quarantine,111,2025-10-09
ARM,none,5060,2025-10-09
CHE,quarantine,202644,2025-10-09
AFG,none,1147,2025-10-09
SAU,reject,2123,2025-10-09
MAC,reject,67,2025-10-09
SRB,quarantine,2414,2025-10-09
AIA,none,60669,2025-10-09
MUS,none,1705,2025-10-09
CHN,reject,16441,2025-10-09
YEM,quarantine,16,2025-10-09
BHR,none,390,2025-10-09
CMR,none,1150,2025-10-09
GTM,reject,244,2025-10-09
AUT,none,186807,2025-10-09
BWA,none,1550,2025-10-09
IRL,invalid,28,2025-10-09
VGB,none,151,2025-10-09
DNK,none,72254,2025-10-09
MKD,quarantine,947,2025-10-09
GEO,none,6541,2025-10-09
JOR,reject,184,2025-10-09
SYR,none,372,2025-10-09
ALA,reject,140,2025-10-09
DNK,quarantine,21499,2025-10-09
ITA,invalid,218,2025-10-09
SLV,reject,396,2025-10-09
MTQ,reject,34,2025-10-09
MUS,quarantine,380,2025-10-09
GNB,quarantine,9,2025-10-09
BRB,reject,48,2025-10-09
MOZ,none,2351,2025-10-09
LKA,quarantine,1047,2025-10-09
GUY,none,409,2025-10-09
CYP,quarantine,964,2025-10-09
ESP,invalid,136,2025-10-09
DMA,none,39,2025-10-09
VIR,none,29,2025-10-09
MEX,quarantine,23548,2025-10-09
VEN,quarantine,520,2025-10-09
SAU,none,11954,2025-10-09
MAR,quarantine,1505,2025-10-09
MDV,reject,107,2025-10-09
GIB,quarantine,70,2025-10-09
NLD,none,1039788,2025-10-09
DEU,reject,1195300,2025-10-09
MNG,reject,609,2025-10-09
HRV,quarantine,3733,2025-10-09
MCO,quarantine,115,2025-10-09
SGP,quarantine,5738,2025-10-09
CAF,reject,128,2025-10-09
GRD,none,180,2025-10-09
MEX,invalid,93,2025-10-09
TLS,quarantine,44,2025-10-09
AUT,quarantine,30269,2025-10-09
AFG,reject,106,2025-10-09
FRA,none,515402,2025-10-09
PAK,reject,1965,2025-10-09
CMR,quarantine,425,2025-10-09
RUS,reject,52898,2025-10-09
QAT,none,2075,2025-10-09
UZB,quarantine,1742,2025-10-09
OMN,none,801,2025-10-09
PAK,none,27222,2025-10-09
MNE,reject,28125,2025-10-09
AIA,reject,72922,2025-10-09
VEN,none,2695,2025-10-09
GUY,reject,348,2025-10-09
GUF,none,27,2025-10-09
PAK,invalid,6,2025-10-09
LBY,reject,328,2025-10-09
MRT,quarantine,36,2025-10-09
CMR,reject,417,2025-10-09
SMR,quarantine,28,2025-10-09
SWZ,quarantine,165,2025-10-09
LVA,reject,4675,2025-10-09
NER,quarantine,60,2025-10-09
COL,quarantine,72684,2025-10-09
LIE,none,3485,2025-10-09
MNG,none,1257,2025-10-09
ATG,none,1324,2025-10-09
GRD,reject,81,2025-10-09
EST,quarantine,9066,2025-10-09
NIU,reject,6278,2025-10-09
KWT,none,374,2025-10-09
CUB,reject,295,2025-10-09
TTO,none,208,2025-10-09
SXM,quarantine,53,2025-10-09
ARM,quarantine,873,2025-10-09
TJK,quarantine,72,2025-10-09
VCT,invalid,4,2025-10-09
MYS,reject,5909,2025-10-09
GNQ,quarantine,33,2025-10-09
CCK,quarantine,20893,2025-10-09
TON,reject,764,2025-10-09
SVN,quarantine,3617,2025-10-09
BLR,quarantine,2412,2025-10-09
SVK,quarantine,7905,2025-10-09
NPL,reject,1301,2025-10-09
GMB,quarantine,85,2025-10-09
VUT,none,179,2025-10-09
HKG,quarantine,2632,2025-10-09
FIN,none,54931,2025-10-09
HRV,reject,2858,2025-10-09
PRI,reject,240,2025-10-09
MCO,reject,111,2025-10-09
JPN,quarantine,34569,2025-10-09
CYP,none,3285,2025-10-09
KGZ,quarantine,1112,2025-10-09
IRQ,none,1822,2025-10-09
LUX,none,8561,2025-10-09
VCT,quarantine,1162,2025-10-09
IRL,reject,5600,2025-10-09
ATG,reject,764,2025-10-09
CHN,invalid,18,2025-10-09
GUY,quarantine,175,2025-10-09
IND,quarantine,116843,2025-10-09
SHN,reject,1198,2025-10-09
QAT,reject,611,2025-10-09
PRY,reject,895,2025-10-09
LCA,none,561,2025-10-09
SGS,none,199,2025-10-09
HUN,invalid,67,2025-10-09
REU,quarantine,2288,2025-10-09
KOR,invalid,49,2025-10-09
ASM,quarantine,996,2025-10-09
SXM,reject,101,2025-10-09
BLR,none,8534,2025-10-09
KAZ,reject,2585,2025-10-09
CRI,none,2073,2025-10-09
ALA,quarantine,137,2025-10-09
DNK,invalid,251,2025-10-09
ARG,quarantine,10347,2025-10-09
MWI,reject,138,2025-10-09
VUT,reject,114,2025-10-09
TTO,reject,134,2025-10-09
FRO,quarantine,209,2025-10-09
VGB,reject,129,2025-10-09
HND,reject,416,2025-10-09
KAZ,invalid,17,2025-10-09
HRV,none,43256,2025-10-09
UKR,reject,5293,2025-10-09
PER,reject,4145,2025-10-09
RWA,none,1161,2025-10-09
SRB,reject,2100,2025-10-09
SSD,none,74,2025-10-09
WSM,quarantine,1003,2025-10-09
BFA,quarantine,151,2025-10-09
SDN,none,358,2025-10-09
COK,none,81,2025-10-09
GLP,none,98,2025-10-09
POL,invalid,133,2025-10-09
AUS,none,397692,2025-10-09
TZA,invalid,1,2025-10-09
GBR,none,790951,2025-10-09
TWN,reject,6466,2025-10-09
AIA,invalid,51,2025-10-09
BIH,reject,672,2025-10-09
BHR,quarantine,185,2025-10-09
BRA,none,809510,2025-10-09
MDG,none,1014,2025-10-09
ECU,quarantine,1861,2025-10-09
CHN,quarantine,15613,2025-10-09
VNM,reject,5701,2025-10-09
ISL,quarantine,1913,2025-10-09
DOM,quarantine,871,2025-10-09
NCL,quarantine,422,2025-10-09
PRI,none,121,2025-10-09
BRN,none,102,2025-10-09
CYM,none,612,2025-10-09
TGO,reject,88,2025-10-09
BRN,quarantine,113,2025-10-09
KIR,none,22,2025-10-09
ISR,none,36552,2025-10-09
ISR,reject,2921,2025-10-09
CHL,invalid,2444,2025-10-09
NLD,invalid,1009,2025-10-09
BWA,quarantine,355,2025-10-09
,quarantine,87064,2025-10-09
TLS,none,206,2025-10-09
ATF,none,265,2025-10-09
ROU,reject,22027,2025-10-09
PRT,none,91069,2025-10-09
SOM,none,1923,2025-10-09
UKR,quarantine,6995,2025-10-09
SLB,none,105,2025-10-09
TCA,none,235,2025-10-09
TZA,reject,623,2025-10-09
JEY,quarantine,170,2025-10-09
BFA,reject,37,2025-10-09
GIN,none,240,2025-10-09
SGS,reject,221,2025-10-09
HKG,none,15430,2025-10-09
SEN,reject,273,2025-10-09
BLZ,quarantine,502,2025-10-09
JOR,none,492,2025-10-09
TLS,reject,90,2025-10-09
,invalid,163,2025-10-09
NZL,none,78274,2025-10-09
CAN,reject,104147,2025-10-09
FRA,reject,139551,2025-10-09
TUV,reject,7878,2025-10-09
THA,none,9477,2025-10-09
DNK,reject,99543,2025-10-09
TUV,none,14731,2025-10-09
GEO,quarantine,1360,2025-10-09
MLT,none,2128,2025-10-09
MRT,reject,49,2025-10-09
JAM,quarantine,118,2025-10-09
LBR,reject,6,2025-10-09
IRL,quarantine,5162,2025-10-09
TJK,reject,164,2025-10-09
BWA,reject,266,2025-10-09
SYC,quarantine,69,2025-10-09
MMR,quarantine,223,2025-10-09
VNM,none,15448,2025-10-09
SYC,reject,183,2025-10-09
BEN,quarantine,183,2025-10-09
ATA,none,8,2025-10-09
,reject,155950,2025-10-09
NER,reject,21,2025-10-09
BRB,quarantine,59,2025-10-09
GEO,reject,733,2025-10-09
TCD,reject,61,2025-10-09
NGA,none,37624,2025-10-09
LUX,reject,3884,2025-10-09
VAT,none,96,2025-10-09
TUV,quarantine,5232,2025-10-09
JPN,none,268949,2025-10-09
SVN,none,41376,2025-10-09
SDN,reject,100,2025-10-09
FRA,quarantine,137443,2025-10-09
SRB,none,20915,2025-10-09
LVA,none,11394,2025-10-09
GTM,quarantine,117,2025-10-09
TKL,none,699,2025-10-09
URY,reject,1246,2025-10-09
COL,none,287049,2025-10-09
PHL,none,9753,2025-10-09
PER,quarantine,3682,2025-10-09
ISR,invalid,22,2025-10-09
GAB,quarantine,494,2025-10-09
MLT,quarantine,512,2025-10-09
MNE,quarantine,27361,2025-10-09
MSR,none,487,2025-10-09
ALB,reject,1313,2025-10-09
MLI,quarantine,143,2025-10-09
VEN,reject,750,2025-10-09
PHL,quarantine,3199,2025-10-09
NCL,reject,223,2025-10-09
NIC,none,296,2025-10-09
BGR,none,12481,2025-10-09
COD,quarantine,138,2025-10-09
IOT,reject,42978,2025-10-09
BRA,invalid,842,2025-10-09
JEY,none,685,2025-10-09
ALB,none,4586,2025-10-09
KEN,reject,1287,2025-10-09
TCA,reject,126,2025-10-09
MLI,reject,213,2025-10-09
USA,invalid,89,2025-10-09
ASM,none,1101,2025-10-09
TJK,none,330,2025-10-09
GMB,none,168,2025-10-09
FSM,reject,515,2025-10-09
COG,none,251,2025-10-09
SWZ,reject,33,2025-10-09
MDA,quarantine,1308,2025-10-09
ZWE,none,7487,2025-10-09
MYT,reject,130,2025-10-09
FLK,reject,48,2025-10-09
GHA,none,577,2025-10-09
MSR,quarantine,239,2025-10-09
UZB,none,14597,2025-10-09
LTU,none,32669,2025-10-09
MLI,none,508,2025-10-09
TWN,invalid,47,2025-10-09
KGZ,none,1536,2025-10-09
SYR,quarantine,208,2025-10-09
LKA,none,11231,2025-10-09
CHL,none,134493,2025-10-09
SWE,reject,42544,2025-10-09
BGD,reject,530,2025-10-09
SHN,quarantine,1322,2025-10-09
MDA,reject,843,2025-10-09
IRQ,reject,320,2025-10-09
GNB,none,106,2025-10-09
HND,quarantine,215,2025-10-09
AND,reject,145,2025-10-09
STP,none,853,2025-10-09
TKM,none,55,2025-10-09
ARE,invalid,13,2025-10-09
AUS,reject,131656,2025-10-09
TUN,quarantine,1137,2025-10-09
MOZ,reject,353,2025-10-09
LIE,quarantine,2993,2025-10-09
AZE,quarantine,1452,2025-10-09
CXR,reject,435,2025-10-09
MKD,reject,689,2025-10-09
SVN,invalid,13,2025-10-09
CAN,quarantine,79921,2025-10-09
AUS,quarantine,115157,2025-10-09
BTN,none,57,2025-10-09
DEU,quarantine,304209,2025-10-09
AZE,reject,1457,2025-10-09
GRL,none,481,2025-10-09
TWN,none,23294,2025-10-09
LAO,reject,1137,2025-10-09
PER,invalid,67,2025-10-09
NZL,reject,20326,2025-10-09
MAC,quarantine,76,2025-10-09
TTO,quarantine,78,2025-10-09
VCT,none,2171,2025-10-09
FLK,none,12,2025-10-09
FSM,none,1472,2025-10-09
MDV,quarantine,397,2025-10-09
BLZ,reject,725,2025-10-09
CPV,none,1759,2025-10-09
CYM,reject,529,2025-10-09
BLZ,none,1672,2025-10-09
SEN,quarantine,399,2025-10-09
NRU,reject,29,2025-10-09
PNG,none,631,2025-10-09
NLD,quarantine,318457,2025-10-09
PRT,quarantine,11445,2025-10-09
PHL,reject,4245,2025-10-09
LBN,quarantine,131,2025-10-09
KHM,quarantine,121,2025-10-09
JPN,invalid,66,2025-10-09
GIN,quarantine,19,2025-10-09
BRA,reject,66098,2025-10-09
MNE,invalid,58,2025-10-09
FJI,quarantine,109,2025-10-09
BEN,reject,63,2025-10-09
FIN,invalid,53,2025-10-09
NIC,reject,341,2025-10-09
AIA,quarantine,51695,2025-10-09
TUR,quarantine,48234,2025-10-09
BRA,quarantine,78657,2025-10-09
BOL,none,2111,2025-10-09
PSE,reject,411,2025-10-09
CZE,reject,18570,2025-10-09
CAF,none,253,2025-10-09
AFG,quarantine,111,2025-10-09
LBN,none,372,2025-10-09
TGO,none,419,2025-10-09
CYP,reject,833,2025-10-09
BGR,quarantine,1921,2025-10-09
TKM,quarantine,244,2025-10-09
ARM,invalid,22,2025-10-09
HUN,none,158998,2025-10-09
LAO,none,2158,2025-10-09
LBY,none,2898,2025-10-09
GRL,quarantine,138,2025-10-09
MDV,none,933,2025-10-09
LSO,none,310,2025-10-09
SGS,quarantine,131,2025-10-09
SUR,reject,107,2025-10-09
DEU,none,999817,2025-10-09
PRY,none,8401,2025-10-09
TON,none,2097,2025-10-09
OMN,quarantine,187,2025-10-09
ZAF,reject,42023,2025-10-09
MYS,quarantine,11079,2025-10-09
BIH,none,9316,2025-10-09
DJI,none,229,2025-10-09
AGO,reject,550,2025-10-09
COD,reject,153,2025-10-09
URY,none,12878,2025-10-09
NIU,quarantine,5967,2025-10-09
ISR,quarantine,4682,2025-10-09
WSM,reject,1291,2025-10-09
CIV,reject,221,2025-10-09
GRC,none,91398,2025-10-09
NPL,quarantine,1461,2025-10-09
MDG,quarantine,282,2025-10-09
BFA,none,277,2025-10-09
SOM,reject,354,2025-10-09
TGO,quarantine,146,2025-10-09
FRA,invalid,543,2025-10-09
SLE,quarantine,53,2025-10-09
NPL,none,10089,2025-10-09
CHL,quarantine,9061,2025-10-09
TCA,quarantine,84,2025-10-09
AND,none,515,2025-10-09
WSM,none,2683,2025-10-09
YEM,none,53,2025-10-09
PYF,reject,130,2025-10-09
NLD,reject,543514,2025-10-09
MYS,none,33415,2025-10-09
KOR,reject,3784,2025-10-09
CHE,invalid,134,2025-10-09
KWT,reject,223,2025-10-09
BRB,none,82,2025-10-09
ARG,none,164633,2025-10-09
TWN,quarantine,6599,2025-10-09
STP,quarantine,397,2025-10-09
SAU,quarantine,1999,2025-10-09
NCL,none,923,2025-10-09
ZMB,none,716,2025-10-09
PNG,quarantine,180,2025-10-09
ZAF,none,193969,2025-10-09
BLR,reject,2691,2025-10-09
KOR,quarantine,1926,2025-10-09
IDN,reject,34232,2025-10-09
BMU,reject,247,2025-10-09
MSR,reject,441,2025-10-09
HTI,quarantine,28,2025-10-09
CUB,none,90,2025-10-09
ZAF,quarantine,46604,2025-10-09
NIC,quarantine,207,2025-10-09
UGA,reject,306,2025-10-09
VIR,quarantine,13,2025-10-09
ROU,none,149974,2025-10-09
SGP,reject,6333,2025-10-09
ARG,reject,7028,2025-10-09
PYF,quarantine,92,2025-10-09
SMR,none,160,2025-10-09
WLF,none,141,2025-10-09
JOR,quarantine,571,2025-10-09
PRY,quarantine,1505,2025-10-09
IND,invalid,142,2025-10-09
KHM,none,582,2025-10-09
ARG,invalid,173,2025-10-09
BMU,quarantine,158,2025-10-09
GRC,quarantine,39795,2025-10-09
MAR,reject,1383,2025-10-09
COL,reject,184959,2025-10-09
LVA,quarantine,3163,2025-10-09
TUN,reject,380,2025-10-09
CAN,invalid,255,2025-10-09
FIN,reject,9870,2025-10-09
NER,none,72,2025-10-09
LSO,quarantine,70,2025-10-09
LUX,quarantine,4650,2025-10-09
THA,quarantine,5819,2025-10-09
AGO,none,5563,2025-10-09
DJI,quarantine,44,2025-10-09
BGD,none,7868,2025-10-09
BEN,none,560,2025-10-09
MYT,quarantine,243,2025-10-09
HUN,reject,8312,2025-10-09
GGY,reject,1742,2025-10-09
GAB,none,232,2025-10-09
LBN,reject,121,2025-10-09
MMR,none,284,2025-10-09
SYR,reject,65,2025-10-09
UGA,quarantine,371,2025-10-09
FIN,quarantine,12395,2025-10-09
SEN,none,1009,2025-10-09
PYF,none,242,2025-10-09
JPN,reject,18408,2025-10-09
GTM,none,776,2025-10-09
MRT,none,282,2025-10-09
MNG,quarantine,849,2025-10-09
MWI,none,251,2025-10-09
JAM,reject,102,2025-10-09
KNA,reject,23,2025-10-09
HKG,reject,4195,2025-10-09
PSE,quarantine,315,2025-10-09
GUF,reject,34,2025-10-09
JAM,none,144,2025-10-09
LTU,invalid,18,2025-10-09
SHN,none,2011,2025-10-09
HND,none,592,2025-10-09
GBR,invalid,767,2025-10-09
PAK,quarantine,2612,2025-10-09
SDN,quarantine,72,2025-10-09
SWZ,none,137,2025-10-09
KHM,reject,198,2025-10-09
EST,none,30936,2025-10-09
TUN,none,3659,2025-10-09
NZL,invalid,69,2025-10-09
CRI,reject,847,2025-10-09
NAM,none,51,2025-10-09
CCK,invalid,21,2025-10-09
SLB,quarantine,32,2025-10-09
PLW,none,2659,2025-10-09
SLB,reject,55,2025-10-09
WLF,reject,96,2025-10-09
ITA,quarantine,43919,2025-10-09
QAT,quarantine,459,2025-10-09
PAN,reject,662,2025-10-09
VGB,quarantine,83,2025-10-09
ARE,quarantine,4312,2025-10-09
GIB,none,324,2025-10-09
CAF,quarantine,71,2025-10-09
LSO,reject,57,2025-10-09
CZE,invalid,71,2025-10-09
GNQ,reject,54,2025-10-09
BEL,none,200206,2025-10-09
ECU,none,8441,2025-10-09
ZMB,reject,149,2025-10-09
BGR,reject,2031,2025-10-09
PSE,none,1243,2025-10-09
POL,reject,246054,2025-10-09
MEX,none,130046,2025-10-09
COL,invalid,195,2025-10-09
BTN,quarantine,33,2025-10-09
GHA,reject,123,2025-10-09
TUR,none,102166,2025-10-09
SLE,reject,60,2025-10-09
TUR,invalid,88,2025-10-09
MNP,none,43,2025-10-09
CAN,none,279271,2025-10-09
RUS,none,196027,2025-10-09
IMN,quarantine,1764,2025-10-09
IMN,none,4316,2025-10-09
AUS,invalid,454,2025-10-09
NOR,invalid,102,2025-10-09
ZAF,invalid,73,2025-10-09
IOT,quarantine,38961,2025-10-09
LAO,quarantine,1031,2025-10-09
BHS,none,56,2025-10-09
FRO,none,483,2025-10-09
ABW,none,165,2025-10-09
IMN,reject,938,2025-10-09
NAM,reject,24,2025-10-09
NIU,none,17077,2025-10-09
MEX,reject,29986,2025-10-09
SWE,none,106893,2025-10-09
NOR,reject,17862,2025-10-09
KEN,none,21900,2025-10-09
DZA,reject,586,2025-10-09
USA,none,87015,2025-10-09
IRL,none,35267,2025-10-09
CRI,quarantine,819,2025-10-09
ESP,quarantine,93049,2025-10-09
ETH,none,2543,2025-10-09
GLP,reject,77,2025-10-09
SLV,quarantine,337,2025-10-09
CPV,quarantine,126,2025-10-09
BTN,reject,260,2025-10-09
LBR,none,62,2025-10-09
CHE,reject,225200,2025-10-09
FJI,reject,126,2025-10-09
MAR,none,18722,2025-10-09
IRN,quarantine,13527,2025-10-09
CIV,quarantine,670,2025-10-09
LBY,quarantine,617,2025-10-09
ZWE,reject,380,2025-10-09
CZE,none,143893,2025-10-09
SUR,none,424,2025-10-09
ITA,reject,37647,2025-10-09
CZE,quarantine,33100,2025-10-09
LTU,reject,3226,2025-10-09
MDG,reject,193,2025-10-09
COG,reject,63,2025-10-09
IND,reject,156967,2025-10-09
CCK,reject,12382,2025-10-09
TZA,none,8054,2025-10-09
ZWE,quarantine,418,2025-10-09
MAC,none,310,2025-10-09
GHA,quarantine,158,2025-10-09
BEL,quarantine,57915,2025-10-09
GRC,reject,10243,2025-10-09
DOM,none,3740,2025-10-09
MYT,none,410,2025-10-09
SOM,quarantine,276,2025-10-09
BHS,reject,114,2025-10-09
KOR,none,9739,2025-10-09
BEL,invalid,355,2025-10-09
PLW,invalid,4,2025-10-09
GMB,reject,30,2025-10-09
NIU,invalid,32,2025-10-09
RWA,invalid,1,2025-10-09
ABW,reject,25,2025-10-09
IRN,invalid,10,2025-10-09
AUT,invalid,61,2025-10-09
DJI,reject,56,2025-10-09
DMA,quarantine,10,2025-10-09
GIN,reject,3,2025-10-09
ALB,invalid,2,2025-10-09
COG,quarantine,108,2025-10-09
GUF,quarantine,8,2025-10-09
AGO,invalid,2,2025-10-09
CUW,quarantine,49,2025-10-09
MNP,reject,42,2025-10-09
MDA,invalid,4,2025-10-09
PHL,invalid,5,2025-10-09
LAO,invalid,6,2025-10-09
KIR,reject,30,2025-10-09
MAR,invalid,5,2025-10-09
ABW,quarantine,24,2025-10-09
DMA,reject,31,2025-10-09
TKL,invalid,1,2025-10-09
ECU,invalid,6,2025-10-09
AZE,invalid,9,2025-10-09
PNG,reject,61,2025-10-09
VIR,reject,39,2025-10-09
MNP,quarantine,27,2025-10-09
NFK,reject,28,2025-10-09
WLF,quarantine,65,2025-10-09
LVA,invalid,3,2025-10-09
NFK,none,18,2025-10-09
KNA,quarantine,7,2025-10-09
TUV,invalid,13,2025-10-09
VAT,quarantine,11,2025-10-09
SSD,quarantine,17,2025-10-09
GLP,quarantine,30,2025-10-09
NAM,quarantine,22,2025-10-09
LBN,invalid,1,2025-10-09
LBY,invalid,1,2025-10-09
LIE,invalid,6,2025-10-09
NPL,invalid,3,2025-10-09
MYS,invalid,24,2025-10-09
THA,invalid,3,2025-10-09
PCN,none,17,2025-10-09
BLR,invalid,3,2025-10-09
KIR,quarantine,9,2025-10-09
NGA,invalid,5,2025-10-09
SMR,reject,41,2025-10-09
HMD,reject,17,2025-10-09
TCD,quarantine,24,2025-10-09
GUM,reject,4,2025-10-09
COM,reject,7,2025-10-09
ASM,invalid,3,2025-10-09
ATA,reject,6,2025-10-09
KNA,none,28,2025-10-09
HRV,invalid,5,2025-10-09
COM,none,24,2025-10-09
PAN,invalid,3,2025-10-09
SVK,invalid,11,2025-10-09
ISL,invalid,6,2025-10-09
MKD,invalid,1,2025-10-09
LUX,invalid,10,2025-10-09
PCN,invalid,4,2025-10-09
GHA,invalid,5,2025-10-09
MDV,invalid,1,2025-10-09
PCN,reject,29,2025-10-09
HKG,invalid,10,2025-10-09
EST,invalid,13,2025-10-09
CIV,invalid,1,2025-10-09
COK,quarantine,6,2025-10-09
MOZ,invalid,2,2025-10-09
LCA,quarantine,51,2025-10-09
LBR,quarantine,5,2025-10-09
DOM,invalid,6,2025-10-09
CRI,invalid,4,2025-10-09
HTI,invalid,2,2025-10-09
IMN,invalid,1,2025-10-09
LKA,invalid,1,2025-10-09
EGY,invalid,3,2025-10-09
SGP,invalid,12,2025-10-09
SHN,invalid,4,2025-10-09
DZA,invalid,1,2025-10-09
BIH,invalid,3,2025-10-09
BOL,invalid,5,2025-10-09
JEY,invalid,2,2025-10-09
SOM,invalid,1,2025-10-09
GNB,reject,5,2025-10-09
URY,invalid,8,2025-10-09
GEO,invalid,2,2025-10-09
QAT,invalid,2,2025-10-09
PCN,quarantine,4,2025-10-09
PRY,invalid,1,2025-10-09
HMD,none,16,2025-10-09
GRL,invalid,1,2025-10-09
GUM,none,2,2025-10-09
CYP,invalid,3,2025-10-09
BMU,invalid,1,2025-10-09
GGY,invalid,2,2025-10-09
GUY,invalid,1,2025-10-09
SLV,invalid,2,2025-10-09
NFK,quarantine,4,2025-10-09
NRU,none,8,2025-10-09
MLT,invalid,1,2025-10-09
TON,invalid,4,2025-10-09
ZWE,invalid,1,2025-10-09
CXR,invalid,2,2025-10-09
REU,invalid,4,2025-10-09
NRU,quarantine,2,2025-10-09
TUN,invalid,4,2025-10-09
MMR,invalid,2,2025-10-09
ATG,invalid,2,2025-10-09
CYM,invalid,1,2025-10-09
GTM,invalid,2,2025-10-09
SLE,invalid,1,2025-10-09
NER,invalid,1,2025-10-09
SRB,invalid,2,2025-10-09
BGR,invalid,2,2025-10-09
FSM,invalid,1,2025-10-09
FJI,invalid,1,2025-10-09
LCA,invalid,1,2025-10-09
BEN,invalid,1,2025-10-09
BLZ,invalid,2,2025-10-09
SGS,invalid,1,2025-10-09
MNG,invalid,2,2025-10-09
GUM,quarantine,1,2025-10-09
UZB,invalid,1,2025-10-09
WSM,invalid,1,2025-10-09
HND,invalid,1,2025-10-09
PNG,invalid,1,2025-10-09
