country,internal_reporting,count,timestamp
BRA,True,180,2024-02-15
THA,False,30,2024-02-15
SLB,True,61,2024-02-15
ZAF,False,98,2024-02-15
HTI,,8,2024-02-15
PSE,,21,2024-02-15
NOR,True,145,2024-02-15
IRN,True,21,2024-02-15
POL,,206,2024-02-15
LVA,,16,2024-02-15
WSM,True,13,2024-02-15
JAM,,20,2024-02-15
ZMB,,5,2024-02-15
PRY,False,14,2024-02-15
BRA,,332,2024-02-15
LAO,True,16,2024-02-15
MOZ,,91,2024-02-15
JOR,,2,2024-02-15
RWA,True,107,2024-02-15
TUR,False,13,2024-02-15
SOM,,2,2024-02-15
NPL,True,405,2024-02-15
ECU,False,33,2024-02-15
MDG,True,34,2024-02-15
BRN,,1,2024-02-15
SLB,False,2,2024-02-15
URY,,46,2024-02-15
BOL,,46,2024-02-15
HKG,True,181,2024-02-15
IND,False,26,2024-02-15
SHN,False,3,2024-02-15
HND,True,18,2024-02-15
GIB,,17,2024-02-15
LBY,,6,2024-02-15
IDN,True,351,2024-02-15
CHN,False,68,2024-02-15
ITA,True,16,2024-02-15
MOZ,False,4,2024-02-15
JPN,True,89,2024-02-15
ETH,True,20,2024-02-15
IRN,False,5,2024-02-15
VEN,False,17,2024-02-15
NRU,True,2,2024-02-15
ETH,,336,2024-02-15
KWT,False,10,2024-02-15
GEO,False,3,2024-02-15
LKA,True,39,2024-02-15
UKR,,921,2024-02-15
ITA,,48,2024-02-15
BMU,True,1,2024-02-15
CMR,,22,2024-02-15
GHA,,10,2024-02-15
NOR,False,363,2024-02-15
TZA,True,667,2024-02-15
JAM,True,19,2024-02-15
SEN,,1,2024-02-15
SGP,True,207,2024-02-15
MLI,True,4,2024-02-15
KWT,True,24,2024-02-15
GUY,,14,2024-02-15
COM,,2,2024-02-15
LCA,,2,2024-02-15
BHS,True,2,2024-02-15
ZAF,True,37,2024-02-15
SHN,,3,2024-02-15
GUY,False,5,2024-02-15
MNG,False,2,2024-02-15
SLV,False,2,2024-02-15
PCN,,2,2024-02-15
QAT,,20,2024-02-15
BHS,,2,2024-02-15
MAR,False,5,2024-02-15
GBR,,1556,2024-02-15
BOL,True,90,2024-02-15
MEX,False,122,2024-02-15
TLS,True,64,2024-02-15
MAC,True,9,2024-02-15
TZA,False,2,2024-02-15
SOM,True,2,2024-02-15
PRY,,81,2024-02-15
GHA,True,17,2024-02-15
TTO,False,3,2024-02-15
UGA,False,10,2024-02-15
KAZ,True,5,2024-02-15
TON,,4,2024-02-15
GEO,True,60,2024-02-15
URY,True,72,2024-02-15
MDG,False,4,2024-02-15
CRI,,69,2024-02-15
JOR,False,9,2024-02-15
SYC,True,33,2024-02-15
MMR,True,78,2024-02-15
LKA,False,8,2024-02-15
GBR,False,395,2024-02-15
TON,True,23,2024-02-15
LVA,True,111,2024-02-15
DZA,False,2,2024-02-15
NPL,,3,2024-02-15
CRI,True,47,2024-02-15
BRN,True,59,2024-02-15
UGA,,25,2024-02-15
MLI,,5,2024-02-15
JAM,False,31,2024-02-15
KNA,,1,2024-02-15
MEX,,605,2024-02-15
UKR,True,204,2024-02-15
LBN,True,15,2024-02-15
GRC,False,9,2024-02-15
PNG,,61,2024-02-15
DMA,,2,2024-02-15
YEM,,7,2024-02-15
IDN,False,74,2024-02-15
LVA,False,1,2024-02-15
MNG,,249,2024-02-15
BLR,,117,2024-02-15
SYC,,1,2024-02-15
NIC,True,41,2024-02-15
LTU,True,5,2024-02-15
KOR,False,1,2024-02-15
TKM,,11,2024-02-15
NZL,,144,2024-02-15
THA,,2229,2024-02-15
CYP,False,3,2024-02-15
NOR,,173,2024-02-15
IRQ,,75,2024-02-15
MOZ,True,26,2024-02-15
VEN,,52,2024-02-15
SAU,True,691,2024-02-15
CHL,False,25,2024-02-15
TLS,,4,2024-02-15
EGY,False,12,2024-02-15
SAU,,94,2024-02-15
GRC,True,20,2024-02-15
LAO,False,1,2024-02-15
CAN,True,1,2024-02-15
DOM,,215,2024-02-15
PRT,True,56,2024-02-15
CYP,True,5,2024-02-15
LBR,True,4,2024-02-15
BHR,,4,2024-02-15
TWN,False,5,2024-02-15
NIC,,26,2024-02-15
CHL,True,62,2024-02-15
KHM,True,66,2024-02-15
MEX,True,292,2024-02-15
DOM,False,82,2024-02-15
SEN,True,1,2024-02-15
MNG,True,1,2024-02-15
GIB,True,16,2024-02-15
SSD,,3,2024-02-15
FJI,True,47,2024-02-15
PNG,True,24,2024-02-15
NAM,True,1,2024-02-15
SGP,False,98,2024-02-15
TTO,True,16,2024-02-15
ISR,False,9,2024-02-15
KWT,,23,2024-02-15
UKR,False,36,2024-02-15
MWI,,2,2024-02-15
MDV,True,22,2024-02-15
FJI,,49,2024-02-15
MRT,,24,2024-02-15
PER,,252,2024-02-15
MYS,True,314,2024-02-15
NLD,,1,2024-02-15
BTN,True,48,2024-02-15
SLE,True,4,2024-02-15
PAK,,59,2024-02-15
PAN,False,5,2024-02-15
VNM,True,78,2024-02-15
TUR,,767,2024-02-15
MKD,False,10,2024-02-15
BHR,False,7,2024-02-15
HKG,False,2,2024-02-15
MRT,True,1,2024-02-15
SLE,,43,2024-02-15
EGY,True,20,2024-02-15
MNE,,63,2024-02-15
TKM,True,7,2024-02-15
PHL,True,79,2024-02-15
PSE,True,19,2024-02-15
COM,True,7,2024-02-15
LCA,True,2,2024-02-15
MAR,,22,2024-02-15
MDG,,37,2024-02-15
SDN,,27,2024-02-15
GEO,,44,2024-02-15
OMN,,9,2024-02-15
MWI,True,53,2024-02-15
DOM,True,186,2024-02-15
KEN,False,18,2024-02-15
JPN,False,5,2024-02-15
CIV,False,3,2024-02-15
KGZ,False,2,2024-02-15
VNM,,54,2024-02-15
PAN,,13,2024-02-15
CIV,,5,2024-02-15
BLR,True,4,2024-02-15
LBR,,1,2024-02-15
IRQ,True,36,2024-02-15
KOR,,48,2024-02-15
KGZ,True,11,2024-02-15
SDN,False,1,2024-02-15
SLE,False,6,2024-02-15
ZAF,,43,2024-02-15
BTN,,53,2024-02-15
ISR,,17,2024-02-15
ZMB,True,3,2024-02-15
KIR,True,2,2024-02-15
PRT,,21,2024-02-15
OMN,True,16,2024-02-15
TUN,,4,2024-02-15
JOR,True,237,2024-02-15
CRI,False,40,2024-02-15
DZA,True,34,2024-02-15
LTU,,2,2024-02-15
IRN,,9,2024-02-15
PAK,False,17,2024-02-15
ZWE,True,3,2024-02-15
CYP,,3,2024-02-15
THA,True,575,2024-02-15
TWN,,79,2024-02-15
MYS,,96,2024-02-15
CHL,,39,2024-02-15
NGA,False,46,2024-02-15
MAC,,13,2024-02-15
PER,True,162,2024-02-15
ECU,True,240,2024-02-15
ZWE,False,6,2024-02-15
NGA,True,43,2024-02-15
SAU,False,35,2024-02-15
SRB,True,11,2024-02-15
CAN,,1,2024-02-15
PER,False,94,2024-02-15
WSM,False,3,2024-02-15
SDN,True,1,2024-02-15
MDV,False,22,2024-02-15
POL,False,15,2024-02-15
RUS,,1,2024-02-15
PAK,True,56,2024-02-15
HTI,True,5,2024-02-15
TUN,True,3,2024-02-15
KIR,,3,2024-02-15
GBR,True,1869,2024-02-15
BRN,False,4,2024-02-15
YEM,False,1,2024-02-15
IRQ,False,34,2024-02-15
BLZ,,49,2024-02-15
ITA,False,13,2024-02-15
ESP,False,3,2024-02-15
TTO,,48,2024-02-15
PRI,,1,2024-02-15
ESP,,16,2024-02-15
CHN,True,36,2024-02-15
MYS,False,70,2024-02-15
MAR,True,22,2024-02-15
NIC,False,19,2024-02-15
ZMB,False,3,2024-02-15
PAN,True,12,2024-02-15
KEN,,186,2024-02-15
PRI,True,1,2024-02-15
WSM,,12,2024-02-15
LKA,,29,2024-02-15
ISR,True,84,2024-02-15
MDV,,131,2024-02-15
POL,True,250,2024-02-15
LBN,,8,2024-02-15
IRL,True,6,2024-02-15
KEN,True,212,2024-02-15
TWN,True,47,2024-02-15
SLB,,3,2024-02-15
IRL,,7,2024-02-15
GHA,False,7,2024-02-15
SRB,False,1,2024-02-15
CMR,True,3,2024-02-15
UGA,True,145,2024-02-15
SHN,True,3,2024-02-15
PNG,False,9,2024-02-15
NGA,,69,2024-02-15
TUR,True,291,2024-02-15
MNE,True,63,2024-02-15
KHM,False,7,2024-02-15
HND,,27,2024-02-15
TON,False,3,2024-02-15
YEM,True,7,2024-02-15
SLV,,45,2024-02-15
ECU,,205,2024-02-15
GRD,,1,2024-02-15
ETH,False,6,2024-02-15
DMA,True,2,2024-02-15
GRC,,48,2024-02-15
SYR,,5,2024-02-15
DMA,False,2,2024-02-15
GIN,,104,2024-02-15
LBN,False,4,2024-02-15
COK,,7,2024-02-15
LBY,False,3,2024-02-15
SSD,True,1,2024-02-15
NZL,False,367,2024-02-15
OMN,False,137,2024-02-15
RUS,True,2,2024-02-15
QAT,False,14,2024-02-15
LBY,True,3,2024-02-15
SGP,,143,2024-02-15
PRT,False,9,2024-02-15
HND,False,11,2024-02-15
IND,,1981,2024-02-15
KAZ,,25,2024-02-15
HTI,False,6,2024-02-15
BRA,False,24,2024-02-15
GIN,True,8,2024-02-15
LTU,False,1,2024-02-15
HKG,,454,2024-02-15
NZL,True,243,2024-02-15
PHL,False,35,2024-02-15
KHM,,82,2024-02-15
MMR,,19,2024-02-15
MMR,False,13,2024-02-15
MKD,,39,2024-02-15
IRL,False,18,2024-02-15
IDN,,511,2024-02-15
CHN,,14,2024-02-15
SLV,True,103,2024-02-15
MKD,True,33,2024-02-15
PRI,False,2,2024-02-15
DZA,,35,2024-02-15
FLK,True,4,2024-02-15
GUY,True,94,2024-02-15
BOL,False,38,2024-02-15
VEN,True,129,2024-02-15
CIV,True,12,2024-02-15
JPN,,106,2024-02-15
ESP,True,34,2024-02-15
SRB,,9,2024-02-15
BHR,True,8,2024-02-15
TZA,,6,2024-02-15
BHS,False,3,2024-02-15
KGZ,,27,2024-02-15
LAO,,22,2024-02-15
PHL,,205,2024-02-15
IND,True,460,2024-02-15
EGY,,38,2024-02-15
KOR,True,45,2024-02-15
PRY,True,133,2024-02-15
QAT,True,48,2024-02-15
URY,False,3,2024-02-15
VNM,False,2,2024-02-15
BRA,True,192,2024-03-15
THA,False,34,2024-03-15
ZAF,False,105,2024-03-15
SLB,True,61,2024-03-15
PSE,,20,2024-03-15
HTI,,6,2024-03-15
IRN,True,21,2024-03-15
NOR,True,139,2024-03-15
POL,,215,2024-03-15
LVA,,16,2024-03-15
WSM,True,13,2024-03-15
JAM,,23,2024-03-15
ZMB,,5,2024-03-15
PRY,False,15,2024-03-15
BRA,,400,2024-03-15
LAO,True,15,2024-03-15
MOZ,,91,2024-03-15
JOR,,2,2024-03-15
RWA,True,107,2024-03-15
TUR,False,13,2024-03-15
MNE,False,1,2024-03-15
SOM,,1,2024-03-15
NPL,True,378,2024-03-15
ECU,False,33,2024-03-15
MDG,True,36,2024-03-15
BRN,,1,2024-03-15
SLB,False,2,2024-03-15
BOL,,48,2024-03-15
URY,,45,2024-03-15
IND,False,24,2024-03-15
HKG,True,182,2024-03-15
SHN,False,4,2024-03-15
HND,True,18,2024-03-15
GIB,,17,2024-03-15
LBY,,7,2024-03-15
CHN,False,68,2024-03-15
IDN,True,355,2024-03-15
ITA,True,17,2024-03-15
MOZ,False,3,2024-03-15
JPN,True,94,2024-03-15
ETH,True,19,2024-03-15
IRN,False,5,2024-03-15
VEN,False,17,2024-03-15
NRU,True,2,2024-03-15
ETH,,360,2024-03-15
GEO,False,5,2024-03-15
KWT,False,10,2024-03-15
LKA,True,39,2024-03-15
UKR,,947,2024-03-15
ITA,,47,2024-03-15
BMU,True,1,2024-03-15
CMR,,21,2024-03-15
GHA,,11,2024-03-15
NOR,False,374,2024-03-15
TZA,True,668,2024-03-15
JAM,True,21,2024-03-15
SEN,,1,2024-03-15
SGP,True,206,2024-03-15
MLI,True,4,2024-03-15
KWT,True,24,2024-03-15
GUY,,14,2024-03-15
COM,,2,2024-03-15
LCA,,2,2024-03-15
BHS,True,2,2024-03-15
ZAF,True,37,2024-03-15
SHN,,4,2024-03-15
GUY,False,5,2024-03-15
MNG,False,2,2024-03-15
SLV,False,2,2024-03-15
QAT,,20,2024-03-15
PCN,,2,2024-03-15
BHS,,2,2024-03-15
MAR,False,5,2024-03-15
GBR,,1701,2024-03-15
MEX,False,127,2024-03-15
BOL,True,91,2024-03-15
TLS,True,68,2024-03-15
MAC,True,10,2024-03-15
TZA,False,2,2024-03-15
SOM,True,1,2024-03-15
PRY,,78,2024-03-15
GHA,True,17,2024-03-15
TTO,False,3,2024-03-15
KAZ,True,7,2024-03-15
UGA,False,10,2024-03-15
TON,,4,2024-03-15
GEO,True,58,2024-03-15
URY,True,75,2024-03-15
MDG,False,3,2024-03-15
CRI,,66,2024-03-15
JOR,False,9,2024-03-15
MMR,True,79,2024-03-15
SYC,True,33,2024-03-15
LKA,False,8,2024-03-15
LVA,True,114,2024-03-15
GBR,False,480,2024-03-15
TON,True,23,2024-03-15
DZA,False,2,2024-03-15
NPL,,4,2024-03-15
CRI,True,65,2024-03-15
BRN,True,59,2024-03-15
UGA,,25,2024-03-15
MLI,,6,2024-03-15
JAM,False,32,2024-03-15
KNA,,1,2024-03-15
MEX,,609,2024-03-15
UKR,True,205,2024-03-15
LBN,True,15,2024-03-15
GRC,False,9,2024-03-15
PNG,,59,2024-03-15
DMA,,2,2024-03-15
YEM,,7,2024-03-15
IDN,False,77,2024-03-15
LVA,False,1,2024-03-15
BLR,,119,2024-03-15
MNG,,254,2024-03-15
SYC,,1,2024-03-15
NIC,True,43,2024-03-15
LTU,True,5,2024-03-15
KOR,False,1,2024-03-15
TKM,,12,2024-03-15
NZL,,152,2024-03-15
THA,,2230,2024-03-15
CYP,False,3,2024-03-15
NOR,,198,2024-03-15
IRQ,,77,2024-03-15
MOZ,True,26,2024-03-15
VEN,,60,2024-03-15
SAU,True,702,2024-03-15
CHL,False,25,2024-03-15
SYR,True,1,2024-03-15
TLS,,4,2024-03-15
EGY,False,12,2024-03-15
SAU,,93,2024-03-15
GRC,True,22,2024-03-15
CAN,True,1,2024-03-15
LAO,False,1,2024-03-15
DOM,,218,2024-03-15
PRT,True,56,2024-03-15
CYP,True,5,2024-03-15
LBR,True,4,2024-03-15
BHR,,4,2024-03-15
TWN,False,5,2024-03-15
NIC,,27,2024-03-15
MEX,True,300,2024-03-15
DOM,False,83,2024-03-15
KHM,True,67,2024-03-15
CHL,True,63,2024-03-15
MNG,True,1,2024-03-15
SEN,True,1,2024-03-15
GIB,True,16,2024-03-15
SSD,,5,2024-03-15
FJI,True,48,2024-03-15
PNG,True,24,2024-03-15
NAM,True,1,2024-03-15
SGP,False,95,2024-03-15
ISR,False,9,2024-03-15
TTO,True,15,2024-03-15
KWT,,24,2024-03-15
UKR,False,36,2024-03-15
MWI,,2,2024-03-15
MDV,True,22,2024-03-15
FJI,,50,2024-03-15
MRT,,25,2024-03-15
PER,,257,2024-03-15
MYS,True,319,2024-03-15
NLD,,1,2024-03-15
SLE,True,4,2024-03-15
BTN,True,49,2024-03-15
PAK,,63,2024-03-15
PAN,False,5,2024-03-15
VNM,True,79,2024-03-15
TUR,,783,2024-03-15
MKD,False,10,2024-03-15
BHR,False,7,2024-03-15
HKG,False,2,2024-03-15
MRT,True,1,2024-03-15
SLE,,45,2024-03-15
EGY,True,20,2024-03-15
MNE,,63,2024-03-15
TKM,True,8,2024-03-15
PHL,True,78,2024-03-15
PSE,True,17,2024-03-15
LCA,True,2,2024-03-15
COM,True,7,2024-03-15
MDG,,40,2024-03-15
MAR,,23,2024-03-15
SDN,,31,2024-03-15
GEO,,43,2024-03-15
OMN,,10,2024-03-15
DOM,True,188,2024-03-15
MWI,True,49,2024-03-15
KEN,False,18,2024-03-15
JPN,False,6,2024-03-15
CIV,False,1,2024-03-15
KGZ,False,2,2024-03-15
VNM,,55,2024-03-15
PAN,,13,2024-03-15
CIV,,2,2024-03-15
BLR,True,4,2024-03-15
LBR,,1,2024-03-15
IRQ,True,38,2024-03-15
KOR,,53,2024-03-15
KGZ,True,11,2024-03-15
SDN,False,1,2024-03-15
SLE,False,6,2024-03-15
ZAF,,46,2024-03-15
BTN,,54,2024-03-15
ISR,,20,2024-03-15
KIR,True,2,2024-03-15
ZMB,True,3,2024-03-15
PRT,,21,2024-03-15
OMN,True,16,2024-03-15
TUN,,4,2024-03-15
JOR,True,238,2024-03-15
DZA,True,34,2024-03-15
CRI,False,42,2024-03-15
IRN,,9,2024-03-15
LTU,,2,2024-03-15
PAK,False,17,2024-03-15
ZWE,True,9,2024-03-15
CYP,,3,2024-03-15
THA,True,579,2024-03-15
TWN,,85,2024-03-15
MYS,,100,2024-03-15
CHL,,39,2024-03-15
NGA,False,45,2024-03-15
MAC,,13,2024-03-15
ECU,True,245,2024-03-15
PER,True,161,2024-03-15
ZWE,False,14,2024-03-15
NGA,True,45,2024-03-15
SAU,False,35,2024-03-15
SRB,True,11,2024-03-15
CAN,,1,2024-03-15
PER,False,89,2024-03-15
WSM,False,3,2024-03-15
MDV,False,20,2024-03-15
POL,False,15,2024-03-15
SDN,True,1,2024-03-15
RUS,,1,2024-03-15
PAK,True,59,2024-03-15
HTI,True,3,2024-03-15
TUN,True,3,2024-03-15
KIR,,3,2024-03-15
GBR,True,1882,2024-03-15
BRN,False,4,2024-03-15
YEM,False,1,2024-03-15
IRQ,False,34,2024-03-15
BLZ,,49,2024-03-15
ITA,False,13,2024-03-15
ESP,False,4,2024-03-15
TTO,,48,2024-03-15
PRI,,1,2024-03-15
ESP,,16,2024-03-15
MYS,False,71,2024-03-15
MAR,True,23,2024-03-15
CHN,True,37,2024-03-15
ZMB,False,3,2024-03-15
NIC,False,21,2024-03-15
PAN,True,12,2024-03-15
KEN,,197,2024-03-15
PRI,True,1,2024-03-15
WSM,,12,2024-03-15
LKA,,29,2024-03-15
ISR,True,85,2024-03-15
MDV,,134,2024-03-15
POL,True,262,2024-03-15
GIB,False,1,2024-03-15
LBN,,8,2024-03-15
IRL,True,7,2024-03-15
KEN,True,223,2024-03-15
TWN,True,48,2024-03-15
SLB,,3,2024-03-15
IRL,,10,2024-03-15
GHA,False,7,2024-03-15
CMR,True,2,2024-03-15
UGA,True,146,2024-03-15
PNG,False,9,2024-03-15
SHN,True,4,2024-03-15
NGA,,68,2024-03-15
TUR,True,295,2024-03-15
MNE,True,63,2024-03-15
KHM,False,7,2024-03-15
HND,,28,2024-03-15
TON,False,3,2024-03-15
YEM,True,7,2024-03-15
SLV,,46,2024-03-15
ECU,,208,2024-03-15
GRD,,1,2024-03-15
ETH,False,6,2024-03-15
DMA,True,2,2024-03-15
GRC,,57,2024-03-15
SYR,,5,2024-03-15
DMA,False,2,2024-03-15
GIN,,104,2024-03-15
LBN,False,4,2024-03-15
COK,,7,2024-03-15
LBY,False,4,2024-03-15
SSD,True,1,2024-03-15
NZL,False,381,2024-03-15
OMN,False,137,2024-03-15
RUS,True,2,2024-03-15
QAT,False,14,2024-03-15
LBY,True,3,2024-03-15
SGP,,143,2024-03-15
HND,False,11,2024-03-15
PRT,False,10,2024-03-15
IND,,1993,2024-03-15
KAZ,,26,2024-03-15
HTI,False,6,2024-03-15
LTU,False,1,2024-03-15
BRA,False,29,2024-03-15
GIN,True,8,2024-03-15
HKG,,461,2024-03-15
NZL,True,246,2024-03-15
PHL,False,39,2024-03-15
KHM,,82,2024-03-15
MMR,,21,2024-03-15
MMR,False,13,2024-03-15
MKD,,40,2024-03-15
IRL,False,19,2024-03-15
IDN,,505,2024-03-15
CHN,,15,2024-03-15
SLV,True,104,2024-03-15
MKD,True,33,2024-03-15
PRI,False,2,2024-03-15
DZA,,35,2024-03-15
FLK,True,4,2024-03-15
GUY,True,94,2024-03-15
BOL,False,37,2024-03-15
VEN,True,136,2024-03-15
CIV,True,8,2024-03-15
JPN,,117,2024-03-15
ESP,True,28,2024-03-15
SRB,,8,2024-03-15
BHR,True,8,2024-03-15
TZA,,6,2024-03-15
BHS,False,3,2024-03-15
LAO,,21,2024-03-15
KGZ,,28,2024-03-15
PHL,,209,2024-03-15
IND,True,461,2024-03-15
EGY,,43,2024-03-15
KOR,True,48,2024-03-15
PRY,True,136,2024-03-15
QAT,True,49,2024-03-15
URY,False,3,2024-03-15
VNM,False,2,2024-03-15
BRA,True,195,2024-04-15
THA,False,31,2024-04-15
SLB,True,61,2024-04-15
ZAF,False,105,2024-04-15
PSE,,18,2024-04-15
HTI,,7,2024-04-15
NOR,True,136,2024-04-15
IRN,True,21,2024-04-15
POL,,228,2024-04-15
LVA,,17,2024-04-15
WSM,True,13,2024-04-15
JAM,,25,2024-04-15
ZMB,,5,2024-04-15
PRY,False,15,2024-04-15
BRA,,408,2024-04-15
LAO,True,14,2024-04-15
MOZ,,95,2024-04-15
JOR,,1,2024-04-15
RWA,True,108,2024-04-15
TUR,False,15,2024-04-15
MNE,False,1,2024-04-15
SOM,,1,2024-04-15
NPL,True,409,2024-04-15
ECU,False,30,2024-04-15
MDG,True,38,2024-04-15
BRN,,1,2024-04-15
SLB,False,2,2024-04-15
URY,,47,2024-04-15
BOL,,49,2024-04-15
IND,False,24,2024-04-15
HKG,True,183,2024-04-15
SHN,False,4,2024-04-15
HND,True,17,2024-04-15
LBY,,8,2024-04-15
GIB,,17,2024-04-15
IDN,True,358,2024-04-15
CHN,False,69,2024-04-15
ITA,True,17,2024-04-15
MOZ,False,3,2024-04-15
JPN,True,97,2024-04-15
IRN,False,5,2024-04-15
ETH,True,17,2024-04-15
VEN,False,13,2024-04-15
NRU,True,2,2024-04-15
ETH,,370,2024-04-15
KWT,False,11,2024-04-15
GEO,False,4,2024-04-15
LKA,True,39,2024-04-15
UKR,,973,2024-04-15
ITA,,49,2024-04-15
BMU,True,1,2024-04-15
CMR,,22,2024-04-15
GHA,,11,2024-04-15
NOR,False,375,2024-04-15
TZA,True,675,2024-04-15
JAM,True,23,2024-04-15
SEN,,1,2024-04-15
SGP,True,204,2024-04-15
MLI,True,4,2024-04-15
KWT,True,24,2024-04-15
GUY,,14,2024-04-15
LCA,,2,2024-04-15
COM,,2,2024-04-15
BHS,True,2,2024-04-15
ZAF,True,37,2024-04-15
SHN,,4,2024-04-15
SLV,False,5,2024-04-15
MNG,False,2,2024-04-15
GUY,False,5,2024-04-15
QAT,,20,2024-04-15
PCN,,2,2024-04-15
BHS,,2,2024-04-15
MAR,False,5,2024-04-15
GBR,,2059,2024-04-15
MEX,False,128,2024-04-15
BOL,True,92,2024-04-15
TLS,True,69,2024-04-15
TZA,False,2,2024-04-15
MAC,True,10,2024-04-15
SOM,True,1,2024-04-15
PRY,,78,2024-04-15
GHA,True,16,2024-04-15
TTO,False,3,2024-04-15
UGA,False,10,2024-04-15
KAZ,True,7,2024-04-15
TON,,5,2024-04-15
GEO,True,62,2024-04-15
URY,True,76,2024-04-15
MDG,False,3,2024-04-15
CRI,,64,2024-04-15
JOR,False,8,2024-04-15
SYC,True,33,2024-04-15
MMR,True,82,2024-04-15
LKA,False,8,2024-04-15
GBR,False,505,2024-04-15
TON,True,23,2024-04-15
LVA,True,114,2024-04-15
DZA,False,2,2024-04-15
NPL,,3,2024-04-15
CRI,True,65,2024-04-15
BRN,True,59,2024-04-15
UGA,,27,2024-04-15
MLI,,5,2024-04-15
JAM,False,32,2024-04-15
KNA,,2,2024-04-15
MEX,,626,2024-04-15
UKR,True,211,2024-04-15
LBN,True,15,2024-04-15
GRC,False,9,2024-04-15
PNG,,59,2024-04-15
DMA,,2,2024-04-15
YEM,,8,2024-04-15
IDN,False,83,2024-04-15
LVA,False,2,2024-04-15
MNG,,257,2024-04-15
BLR,,121,2024-04-15
SYC,,1,2024-04-15
NIC,True,43,2024-04-15
LTU,True,5,2024-04-15
KOR,False,1,2024-04-15
TKM,,12,2024-04-15
NZL,,159,2024-04-15
THA,,2209,2024-04-15
CYP,False,3,2024-04-15
IRQ,,77,2024-04-15
NOR,,201,2024-04-15
MOZ,True,27,2024-04-15
VEN,,60,2024-04-15
SAU,True,729,2024-04-15
CHL,False,25,2024-04-15
SYR,True,1,2024-04-15
TLS,,6,2024-04-15
EGY,False,12,2024-04-15
SAU,,93,2024-04-15
GRC,True,22,2024-04-15
CAN,True,1,2024-04-15
LAO,False,1,2024-04-15
DOM,,219,2024-04-15
PRT,True,58,2024-04-15
CYP,True,5,2024-04-15
LBR,True,4,2024-04-15
BHR,,4,2024-04-15
TWN,False,5,2024-04-15
NIC,,27,2024-04-15
CHL,True,69,2024-04-15
MEX,True,303,2024-04-15
KHM,True,68,2024-04-15
DOM,False,86,2024-04-15
MNG,True,1,2024-04-15
SEN,True,1,2024-04-15
GIB,True,16,2024-04-15
SSD,,5,2024-04-15
FJI,True,51,2024-04-15
PNG,True,21,2024-04-15
NAM,True,1,2024-04-15
SGP,False,93,2024-04-15
ISR,False,7,2024-04-15
TTO,True,16,2024-04-15
KWT,,23,2024-04-15
UKR,False,37,2024-04-15
MWI,,2,2024-04-15
MDV,True,22,2024-04-15
FJI,,53,2024-04-15
MRT,,25,2024-04-15
PER,,263,2024-04-15
MYS,True,323,2024-04-15
NLD,,1,2024-04-15
SLE,True,4,2024-04-15
BTN,True,49,2024-04-15
PAK,,63,2024-04-15
PAN,False,5,2024-04-15
VNM,True,81,2024-04-15
TUR,,791,2024-04-15
BHR,False,7,2024-04-15
MKD,False,11,2024-04-15
HKG,False,2,2024-04-15
MRT,True,1,2024-04-15
SLE,,49,2024-04-15
EGY,True,20,2024-04-15
MNE,,63,2024-04-15
TKM,True,8,2024-04-15
PHL,True,83,2024-04-15
COM,True,7,2024-04-15
PSE,True,15,2024-04-15
LCA,True,2,2024-04-15
MAR,,24,2024-04-15
MDG,,42,2024-04-15
SDN,,31,2024-04-15
GEO,,46,2024-04-15
OMN,,10,2024-04-15
MWI,True,60,2024-04-15
DOM,True,190,2024-04-15
KEN,False,16,2024-04-15
JPN,False,7,2024-04-15
CIV,False,3,2024-04-15
KGZ,False,2,2024-04-15
VNM,,59,2024-04-15
PAN,,14,2024-04-15
CIV,,7,2024-04-15
BLR,True,4,2024-04-15
LBR,,1,2024-04-15
IRQ,True,35,2024-04-15
KOR,,57,2024-04-15
KGZ,True,12,2024-04-15
SDN,False,1,2024-04-15
SLE,False,6,2024-04-15
ZAF,,49,2024-04-15
BTN,,54,2024-04-15
ISR,,22,2024-04-15
ZMB,True,3,2024-04-15
KIR,True,2,2024-04-15
GIN,False,3,2024-04-15
PRT,,21,2024-04-15
OMN,True,17,2024-04-15
TUN,,4,2024-04-15
JOR,True,241,2024-04-15
CRI,False,37,2024-04-15
DZA,True,34,2024-04-15
IRN,,9,2024-04-15
LTU,,2,2024-04-15
PAK,False,17,2024-04-15
ZWE,True,4,2024-04-15
CYP,,3,2024-04-15
THA,True,573,2024-04-15
TWN,,89,2024-04-15
MYS,,102,2024-04-15
ZWE,,1,2024-04-15
CHL,,39,2024-04-15
NGA,False,46,2024-04-15
MAC,,13,2024-04-15
PER,True,163,2024-04-15
ECU,True,250,2024-04-15
ZWE,False,6,2024-04-15
SAU,False,43,2024-04-15
NGA,True,48,2024-04-15
SRB,True,11,2024-04-15
CAN,,1,2024-04-15
PER,False,91,2024-04-15
WSM,False,3,2024-04-15
SDN,True,1,2024-04-15
MDV,False,21,2024-04-15
POL,False,15,2024-04-15
RUS,,1,2024-04-15
PAK,True,59,2024-04-15
HTI,True,4,2024-04-15
TUN,True,3,2024-04-15
KIR,,4,2024-04-15
GBR,True,2157,2024-04-15
BRN,False,4,2024-04-15
IRQ,False,35,2024-04-15
BLZ,,50,2024-04-15
ITA,False,13,2024-04-15
ESP,False,3,2024-04-15
TTO,,52,2024-04-15
PRI,,1,2024-04-15
ESP,,17,2024-04-15
CHN,True,36,2024-04-15
MYS,False,69,2024-04-15
MAR,True,24,2024-04-15
NIC,False,21,2024-04-15
ZMB,False,3,2024-04-15
PAN,True,12,2024-04-15
KEN,,198,2024-04-15
PRI,True,1,2024-04-15
WSM,,12,2024-04-15
LKA,,29,2024-04-15
ISR,True,83,2024-04-15
MDV,,136,2024-04-15
POL,True,276,2024-04-15
GIB,False,1,2024-04-15
LBN,,9,2024-04-15
IRL,True,7,2024-04-15
KEN,True,227,2024-04-15
TWN,True,50,2024-04-15
SLB,,3,2024-04-15
IRL,,11,2024-04-15
GHA,False,7,2024-04-15
SRB,False,1,2024-04-15
CMR,True,3,2024-04-15
UGA,True,147,2024-04-15
PNG,False,9,2024-04-15
SHN,True,4,2024-04-15
NGA,,74,2024-04-15
TUR,True,302,2024-04-15
KHM,False,9,2024-04-15
MNE,True,63,2024-04-15
HND,,27,2024-04-15
TON,False,3,2024-04-15
YEM,True,8,2024-04-15
SLV,,45,2024-04-15
ECU,,211,2024-04-15
GRD,,1,2024-04-15
ETH,False,6,2024-04-15
DMA,True,2,2024-04-15
GRC,,60,2024-04-15
SYR,,5,2024-04-15
DMA,False,2,2024-04-15
GIN,,105,2024-04-15
LBN,False,5,2024-04-15
COK,,8,2024-04-15
LBY,False,4,2024-04-15
SSD,True,1,2024-04-15
NZL,False,378,2024-04-15
OMN,False,141,2024-04-15
RUS,True,2,2024-04-15
QAT,False,14,2024-04-15
LBY,True,4,2024-04-15
SGP,,144,2024-04-15
PRT,False,10,2024-04-15
HND,False,11,2024-04-15
IND,,1982,2024-04-15
KAZ,,28,2024-04-15
HTI,False,6,2024-04-15
BRA,False,29,2024-04-15
GIN,True,8,2024-04-15
LTU,False,1,2024-04-15
HKG,,463,2024-04-15
NZL,True,265,2024-04-15
PHL,False,37,2024-04-15
KHM,,83,2024-04-15
MMR,,21,2024-04-15
MMR,False,13,2024-04-15
MKD,,41,2024-04-15
IRL,False,20,2024-04-15
CHN,,16,2024-04-15
IDN,,514,2024-04-15
SLV,True,104,2024-04-15
MKD,True,32,2024-04-15
PRI,False,2,2024-04-15
DZA,,36,2024-04-15
FLK,True,4,2024-04-15
GUY,True,95,2024-04-15
BOL,False,38,2024-04-15
VEN,True,137,2024-04-15
CIV,True,12,2024-04-15
JPN,,125,2024-04-15
ESP,True,28,2024-04-15
SRB,,9,2024-04-15
BHR,True,8,2024-04-15
TZA,,6,2024-04-15
BHS,False,3,2024-04-15
KGZ,,31,2024-04-15
LAO,,20,2024-04-15
PHL,,213,2024-04-15
IND,True,463,2024-04-15
EGY,,44,2024-04-15
KOR,True,51,2024-04-15
PRY,True,135,2024-04-15
QAT,True,52,2024-04-15
URY,False,3,2024-04-15
VNM,False,6,2024-04-15
BRA,True,182,2024-05-15
THA,False,32,2024-05-15
ZAF,False,110,2024-05-15
SLB,True,61,2024-05-15
HTI,,7,2024-05-15
PSE,,14,2024-05-15
IRN,True,21,2024-05-15
NOR,True,137,2024-05-15
POL,,228,2024-05-15
LVA,,17,2024-05-15
WSM,True,11,2024-05-15
JAM,,26,2024-05-15
ZMB,,5,2024-05-15
PRY,False,14,2024-05-15
BRA,,415,2024-05-15
LAO,True,13,2024-05-15
MOZ,,85,2024-05-15
JOR,,2,2024-05-15
RWA,True,107,2024-05-15
TUR,False,13,2024-05-15
MNE,False,1,2024-05-15
SOM,,2,2024-05-15
NPL,True,383,2024-05-15
ECU,False,32,2024-05-15
MDG,True,39,2024-05-15
BRN,,1,2024-05-15
SLB,False,2,2024-05-15
BOL,,48,2024-05-15
URY,,49,2024-05-15
IND,False,24,2024-05-15
HKG,True,184,2024-05-15
SHN,False,4,2024-05-15
HND,True,18,2024-05-15
GIB,,17,2024-05-15
LBY,,7,2024-05-15
CHN,False,67,2024-05-15
IDN,True,309,2024-05-15
ITA,True,17,2024-05-15
MOZ,False,3,2024-05-15
JPN,True,103,2024-05-15
ETH,True,18,2024-05-15
IRN,False,5,2024-05-15
VEN,False,19,2024-05-15
NRU,True,2,2024-05-15
ETH,,372,2024-05-15
KWT,False,10,2024-05-15
GEO,False,4,2024-05-15
LKA,True,36,2024-05-15
UKR,,988,2024-05-15
ITA,,48,2024-05-15
BMU,True,1,2024-05-15
CMR,,22,2024-05-15
GHA,,10,2024-05-15
NOR,False,378,2024-05-15
TZA,True,301,2024-05-15
JAM,True,26,2024-05-15
BLZ,False,2,2024-05-15
SEN,,1,2024-05-15
SGP,True,202,2024-05-15
MLI,True,4,2024-05-15
KWT,True,23,2024-05-15
GUY,,14,2024-05-15
COM,,3,2024-05-15
LCA,,2,2024-05-15
BHS,True,2,2024-05-15
ZAF,True,40,2024-05-15
SHN,,4,2024-05-15
SLV,False,5,2024-05-15
GUY,False,5,2024-05-15
MNG,False,1,2024-05-15
QAT,,20,2024-05-15
PCN,,2,2024-05-15
BHS,,3,2024-05-15
MAR,False,5,2024-05-15
GBR,,2185,2024-05-15
MEX,False,124,2024-05-15
BOL,True,90,2024-05-15
MAC,True,10,2024-05-15
TLS,True,41,2024-05-15
TZA,False,2,2024-05-15
SOM,True,1,2024-05-15
PRY,,73,2024-05-15
GHA,True,14,2024-05-15
TTO,False,3,2024-05-15
KAZ,True,7,2024-05-15
UGA,False,10,2024-05-15
TON,,5,2024-05-15
GEO,True,61,2024-05-15
URY,True,74,2024-05-15
MDG,False,3,2024-05-15
CRI,,65,2024-05-15
JOR,False,8,2024-05-15
MMR,True,77,2024-05-15
SYC,True,33,2024-05-15
LKA,False,6,2024-05-15
LVA,True,114,2024-05-15
GBR,False,562,2024-05-15
TON,True,23,2024-05-15
DZA,False,2,2024-05-15
NPL,,4,2024-05-15
CRI,True,66,2024-05-15
BRN,True,53,2024-05-15
UGA,,26,2024-05-15
MLI,,5,2024-05-15
FLK,,1,2024-05-15
JAM,False,30,2024-05-15
KNA,,2,2024-05-15
MEX,,633,2024-05-15
UKR,True,212,2024-05-15
LBN,True,15,2024-05-15
GRC,False,9,2024-05-15
PNG,,60,2024-05-15
DMA,,2,2024-05-15
YEM,,8,2024-05-15
IDN,False,79,2024-05-15
LVA,False,2,2024-05-15
BLR,,123,2024-05-15
MNG,,258,2024-05-15
SYC,,1,2024-05-15
NIC,True,38,2024-05-15
LTU,True,5,2024-05-15
KOR,False,1,2024-05-15
TKM,,12,2024-05-15
NZL,,167,2024-05-15
THA,,2144,2024-05-15
CYP,False,5,2024-05-15
NOR,,201,2024-05-15
IRQ,,77,2024-05-15
MOZ,True,27,2024-05-15
VEN,,55,2024-05-15
SAU,True,731,2024-05-15
CHL,False,25,2024-05-15
SYR,True,1,2024-05-15
TLS,,7,2024-05-15
EGY,False,13,2024-05-15
SAU,,93,2024-05-15
GRC,True,22,2024-05-15
LAO,False,1,2024-05-15
CAN,True,1,2024-05-15
DOM,,219,2024-05-15
PRT,True,58,2024-05-15
CYP,True,7,2024-05-15
LBR,True,4,2024-05-15
BHR,,4,2024-05-15
TWN,False,5,2024-05-15
NIC,,26,2024-05-15
MEX,True,296,2024-05-15
DOM,False,86,2024-05-15
KHM,True,71,2024-05-15
CHL,True,67,2024-05-15
SEN,True,1,2024-05-15
MNG,True,1,2024-05-15
GIB,True,16,2024-05-15
SSD,,5,2024-05-15
FJI,True,30,2024-05-15
PNG,True,22,2024-05-15
NAM,True,1,2024-05-15
SGP,False,93,2024-05-15
ISR,False,9,2024-05-15
TTO,True,18,2024-05-15
KWT,,22,2024-05-15
UKR,False,38,2024-05-15
MWI,,5,2024-05-15
MDV,True,22,2024-05-15
FJI,,31,2024-05-15
MRT,,25,2024-05-15
PER,,268,2024-05-15
MYS,True,265,2024-05-15
NLD,,1,2024-05-15
SLE,True,4,2024-05-15
BTN,True,41,2024-05-15
PAK,,66,2024-05-15
PAN,False,3,2024-05-15
VNM,True,75,2024-05-15
TUR,,809,2024-05-15
MKD,False,9,2024-05-15
BHR,False,7,2024-05-15
HKG,False,2,2024-05-15
MRT,True,1,2024-05-15
SLE,,49,2024-05-15
EGY,True,22,2024-05-15
MNE,,63,2024-05-15
TKM,True,8,2024-05-15
PHL,True,81,2024-05-15
PSE,True,12,2024-05-15
COM,True,7,2024-05-15
LCA,True,3,2024-05-15
MDG,,43,2024-05-15
MAR,,27,2024-05-15
SDN,,30,2024-05-15
GEO,,44,2024-05-15
OMN,,10,2024-05-15
DOM,True,190,2024-05-15
MWI,True,31,2024-05-15
KEN,False,18,2024-05-15
JPN,False,8,2024-05-15
KGZ,False,2,2024-05-15
CIV,False,3,2024-05-15
VNM,,55,2024-05-15
PAN,,14,2024-05-15
CIV,,8,2024-05-15
BLR,True,4,2024-05-15
LBR,,1,2024-05-15
IRQ,True,35,2024-05-15
KOR,,57,2024-05-15
KGZ,True,11,2024-05-15
SDN,False,1,2024-05-15
SLE,False,6,2024-05-15
ZAF,,54,2024-05-15
BTN,,43,2024-05-15
LSO,,1,2024-05-15
ISR,,21,2024-05-15
ZMB,True,3,2024-05-15
KIR,True,2,2024-05-15
GIN,False,3,2024-05-15
PRT,,22,2024-05-15
OMN,True,16,2024-05-15
TUN,,4,2024-05-15
JOR,True,240,2024-05-15
DZA,True,32,2024-05-15
CRI,False,37,2024-05-15
LTU,,2,2024-05-15
IRN,,10,2024-05-15
ZWE,True,10,2024-05-15
PAK,False,18,2024-05-15
CYP,,3,2024-05-15
THA,True,522,2024-05-15
TWN,,77,2024-05-15
MYS,,92,2024-05-15
ZWE,,1,2024-05-15
CHL,,37,2024-05-15
NGA,False,48,2024-05-15
MAC,,13,2024-05-15
ECU,True,239,2024-05-15
PER,True,170,2024-05-15
ZWE,False,18,2024-05-15
NGA,True,47,2024-05-15
SAU,False,44,2024-05-15
SRB,True,12,2024-05-15
CAN,,1,2024-05-15
PER,False,98,2024-05-15
WSM,False,2,2024-05-15
MDV,False,22,2024-05-15
POL,False,16,2024-05-15
SDN,True,2,2024-05-15
RUS,,1,2024-05-15
PAK,True,57,2024-05-15
HTI,True,4,2024-05-15
TUN,True,3,2024-05-15
KIR,,4,2024-05-15
GBR,True,2198,2024-05-15
YEM,False,1,2024-05-15
BRN,False,2,2024-05-15
IRQ,False,38,2024-05-15
BLZ,,50,2024-05-15
ITA,False,13,2024-05-15
ESP,False,3,2024-05-15
TTO,,51,2024-05-15
PRI,,1,2024-05-15
ESP,,19,2024-05-15
MYS,False,65,2024-05-15
MAR,True,25,2024-05-15
CHN,True,37,2024-05-15
NIC,False,19,2024-05-15
ZMB,False,3,2024-05-15
PAN,True,12,2024-05-15
KEN,,200,2024-05-15
PRI,True,1,2024-05-15
WSM,,9,2024-05-15
LKA,,28,2024-05-15
ISR,True,84,2024-05-15
MDV,,134,2024-05-15
POL,True,280,2024-05-15
GIB,False,2,2024-05-15
LBN,,8,2024-05-15
IRL,True,7,2024-05-15
KEN,True,229,2024-05-15
TWN,True,40,2024-05-15
SLB,,3,2024-05-15
IRL,,12,2024-05-15
GHA,False,7,2024-05-15
SRB,False,1,2024-05-15
CMR,True,3,2024-05-15
UGA,True,144,2024-05-15
PNG,False,9,2024-05-15
SHN,True,4,2024-05-15
NGA,,75,2024-05-15
KHM,False,11,2024-05-15
TUR,True,304,2024-05-15
MNE,True,63,2024-05-15
HND,,29,2024-05-15
TON,False,3,2024-05-15
YEM,True,8,2024-05-15
SLV,,48,2024-05-15
ECU,,211,2024-05-15
GRD,,2,2024-05-15
ETH,False,6,2024-05-15
DMA,True,2,2024-05-15
GRC,,62,2024-05-15
SYR,,5,2024-05-15
DMA,False,2,2024-05-15
GIN,,116,2024-05-15
LBN,False,5,2024-05-15
COK,,8,2024-05-15
LBY,False,4,2024-05-15
BLZ,True,1,2024-05-15
SSD,True,1,2024-05-15
NZL,False,383,2024-05-15
OMN,False,143,2024-05-15
RUS,True,2,2024-05-15
QAT,False,14,2024-05-15
LBY,True,3,2024-05-15
SGP,,139,2024-05-15
HND,False,12,2024-05-15
PRT,False,9,2024-05-15
IND,,1931,2024-05-15
KAZ,,30,2024-05-15
HTI,False,6,2024-05-15
LTU,False,1,2024-05-15
BRA,False,32,2024-05-15
GIN,True,7,2024-05-15
HKG,,463,2024-05-15
NZL,True,264,2024-05-15
PHL,False,39,2024-05-15
KHM,,79,2024-05-15
MMR,,19,2024-05-15
MMR,False,13,2024-05-15
MKD,,40,2024-05-15
IRL,False,20,2024-05-15
CHN,,15,2024-05-15
IDN,,462,2024-05-15
SLV,True,106,2024-05-15
MKD,True,36,2024-05-15
PRI,False,2,2024-05-15
DZA,,34,2024-05-15
FLK,True,4,2024-05-15
GUY,True,95,2024-05-15
BOL,False,40,2024-05-15
CIV,True,12,2024-05-15
VEN,True,129,2024-05-15
JPN,,133,2024-05-15
ESP,True,36,2024-05-15
SRB,,10,2024-05-15
BHR,True,8,2024-05-15
TZA,,4,2024-05-15
BHS,False,4,2024-05-15
KGZ,,33,2024-05-15
LAO,,19,2024-05-15
PHL,,222,2024-05-15
IND,True,448,2024-05-15
EGY,,54,2024-05-15
KOR,True,51,2024-05-15
PRY,True,125,2024-05-15
QAT,True,50,2024-05-15
URY,False,3,2024-05-15
VNM,False,4,2024-05-15
BRA,True,188,2024-06-15
THA,False,32,2024-06-15
SLB,True,61,2024-06-15
ZAF,False,112,2024-06-15
HTI,,7,2024-06-15
PSE,,13,2024-06-15
NOR,True,138,2024-06-15
IRN,True,21,2024-06-15
POL,,232,2024-06-15
LVA,,19,2024-06-15
WSM,True,11,2024-06-15
JAM,,33,2024-06-15
ZMB,,5,2024-06-15
PRY,False,15,2024-06-15
BRA,,412,2024-06-15
LAO,True,11,2024-06-15
MOZ,,95,2024-06-15
JOR,,2,2024-06-15
RWA,True,107,2024-06-15
TUR,False,16,2024-06-15
MNE,False,1,2024-06-15
SOM,,3,2024-06-15
NPL,True,390,2024-06-15
ECU,False,34,2024-06-15
MDG,True,39,2024-06-15
BRN,,1,2024-06-15
SLB,False,2,2024-06-15
URY,,44,2024-06-15
BOL,,52,2024-06-15
HKG,True,185,2024-06-15
IND,False,22,2024-06-15
SHN,False,4,2024-06-15
HND,True,17,2024-06-15
GIB,,18,2024-06-15
LBY,,10,2024-06-15
IDN,True,314,2024-06-15
CHN,False,70,2024-06-15
ITA,True,18,2024-06-15
MOZ,False,3,2024-06-15
JPN,True,109,2024-06-15
ETH,True,19,2024-06-15
IRN,False,5,2024-06-15
VEN,False,14,2024-06-15
ETH,,350,2024-06-15
KWT,False,10,2024-06-15
GEO,False,6,2024-06-15
LKA,True,33,2024-06-15
UKR,,1014,2024-06-15
ITA,,48,2024-06-15
BMU,True,1,2024-06-15
CMR,,21,2024-06-15
GHA,,9,2024-06-15
NOR,False,379,2024-06-15
TZA,True,490,2024-06-15
JAM,True,27,2024-06-15
BLZ,False,2,2024-06-15
SEN,,1,2024-06-15
SGP,True,208,2024-06-15
MLI,True,4,2024-06-15
KWT,True,23,2024-06-15
COM,,4,2024-06-15
GUY,,14,2024-06-15
LCA,,2,2024-06-15
BHS,True,2,2024-06-15
ZAF,True,42,2024-06-15
SHN,,4,2024-06-15
SLV,False,8,2024-06-15
GUY,False,5,2024-06-15
MNG,False,1,2024-06-15
PCN,,2,2024-06-15
QAT,,22,2024-06-15
BHS,,3,2024-06-15
MAR,False,5,2024-06-15
GBR,,2141,2024-06-15
MEX,False,127,2024-06-15
BOL,True,90,2024-06-15
TLS,True,50,2024-06-15
MAC,True,10,2024-06-15
TZA,False,2,2024-06-15
SOM,True,3,2024-06-15
PRY,,78,2024-06-15
GHA,True,16,2024-06-15
TTO,False,3,2024-06-15
UGA,False,11,2024-06-15
KAZ,True,7,2024-06-15
TON,,5,2024-06-15
GEO,True,63,2024-06-15
URY,True,71,2024-06-15
MDG,False,2,2024-06-15
CRI,,69,2024-06-15
JOR,False,8,2024-06-15
SYC,True,33,2024-06-15
MMR,True,79,2024-06-15
LKA,False,5,2024-06-15
GBR,False,579,2024-06-15
TON,True,23,2024-06-15
LVA,True,114,2024-06-15
DZA,False,2,2024-06-15
NPL,,4,2024-06-15
CRI,True,63,2024-06-15
BRN,True,73,2024-06-15
UGA,,27,2024-06-15
FLK,,1,2024-06-15
MLI,,5,2024-06-15
JAM,False,30,2024-06-15
KNA,,2,2024-06-15
MEX,,640,2024-06-15
UKR,True,230,2024-06-15
GRC,False,11,2024-06-15
LBN,True,16,2024-06-15
PNG,,62,2024-06-15
DMA,,2,2024-06-15
YEM,,8,2024-06-15
IDN,False,82,2024-06-15
LVA,False,2,2024-06-15
MNG,,261,2024-06-15
BLR,,124,2024-06-15
SYC,,1,2024-06-15
NIC,True,41,2024-06-15
LTU,True,5,2024-06-15
KOR,False,1,2024-06-15
TKM,,12,2024-06-15
NZL,,172,2024-06-15
THA,,2215,2024-06-15
CYP,False,5,2024-06-15
NOR,,203,2024-06-15
IRQ,,79,2024-06-15
MOZ,True,30,2024-06-15
VEN,,60,2024-06-15
SAU,True,743,2024-06-15
CHL,False,22,2024-06-15
SYR,True,1,2024-06-15
TLS,,7,2024-06-15
EGY,False,14,2024-06-15
SAU,,90,2024-06-15
GRC,True,24,2024-06-15
CAN,True,1,2024-06-15
DOM,,219,2024-06-15
PRT,True,57,2024-06-15
CYP,True,7,2024-06-15
LBR,True,4,2024-06-15
BHR,,4,2024-06-15
TWN,False,5,2024-06-15
NIC,,26,2024-06-15
CHL,True,65,2024-06-15
KHM,True,72,2024-06-15
MEX,True,301,2024-06-15
DOM,False,94,2024-06-15
SEN,True,1,2024-06-15
MNG,True,1,2024-06-15
GIB,True,16,2024-06-15
SSD,,6,2024-06-15
FJI,True,6,2024-06-15
PNG,True,22,2024-06-15
NAM,True,1,2024-06-15
SGP,False,94,2024-06-15
TTO,True,22,2024-06-15
ISR,False,9,2024-06-15
KWT,,21,2024-06-15
UKR,False,39,2024-06-15
MWI,,3,2024-06-15
MDV,True,22,2024-06-15
FJI,,7,2024-06-15
MRT,,25,2024-06-15
PER,,274,2024-06-15
MYS,True,291,2024-06-15
NLD,,1,2024-06-15
BTN,True,41,2024-06-15
SLE,True,4,2024-06-15
PAK,,72,2024-06-15
PAN,False,5,2024-06-15
VNM,True,74,2024-06-15
TUR,,814,2024-06-15
MKD,False,9,2024-06-15
BHR,False,9,2024-06-15
HKG,False,2,2024-06-15
MRT,True,1,2024-06-15
SLE,,48,2024-06-15
EGY,True,26,2024-06-15
MNE,,63,2024-06-15
TKM,True,8,2024-06-15
PSE,True,11,2024-06-15
PHL,True,86,2024-06-15
COM,True,7,2024-06-15
LCA,True,3,2024-06-15
MAR,,30,2024-06-15
MDG,,43,2024-06-15
SDN,,31,2024-06-15
GEO,,47,2024-06-15
OMN,,12,2024-06-15
MWI,True,53,2024-06-15
KEN,False,30,2024-06-15
DOM,True,189,2024-06-15
JPN,False,7,2024-06-15
CIV,False,3,2024-06-15
KGZ,False,2,2024-06-15
VNM,,57,2024-06-15
PAN,,14,2024-06-15
CIV,,9,2024-06-15
BLR,True,4,2024-06-15
LBR,,1,2024-06-15
IRQ,True,35,2024-06-15
KOR,,59,2024-06-15
KGZ,True,12,2024-06-15
SDN,False,1,2024-06-15
SLE,False,6,2024-06-15
ZAF,,55,2024-06-15
BTN,,43,2024-06-15
ISR,,20,2024-06-15
ZMB,True,3,2024-06-15
KIR,True,2,2024-06-15
GIN,False,3,2024-06-15
PRT,,22,2024-06-15
OMN,True,17,2024-06-15
TUN,,4,2024-06-15
JOR,True,240,2024-06-15
DZA,True,34,2024-06-15
CRI,False,43,2024-06-15
LTU,,2,2024-06-15
IRN,,11,2024-06-15
PAK,False,20,2024-06-15
ZWE,True,13,2024-06-15
CYP,,3,2024-06-15
THA,True,564,2024-06-15
TWN,,88,2024-06-15
MYS,,107,2024-06-15
ZWE,,2,2024-06-15
CHL,,37,2024-06-15
NGA,False,50,2024-06-15
MAC,,13,2024-06-15
PER,True,171,2024-06-15
ECU,True,244,2024-06-15
ZWE,False,24,2024-06-15
NGA,True,48,2024-06-15
SAU,False,46,2024-06-15
SRB,True,12,2024-06-15
CAN,,1,2024-06-15
PER,False,95,2024-06-15
WSM,False,2,2024-06-15
MDV,False,22,2024-06-15
SDN,True,2,2024-06-15
POL,False,16,2024-06-15
RUS,,1,2024-06-15
PAK,True,62,2024-06-15
HTI,True,4,2024-06-15
TUN,True,3,2024-06-15
KIR,,4,2024-06-15
GBR,True,2239,2024-06-15
BRN,False,4,2024-06-15
YEM,False,1,2024-06-15
IRQ,False,38,2024-06-15
BLZ,,51,2024-06-15
ITA,False,14,2024-06-15
BTN,False,1,2024-06-15
ESP,False,3,2024-06-15
TTO,,53,2024-06-15
PRI,,1,2024-06-15
ESP,,23,2024-06-15
CHN,True,38,2024-06-15
MYS,False,69,2024-06-15
MAR,True,27,2024-06-15
NIC,False,18,2024-06-15
ZMB,False,3,2024-06-15
PAN,True,14,2024-06-15
KEN,,213,2024-06-15
PRI,True,2,2024-06-15
LKA,,24,2024-06-15
WSM,,9,2024-06-15
ISR,True,81,2024-06-15
MDV,,136,2024-06-15
POL,True,283,2024-06-15
GIB,False,3,2024-06-15
LBN,,9,2024-06-15
IRL,True,7,2024-06-15
KEN,True,237,2024-06-15
TWN,True,51,2024-06-15
SLB,,3,2024-06-15
IRL,,12,2024-06-15
GHA,False,6,2024-06-15
SRB,False,1,2024-06-15
CMR,True,3,2024-06-15
UGA,True,145,2024-06-15
SHN,True,4,2024-06-15
PNG,False,8,2024-06-15
NGA,,84,2024-06-15
TUR,True,309,2024-06-15
MNE,True,63,2024-06-15
KHM,False,10,2024-06-15
HND,,30,2024-06-15
TON,False,3,2024-06-15
YEM,True,8,2024-06-15
SLV,,51,2024-06-15
ECU,,214,2024-06-15
GRD,,2,2024-06-15
ETH,False,6,2024-06-15
DMA,True,2,2024-06-15
GRC,,67,2024-06-15
SYR,,5,2024-06-15
DMA,False,2,2024-06-15
GIN,,124,2024-06-15
LBN,False,5,2024-06-15
COK,,8,2024-06-15
LBY,False,5,2024-06-15
SSD,True,1,2024-06-15
BLZ,True,1,2024-06-15
NZL,False,395,2024-06-15
OMN,False,144,2024-06-15
RUS,True,2,2024-06-15
QAT,False,15,2024-06-15
LBY,True,4,2024-06-15
SGP,,148,2024-06-15
HND,False,13,2024-06-15
PRT,False,9,2024-06-15
IND,,1922,2024-06-15
KAZ,,33,2024-06-15
HTI,False,6,2024-06-15
BRA,False,35,2024-06-15
GIN,True,8,2024-06-15
LTU,False,1,2024-06-15
HKG,,464,2024-06-15
NZL,True,276,2024-06-15
PHL,False,41,2024-06-15
KHM,,79,2024-06-15
MMR,,21,2024-06-15
MMR,False,13,2024-06-15
MKD,,40,2024-06-15
IRL,False,20,2024-06-15
CHN,,16,2024-06-15
IDN,,474,2024-06-15
SLV,True,108,2024-06-15
MKD,True,35,2024-06-15
PRI,False,2,2024-06-15
DZA,,36,2024-06-15
FLK,True,3,2024-06-15
GUY,True,96,2024-06-15
BOL,False,37,2024-06-15
VEN,True,132,2024-06-15
CIV,True,12,2024-06-15
JPN,,141,2024-06-15
ESP,True,38,2024-06-15
SRB,,10,2024-06-15
BHR,True,8,2024-06-15
TZA,,7,2024-06-15
BHS,False,4,2024-06-15
KGZ,,36,2024-06-15
LAO,,13,2024-06-15
PHL,,230,2024-06-15
IND,True,455,2024-06-15
EGY,,58,2024-06-15
KOR,True,51,2024-06-15
PRY,True,134,2024-06-15
QAT,True,53,2024-06-15
URY,False,3,2024-06-15
VNM,False,6,2024-06-15
SOM,,3,2024-07-15
ITA,True,19,2024-07-15
UKR,,1045,2024-07-15
ITA,,48,2024-07-15
GBR,,2130,2024-07-15
MEX,False,128,2024-07-15
SOM,True,3,2024-07-15
GBR,False,546,2024-07-15
MEX,,653,2024-07-15
UKR,True,234,2024-07-15
IRQ,,77,2024-07-15
CAN,True,1,2024-07-15
MEX,True,303,2024-07-15
NAM,True,1,2024-07-15
UKR,False,42,2024-07-15
NLD,,1,2024-07-15
IRQ,True,35,2024-07-15
CAN,,1,2024-07-15
RUS,,1,2024-07-15
GBR,True,2213,2024-07-15
IRQ,False,37,2024-07-15
ITA,False,14,2024-07-15
RUS,True,2,2024-07-15
BRA,True,212,2024-08-15
THA,False,33,2024-08-15
SLB,True,61,2024-08-15
ZAF,False,117,2024-08-15
HTI,,8,2024-08-15
PSE,,11,2024-08-15
NOR,True,130,2024-08-15
IRN,True,21,2024-08-15
POL,,241,2024-08-15
LVA,,19,2024-08-15
WSM,True,11,2024-08-15
JAM,,35,2024-08-15
ZMB,,5,2024-08-15
PRY,False,15,2024-08-15
BRA,,437,2024-08-15
LAO,True,14,2024-08-15
MOZ,,64,2024-08-15
JOR,,2,2024-08-15
RWA,True,107,2024-08-15
TUR,False,16,2024-08-15
MNE,False,1,2024-08-15
SOM,,3,2024-08-15
NPL,True,380,2024-08-15
ECU,False,34,2024-08-15
MDG,True,40,2024-08-15
BRN,,1,2024-08-15
SLB,False,2,2024-08-15
BOL,,56,2024-08-15
URY,,43,2024-08-15
IND,False,22,2024-08-15
HKG,True,186,2024-08-15
HND,True,20,2024-08-15
LBY,,11,2024-08-15
GIB,,18,2024-08-15
CHN,False,70,2024-08-15
IDN,True,345,2024-08-15
ITA,True,19,2024-08-15
MOZ,False,3,2024-08-15
JPN,True,111,2024-08-15
ETH,True,19,2024-08-15
IRN,False,5,2024-08-15
VEN,False,15,2024-08-15
ETH,,388,2024-08-15
KWT,False,10,2024-08-15
GEO,False,6,2024-08-15
LKA,True,40,2024-08-15
UKR,,1063,2024-08-15
ITA,,48,2024-08-15
GHA,,10,2024-08-15
NOR,False,387,2024-08-15
TZA,True,701,2024-08-15
JAM,True,30,2024-08-15
BLZ,False,2,2024-08-15
SGP,True,213,2024-08-15
MLI,True,4,2024-08-15
KWT,True,26,2024-08-15
GUY,,14,2024-08-15
COM,,4,2024-08-15
LCA,,2,2024-08-15
BHS,True,2,2024-08-15
ZAF,True,46,2024-08-15
SHN,,4,2024-08-15
MNG,False,1,2024-08-15
GUY,False,5,2024-08-15
SLV,False,8,2024-08-15
QAT,,22,2024-08-15
PCN,,2,2024-08-15
BHS,,3,2024-08-15
MAR,False,4,2024-08-15
GBR,,2280,2024-08-15
MEX,False,133,2024-08-15
TLS,True,42,2024-08-15
BOL,True,92,2024-08-15
TZA,False,4,2024-08-15
MAC,True,10,2024-08-15
SOM,True,3,2024-08-15
PRY,,75,2024-08-15
GHA,True,12,2024-08-15
UGA,False,13,2024-08-15
KAZ,True,7,2024-08-15
TON,,5,2024-08-15
GEO,True,64,2024-08-15
URY,True,71,2024-08-15
BWA,True,1,2024-08-15
MDG,False,3,2024-08-15
CRI,,73,2024-08-15
JOR,False,8,2024-08-15
MMR,True,81,2024-08-15
SYC,True,33,2024-08-15
LKA,False,4,2024-08-15
LVA,True,115,2024-08-15
GBR,False,512,2024-08-15
TON,True,24,2024-08-15
DZA,False,1,2024-08-15
CRI,True,67,2024-08-15
BRN,True,79,2024-08-15
UGA,,26,2024-08-15
MLI,,6,2024-08-15
JAM,False,27,2024-08-15
MEX,,664,2024-08-15
UKR,True,236,2024-08-15
LBN,True,16,2024-08-15
GRC,False,13,2024-08-15
PNG,,61,2024-08-15
DMA,,2,2024-08-15
YEM,,8,2024-08-15
IDN,False,89,2024-08-15
LVA,False,3,2024-08-15
MNG,,265,2024-08-15
BLR,,137,2024-08-15
SYC,,1,2024-08-15
NIC,True,43,2024-08-15
LTU,True,6,2024-08-15
TKM,,11,2024-08-15
NZL,,172,2024-08-15
THA,,2274,2024-08-15
CYP,False,5,2024-08-15
NOR,,205,2024-08-15
IRQ,,79,2024-08-15
MOZ,True,29,2024-08-15
VEN,,54,2024-08-15
CHL,False,21,2024-08-15
SAU,True,756,2024-08-15
TLS,,6,2024-08-15
EGY,False,17,2024-08-15
SAU,,87,2024-08-15
GRC,True,27,2024-08-15
DOM,,223,2024-08-15
PRT,True,59,2024-08-15
CYP,True,7,2024-08-15
LBR,True,4,2024-08-15
BHR,,4,2024-08-15
TWN,False,5,2024-08-15
NIC,,30,2024-08-15
MEX,True,304,2024-08-15
DOM,False,97,2024-08-15
CHL,True,67,2024-08-15
KHM,True,78,2024-08-15
MNG,True,1,2024-08-15
GIB,True,16,2024-08-15
SSD,,6,2024-08-15
FJI,True,39,2024-08-15
PNG,True,23,2024-08-15
SGP,False,90,2024-08-15
ISR,False,9,2024-08-15
TTO,True,22,2024-08-15
KWT,,23,2024-08-15
UKR,False,44,2024-08-15
MWI,,2,2024-08-15
MDV,True,22,2024-08-15
FJI,,39,2024-08-15
MRT,,25,2024-08-15
PER,,282,2024-08-15
MYS,True,311,2024-08-15
NLD,,1,2024-08-15
BTN,True,43,2024-08-15
SLE,True,4,2024-08-15
PAK,,68,2024-08-15
PAN,False,5,2024-08-15
VNM,True,73,2024-08-15
TUR,,836,2024-08-15
BHR,False,9,2024-08-15
MKD,False,9,2024-08-15
GRD,True,5,2024-08-15
SLE,,52,2024-08-15
EGY,True,27,2024-08-15
MNE,,63,2024-08-15
TKM,True,7,2024-08-15
PHL,True,87,2024-08-15
COM,True,7,2024-08-15
PSE,True,11,2024-08-15
MDG,,45,2024-08-15
MAR,,29,2024-08-15
SDN,,32,2024-08-15
GEO,,48,2024-08-15
OMN,,13,2024-08-15
MWI,True,63,2024-08-15
DOM,True,186,2024-08-15
KEN,False,32,2024-08-15
JPN,False,6,2024-08-15
CIV,False,3,2024-08-15
KGZ,False,2,2024-08-15
PAN,,18,2024-08-15
VNM,,58,2024-08-15
CIV,,9,2024-08-15
BLR,True,6,2024-08-15
IRQ,True,36,2024-08-15
KOR,,59,2024-08-15
KGZ,True,13,2024-08-15
SDN,False,1,2024-08-15
SLE,False,7,2024-08-15
BTN,,46,2024-08-15
ZAF,,58,2024-08-15
ISR,,25,2024-08-15
ZMB,True,3,2024-08-15
GIN,False,4,2024-08-15
PRT,,23,2024-08-15
OMN,True,13,2024-08-15
TUN,,4,2024-08-15
JOR,True,241,2024-08-15
CRI,False,43,2024-08-15
DZA,True,30,2024-08-15
IRN,,11,2024-08-15
LTU,,3,2024-08-15
ZWE,True,13,2024-08-15
PAK,False,22,2024-08-15
CYP,,3,2024-08-15
THA,True,625,2024-08-15
TWN,,85,2024-08-15
MYS,,112,2024-08-15
CHL,,37,2024-08-15
NGA,False,56,2024-08-15
MAC,,13,2024-08-15
ECU,True,262,2024-08-15
PER,True,182,2024-08-15
ZWE,False,24,2024-08-15
SAU,False,41,2024-08-15
NGA,True,52,2024-08-15
SRB,True,12,2024-08-15
PER,False,111,2024-08-15
WSM,False,2,2024-08-15
MDV,False,26,2024-08-15
POL,False,17,2024-08-15
RUS,,1,2024-08-15
PAK,True,47,2024-08-15
HTI,True,4,2024-08-15
TUN,True,3,2024-08-15
KIR,,4,2024-08-15
GBR,True,2373,2024-08-15
YEM,False,1,2024-08-15
BRN,False,2,2024-08-15
IRQ,False,38,2024-08-15
BLZ,,52,2024-08-15
ITA,False,14,2024-08-15
ESP,False,4,2024-08-15
TTO,,52,2024-08-15
PRI,,1,2024-08-15
ESP,,26,2024-08-15
MAR,True,27,2024-08-15
MYS,False,69,2024-08-15
CHN,True,37,2024-08-15
NIC,False,25,2024-08-15
ZMB,False,3,2024-08-15
PAN,True,20,2024-08-15
KEN,,222,2024-08-15
LKA,,32,2024-08-15
WSM,,9,2024-08-15
ISR,True,83,2024-08-15
MDV,,139,2024-08-15
POL,True,289,2024-08-15
GIB,False,2,2024-08-15
LBN,,10,2024-08-15
IRL,True,6,2024-08-15
KEN,True,242,2024-08-15
TWN,True,48,2024-08-15
SLB,,3,2024-08-15
IRL,,11,2024-08-15
SRB,False,2,2024-08-15
UGA,True,145,2024-08-15
PNG,False,8,2024-08-15
SHN,True,4,2024-08-15
NGA,,86,2024-08-15
TUR,True,311,2024-08-15
KHM,False,13,2024-08-15
MNE,True,63,2024-08-15
HND,,28,2024-08-15
TON,False,3,2024-08-15
YEM,True,8,2024-08-15
SLV,,52,2024-08-15
ECU,,224,2024-08-15
GRD,,2,2024-08-15
ETH,False,6,2024-08-15
DMA,True,2,2024-08-15
GRC,,74,2024-08-15
SYR,,6,2024-08-15
DMA,False,2,2024-08-15
GIN,,130,2024-08-15
LBN,False,5,2024-08-15
COK,,8,2024-08-15
LBY,False,5,2024-08-15
SSD,True,1,2024-08-15
NZL,False,415,2024-08-15
OMN,False,152,2024-08-15
RUS,True,2,2024-08-15
QAT,False,14,2024-08-15
LBY,True,4,2024-08-15
SGP,,159,2024-08-15
PRT,False,10,2024-08-15
HND,False,12,2024-08-15
IND,,1954,2024-08-15
KAZ,,31,2024-08-15
HTI,False,6,2024-08-15
GIN,True,6,2024-08-15
BRA,False,34,2024-08-15
HKG,,468,2024-08-15
NZL,True,276,2024-08-15
PHL,False,49,2024-08-15
MMR,,22,2024-08-15
KHM,,87,2024-08-15
MMR,False,15,2024-08-15
MKD,,41,2024-08-15
IRL,False,20,2024-08-15
IDN,,503,2024-08-15
CHN,,18,2024-08-15
SLV,True,109,2024-08-15
MKD,True,38,2024-08-15
PRI,False,2,2024-08-15
DZA,,31,2024-08-15
FLK,True,4,2024-08-15
GUY,True,96,2024-08-15
BOL,False,39,2024-08-15
VEN,True,101,2024-08-15
CIV,True,12,2024-08-15
JPN,,150,2024-08-15
ESP,True,38,2024-08-15
SRB,,11,2024-08-15
BHR,True,8,2024-08-15
TZA,,6,2024-08-15
BHS,False,4,2024-08-15
KGZ,,36,2024-08-15
LAO,,20,2024-08-15
PHL,,218,2024-08-15
IND,True,467,2024-08-15
EGY,,65,2024-08-15
KOR,True,50,2024-08-15
PRY,True,125,2024-08-15
QAT,True,51,2024-08-15
URY,False,3,2024-08-15
VNM,False,6,2024-08-15
SHN,False,4,2024-08-15
NRU,True,1,2024-08-15
BMU,True,1,2024-08-15
SEN,,1,2024-08-15
TTO,False,3,2024-08-15
NPL,,3,2024-08-15
FLK,,1,2024-08-15
KNA,,2,2024-08-15
KOR,False,1,2024-08-15
SYR,True,1,2024-08-15
LAO,False,1,2024-08-15
CAN,True,1,2024-08-15
SEN,True,1,2024-08-15
NAM,True,1,2024-08-15
HKG,False,2,2024-08-15
MRT,True,1,2024-08-15
LCA,True,3,2024-08-15
LBR,,1,2024-08-15
LSO,,1,2024-08-15
KIR,True,2,2024-08-15
ZWE,,1,2024-08-15
CAN,,1,2024-08-15
SDN,True,1,2024-08-15
BTN,False,1,2024-08-15
PRI,True,2,2024-08-15
GHA,False,3,2024-08-15
BLZ,True,1,2024-08-15
LTU,False,1,2024-08-15
BRA,True,219,2024-09-15
THA,False,37,2024-09-15
ZAF,False,113,2024-09-15
SLB,True,61,2024-09-15
HTI,,8,2024-09-15
PSE,,10,2024-09-15
NOR,True,130,2024-09-15
IRN,True,22,2024-09-15
POL,,251,2024-09-15
LVA,,19,2024-09-15
WSM,True,12,2024-09-15
JAM,,36,2024-09-15
ZMB,,5,2024-09-15
PRY,False,15,2024-09-15
BRA,,445,2024-09-15
LAO,True,14,2024-09-15
MOZ,,102,2024-09-15
JOR,,3,2024-09-15
RWA,True,108,2024-09-15
TUR,False,14,2024-09-15
MNE,False,1,2024-09-15
SOM,,3,2024-09-15
NPL,True,612,2024-09-15
ECU,False,35,2024-09-15
MDG,True,40,2024-09-15
BRN,,1,2024-09-15
SLB,False,2,2024-09-15
BOL,,54,2024-09-15
URY,,48,2024-09-15
HKG,True,189,2024-09-15
IND,False,25,2024-09-15
HND,True,21,2024-09-15
GIB,,18,2024-09-15
LBY,,11,2024-09-15
CHN,False,78,2024-09-15
ITA,True,20,2024-09-15
IDN,True,372,2024-09-15
MOZ,False,3,2024-09-15
JPN,True,114,2024-09-15
ETH,True,19,2024-09-15
IRN,False,5,2024-09-15
VEN,False,18,2024-09-15
GRD,False,1,2024-09-15
NRU,True,2,2024-09-15
ETH,,390,2024-09-15
KWT,False,10,2024-09-15
GEO,False,6,2024-09-15
LKA,True,44,2024-09-15
UKR,,1068,2024-09-15
ITA,,49,2024-09-15
CMR,,22,2024-09-15
GHA,,13,2024-09-15
NOR,False,390,2024-09-15
TZA,True,729,2024-09-15
JAM,True,31,2024-09-15
BLZ,False,2,2024-09-15
SGP,True,215,2024-09-15
MLI,True,3,2024-09-15
KNA,False,1,2024-09-15
KWT,True,27,2024-09-15
COM,,4,2024-09-15
GUY,,14,2024-09-15
LCA,,2,2024-09-15
BHS,True,2,2024-09-15
ZAF,True,48,2024-09-15
SHN,,3,2024-09-15
GUY,False,5,2024-09-15
MNG,False,1,2024-09-15
SLV,False,9,2024-09-15
QAT,,22,2024-09-15
PCN,,2,2024-09-15
BHS,,3,2024-09-15
MAR,False,4,2024-09-15
GBR,,2310,2024-09-15
MEX,False,140,2024-09-15
TLS,True,76,2024-09-15
BOL,True,95,2024-09-15
MAC,True,10,2024-09-15
TZA,False,4,2024-09-15
SOM,True,3,2024-09-15
PRY,,80,2024-09-15
GHA,True,18,2024-09-15
UGA,False,14,2024-09-15
KAZ,True,7,2024-09-15
TON,,8,2024-09-15
GEO,True,50,2024-09-15
URY,True,81,2024-09-15
BWA,True,1,2024-09-15
MDG,False,3,2024-09-15
CRI,,73,2024-09-15
JOR,False,12,2024-09-15
MMR,True,81,2024-09-15
SYC,True,33,2024-09-15
LKA,False,6,2024-09-15
GBR,False,460,2024-09-15
LVA,True,119,2024-09-15
TON,True,24,2024-09-15
DZA,False,1,2024-09-15
NPL,,4,2024-09-15
CRI,True,72,2024-09-15
BRN,True,82,2024-09-15
UGA,,26,2024-09-15
JAM,False,30,2024-09-15
KNA,,3,2024-09-15
MEX,,665,2024-09-15
UKR,True,238,2024-09-15
GRC,False,15,2024-09-15
LBN,True,16,2024-09-15
PNG,,64,2024-09-15
DMA,,2,2024-09-15
YEM,,9,2024-09-15
IDN,False,91,2024-09-15
LVA,False,3,2024-09-15
MNG,,269,2024-09-15
BLR,,142,2024-09-15
SYC,,1,2024-09-15
NIC,True,43,2024-09-15
LTU,True,6,2024-09-15
TKM,,11,2024-09-15
NZL,,174,2024-09-15
THA,,2292,2024-09-15
CYP,False,6,2024-09-15
NOR,,204,2024-09-15
IRQ,,83,2024-09-15
MOZ,True,32,2024-09-15
VEN,,65,2024-09-15
SAU,True,730,2024-09-15
CHL,False,29,2024-09-15
TLS,,6,2024-09-15
EGY,False,16,2024-09-15
SAU,,82,2024-09-15
GRC,True,27,2024-09-15
DOM,,218,2024-09-15
PRT,True,60,2024-09-15
CYP,True,7,2024-09-15
LBR,True,4,2024-09-15
BHR,,4,2024-09-15
TWN,False,5,2024-09-15
NIC,,32,2024-09-15
MEX,True,308,2024-09-15
CHL,True,71,2024-09-15
DOM,False,100,2024-09-15
KHM,True,77,2024-09-15
MNG,True,1,2024-09-15
GIB,True,16,2024-09-15
SSD,,5,2024-09-15
FJI,True,53,2024-09-15
PNG,True,23,2024-09-15
SGP,False,88,2024-09-15
TTO,True,25,2024-09-15
ISR,False,10,2024-09-15
KWT,,24,2024-09-15
UKR,False,47,2024-09-15
MWI,,2,2024-09-15
MDV,True,22,2024-09-15
FJI,,54,2024-09-15
MRT,,26,2024-09-15
PER,,285,2024-09-15
MYS,True,324,2024-09-15
NLD,,1,2024-09-15
BTN,True,48,2024-09-15
SLE,True,4,2024-09-15
PAK,,74,2024-09-15
PAN,False,5,2024-09-15
VNM,True,83,2024-09-15
TUR,,841,2024-09-15
MKD,False,9,2024-09-15
BHR,False,9,2024-09-15
HKG,False,3,2024-09-15
GRD,True,7,2024-09-15
SLE,,53,2024-09-15
EGY,True,26,2024-09-15
MNE,,63,2024-09-15
TKM,True,7,2024-09-15
PHL,True,88,2024-09-15
COM,True,7,2024-09-15
PSE,True,12,2024-09-15
MDG,,45,2024-09-15
MAR,,30,2024-09-15
SDN,,30,2024-09-15
OMN,,13,2024-09-15
GEO,,36,2024-09-15
DOM,True,182,2024-09-15
MWI,True,63,2024-09-15
KEN,False,32,2024-09-15
JPN,False,7,2024-09-15
KGZ,False,3,2024-09-15
CIV,False,3,2024-09-15
VNM,,64,2024-09-15
PAN,,19,2024-09-15
CIV,,9,2024-09-15
BLR,True,6,2024-09-15
LBR,,2,2024-09-15
IRQ,True,37,2024-09-15
KOR,,61,2024-09-15
KGZ,True,13,2024-09-15
SDN,False,1,2024-09-15
SLE,False,7,2024-09-15
ZAF,,60,2024-09-15
BTN,,52,2024-09-15
ISR,,26,2024-09-15
ZMB,True,3,2024-09-15
GIN,False,4,2024-09-15
PRT,,25,2024-09-15
OMN,True,13,2024-09-15
TUN,,4,2024-09-15
JOR,True,240,2024-09-15
CRI,False,45,2024-09-15
DZA,True,39,2024-09-15
IRN,,12,2024-09-15
LTU,,3,2024-09-15
PAK,False,19,2024-09-15
ZWE,True,13,2024-09-15
CYP,,3,2024-09-15
THA,True,639,2024-09-15
TWN,,91,2024-09-15
MYS,,114,2024-09-15
CHL,,46,2024-09-15
NGA,False,57,2024-09-15
MAC,,13,2024-09-15
ECU,True,269,2024-09-15
PER,True,189,2024-09-15
ZWE,False,24,2024-09-15
SAU,False,39,2024-09-15
NGA,True,53,2024-09-15
SRB,True,12,2024-09-15
PER,False,119,2024-09-15
WSM,False,3,2024-09-15
SDN,True,6,2024-09-15
POL,False,16,2024-09-15
MDV,False,26,2024-09-15
RUS,,1,2024-09-15
PAK,True,57,2024-09-15
HTI,True,5,2024-09-15
TUN,True,3,2024-09-15
KIR,,4,2024-09-15
GBR,True,2463,2024-09-15
BRN,False,4,2024-09-15
YEM,False,1,2024-09-15
IRQ,False,38,2024-09-15
BLZ,,51,2024-09-15
ITA,False,15,2024-09-15
ESP,False,4,2024-09-15
TTO,,55,2024-09-15
PRI,,2,2024-09-15
ESP,,26,2024-09-15
MYS,False,76,2024-09-15
MAR,True,28,2024-09-15
CHN,True,40,2024-09-15
NIC,False,22,2024-09-15
ZMB,False,3,2024-09-15
PAN,True,23,2024-09-15
KEN,,227,2024-09-15
LKA,,33,2024-09-15
WSM,,12,2024-09-15
ISR,True,85,2024-09-15
MDV,,140,2024-09-15
POL,True,295,2024-09-15
GIB,False,2,2024-09-15
LBN,,12,2024-09-15
IRL,True,6,2024-09-15
KEN,True,247,2024-09-15
TWN,True,53,2024-09-15
SLB,,3,2024-09-15
IRL,,11,2024-09-15
GHA,False,7,2024-09-15
SRB,False,2,2024-09-15
CMR,True,3,2024-09-15
UGA,True,150,2024-09-15
SHN,True,3,2024-09-15
PNG,False,6,2024-09-15
NGA,,94,2024-09-15
MNE,True,63,2024-09-15
TUR,True,312,2024-09-15
KHM,False,13,2024-09-15
HND,,31,2024-09-15
TON,False,5,2024-09-15
YEM,True,9,2024-09-15
SLV,,55,2024-09-15
ECU,,229,2024-09-15
GRD,,2,2024-09-15
ETH,False,4,2024-09-15
DMA,True,2,2024-09-15
GRC,,74,2024-09-15
SYR,,6,2024-09-15
DMA,False,2,2024-09-15
GIN,,137,2024-09-15
LBN,False,5,2024-09-15
COK,,8,2024-09-15
LBY,False,5,2024-09-15
SSD,True,1,2024-09-15
NZL,False,420,2024-09-15
OMN,False,152,2024-09-15
RUS,True,2,2024-09-15
QAT,False,15,2024-09-15
LBY,True,4,2024-09-15
SGP,,157,2024-09-15
HND,False,14,2024-09-15
PRT,False,10,2024-09-15
IND,,1966,2024-09-15
KAZ,,31,2024-09-15
HTI,False,6,2024-09-15
BRA,False,37,2024-09-15
GIN,True,8,2024-09-15
HKG,,476,2024-09-15
NZL,True,282,2024-09-15
PHL,False,50,2024-09-15
KHM,,86,2024-09-15
MMR,,25,2024-09-15
MMR,False,15,2024-09-15
MKD,,42,2024-09-15
IRL,False,20,2024-09-15
IDN,,550,2024-09-15
CHN,,21,2024-09-15
SLV,True,112,2024-09-15
MKD,True,39,2024-09-15
PRI,False,2,2024-09-15
DZA,,40,2024-09-15
FLK,True,4,2024-09-15
GUY,True,98,2024-09-15
BOL,False,45,2024-09-15
VEN,True,142,2024-09-15
CIV,True,12,2024-09-15
JPN,,150,2024-09-15
ESP,True,39,2024-09-15
SRB,,11,2024-09-15
BHR,True,8,2024-09-15
TZA,,7,2024-09-15
BHS,False,4,2024-09-15
KGZ,,40,2024-09-15
LAO,,21,2024-09-15
PHL,,217,2024-09-15
IND,True,471,2024-09-15
EGY,,66,2024-09-15
KOR,True,51,2024-09-15
PRY,True,141,2024-09-15
QAT,True,52,2024-09-15
URY,False,5,2024-09-15
VNM,False,6,2024-09-15
SHN,False,3,2024-09-15
BMU,True,1,2024-09-15
SEN,,1,2024-09-15
TTO,False,3,2024-09-15
FLK,,1,2024-09-15
MLI,,5,2024-09-15
KOR,False,1,2024-09-15
SYR,True,1,2024-09-15
LAO,False,1,2024-09-15
CAN,True,1,2024-09-15
SEN,True,1,2024-09-15
NAM,True,1,2024-09-15
MRT,True,1,2024-09-15
LCA,True,3,2024-09-15
KIR,True,2,2024-09-15
ZWE,,1,2024-09-15
CAN,,1,2024-09-15
BTN,False,1,2024-09-15
PRI,True,3,2024-09-15
BLZ,True,1,2024-09-15
LTU,False,1,2024-09-15
BRA,True,222,2024-10-15
THA,False,40,2024-10-15
SLB,True,59,2024-10-15
ZAF,False,118,2024-10-15
PSE,,11,2024-10-15
HTI,,9,2024-10-15
NOR,True,130,2024-10-15
IRN,True,22,2024-10-15
POL,,251,2024-10-15
BRB,,26,2024-10-15
LVA,,19,2024-10-15
WSM,True,12,2024-10-15
JAM,,40,2024-10-15
ZMB,,5,2024-10-15
PRY,False,16,2024-10-15
BRA,,444,2024-10-15
LAO,True,14,2024-10-15
BFA,True,1,2024-10-15
MOZ,,103,2024-10-15
RWA,True,109,2024-10-15
TUR,False,18,2024-10-15
NPL,True,606,2024-10-15
ECU,False,40,2024-10-15
MDG,True,40,2024-10-15
SLB,False,2,2024-10-15
BOL,,51,2024-10-15
URY,,46,2024-10-15
IND,False,25,2024-10-15
AUS,False,540,2024-10-15
HKG,True,190,2024-10-15
SHN,False,4,2024-10-15
HND,True,20,2024-10-15
LBY,,11,2024-10-15
GIB,,18,2024-10-15
CHN,False,76,2024-10-15
IDN,True,372,2024-10-15
BIH,False,2,2024-10-15
ITA,True,19,2024-10-15
MOZ,False,3,2024-10-15
ETH,True,20,2024-10-15
JPN,True,120,2024-10-15
IRN,False,5,2024-10-15
VEN,False,17,2024-10-15
NRU,True,2,2024-10-15
ETH,,400,2024-10-15
KWT,False,11,2024-10-15
GEO,False,6,2024-10-15
LKA,True,44,2024-10-15
UKR,,1077,2024-10-15
ITA,,49,2024-10-15
BMU,True,1,2024-10-15
CMR,,22,2024-10-15
GHA,,13,2024-10-15
NOR,False,390,2024-10-15
TZA,True,688,2024-10-15
JAM,True,35,2024-10-15
BLZ,False,2,2024-10-15
SEN,,1,2024-10-15
ARE,False,86,2024-10-15
SGP,True,216,2024-10-15
MLI,True,3,2024-10-15
KWT,True,28,2024-10-15
GUY,,14,2024-10-15
COM,,4,2024-10-15
LCA,,2,2024-10-15
BHS,True,2,2024-10-15
ZAF,True,48,2024-10-15
SHN,,4,2024-10-15
SLV,False,12,2024-10-15
GUY,False,5,2024-10-15
QAT,,21,2024-10-15
PCN,,2,2024-10-15
MAR,False,4,2024-10-15
GBR,,2385,2024-10-15
TLS,True,73,2024-10-15
BOL,True,93,2024-10-15
MEX,False,144,2024-10-15
MAC,True,12,2024-10-15
SOM,True,4,2024-10-15
PRY,,82,2024-10-15
GHA,True,18,2024-10-15
TTO,False,3,2024-10-15
ARE,,60,2024-10-15
KAZ,True,7,2024-10-15
UGA,False,13,2024-10-15
TON,,8,2024-10-15
BIH,True,58,2024-10-15
GEO,True,63,2024-10-15
URY,True,81,2024-10-15
MDG,False,3,2024-10-15
CRI,,73,2024-10-15
JOR,False,12,2024-10-15
MMR,True,84,2024-10-15
SYC,True,33,2024-10-15
LKA,False,9,2024-10-15
LVA,True,120,2024-10-15
GBR,False,474,2024-10-15
TON,True,24,2024-10-15
NPL,,4,2024-10-15
CRI,True,72,2024-10-15
BRN,True,81,2024-10-15
UGA,,24,2024-10-15
AZE,,206,2024-10-15
AUS,,210,2024-10-15
FLK,,2,2024-10-15
MLI,,5,2024-10-15
JAM,False,30,2024-10-15
KNA,,3,2024-10-15
MEX,,687,2024-10-15
UKR,True,242,2024-10-15
GRC,False,15,2024-10-15
LBN,True,16,2024-10-15
AFG,,117,2024-10-15
BGD,,136,2024-10-15
PNG,,64,2024-10-15
YEM,,9,2024-10-15
IDN,False,95,2024-10-15
LVA,False,3,2024-10-15
BLR,,155,2024-10-15
MNG,,279,2024-10-15
ARG,False,119,2024-10-15
NIC,True,42,2024-10-15
LTU,True,6,2024-10-15
KOR,False,1,2024-10-15
TKM,,11,2024-10-15
NZL,,178,2024-10-15
THA,,2322,2024-10-15
CYP,False,6,2024-10-15
NOR,,205,2024-10-15
IRQ,,88,2024-10-15
MOZ,True,32,2024-10-15
VEN,,67,2024-10-15
SAU,True,741,2024-10-15
CHL,False,29,2024-10-15
SYR,True,2,2024-10-15
TLS,,4,2024-10-15
EGY,False,14,2024-10-15
SAU,,85,2024-10-15
GRC,True,29,2024-10-15
ALB,False,8,2024-10-15
CAN,True,1,2024-10-15
DOM,,219,2024-10-15
PRT,True,61,2024-10-15
ALB,,31,2024-10-15
TWN,False,5,2024-10-15
NIC,,29,2024-10-15
DOM,False,97,2024-10-15
MEX,True,326,2024-10-15
CHL,True,69,2024-10-15
KHM,True,77,2024-10-15
GIB,True,16,2024-10-15
SSD,,6,2024-10-15
FJI,True,54,2024-10-15
NAM,True,1,2024-10-15
PNG,True,23,2024-10-15
SGP,False,89,2024-10-15
BIH,,25,2024-10-15
TTO,True,25,2024-10-15
ISR,False,10,2024-10-15
KWT,,21,2024-10-15
UKR,False,48,2024-10-15
MDV,True,22,2024-10-15
FJI,,56,2024-10-15
MRT,,25,2024-10-15
PER,,280,2024-10-15
MYS,True,326,2024-10-15
SLE,True,4,2024-10-15
BGD,True,109,2024-10-15
BTN,True,49,2024-10-15
PAK,,77,2024-10-15
PAN,False,5,2024-10-15
VNM,True,85,2024-10-15
TUR,,842,2024-10-15
BHR,False,9,2024-10-15
MKD,False,10,2024-10-15
HKG,False,3,2024-10-15
GRD,True,7,2024-10-15
MRT,True,1,2024-10-15
SLE,,53,2024-10-15
EGY,True,27,2024-10-15
MNE,,63,2024-10-15
AUS,True,507,2024-10-15
TKM,True,7,2024-10-15
PHL,True,88,2024-10-15
COM,True,7,2024-10-15
PSE,True,12,2024-10-15
LCA,True,3,2024-10-15
MDG,,45,2024-10-15
MAR,,30,2024-10-15
SDN,,26,2024-10-15
OMN,,12,2024-10-15
GEO,,49,2024-10-15
KEN,False,32,2024-10-15
DOM,True,181,2024-10-15
MWI,True,63,2024-10-15
AFG,True,6,2024-10-15
JPN,False,6,2024-10-15
CIV,False,5,2024-10-15
VNM,,65,2024-10-15
PAN,,19,2024-10-15
CIV,,9,2024-10-15
BLR,True,6,2024-10-15
LBR,,2,2024-10-15
IRQ,True,39,2024-10-15
KOR,,63,2024-10-15
KGZ,True,15,2024-10-15
SLE,False,7,2024-10-15
ZAF,,60,2024-10-15
BTN,,53,2024-10-15
LSO,,1,2024-10-15
ISR,,26,2024-10-15
ARE,True,117,2024-10-15
ZMB,True,3,2024-10-15
KIR,True,2,2024-10-15
GIN,False,4,2024-10-15
PRT,,26,2024-10-15
ARG,True,554,2024-10-15
OMN,True,15,2024-10-15
TUN,,7,2024-10-15
JOR,True,242,2024-10-15
CRI,False,43,2024-10-15
DZA,True,39,2024-10-15
LTU,,3,2024-10-15
IRN,,12,2024-10-15
ZWE,True,15,2024-10-15
PAK,False,20,2024-10-15
CYP,,3,2024-10-15
THA,True,634,2024-10-15
TWN,,96,2024-10-15
MYS,,116,2024-10-15
ZWE,,1,2024-10-15
CHL,,45,2024-10-15
NGA,False,61,2024-10-15
MAC,,13,2024-10-15
ECU,True,269,2024-10-15
PER,True,192,2024-10-15
ZWE,False,28,2024-10-15
NGA,True,55,2024-10-15
SAU,False,42,2024-10-15
SRB,True,13,2024-10-15
CAN,,1,2024-10-15
PER,False,122,2024-10-15
MDV,False,26,2024-10-15
POL,False,14,2024-10-15
SDN,True,6,2024-10-15
PAK,True,60,2024-10-15
HTI,True,5,2024-10-15
TUN,True,4,2024-10-15
KIR,,3,2024-10-15
GBR,True,2491,2024-10-15
BRN,False,4,2024-10-15
ARG,,599,2024-10-15
IRQ,False,40,2024-10-15
BLZ,,51,2024-10-15
BGD,False,772,2024-10-15
ITA,False,15,2024-10-15
BTN,False,1,2024-10-15
ESP,False,4,2024-10-15
TTO,,57,2024-10-15
ESP,,26,2024-10-15
CHN,True,41,2024-10-15
MYS,False,77,2024-10-15
MAR,True,28,2024-10-15
NIC,False,23,2024-10-15
ZMB,False,3,2024-10-15
PAN,True,24,2024-10-15
KEN,,233,2024-10-15
PRI,True,4,2024-10-15
WSM,,12,2024-10-15
LKA,,34,2024-10-15
ISR,True,85,2024-10-15
MDV,,140,2024-10-15
POL,True,299,2024-10-15
GIB,False,2,2024-10-15
LBN,,12,2024-10-15
IRL,True,7,2024-10-15
AGO,,4,2024-10-15
KEN,True,251,2024-10-15
TWN,True,56,2024-10-15
IRL,,23,2024-10-15
GHA,False,7,2024-10-15
BRB,True,27,2024-10-15
SRB,False,2,2024-10-15
UGA,True,111,2024-10-15
PNG,False,6,2024-10-15
SHN,True,4,2024-10-15
NGA,,95,2024-10-15
TUR,True,324,2024-10-15
KHM,False,13,2024-10-15
MNE,True,63,2024-10-15
HND,,30,2024-10-15
TON,False,5,2024-10-15
YEM,True,8,2024-10-15
SLV,,56,2024-10-15
ECU,,242,2024-10-15
ETH,False,4,2024-10-15
DMA,True,2,2024-10-15
SYC,False,2,2024-10-15
SYR,,7,2024-10-15
GRC,,76,2024-10-15
BRB,False,5,2024-10-15
GIN,,136,2024-10-15
LBN,False,5,2024-10-15
COK,,8,2024-10-15
BLZ,True,1,2024-10-15
LBY,False,5,2024-10-15
NZL,False,423,2024-10-15
OMN,False,157,2024-10-15
RUS,True,2,2024-10-15
QAT,False,17,2024-10-15
SGP,,159,2024-10-15
PRT,False,11,2024-10-15
HND,False,14,2024-10-15
IND,,1960,2024-10-15
KAZ,,31,2024-10-15
HTI,False,6,2024-10-15
BRA,False,38,2024-10-15
GIN,True,8,2024-10-15
LTU,False,1,2024-10-15
HKG,,479,2024-10-15
NZL,True,285,2024-10-15
PHL,False,53,2024-10-15
MMR,,25,2024-10-15
KHM,,83,2024-10-15
MMR,False,15,2024-10-15
MKD,,41,2024-10-15
AZE,True,260,2024-10-15
ALB,True,180,2024-10-15
IRL,False,20,2024-10-15
CHN,,20,2024-10-15
IDN,,548,2024-10-15
MKD,True,40,2024-10-15
SLV,True,109,2024-10-15
DZA,,39,2024-10-15
FLK,True,4,2024-10-15
GUY,True,98,2024-10-15
BOL,False,46,2024-10-15
CIV,True,12,2024-10-15
VEN,True,143,2024-10-15
JPN,,152,2024-10-15
ESP,True,40,2024-10-15
SRB,,12,2024-10-15
BHR,True,8,2024-10-15
TZA,,7,2024-10-15
BHS,False,4,2024-10-15
KGZ,,41,2024-10-15
LAO,,21,2024-10-15
PHL,,218,2024-10-15
IND,True,472,2024-10-15
EGY,,68,2024-10-15
KOR,True,52,2024-10-15
PRY,True,140,2024-10-15
QAT,True,53,2024-10-15
URY,False,6,2024-10-15
VNM,False,6,2024-10-15
JOR,,3,2024-10-15
MNE,False,1,2024-10-15
SOM,,3,2024-10-15
BRN,,1,2024-10-15
AFG,False,3,2024-10-15
GRD,False,1,2024-10-15
KNA,False,1,2024-10-15
MNG,False,1,2024-10-15
BHS,,3,2024-10-15
TZA,False,2,2024-10-15
BWA,True,1,2024-10-15
DZA,False,3,2024-10-15
DMA,,2,2024-10-15
SYC,,3,2024-10-15
AZE,False,1,2024-10-15
SOM,False,1,2024-10-15
LAO,False,2,2024-10-15
CYP,True,7,2024-10-15
LBR,True,4,2024-10-15
BHR,,4,2024-10-15
SEN,True,1,2024-10-15
MNG,True,1,2024-10-15
MWI,,2,2024-10-15
NLD,,1,2024-10-15
AGO,True,2,2024-10-15
KGZ,False,2,2024-10-15
SDN,False,4,2024-10-15
WSM,False,3,2024-10-15
RUS,,1,2024-10-15
PRI,,3,2024-10-15
SLB,,3,2024-10-15
CMR,True,3,2024-10-15
GRD,,2,2024-10-15
DMA,False,2,2024-10-15
SSD,True,1,2024-10-15
LBY,True,4,2024-10-15
PRI,False,2,2024-10-15
BRA,True,226,2024-11-15
THA,False,41,2024-11-15
SLB,True,59,2024-11-15
ZAF,False,121,2024-11-15
PSE,,9,2024-11-15
HTI,,10,2024-11-15
NOR,True,131,2024-11-15
IRN,True,22,2024-11-15
POL,,249,2024-11-15
BRB,,26,2024-11-15
LVA,,19,2024-11-15
WSM,True,13,2024-11-15
JAM,,42,2024-11-15
ZMB,,6,2024-11-15
PRY,False,16,2024-11-15
BRA,,446,2024-11-15
BFA,True,2,2024-11-15
LAO,True,12,2024-11-15
MOZ,,104,2024-11-15
RWA,True,109,2024-11-15
TUR,False,19,2024-11-15
NPL,True,607,2024-11-15
ECU,False,41,2024-11-15
MDG,True,40,2024-11-15
SLB,False,2,2024-11-15
BOL,,47,2024-11-15
URY,,49,2024-11-15
AUS,False,540,2024-11-15
IND,False,25,2024-11-15
HKG,True,190,2024-11-15
SHN,False,4,2024-11-15
HND,True,22,2024-11-15
LBY,,10,2024-11-15
GIB,,18,2024-11-15
IDN,True,383,2024-11-15
ITA,True,19,2024-11-15
CHN,False,83,2024-11-15
BIH,False,2,2024-11-15
MOZ,False,3,2024-11-15
JPN,True,123,2024-11-15
ETH,True,19,2024-11-15
IRN,False,5,2024-11-15
VEN,False,15,2024-11-15
NRU,True,2,2024-11-15
ETH,,411,2024-11-15
KWT,False,11,2024-11-15
GEO,False,6,2024-11-15
LKA,True,44,2024-11-15
UKR,,1099,2024-11-15
ITA,,48,2024-11-15
BMU,True,1,2024-11-15
CMR,,23,2024-11-15
GHA,,12,2024-11-15
NOR,False,382,2024-11-15
TZA,True,745,2024-11-15
JAM,True,37,2024-11-15
BLZ,False,2,2024-11-15
SEN,,1,2024-11-15
SGP,True,216,2024-11-15
ARE,False,88,2024-11-15
MLI,True,4,2024-11-15
KWT,True,29,2024-11-15
GUY,,14,2024-11-15
LCA,,2,2024-11-15
COM,,4,2024-11-15
BHS,True,2,2024-11-15
ZAF,True,49,2024-11-15
SHN,,4,2024-11-15
SLV,False,12,2024-11-15
GUY,False,5,2024-11-15
QAT,,23,2024-11-15
PCN,,2,2024-11-15
MAR,False,4,2024-11-15
GBR,,2484,2024-11-15
MEX,False,148,2024-11-15
BOL,True,92,2024-11-15
TLS,True,77,2024-11-15
MAC,True,12,2024-11-15
SOM,True,4,2024-11-15
PRY,,77,2024-11-15
GHA,True,18,2024-11-15
TTO,False,3,2024-11-15
ARE,,64,2024-11-15
KAZ,True,8,2024-11-15
UGA,False,16,2024-11-15
TON,,8,2024-11-15
GEO,True,70,2024-11-15
BIH,True,60,2024-11-15
URY,True,81,2024-11-15
MDG,False,3,2024-11-15
CRI,,78,2024-11-15
JOR,False,12,2024-11-15
SYC,True,33,2024-11-15
MMR,True,83,2024-11-15
LKA,False,9,2024-11-15
GBR,False,496,2024-11-15
TON,True,24,2024-11-15
LVA,True,121,2024-11-15
NPL,,4,2024-11-15
CRI,True,72,2024-11-15
BRN,True,81,2024-11-15
UGA,,26,2024-11-15
AZE,,205,2024-11-15
AUS,,211,2024-11-15
FLK,,2,2024-11-15
MLI,,6,2024-11-15
JAM,False,29,2024-11-15
KNA,,3,2024-11-15
MEX,,711,2024-11-15
UKR,True,246,2024-11-15
LBN,True,16,2024-11-15
GRC,False,16,2024-11-15
AFG,,84,2024-11-15
PNG,,64,2024-11-15
BGD,,135,2024-11-15
YEM,,10,2024-11-15
IDN,False,99,2024-11-15
LVA,False,3,2024-11-15
MNG,,283,2024-11-15
BLR,,189,2024-11-15
ARG,False,122,2024-11-15
NIC,True,44,2024-11-15
LTU,True,6,2024-11-15
KOR,False,1,2024-11-15
TKM,,11,2024-11-15
NZL,,187,2024-11-15
THA,,2346,2024-11-15
CYP,False,6,2024-11-15
IRQ,,93,2024-11-15
NOR,,210,2024-11-15
MOZ,True,32,2024-11-15
VEN,,71,2024-11-15
SAU,True,752,2024-11-15
CHL,False,30,2024-11-15
SYR,True,2,2024-11-15
SOM,False,2,2024-11-15
TLS,,7,2024-11-15
EGY,False,14,2024-11-15
SAU,,80,2024-11-15
GRC,True,29,2024-11-15
ALB,False,8,2024-11-15
CAN,True,1,2024-11-15
DOM,,221,2024-11-15
PRT,True,65,2024-11-15
ALB,,33,2024-11-15
TWN,False,5,2024-11-15
NIC,,31,2024-11-15
CHL,True,72,2024-11-15
MEX,True,339,2024-11-15
DOM,False,103,2024-11-15
KHM,True,79,2024-11-15
GIB,True,16,2024-11-15
SSD,,7,2024-11-15
FJI,True,54,2024-11-15
PNG,True,25,2024-11-15
NAM,True,1,2024-11-15
SGP,False,91,2024-11-15
BIH,,24,2024-11-15
ISR,False,9,2024-11-15
TTO,True,26,2024-11-15
KWT,,21,2024-11-15
UKR,False,49,2024-11-15
MDV,True,24,2024-11-15
FJI,,58,2024-11-15
MRT,,25,2024-11-15
PER,,286,2024-11-15
MYS,True,327,2024-11-15
BGD,True,112,2024-11-15
SLE,True,4,2024-11-15
BTN,True,49,2024-11-15
PAK,,79,2024-11-15
PAN,False,7,2024-11-15
VNM,True,85,2024-11-15
TUR,,848,2024-11-15
BHR,False,9,2024-11-15
MKD,False,14,2024-11-15
HKG,False,3,2024-11-15
GRD,True,7,2024-11-15
MRT,True,1,2024-11-15
SLE,,51,2024-11-15
EGY,True,28,2024-11-15
MNE,,63,2024-11-15
AUS,True,507,2024-11-15
TKM,True,7,2024-11-15
PHL,True,91,2024-11-15
COM,True,7,2024-11-15
LCA,True,3,2024-11-15
PSE,True,10,2024-11-15
MAR,,30,2024-11-15
MDG,,45,2024-11-15
SDN,,26,2024-11-15
GEO,,47,2024-11-15
OMN,,10,2024-11-15
MWI,True,63,2024-11-15
DOM,True,181,2024-11-15
AFG,True,6,2024-11-15
KEN,False,32,2024-11-15
JPN,False,7,2024-11-15
KGZ,False,3,2024-11-15
VNM,,62,2024-11-15
PAN,,19,2024-11-15
CIV,,10,2024-11-15
BLR,True,6,2024-11-15
LBR,,3,2024-11-15
IRQ,True,41,2024-11-15
KOR,,63,2024-11-15
KGZ,True,16,2024-11-15
SLE,False,7,2024-11-15
ZAF,,67,2024-11-15
BTN,,53,2024-11-15
LSO,,1,2024-11-15
ISR,,25,2024-11-15
ARE,True,119,2024-11-15
ZMB,True,3,2024-11-15
KIR,True,2,2024-11-15
GIN,False,4,2024-11-15
PRT,,25,2024-11-15
ARG,True,566,2024-11-15
OMN,True,15,2024-11-15
TUN,,8,2024-11-15
JOR,True,244,2024-11-15
CRI,False,43,2024-11-15
DZA,True,40,2024-11-15
IRN,,12,2024-11-15
LTU,,3,2024-11-15
PAK,False,24,2024-11-15
ZWE,True,15,2024-11-15
CYP,,3,2024-11-15
THA,True,633,2024-11-15
TWN,,100,2024-11-15
MYS,,121,2024-11-15
ZWE,,1,2024-11-15
CHL,,47,2024-11-15
NGA,False,55,2024-11-15
MAC,,13,2024-11-15
PER,True,199,2024-11-15
ZWE,False,28,2024-11-15
ECU,True,270,2024-11-15
SAU,False,42,2024-11-15
NGA,True,55,2024-11-15
SRB,True,13,2024-11-15
CAN,,1,2024-11-15
PER,False,126,2024-11-15
MDV,False,27,2024-11-15
SDN,True,7,2024-11-15
POL,False,15,2024-11-15
PAK,True,61,2024-11-15
HTI,True,5,2024-11-15
TUN,True,4,2024-11-15
KIR,,3,2024-11-15
GBR,True,2518,2024-11-15
BRN,False,4,2024-11-15
ARG,,608,2024-11-15
IRQ,False,40,2024-11-15
BLZ,,51,2024-11-15
BGD,False,745,2024-11-15
ITA,False,14,2024-11-15
BTN,False,1,2024-11-15
ESP,False,4,2024-11-15
TTO,,56,2024-11-15
ESP,,27,2024-11-15
CHN,True,43,2024-11-15
MYS,False,79,2024-11-15
MAR,True,27,2024-11-15
NIC,False,23,2024-11-15
ZMB,False,3,2024-11-15
PAN,True,24,2024-11-15
KEN,,231,2024-11-15
PRI,True,4,2024-11-15
WSM,,12,2024-11-15
LKA,,35,2024-11-15
ISR,True,85,2024-11-15
MDV,,140,2024-11-15
POL,True,300,2024-11-15
GIB,False,2,2024-11-15
LBN,,13,2024-11-15
IRL,True,7,2024-11-15
AGO,,4,2024-11-15
KEN,True,252,2024-11-15
TWN,True,60,2024-11-15
IRL,,29,2024-11-15
BRB,True,27,2024-11-15
GHA,False,7,2024-11-15
SRB,False,2,2024-11-15
UGA,True,154,2024-11-15
PNG,False,6,2024-11-15
SHN,True,4,2024-11-15
NGA,,95,2024-11-15
KHM,False,14,2024-11-15
TUR,True,324,2024-11-15
MNE,True,63,2024-11-15
HND,,31,2024-11-15
TON,False,5,2024-11-15
YEM,True,8,2024-11-15
SLV,,57,2024-11-15
ECU,,252,2024-11-15
ETH,False,7,2024-11-15
DMA,True,2,2024-11-15
SYC,False,2,2024-11-15
GRC,,79,2024-11-15
SYR,,7,2024-11-15
BRB,False,5,2024-11-15
GIN,,138,2024-11-15
LBN,False,5,2024-11-15
COK,,8,2024-11-15
BLZ,True,1,2024-11-15
OMN,False,165,2024-11-15
NZL,False,428,2024-11-15
RUS,True,2,2024-11-15
QAT,False,19,2024-11-15
SGP,,159,2024-11-15
HND,False,14,2024-11-15
PRT,False,16,2024-11-15
IND,,1955,2024-11-15
KAZ,,30,2024-11-15
HTI,False,6,2024-11-15
BRA,False,38,2024-11-15
GIN,True,8,2024-11-15
LTU,False,1,2024-11-15
HKG,,481,2024-11-15
NZL,True,291,2024-11-15
PHL,False,56,2024-11-15
KHM,,85,2024-11-15
MMR,,26,2024-11-15
MMR,False,15,2024-11-15
MKD,,39,2024-11-15
ALB,True,184,2024-11-15
IRL,False,20,2024-11-15
AZE,True,258,2024-11-15
CHN,,23,2024-11-15
IDN,,549,2024-11-15
SLV,True,111,2024-11-15
MKD,True,40,2024-11-15
DZA,,40,2024-11-15
FLK,True,4,2024-11-15
GUY,True,99,2024-11-15
BOL,False,47,2024-11-15
VEN,True,148,2024-11-15
CIV,True,12,2024-11-15
JPN,,157,2024-11-15
ESP,True,39,2024-11-15
SRB,,12,2024-11-15
BHR,True,8,2024-11-15
TZA,,7,2024-11-15
BHS,False,4,2024-11-15
KGZ,,42,2024-11-15
LAO,,20,2024-11-15
PHL,,225,2024-11-15
IND,True,476,2024-11-15
EGY,,71,2024-11-15
KOR,True,52,2024-11-15
PRY,True,140,2024-11-15
QAT,True,56,2024-11-15
VNM,False,6,2024-11-15
URY,False,6,2024-11-15
JOR,,3,2024-11-15
MNE,False,1,2024-11-15
SOM,,5,2024-11-15
BRN,,1,2024-11-15
AFG,False,3,2024-11-15
GRD,False,1,2024-11-15
KNA,False,1,2024-11-15
MNG,False,1,2024-11-15
BHS,,3,2024-11-15
TZA,False,2,2024-11-15
BWA,True,1,2024-11-15
DZA,False,3,2024-11-15
DMA,,2,2024-11-15
SYC,,3,2024-11-15
AZE,False,1,2024-11-15
LAO,False,2,2024-11-15
CYP,True,7,2024-11-15
LBR,True,4,2024-11-15
BHR,,5,2024-11-15
SEN,True,1,2024-11-15
MNG,True,1,2024-11-15
MWI,,2,2024-11-15
NLD,,1,2024-11-15
AGO,True,2,2024-11-15
CIV,False,4,2024-11-15
SDN,False,4,2024-11-15
WSM,False,3,2024-11-15
RUS,,1,2024-11-15
YEM,False,1,2024-11-15
PRI,,3,2024-11-15
SLB,,3,2024-11-15
CMR,True,3,2024-11-15
GRD,,2,2024-11-15
DMA,False,2,2024-11-15
LBY,False,4,2024-11-15
SSD,True,2,2024-11-15
FJI,False,1,2024-11-15
LBY,True,4,2024-11-15
PRI,False,2,2024-11-15
SSD,False,1,2024-11-15
BRA,True,222,2024-12-15
THA,False,44,2024-12-15
SLB,True,59,2024-12-15
ZAF,False,124,2024-12-15
HTI,,9,2024-12-15
PSE,,5,2024-12-15
NOR,True,131,2024-12-15
IRN,True,23,2024-12-15
POL,,256,2024-12-15
LVA,,19,2024-12-15
BRB,,27,2024-12-15
WSM,True,13,2024-12-15
ZMB,,6,2024-12-15
JAM,,44,2024-12-15
PRY,False,14,2024-12-15
BRA,,447,2024-12-15
LAO,True,13,2024-12-15
BFA,True,3,2024-12-15
MOZ,,106,2024-12-15
JOR,,3,2024-12-15
RWA,True,110,2024-12-15
TUR,False,19,2024-12-15
MNE,False,1,2024-12-15
SOM,,9,2024-12-15
NPL,True,600,2024-12-15
ECU,False,44,2024-12-15
MDG,True,41,2024-12-15
BRN,,1,2024-12-15
SLB,False,2,2024-12-15
BOL,,59,2024-12-15
URY,,50,2024-12-15
AUS,False,547,2024-12-15
HKG,True,190,2024-12-15
IND,False,25,2024-12-15
HND,True,24,2024-12-15
LBY,,11,2024-12-15
GIB,,19,2024-12-15
IDN,True,403,2024-12-15
ITA,True,21,2024-12-15
CHN,False,85,2024-12-15
BIH,False,2,2024-12-15
MOZ,False,3,2024-12-15
JPN,True,127,2024-12-15
ETH,True,18,2024-12-15
AFG,False,3,2024-12-15
IRN,False,5,2024-12-15
VEN,False,15,2024-12-15
GRD,False,1,2024-12-15
NRU,True,2,2024-12-15
ETH,,423,2024-12-15
KWT,False,11,2024-12-15
GEO,False,6,2024-12-15
LKA,True,44,2024-12-15
UKR,,1105,2024-12-15
ITA,,49,2024-12-15
CMR,,23,2024-12-15
GHA,,12,2024-12-15
NOR,False,388,2024-12-15
TZA,True,763,2024-12-15
JAM,True,38,2024-12-15
BLZ,False,2,2024-12-15
SGP,True,218,2024-12-15
ARE,False,88,2024-12-15
MLI,True,4,2024-12-15
KNA,False,1,2024-12-15
KWT,True,28,2024-12-15
GUY,,14,2024-12-15
COM,,4,2024-12-15
LCA,,2,2024-12-15
BHS,True,2,2024-12-15
ZAF,True,50,2024-12-15
SHN,,4,2024-12-15
GUY,False,5,2024-12-15
SLV,False,13,2024-12-15
MNG,False,1,2024-12-15
QAT,,26,2024-12-15
PCN,,2,2024-12-15
BHS,,3,2024-12-15
MAR,False,4,2024-12-15
GBR,,2565,2024-12-15
MEX,False,157,2024-12-15
TLS,True,79,2024-12-15
BOL,True,99,2024-12-15
MAC,True,17,2024-12-15
TZA,False,4,2024-12-15
SOM,True,4,2024-12-15
PRY,,82,2024-12-15
GHA,True,17,2024-12-15
TTO,False,4,2024-12-15
ARE,,66,2024-12-15
KAZ,True,9,2024-12-15
UGA,False,15,2024-12-15
TON,,8,2024-12-15
URY,True,81,2024-12-15
BIH,True,60,2024-12-15
GEO,True,69,2024-12-15
BWA,True,1,2024-12-15
MDG,False,3,2024-12-15
CRI,,79,2024-12-15
JOR,False,12,2024-12-15
MMR,True,88,2024-12-15
LKA,False,9,2024-12-15
SYC,True,33,2024-12-15
GBR,False,505,2024-12-15
LVA,True,122,2024-12-15
DZA,False,5,2024-12-15
TON,True,24,2024-12-15
NPL,,3,2024-12-15
CRI,True,70,2024-12-15
BRN,True,81,2024-12-15
UGA,,27,2024-12-15
AZE,,212,2024-12-15
AUS,,210,2024-12-15
MLI,,6,2024-12-15
JAM,False,30,2024-12-15
KNA,,3,2024-12-15
MEX,,771,2024-12-15
UKR,True,243,2024-12-15
LBN,True,17,2024-12-15
GRC,False,16,2024-12-15
BGD,,135,2024-12-15
PNG,,63,2024-12-15
AFG,,85,2024-12-15
DMA,,2,2024-12-15
YEM,,12,2024-12-15
IDN,False,97,2024-12-15
LVA,False,3,2024-12-15
BLR,,192,2024-12-15
MNG,,285,2024-12-15
SYC,,3,2024-12-15
ARG,False,125,2024-12-15
LTU,True,6,2024-12-15
NIC,True,46,2024-12-15
AZE,False,1,2024-12-15
TKM,,12,2024-12-15
NZL,,189,2024-12-15
THA,,2353,2024-12-15
CYP,False,6,2024-12-15
IRQ,,93,2024-12-15
NOR,,205,2024-12-15
MOZ,True,31,2024-12-15
VEN,,71,2024-12-15
SAU,True,758,2024-12-15
SYR,True,2,2024-12-15
SOM,False,2,2024-12-15
TLS,,9,2024-12-15
EGY,False,16,2024-12-15
SAU,,85,2024-12-15
GRC,True,29,2024-12-15
ALB,False,8,2024-12-15
BFA,,1,2024-12-15
LAO,False,2,2024-12-15
DOM,,220,2024-12-15
PRT,True,63,2024-12-15
ALB,,35,2024-12-15
CYP,True,7,2024-12-15
LBR,True,5,2024-12-15
BHR,,5,2024-12-15
TWN,False,5,2024-12-15
NIC,,30,2024-12-15
DOM,False,101,2024-12-15
MEX,True,347,2024-12-15
KHM,True,78,2024-12-15
MNG,True,1,2024-12-15
SEN,True,1,2024-12-15
GIB,True,16,2024-12-15
SSD,,6,2024-12-15
FJI,True,54,2024-12-15
PNG,True,25,2024-12-15
SGP,False,91,2024-12-15
BIH,,22,2024-12-15
ISR,False,10,2024-12-15
TTO,True,26,2024-12-15
KWT,,21,2024-12-15
UKR,False,49,2024-12-15
MWI,,2,2024-12-15
MDV,True,24,2024-12-15
FJI,,58,2024-12-15
MRT,,26,2024-12-15
PER,,304,2024-12-15
MYS,True,327,2024-12-15
NLD,,1,2024-12-15
BGD,True,113,2024-12-15
SLE,True,4,2024-12-15
BTN,True,48,2024-12-15
PAK,,242,2024-12-15
PAN,False,7,2024-12-15
VNM,True,81,2024-12-15
TUR,,849,2024-12-15
BHR,False,9,2024-12-15
MKD,False,14,2024-12-15
HKG,False,3,2024-12-15
GRD,True,7,2024-12-15
AGO,True,2,2024-12-15
SLE,,57,2024-12-15
EGY,True,28,2024-12-15
MNE,,63,2024-12-15
AUS,True,511,2024-12-15
TKM,True,8,2024-12-15
PHL,True,92,2024-12-15
COM,True,6,2024-12-15
PSE,True,6,2024-12-15
MDG,,46,2024-12-15
MAR,,31,2024-12-15
SDN,,28,2024-12-15
GEO,,51,2024-12-15
OMN,,9,2024-12-15
DOM,True,184,2024-12-15
KEN,False,31,2024-12-15
MWI,True,65,2024-12-15
AFG,True,5,2024-12-15
JPN,False,7,2024-12-15
CIV,False,3,2024-12-15
KGZ,False,3,2024-12-15
VNM,,61,2024-12-15
PAN,,21,2024-12-15
CIV,,11,2024-12-15
BLR,True,6,2024-12-15
LBR,,3,2024-12-15
IRQ,True,42,2024-12-15
KOR,,66,2024-12-15
KGZ,True,16,2024-12-15
SDN,False,4,2024-12-15
SLE,False,7,2024-12-15
ZAF,,70,2024-12-15
BTN,,52,2024-12-15
ISR,,26,2024-12-15
ARE,True,120,2024-12-15
ZMB,True,3,2024-12-15
GIN,False,4,2024-12-15
PRT,,23,2024-12-15
ARG,True,571,2024-12-15
OMN,True,16,2024-12-15
TUN,,10,2024-12-15
JOR,True,244,2024-12-15
CRI,False,42,2024-12-15
DZA,True,41,2024-12-15
LTU,,3,2024-12-15
IRN,,12,2024-12-15
ZWE,True,15,2024-12-15
PAK,False,24,2024-12-15
CYP,,3,2024-12-15
THA,True,636,2024-12-15
TWN,,106,2024-12-15
MYS,,120,2024-12-15
NGA,False,56,2024-12-15
MAC,,17,2024-12-15
ECU,True,272,2024-12-15
PER,True,196,2024-12-15
ZWE,False,28,2024-12-15
NGA,True,57,2024-12-15
SAU,False,43,2024-12-15
SRB,True,13,2024-12-15
PER,False,125,2024-12-15
WSM,False,3,2024-12-15
SDN,True,10,2024-12-15
MDV,False,27,2024-12-15
POL,False,15,2024-12-15
RUS,,1,2024-12-15
PAK,True,60,2024-12-15
TUN,True,5,2024-12-15
HTI,True,5,2024-12-15
KIR,,3,2024-12-15
GBR,True,2575,2024-12-15
BRN,False,4,2024-12-15
ARG,,630,2024-12-15
IRQ,False,41,2024-12-15
BLZ,,51,2024-12-15
BGD,False,750,2024-12-15
ITA,False,14,2024-12-15
ESP,False,5,2024-12-15
TTO,,57,2024-12-15
PRI,,3,2024-12-15
ESP,,28,2024-12-15
MYS,False,79,2024-12-15
CHN,True,43,2024-12-15
MAR,True,27,2024-12-15
NIC,False,21,2024-12-15
ZMB,False,5,2024-12-15
PAN,True,24,2024-12-15
KEN,,233,2024-12-15
PRI,True,4,2024-12-15
LKA,,36,2024-12-15
WSM,,12,2024-12-15
ISR,True,82,2024-12-15
MDV,,148,2024-12-15
POL,True,305,2024-12-15
GIB,False,2,2024-12-15
LBN,,12,2024-12-15
IRL,True,7,2024-12-15
AGO,,4,2024-12-15
KEN,True,255,2024-12-15
TWN,True,63,2024-12-15
SLB,,3,2024-12-15
IRL,,29,2024-12-15
GHA,False,7,2024-12-15
BRB,True,27,2024-12-15
SRB,False,2,2024-12-15
CMR,True,3,2024-12-15
UGA,True,157,2024-12-15
PNG,False,6,2024-12-15
SHN,True,4,2024-12-15
NGA,,105,2024-12-15
TUR,True,327,2024-12-15
KHM,False,14,2024-12-15
MNE,True,63,2024-12-15
HND,,33,2024-12-15
TON,False,5,2024-12-15
YEM,True,10,2024-12-15
SLV,,62,2024-12-15
ECU,,284,2024-12-15
GRD,,3,2024-12-15
ETH,False,9,2024-12-15
SYC,False,2,2024-12-15
DMA,True,2,2024-12-15
GRC,,81,2024-12-15
SYR,,8,2024-12-15
BRB,False,5,2024-12-15
DMA,False,2,2024-12-15
GIN,,140,2024-12-15
LBN,False,5,2024-12-15
COK,,8,2024-12-15
LBY,False,4,2024-12-15
SSD,True,2,2024-12-15
FJI,False,1,2024-12-15
NZL,False,429,2024-12-15
OMN,False,165,2024-12-15
RUS,True,2,2024-12-15
QAT,False,19,2024-12-15
LBY,True,3,2024-12-15
SGP,,159,2024-12-15
PRT,False,16,2024-12-15
HND,False,14,2024-12-15
IND,,1957,2024-12-15
KAZ,,31,2024-12-15
HTI,False,6,2024-12-15
GIN,True,8,2024-12-15
BRA,False,38,2024-12-15
HKG,,479,2024-12-15
NZL,True,293,2024-12-15
PHL,False,54,2024-12-15
MMR,,27,2024-12-15
KHM,,85,2024-12-15
MMR,False,15,2024-12-15
MKD,,52,2024-12-15
ALB,True,185,2024-12-15
AZE,True,271,2024-12-15
IRL,False,20,2024-12-15
IDN,,597,2024-12-15
CHN,,23,2024-12-15
MKD,True,40,2024-12-15
SLV,True,107,2024-12-15
PRI,False,2,2024-12-15
DZA,,39,2024-12-15
FLK,True,6,2024-12-15
GUY,True,99,2024-12-15
BOL,False,47,2024-12-15
VEN,True,147,2024-12-15
CIV,True,12,2024-12-15
JPN,,159,2024-12-15
ESP,True,41,2024-12-15
SRB,,12,2024-12-15
BHR,True,10,2024-12-15
TZA,,7,2024-12-15
BHS,False,4,2024-12-15
KGZ,,41,2024-12-15
LAO,,19,2024-12-15
PHL,,228,2024-12-15
IND,True,475,2024-12-15
EGY,,72,2024-12-15
KOR,True,53,2024-12-15
SSD,False,1,2024-12-15
PRY,True,142,2024-12-15
URY,False,6,2024-12-15
QAT,True,55,2024-12-15
VNM,False,6,2024-12-15
SHN,False,4,2024-12-15
BMU,True,1,2024-12-15
SEN,,1,2024-12-15
FLK,,2,2024-12-15
KOR,False,2,2024-12-15
CAN,True,1,2024-12-15
NAM,True,1,2024-12-15
MRT,True,1,2024-12-15
LCA,True,4,2024-12-15
LSO,,1,2024-12-15
KIR,True,2,2024-12-15
ZWE,,1,2024-12-15
CAN,,1,2024-12-15
BTN,False,1,2024-12-15
BLZ,True,1,2024-12-15
LTU,False,1,2024-12-15
BRA,True,226,2025-01-15
THA,False,41,2025-01-15
ZAF,False,126,2025-01-15
SLB,True,59,2025-01-15
HTI,,10,2025-01-15
PSE,,5,2025-01-15
NOR,True,130,2025-01-15
IRN,True,24,2025-01-15
POL,,255,2025-01-15
LVA,,19,2025-01-15
BRB,,27,2025-01-15
WSM,True,14,2025-01-15
JAM,,46,2025-01-15
ZMB,,7,2025-01-15
PRY,False,16,2025-01-15
BRA,,451,2025-01-15
BFA,True,5,2025-01-15
LAO,True,14,2025-01-15
MOZ,,109,2025-01-15
RWA,True,108,2025-01-15
TUR,False,21,2025-01-15
SOM,,12,2025-01-15
NPL,True,610,2025-01-15
ECU,False,45,2025-01-15
MDG,True,41,2025-01-15
BRN,,2,2025-01-15
SLB,False,2,2025-01-15
BOL,,60,2025-01-15
URY,,48,2025-01-15
AUS,False,554,2025-01-15
HKG,True,189,2025-01-15
IND,False,23,2025-01-15
SHN,False,4,2025-01-15
HND,True,24,2025-01-15
GIB,,19,2025-01-15
LBY,,11,2025-01-15
IDN,True,411,2025-01-15
ITA,True,21,2025-01-15
CHN,False,84,2025-01-15
BIH,False,2,2025-01-15
MOZ,False,3,2025-01-15
JPN,True,129,2025-01-15
ETH,True,18,2025-01-15
IRN,False,5,2025-01-15
VEN,False,15,2025-01-15
NRU,True,2,2025-01-15
ETH,,459,2025-01-15
KWT,False,12,2025-01-15
GEO,False,6,2025-01-15
LKA,True,46,2025-01-15
UKR,,1124,2025-01-15
ITA,,49,2025-01-15
BMU,True,1,2025-01-15
CMR,,21,2025-01-15
GHA,,12,2025-01-15
NOR,False,386,2025-01-15
TZA,True,788,2025-01-15
JAM,True,40,2025-01-15
BLZ,False,3,2025-01-15
SEN,,1,2025-01-15
ARE,False,92,2025-01-15
SGP,True,218,2025-01-15
MLI,True,4,2025-01-15
KWT,True,31,2025-01-15
GUY,,14,2025-01-15
COM,,4,2025-01-15
LCA,,2,2025-01-15
BHS,True,2,2025-01-15
ZAF,True,50,2025-01-15
SHN,,4,2025-01-15
SLV,False,11,2025-01-15
GUY,False,5,2025-01-15
PCN,,2,2025-01-15
QAT,,26,2025-01-15
MAR,False,4,2025-01-15
GBR,,2639,2025-01-15
MEX,False,163,2025-01-15
BOL,True,97,2025-01-15
TLS,True,76,2025-01-15
TZA,False,5,2025-01-15
MAC,True,17,2025-01-15
SOM,True,4,2025-01-15
PRY,,82,2025-01-15
GHA,True,17,2025-01-15
TTO,False,4,2025-01-15
ARE,,66,2025-01-15
UGA,False,15,2025-01-15
KAZ,True,10,2025-01-15
TON,,9,2025-01-15
GEO,True,71,2025-01-15
BIH,True,61,2025-01-15
URY,True,83,2025-01-15
MDG,False,3,2025-01-15
CRI,,84,2025-01-15
JOR,False,12,2025-01-15
SYC,True,34,2025-01-15
MMR,True,86,2025-01-15
LKA,False,9,2025-01-15
GBR,False,518,2025-01-15
TON,True,24,2025-01-15
LVA,True,122,2025-01-15
DZA,False,5,2025-01-15
NPL,,3,2025-01-15
CRI,True,73,2025-01-15
BRN,True,80,2025-01-15
UGA,,30,2025-01-15
AZE,,213,2025-01-15
FLK,,3,2025-01-15
AUS,,210,2025-01-15
MLI,,6,2025-01-15
JAM,False,30,2025-01-15
KNA,,3,2025-01-15
MEX,,812,2025-01-15
UKR,True,244,2025-01-15
GRC,False,16,2025-01-15
LBN,True,17,2025-01-15
AFG,,74,2025-01-15
PNG,,67,2025-01-15
BGD,,136,2025-01-15
YEM,,11,2025-01-15
IDN,False,97,2025-01-15
LVA,False,3,2025-01-15
MNG,,286,2025-01-15
BLR,,189,2025-01-15
NIC,True,48,2025-01-15
ARG,False,129,2025-01-15
LTU,True,6,2025-01-15
KOR,False,1,2025-01-15
TKM,,11,2025-01-15
NZL,,189,2025-01-15
THA,,2555,2025-01-15
CYP,False,8,2025-01-15
IRQ,,92,2025-01-15
NOR,,206,2025-01-15
MOZ,True,32,2025-01-15
VEN,,73,2025-01-15
SAU,True,821,2025-01-15
SOM,False,3,2025-01-15
SYR,True,2,2025-01-15
TLS,,9,2025-01-15
EGY,False,16,2025-01-15
SAU,,83,2025-01-15
GRC,True,29,2025-01-15
ALB,False,7,2025-01-15
CAN,True,1,2025-01-15
DOM,,218,2025-01-15
PRT,True,64,2025-01-15
ALB,,32,2025-01-15
CYP,True,8,2025-01-15
TWN,False,5,2025-01-15
NIC,,33,2025-01-15
KHM,True,79,2025-01-15
MEX,True,343,2025-01-15
DOM,False,103,2025-01-15
GIB,True,16,2025-01-15
SSD,,7,2025-01-15
FJI,True,53,2025-01-15
PNG,True,24,2025-01-15
NAM,True,1,2025-01-15
SGP,False,90,2025-01-15
BIH,,24,2025-01-15
TTO,True,26,2025-01-15
ISR,False,8,2025-01-15
KWT,,22,2025-01-15
UKR,False,50,2025-01-15
MDV,True,27,2025-01-15
FJI,,58,2025-01-15
MRT,,26,2025-01-15
PER,,315,2025-01-15
MYS,True,332,2025-01-15
BGD,True,113,2025-01-15
BTN,True,48,2025-01-15
SLE,True,6,2025-01-15
PAK,,253,2025-01-15
PAN,False,7,2025-01-15
VNM,True,88,2025-01-15
TUR,,837,2025-01-15
MKD,False,14,2025-01-15
BHR,False,9,2025-01-15
HKG,False,3,2025-01-15
GRD,True,7,2025-01-15
MRT,True,1,2025-01-15
SLE,,59,2025-01-15
EGY,True,30,2025-01-15
MNE,,63,2025-01-15
AUS,True,510,2025-01-15
TKM,True,7,2025-01-15
PHL,True,92,2025-01-15
PSE,True,6,2025-01-15
LCA,True,4,2025-01-15
COM,True,6,2025-01-15
MAR,,32,2025-01-15
MDG,,45,2025-01-15
SDN,,29,2025-01-15
GEO,,51,2025-01-15
OMN,,9,2025-01-15
MWI,True,67,2025-01-15
AFG,True,6,2025-01-15
DOM,True,180,2025-01-15
KEN,False,32,2025-01-15
JPN,False,7,2025-01-15
CIV,False,3,2025-01-15
KGZ,False,3,2025-01-15
VNM,,67,2025-01-15
PAN,,21,2025-01-15
CIV,,11,2025-01-15
BLR,True,6,2025-01-15
LBR,,9,2025-01-15
IRQ,True,42,2025-01-15
KOR,,65,2025-01-15
KGZ,True,18,2025-01-15
SLE,False,10,2025-01-15
ZAF,,69,2025-01-15
BTN,,52,2025-01-15
LSO,,1,2025-01-15
ISR,,26,2025-01-15
ARE,True,123,2025-01-15
ZMB,True,3,2025-01-15
KIR,True,2,2025-01-15
GIN,False,4,2025-01-15
PRT,,25,2025-01-15
ARG,True,575,2025-01-15
OMN,True,16,2025-01-15
TUN,,10,2025-01-15
JOR,True,246,2025-01-15
CRI,False,47,2025-01-15
DZA,True,41,2025-01-15
IRN,,12,2025-01-15
LTU,,3,2025-01-15
ZWE,True,16,2025-01-15
PAK,False,26,2025-01-15
CYP,,3,2025-01-15
THA,True,615,2025-01-15
TWN,,108,2025-01-15
MYS,,122,2025-01-15
ZWE,,1,2025-01-15
NGA,False,61,2025-01-15
MAC,,17,2025-01-15
PER,True,196,2025-01-15
ECU,True,276,2025-01-15
ZWE,False,28,2025-01-15
NGA,True,57,2025-01-15
SAU,False,37,2025-01-15
SRB,True,12,2025-01-15
CAN,,1,2025-01-15
PER,False,133,2025-01-15
MDV,False,26,2025-01-15
POL,False,15,2025-01-15
SDN,True,12,2025-01-15
PAK,True,62,2025-01-15
HTI,True,5,2025-01-15
TUN,True,5,2025-01-15
KIR,,3,2025-01-15
GBR,True,2597,2025-01-15
BRN,False,3,2025-01-15
ARG,,635,2025-01-15
IRQ,False,40,2025-01-15
BLZ,,51,2025-01-15
BGD,False,749,2025-01-15
ITA,False,14,2025-01-15
BTN,False,1,2025-01-15
ESP,False,7,2025-01-15
TTO,,60,2025-01-15
ESP,,27,2025-01-15
CHN,True,43,2025-01-15
MYS,False,79,2025-01-15
MAR,True,27,2025-01-15
NIC,False,19,2025-01-15
ZMB,False,5,2025-01-15
PAN,True,24,2025-01-15
KEN,,235,2025-01-15
PRI,True,4,2025-01-15
WSM,,13,2025-01-15
LKA,,37,2025-01-15
ISR,True,84,2025-01-15
MDV,,149,2025-01-15
POL,True,305,2025-01-15
GIB,False,2,2025-01-15
LBN,,13,2025-01-15
IRL,True,7,2025-01-15
KEN,True,257,2025-01-15
TWN,True,64,2025-01-15
IRL,,32,2025-01-15
BRB,True,27,2025-01-15
SRB,False,2,2025-01-15
GHA,False,7,2025-01-15
CMR,True,5,2025-01-15
UGA,True,158,2025-01-15
PNG,False,6,2025-01-15
SHN,True,4,2025-01-15
NGA,,112,2025-01-15
TUR,True,330,2025-01-15
MNE,True,63,2025-01-15
KHM,False,14,2025-01-15
HND,,36,2025-01-15
TON,False,5,2025-01-15
YEM,True,9,2025-01-15
SLV,,63,2025-01-15
ECU,,319,2025-01-15
ETH,False,9,2025-01-15
SYC,False,2,2025-01-15
DMA,True,2,2025-01-15
GRC,,86,2025-01-15
SYR,,8,2025-01-15
BRB,False,5,2025-01-15
GIN,,142,2025-01-15
LBN,False,5,2025-01-15
COK,,8,2025-01-15
BLZ,True,1,2025-01-15
NZL,False,428,2025-01-15
OMN,False,171,2025-01-15
RUS,True,2,2025-01-15
QAT,False,19,2025-01-15
SGP,,159,2025-01-15
HND,False,15,2025-01-15
PRT,False,16,2025-01-15
IND,,1951,2025-01-15
KAZ,,27,2025-01-15
HTI,False,6,2025-01-15
BRA,False,39,2025-01-15
LTU,False,1,2025-01-15
GIN,True,9,2025-01-15
HKG,,477,2025-01-15
NZL,True,293,2025-01-15
PHL,False,56,2025-01-15
KHM,,88,2025-01-15
MMR,,26,2025-01-15
MMR,False,15,2025-01-15
MKD,,54,2025-01-15
ALB,True,186,2025-01-15
AZE,True,273,2025-01-15
IRL,False,20,2025-01-15
CHN,,21,2025-01-15
IDN,,640,2025-01-15
SLV,True,109,2025-01-15
MKD,True,39,2025-01-15
DZA,,39,2025-01-15
FLK,True,6,2025-01-15
GUY,True,99,2025-01-15
BOL,False,43,2025-01-15
VEN,True,149,2025-01-15
CIV,True,12,2025-01-15
JPN,,170,2025-01-15
ESP,True,41,2025-01-15
SRB,,12,2025-01-15
BHR,True,10,2025-01-15
TZA,,7,2025-01-15
BHS,False,4,2025-01-15
KGZ,,43,2025-01-15
LAO,,20,2025-01-15
PHL,,234,2025-01-15
IND,True,471,2025-01-15
EGY,,75,2025-01-15
KOR,True,52,2025-01-15
PRY,True,145,2025-01-15
QAT,True,57,2025-01-15
URY,False,6,2025-01-15
VNM,False,6,2025-01-15
JOR,,3,2025-01-15
MNE,False,1,2025-01-15
AFG,False,3,2025-01-15
GRD,False,1,2025-01-15
KNA,False,1,2025-01-15
MNG,False,1,2025-01-15
BHS,,3,2025-01-15
BWA,True,1,2025-01-15
DMA,,2,2025-01-15
SYC,,3,2025-01-15
AZE,False,1,2025-01-15
BFA,,1,2025-01-15
LAO,False,2,2025-01-15
LBR,True,5,2025-01-15
BHR,,5,2025-01-15
MNG,True,1,2025-01-15
SEN,True,1,2025-01-15
MWI,,2,2025-01-15
NLD,,1,2025-01-15
AGO,True,2,2025-01-15
SDN,False,4,2025-01-15
WSM,False,3,2025-01-15
RUS,,1,2025-01-15
YEM,False,1,2025-01-15
PRI,,3,2025-01-15
AGO,,4,2025-01-15
SLB,,3,2025-01-15
GRD,,3,2025-01-15
DMA,False,2,2025-01-15
SSD,True,2,2025-01-15
LBY,False,4,2025-01-15
FJI,False,1,2025-01-15
LBY,True,3,2025-01-15
PRI,False,2,2025-01-15
SSD,False,1,2025-01-15
BRA,True,229,2025-02-15
THA,False,41,2025-02-15
SLB,True,59,2025-02-15
ZAF,False,126,2025-02-15
PSE,,18,2025-02-15
HTI,,10,2025-02-15
NOR,True,130,2025-02-15
IRN,True,23,2025-02-15
LVA,,19,2025-02-15
POL,,258,2025-02-15
BRB,,27,2025-02-15
WSM,True,14,2025-02-15
JAM,,47,2025-02-15
ZMB,,7,2025-02-15
PRY,False,16,2025-02-15
BRA,,461,2025-02-15
LAO,True,14,2025-02-15
BFA,True,6,2025-02-15
MOZ,,107,2025-02-15
JOR,,3,2025-02-15
RWA,True,110,2025-02-15
TUR,False,22,2025-02-15
MNE,False,1,2025-02-15
SOM,,14,2025-02-15
NPL,True,613,2025-02-15
ECU,False,43,2025-02-15
MDG,True,41,2025-02-15
BRN,,2,2025-02-15
SLB,False,2,2025-02-15
URY,,48,2025-02-15
BOL,,58,2025-02-15
AUS,False,556,2025-02-15
IND,False,23,2025-02-15
HKG,True,189,2025-02-15
HND,True,26,2025-02-15
LBY,,12,2025-02-15
GIB,,20,2025-02-15
CHN,False,85,2025-02-15
IDN,True,415,2025-02-15
ITA,True,21,2025-02-15
MOZ,False,4,2025-02-15
JPN,True,133,2025-02-15
ETH,True,18,2025-02-15
AFG,False,3,2025-02-15
IRN,False,5,2025-02-15
VEN,False,15,2025-02-15
GRD,False,1,2025-02-15
NRU,True,2,2025-02-15
ETH,,489,2025-02-15
KWT,False,12,2025-02-15
GEO,False,6,2025-02-15
LKA,True,48,2025-02-15
UKR,,1142,2025-02-15
ITA,,50,2025-02-15
CMR,,23,2025-02-15
GHA,,11,2025-02-15
NOR,False,388,2025-02-15
TZA,True,783,2025-02-15
JAM,True,40,2025-02-15
BLZ,False,2,2025-02-15
ARE,False,94,2025-02-15
SGP,True,218,2025-02-15
KNA,False,1,2025-02-15
MLI,True,4,2025-02-15
KWT,True,31,2025-02-15
GUY,,14,2025-02-15
COM,,4,2025-02-15
LCA,,2,2025-02-15
BHS,True,2,2025-02-15
ZAF,True,49,2025-02-15
SHN,,4,2025-02-15
MNG,False,1,2025-02-15
GUY,False,5,2025-02-15
SLV,False,12,2025-02-15
QAT,,26,2025-02-15
PCN,,2,2025-02-15
BHS,,3,2025-02-15
MAR,False,4,2025-02-15
GBR,,2723,2025-02-15
MEX,False,159,2025-02-15
TLS,True,79,2025-02-15
BOL,True,95,2025-02-15
MAC,True,17,2025-02-15
TZA,False,5,2025-02-15
SOM,True,4,2025-02-15
PRY,,80,2025-02-15
GHA,True,17,2025-02-15
TTO,False,4,2025-02-15
ARE,,68,2025-02-15
UGA,False,15,2025-02-15
KAZ,True,10,2025-02-15
TON,,9,2025-02-15
GEO,True,69,2025-02-15
URY,True,85,2025-02-15
BIH,True,62,2025-02-15
BWA,True,1,2025-02-15
MDG,False,3,2025-02-15
CRI,,86,2025-02-15
JOR,False,12,2025-02-15
BMU,,1,2025-02-15
SYC,True,35,2025-02-15
MMR,True,85,2025-02-15
LKA,False,10,2025-02-15
GBR,False,550,2025-02-15
LVA,True,123,2025-02-15
TON,True,24,2025-02-15
DZA,False,5,2025-02-15
NPL,,3,2025-02-15
CRI,True,77,2025-02-15
BRN,True,80,2025-02-15
UGA,,35,2025-02-15
AZE,,217,2025-02-15
AUS,,211,2025-02-15
FLK,,3,2025-02-15
MLI,,7,2025-02-15
JAM,False,32,2025-02-15
KNA,,3,2025-02-15
MEX,,865,2025-02-15
UKR,True,249,2025-02-15
LBN,True,17,2025-02-15
GRC,False,16,2025-02-15
BGD,,171,2025-02-15
AFG,,79,2025-02-15
PNG,,66,2025-02-15
DMA,,2,2025-02-15
YEM,,12,2025-02-15
IDN,False,94,2025-02-15
LVA,False,4,2025-02-15
BLR,,191,2025-02-15
MNG,,293,2025-02-15
SYC,,3,2025-02-15
NIC,True,49,2025-02-15
ARG,False,121,2025-02-15
LTU,True,6,2025-02-15
AZE,False,1,2025-02-15
TKM,,11,2025-02-15
NZL,,188,2025-02-15
THA,,2545,2025-02-15
CYP,False,8,2025-02-15
NOR,,205,2025-02-15
IRQ,,91,2025-02-15
MOZ,True,27,2025-02-15
VEN,,82,2025-02-15
SAU,True,861,2025-02-15
SYR,True,2,2025-02-15
SOM,False,3,2025-02-15
TLS,,10,2025-02-15
EGY,False,15,2025-02-15
SAU,,75,2025-02-15
GRC,True,30,2025-02-15
ALB,False,8,2025-02-15
BFA,,1,2025-02-15
LAO,False,2,2025-02-15
DOM,,222,2025-02-15
PRT,True,64,2025-02-15
ALB,,33,2025-02-15
CYP,True,8,2025-02-15
LBR,True,5,2025-02-15
BHR,,5,2025-02-15
TWN,False,5,2025-02-15
NIC,,34,2025-02-15
KHM,True,81,2025-02-15
MEX,True,341,2025-02-15
DOM,False,107,2025-02-15
SEN,True,1,2025-02-15
MNG,True,1,2025-02-15
GIB,True,17,2025-02-15
SSD,,8,2025-02-15
FJI,True,63,2025-02-15
PNG,True,26,2025-02-15
SGP,False,89,2025-02-15
BIH,,28,2025-02-15
ISR,False,10,2025-02-15
TTO,True,27,2025-02-15
KWT,,22,2025-02-15
UKR,False,53,2025-02-15
MWI,,3,2025-02-15
MDV,True,32,2025-02-15
FJI,,68,2025-02-15
MRT,,26,2025-02-15
PER,,335,2025-02-15
MYS,True,330,2025-02-15
NLD,,1,2025-02-15
BGD,True,116,2025-02-15
BTN,True,49,2025-02-15
SLE,True,6,2025-02-15
PAK,,257,2025-02-15
PAN,False,7,2025-02-15
VNM,True,88,2025-02-15
TUR,,836,2025-02-15
BHR,False,9,2025-02-15
MKD,False,14,2025-02-15
HKG,False,4,2025-02-15
LBR,False,1,2025-02-15
AGO,True,2,2025-02-15
GRD,True,7,2025-02-15
SLE,,61,2025-02-15
EGY,True,27,2025-02-15
MNE,,63,2025-02-15
AUS,True,513,2025-02-15
TKM,True,7,2025-02-15
PHL,True,93,2025-02-15
COM,True,6,2025-02-15
PSE,True,20,2025-02-15
MAR,,32,2025-02-15
MDG,,46,2025-02-15
SDN,,28,2025-02-15
GEO,,55,2025-02-15
OMN,,9,2025-02-15
MWI,True,69,2025-02-15
DOM,True,183,2025-02-15
KEN,False,35,2025-02-15
AFG,True,6,2025-02-15
JPN,False,9,2025-02-15
CIV,False,4,2025-02-15
KGZ,False,3,2025-02-15
VNM,,68,2025-02-15
PAN,,22,2025-02-15
CIV,,11,2025-02-15
BLR,True,6,2025-02-15
LBR,,10,2025-02-15
IRQ,True,43,2025-02-15
KOR,,68,2025-02-15
KGZ,True,20,2025-02-15
KIR,False,1,2025-02-15
SDN,False,4,2025-02-15
SLE,False,9,2025-02-15
BTN,,53,2025-02-15
ZAF,,72,2025-02-15
ISR,,26,2025-02-15
ARE,True,123,2025-02-15
ZMB,True,3,2025-02-15
GIN,False,4,2025-02-15
PRT,,25,2025-02-15
ARG,True,565,2025-02-15
OMN,True,16,2025-02-15
TUN,,11,2025-02-15
JOR,True,246,2025-02-15
CRI,False,49,2025-02-15
DZA,True,42,2025-02-15
IRN,,13,2025-02-15
LTU,,3,2025-02-15
PAK,False,26,2025-02-15
ZWE,True,16,2025-02-15
CYP,,3,2025-02-15
THA,True,593,2025-02-15
TWN,,109,2025-02-15
MYS,,124,2025-02-15
NGA,False,61,2025-02-15
MAC,,17,2025-02-15
ECU,True,279,2025-02-15
PER,True,204,2025-02-15
ZWE,False,28,2025-02-15
SAU,False,33,2025-02-15
NGA,True,59,2025-02-15
SRB,True,13,2025-02-15
PER,False,133,2025-02-15
WSM,False,3,2025-02-15
SDN,True,14,2025-02-15
MDV,False,27,2025-02-15
POL,False,16,2025-02-15
RUS,,1,2025-02-15
PAK,True,62,2025-02-15
TUN,True,5,2025-02-15
HTI,True,5,2025-02-15
KIR,,4,2025-02-15
GBR,True,2643,2025-02-15
ARG,,652,2025-02-15
IRQ,False,41,2025-02-15
BLZ,,51,2025-02-15
BGD,False,746,2025-02-15
ITA,False,14,2025-02-15
ESP,False,7,2025-02-15
TTO,,60,2025-02-15
PRI,,3,2025-02-15
ESP,,27,2025-02-15
MAR,True,27,2025-02-15
MYS,False,79,2025-02-15
CHN,True,42,2025-02-15
NIC,False,20,2025-02-15
ZMB,False,7,2025-02-15
PAN,True,27,2025-02-15
KEN,,241,2025-02-15
PRI,True,4,2025-02-15
LKA,,41,2025-02-15
WSM,,13,2025-02-15
ISR,True,85,2025-02-15
MDV,,148,2025-02-15
POL,True,306,2025-02-15
GIB,False,2,2025-02-15
LBN,,15,2025-02-15
IRL,True,7,2025-02-15
AGO,,4,2025-02-15
KEN,True,261,2025-02-15
TWN,True,64,2025-02-15
SLB,,3,2025-02-15
IRL,,32,2025-02-15
BRB,True,27,2025-02-15
GHA,False,7,2025-02-15
COK,True,1,2025-02-15
SRB,False,2,2025-02-15
CMR,True,5,2025-02-15
UGA,True,158,2025-02-15
PNG,False,10,2025-02-15
SHN,True,4,2025-02-15
NGA,,119,2025-02-15
TUR,True,332,2025-02-15
KHM,False,15,2025-02-15
MNE,True,63,2025-02-15
HND,,37,2025-02-15
TON,False,5,2025-02-15
YEM,True,10,2025-02-15
SLV,,65,2025-02-15
ECU,,340,2025-02-15
GRD,,3,2025-02-15
ETH,False,9,2025-02-15
DMA,True,2,2025-02-15
SYC,False,2,2025-02-15
GRC,,91,2025-02-15
SYR,,8,2025-02-15
BRB,False,5,2025-02-15
DMA,False,2,2025-02-15
GIN,,143,2025-02-15
LBN,False,6,2025-02-15
COK,,7,2025-02-15
LBY,False,4,2025-02-15
SSD,True,2,2025-02-15
FJI,False,1,2025-02-15
NZL,False,431,2025-02-15
OMN,False,171,2025-02-15
RUS,True,2,2025-02-15
QAT,False,19,2025-02-15
LBY,True,3,2025-02-15
SGP,,160,2025-02-15
PRT,False,16,2025-02-15
HND,False,14,2025-02-15
IND,,1957,2025-02-15
KAZ,,29,2025-02-15
HTI,False,6,2025-02-15
GIN,True,9,2025-02-15
BRA,False,40,2025-02-15
HKG,,480,2025-02-15
PHL,False,57,2025-02-15
NZL,True,298,2025-02-15
MMR,,26,2025-02-15
KHM,,90,2025-02-15
MMR,False,16,2025-02-15
MKD,,53,2025-02-15
ALB,True,187,2025-02-15
AZE,True,278,2025-02-15
IRL,False,23,2025-02-15
IDN,,650,2025-02-15
CHN,,23,2025-02-15
MKD,True,40,2025-02-15
SLV,True,113,2025-02-15
PRI,False,2,2025-02-15
DZA,,40,2025-02-15
FLK,True,6,2025-02-15
BOL,False,43,2025-02-15
GUY,True,100,2025-02-15
VEN,True,154,2025-02-15
CIV,True,13,2025-02-15
JPN,,176,2025-02-15
ESP,True,43,2025-02-15
SRB,,12,2025-02-15
BHR,True,10,2025-02-15
TZA,,6,2025-02-15
BHS,False,4,2025-02-15
KGZ,,47,2025-02-15
LAO,,23,2025-02-15
PHL,,238,2025-02-15
IND,True,473,2025-02-15
EGY,,77,2025-02-15
KOR,True,53,2025-02-15
SSD,False,1,2025-02-15
PRY,True,144,2025-02-15
QAT,True,58,2025-02-15
URY,False,6,2025-02-15
VNM,False,6,2025-02-15
SHN,False,4,2025-02-15
BIH,False,1,2025-02-15
BMU,True,1,2025-02-15
SEN,,1,2025-02-15
TJK,,1,2025-02-15
KOR,False,1,2025-02-15
CAN,True,1,2025-02-15
NAM,True,1,2025-02-15
MRT,True,1,2025-02-15
LCA,True,4,2025-02-15
LSO,,1,2025-02-15
KIR,True,2,2025-02-15
ZWE,,1,2025-02-15
CAN,,1,2025-02-15
BRN,False,3,2025-02-15
BTN,False,1,2025-02-15
BLZ,True,1,2025-02-15
LTU,False,1,2025-02-15
BRA,True,233,2025-03-15
THA,False,61,2025-03-15
ZAF,False,74,2025-03-15
NOR,True,131,2025-03-15
IRN,True,24,2025-03-15
POL,,286,2025-03-15
LVA,,21,2025-03-15
BRA,,460,2025-03-15
LAO,True,13,2025-03-15
TUR,False,17,2025-03-15
MNE,False,1,2025-03-15
ECU,False,38,2025-03-15
URY,,48,2025-03-15
AUS,False,555,2025-03-15
IND,False,25,2025-03-15
LBY,,11,2025-03-15
IDN,True,415,2025-03-15
ITA,True,22,2025-03-15
CHN,False,89,2025-03-15
BIH,False,1,2025-03-15
JPN,True,131,2025-03-15
IRN,False,5,2025-03-15
VEN,False,15,2025-03-15
UKR,,1167,2025-03-15
ITA,,50,2025-03-15
NOR,False,390,2025-03-15
MLI,True,4,2025-03-15
ZAF,True,31,2025-03-15
SLV,False,15,2025-03-15
GBR,,2793,2025-03-15
MEX,False,104,2025-03-15
KAZ,True,10,2025-03-15
TON,,1,2025-03-15
BIH,True,62,2025-03-15
URY,True,85,2025-03-15
CRI,,83,2025-03-15
SYC,True,24,2025-03-15
GBR,False,578,2025-03-15
LVA,True,116,2025-03-15
CRI,True,75,2025-03-15
FLK,,3,2025-03-15
AUS,,209,2025-03-15
MLI,,7,2025-03-15
MEX,,617,2025-03-15
UKR,True,253,2025-03-15
GRC,False,16,2025-03-15
LBN,True,17,2025-03-15
DMA,,2,2025-03-15
YEM,,12,2025-03-15
IDN,False,106,2025-03-15
LVA,False,4,2025-03-15
SYC,,2,2025-03-15
ARG,False,131,2025-03-15
KOR,False,1,2025-03-15
NZL,,186,2025-03-15
THA,,2586,2025-03-15
NOR,,204,2025-03-15
VEN,,84,2025-03-15
EGY,False,15,2025-03-15
GRC,True,31,2025-03-15
LAO,False,2,2025-03-15
CAN,True,1,2025-03-15
PRT,True,64,2025-03-15
MEX,True,230,2025-03-15
NAM,True,1,2025-03-15
BIH,,28,2025-03-15
UKR,False,56,2025-03-15
MDV,True,40,2025-03-15
PER,,352,2025-03-15
MYS,True,332,2025-03-15
NLD,,1,2025-03-15
VNM,True,88,2025-03-15
TUR,,674,2025-03-15
EGY,True,29,2025-03-15
MNE,,47,2025-03-15
AUS,True,516,2025-03-15
JPN,False,9,2025-03-15
VNM,,66,2025-03-15
KOR,,70,2025-03-15
ZAF,,43,2025-03-15
PRT,,24,2025-03-15
ARG,True,576,2025-03-15
TUN,,13,2025-03-15
CRI,False,47,2025-03-15
IRN,,13,2025-03-15
THA,True,592,2025-03-15
MYS,,129,2025-03-15
PER,True,214,2025-03-15
ECU,True,213,2025-03-15
CAN,,1,2025-03-15
PER,False,127,2025-03-15
MDV,False,24,2025-03-15
POL,False,16,2025-03-15
RUS,,1,2025-03-15
TUN,True,5,2025-03-15
GBR,True,2638,2025-03-15
ARG,,661,2025-03-15
ITA,False,14,2025-03-15
ESP,False,8,2025-03-15
PRI,,3,2025-03-15
ESP,,28,2025-03-15
CHN,True,42,2025-03-15
MYS,False,80,2025-03-15
PRI,True,4,2025-03-15
MDV,,143,2025-03-15
POL,True,329,2025-03-15
LBN,,15,2025-03-15
TUR,True,263,2025-03-15
MNE,True,47,2025-03-15
TON,False,2,2025-03-15
YEM,True,10,2025-03-15
SLV,,68,2025-03-15
ECU,,399,2025-03-15
SYC,False,2,2025-03-15
DMA,True,2,2025-03-15
GRC,,91,2025-03-15
DMA,False,2,2025-03-15
LBN,False,6,2025-03-15
LBY,False,2,2025-03-15
NZL,False,443,2025-03-15
RUS,True,2,2025-03-15
LBY,True,3,2025-03-15
PRT,False,18,2025-03-15
IND,,1966,2025-03-15
KAZ,,30,2025-03-15
BRA,False,40,2025-03-15
NZL,True,287,2025-03-15
CHN,,25,2025-03-15
IDN,,656,2025-03-15
SLV,True,112,2025-03-15
PRI,False,2,2025-03-15
FLK,True,6,2025-03-15
VEN,True,158,2025-03-15
JPN,,178,2025-03-15
ESP,True,42,2025-03-15
LAO,,22,2025-03-15
IND,True,475,2025-03-15
EGY,,78,2025-03-15
KOR,True,55,2025-03-15
URY,False,6,2025-03-15
VNM,False,6,2025-03-15
BRA,True,229,2025-04-15
THA,False,72,2025-04-15
ZAF,False,128,2025-04-15
SLB,True,59,2025-04-15
HTI,,8,2025-04-15
PSE,,20,2025-04-15
NOR,True,130,2025-04-15
IRN,True,24,2025-04-15
POL,,288,2025-04-15
LVA,,21,2025-04-15
BRB,,28,2025-04-15
WSM,True,15,2025-04-15
JAM,,49,2025-04-15
ZMB,,7,2025-04-15
PRY,False,17,2025-04-15
BRA,,479,2025-04-15
BFA,True,6,2025-04-15
LAO,True,12,2025-04-15
MOZ,,113,2025-04-15
CUB,,9,2025-04-15
RWA,True,110,2025-04-15
TUR,False,24,2025-04-15
SOM,,24,2025-04-15
NPL,True,606,2025-04-15
ECU,False,45,2025-04-15
MDG,True,43,2025-04-15
BRN,,2,2025-04-15
SLB,False,2,2025-04-15
BOL,,62,2025-04-15
URY,,52,2025-04-15
AUS,False,553,2025-04-15
HKG,True,188,2025-04-15
IND,False,23,2025-04-15
SHN,False,4,2025-04-15
HND,True,26,2025-04-15
GIB,,19,2025-04-15
LBY,,13,2025-04-15
IDN,True,421,2025-04-15
ITA,True,22,2025-04-15
BIH,False,1,2025-04-15
CHN,False,87,2025-04-15
MOZ,False,5,2025-04-15
ETH,True,18,2025-04-15
JPN,True,137,2025-04-15
IRN,False,5,2025-04-15
VEN,False,17,2025-04-15
NRU,True,2,2025-04-15
ETH,,501,2025-04-15
KWT,False,11,2025-04-15
GEO,False,6,2025-04-15
LKA,True,46,2025-04-15
UKR,,1181,2025-04-15
ITA,,50,2025-04-15
BMU,True,1,2025-04-15
CMR,,23,2025-04-15
GHA,,13,2025-04-15
NOR,False,389,2025-04-15
TZA,True,780,2025-04-15
JAM,True,42,2025-04-15
BLZ,False,2,2025-04-15
SEN,,1,2025-04-15
SGP,True,219,2025-04-15
ARE,False,95,2025-04-15
MLI,True,4,2025-04-15
KWT,True,33,2025-04-15
GUY,,16,2025-04-15
COM,,3,2025-04-15
LCA,,2,2025-04-15
BHS,True,5,2025-04-15
ZAF,True,53,2025-04-15
SHN,,4,2025-04-15
SLV,False,19,2025-04-15
GUY,False,6,2025-04-15
QAT,,26,2025-04-15
PCN,,2,2025-04-15
MAR,False,3,2025-04-15
GBR,,2870,2025-04-15
BOL,True,97,2025-04-15
MEX,False,163,2025-04-15
TLS,True,76,2025-04-15
MAC,True,27,2025-04-15
TZA,False,5,2025-04-15
SOM,True,6,2025-04-15
PRY,,81,2025-04-15
GHA,True,18,2025-04-15
TTO,False,4,2025-04-15
ARE,,69,2025-04-15
KAZ,True,10,2025-04-15
UGA,False,16,2025-04-15
TON,,8,2025-04-15
GEO,True,74,2025-04-15
URY,True,89,2025-04-15
BIH,True,62,2025-04-15
MDG,False,2,2025-04-15
CRI,,86,2025-04-15
JOR,False,12,2025-04-15
TJK,,1,2025-04-15
MMR,True,86,2025-04-15
SYC,True,38,2025-04-15
LKA,False,11,2025-04-15
GBR,False,611,2025-04-15
LVA,True,122,2025-04-15
TON,True,13,2025-04-15
DZA,False,5,2025-04-15
NPL,,4,2025-04-15
CRI,True,80,2025-04-15
BRN,True,81,2025-04-15
UGA,,42,2025-04-15
AZE,,216,2025-04-15
AUS,,209,2025-04-15
MLI,,17,2025-04-15
FLK,,3,2025-04-15
JAM,False,32,2025-04-15
KNA,,5,2025-04-15
MEX,,973,2025-04-15
UKR,True,257,2025-04-15
GRC,False,17,2025-04-15
LBN,True,19,2025-04-15
AFG,,83,2025-04-15
BGD,,190,2025-04-15
PNG,,67,2025-04-15
YEM,,11,2025-04-15
IDN,False,106,2025-04-15
LVA,False,4,2025-04-15
MNG,,304,2025-04-15
BLR,,194,2025-04-15
ARG,False,135,2025-04-15
NIC,True,52,2025-04-15
LTU,True,6,2025-04-15
TKM,,13,2025-04-15
NZL,,185,2025-04-15
THA,,2612,2025-04-15
CYP,False,8,2025-04-15
IRQ,,93,2025-04-15
NOR,,207,2025-04-15
MOZ,True,32,2025-04-15
VEN,,84,2025-04-15
SAU,True,887,2025-04-15
SOM,False,3,2025-04-15
SYR,True,2,2025-04-15
TLS,,10,2025-04-15
EGY,False,14,2025-04-15
SAU,,72,2025-04-15
GRC,True,32,2025-04-15
ALB,False,8,2025-04-15
CAN,True,1,2025-04-15
DOM,,226,2025-04-15
PRT,True,64,2025-04-15
ALB,,32,2025-04-15
CYP,True,8,2025-04-15
TWN,False,5,2025-04-15
NIC,,39,2025-04-15
MEX,True,354,2025-04-15
DOM,False,107,2025-04-15
KHM,True,81,2025-04-15
GIB,True,17,2025-04-15
SSD,,8,2025-04-15
FJI,True,20,2025-04-15
PNG,True,25,2025-04-15
NAM,True,1,2025-04-15
SGP,False,87,2025-04-15
BIH,,29,2025-04-15
TTO,True,27,2025-04-15
ISR,False,10,2025-04-15
KWT,,23,2025-04-15
UKR,False,61,2025-04-15
MDV,True,64,2025-04-15
FJI,,25,2025-04-15
MRT,,26,2025-04-15
PER,,364,2025-04-15
MYS,True,332,2025-04-15
BGD,True,123,2025-04-15
BTN,True,53,2025-04-15
SLE,True,6,2025-04-15
PAK,,270,2025-04-15
PAN,False,8,2025-04-15
VNM,True,88,2025-04-15
TUR,,843,2025-04-15
MKD,False,12,2025-04-15
BHR,False,9,2025-04-15
HKG,False,3,2025-04-15
MRT,True,1,2025-04-15
AGO,True,10,2025-04-15
GRD,True,7,2025-04-15
SLE,,76,2025-04-15
EGY,True,28,2025-04-15
MNE,,63,2025-04-15
AUS,True,546,2025-04-15
TKM,True,9,2025-04-15
PHL,True,97,2025-04-15
COM,True,6,2025-04-15
LCA,True,4,2025-04-15
PSE,True,22,2025-04-15
MDG,,47,2025-04-15
MAR,,30,2025-04-15
SDN,,30,2025-04-15
GEO,,57,2025-04-15
OMN,,9,2025-04-15
KEN,False,37,2025-04-15
DOM,True,184,2025-04-15
MWI,True,76,2025-04-15
AFG,True,6,2025-04-15
JPN,False,9,2025-04-15
CIV,False,4,2025-04-15
KGZ,False,3,2025-04-15
VNM,,64,2025-04-15
PAN,,23,2025-04-15
CIV,,12,2025-04-15
BLR,True,5,2025-04-15
LBR,,30,2025-04-15
IRQ,True,44,2025-04-15
KOR,,70,2025-04-15
KGZ,True,21,2025-04-15
KIR,False,3,2025-04-15
SLE,False,9,2025-04-15
ZAF,,76,2025-04-15
LSO,,1,2025-04-15
BTN,,57,2025-04-15
ISR,,24,2025-04-15
ARE,True,138,2025-04-15
ZMB,True,4,2025-04-15
KIR,True,2,2025-04-15
GIN,False,4,2025-04-15
PRT,,26,2025-04-15
ARG,True,576,2025-04-15
OMN,True,16,2025-04-15
TUN,,13,2025-04-15
JOR,True,250,2025-04-15
CRI,False,47,2025-04-15
DZA,True,45,2025-04-15
LTU,,3,2025-04-15
IRN,,13,2025-04-15
PAK,False,23,2025-04-15
ZWE,True,16,2025-04-15
CYP,,3,2025-04-15
THA,True,594,2025-04-15
TWN,,109,2025-04-15
MYS,,128,2025-04-15
ZWE,,1,2025-04-15
NGA,False,66,2025-04-15
MAC,,27,2025-04-15
ZWE,False,28,2025-04-15
ECU,True,288,2025-04-15
PER,True,214,2025-04-15
SRB,True,13,2025-04-15
NGA,True,63,2025-04-15
SAU,False,33,2025-04-15
CAN,,1,2025-04-15
PER,False,130,2025-04-15
POL,False,16,2025-04-15
MDV,False,25,2025-04-15
SDN,True,14,2025-04-15
PAK,True,63,2025-04-15
TUN,True,5,2025-04-15
HTI,True,4,2025-04-15
KIR,,5,2025-04-15
GBR,True,2623,2025-04-15
BRN,False,3,2025-04-15
ARG,,664,2025-04-15
IRQ,False,42,2025-04-15
BLZ,,53,2025-04-15
BGD,False,735,2025-04-15
ITA,False,14,2025-04-15
ESP,False,7,2025-04-15
BTN,False,1,2025-04-15
TTO,,62,2025-04-15
ESP,,28,2025-04-15
MYS,False,80,2025-04-15
MAR,True,29,2025-04-15
CHN,True,43,2025-04-15
NIC,False,16,2025-04-15
ZMB,False,6,2025-04-15
PAN,True,28,2025-04-15
KEN,,246,2025-04-15
PRI,True,4,2025-04-15
LKA,,40,2025-04-15
WSM,,13,2025-04-15
ISR,True,86,2025-04-15
MDV,,140,2025-04-15
POL,True,335,2025-04-15
GIB,False,2,2025-04-15
LBN,,15,2025-04-15
IRL,True,7,2025-04-15
AGO,,10,2025-04-15
KEN,True,264,2025-04-15
TWN,True,66,2025-04-15
IRL,,36,2025-04-15
BRB,True,28,2025-04-15
GHA,False,7,2025-04-15
SRB,False,2,2025-04-15
CMR,True,5,2025-04-15
UGA,True,159,2025-04-15
PNG,False,9,2025-04-15
SHN,True,4,2025-04-15
NGA,,122,2025-04-15
TUR,True,333,2025-04-15
MNE,True,63,2025-04-15
KHM,False,21,2025-04-15
HND,,37,2025-04-15
TON,False,20,2025-04-15
YEM,True,9,2025-04-15
SLV,,73,2025-04-15
ECU,,524,2025-04-15
ETH,False,9,2025-04-15
DMA,True,2,2025-04-15
SYC,False,2,2025-04-15
GRC,,92,2025-04-15
SYR,,8,2025-04-15
BRB,False,5,2025-04-15
GIN,,145,2025-04-15
LBN,False,6,2025-04-15
COK,,7,2025-04-15
BLZ,True,1,2025-04-15
LBY,False,5,2025-04-15
NZL,False,446,2025-04-15
OMN,False,177,2025-04-15
RUS,True,2,2025-04-15
QAT,False,20,2025-04-15
SGP,,161,2025-04-15
HND,False,11,2025-04-15
PRT,False,17,2025-04-15
IND,,1968,2025-04-15
KAZ,,26,2025-04-15
HTI,False,4,2025-04-15
BRA,False,42,2025-04-15
GIN,True,9,2025-04-15
LTU,False,1,2025-04-15
HKG,,482,2025-04-15
NZL,True,296,2025-04-15
PHL,False,59,2025-04-15
KHM,,92,2025-04-15
MMR,,26,2025-04-15
MMR,False,16,2025-04-15
MKD,,57,2025-04-15
AZE,True,280,2025-04-15
ALB,True,192,2025-04-15
IRL,False,23,2025-04-15
CHN,,25,2025-04-15
IDN,,695,2025-04-15
CUB,True,10,2025-04-15
MKD,True,40,2025-04-15
SLV,True,111,2025-04-15
DZA,,42,2025-04-15
FLK,True,7,2025-04-15
GUY,True,100,2025-04-15
BOL,False,43,2025-04-15
CIV,True,13,2025-04-15
VEN,True,160,2025-04-15
JPN,,187,2025-04-15
ESP,True,43,2025-04-15
SRB,,12,2025-04-15
BHR,True,10,2025-04-15
TZA,,8,2025-04-15
BHS,False,5,2025-04-15
KGZ,,49,2025-04-15
LAO,,21,2025-04-15
PHL,,247,2025-04-15
IND,True,475,2025-04-15
EGY,,78,2025-04-15
KOR,True,55,2025-04-15
PRY,True,147,2025-04-15
QAT,True,58,2025-04-15
URY,False,6,2025-04-15
VNM,False,7,2025-04-15
JOR,,4,2025-04-15
MNE,False,1,2025-04-15
AFG,False,3,2025-04-15
GRD,False,1,2025-04-15
KNA,False,1,2025-04-15
MNG,False,2,2025-04-15
BHS,,3,2025-04-15
BWA,True,1,2025-04-15
BMU,,1,2025-04-15
DMA,,3,2025-04-15
MRT,False,1,2025-04-15
SYC,,3,2025-04-15
AZE,False,1,2025-04-15
BFA,,1,2025-04-15
LAO,False,2,2025-04-15
LBR,True,5,2025-04-15
BHR,,6,2025-04-15
SEN,True,1,2025-04-15
MNG,True,1,2025-04-15
MWI,,3,2025-04-15
NLD,,1,2025-04-15
LBR,False,1,2025-04-15
SDN,False,4,2025-04-15
WSM,False,3,2025-04-15
RUS,,1,2025-04-15
YEM,False,1,2025-04-15
PRI,,3,2025-04-15
SLB,,3,2025-04-15
COK,True,1,2025-04-15
MWI,False,2,2025-04-15
GRD,,3,2025-04-15
DMA,False,2,2025-04-15
SSD,True,2,2025-04-15
FJI,False,1,2025-04-15
LBY,True,3,2025-04-15
PRI,False,2,2025-04-15
SSD,False,1,2025-04-15
BRA,True,230,2025-05-15
THA,False,76,2025-05-15
SLB,True,61,2025-05-15
ZAF,False,130,2025-05-15
PSE,,18,2025-05-15
HTI,,9,2025-05-15
NOR,True,134,2025-05-15
IRN,True,27,2025-05-15
POL,,325,2025-05-15
BRB,,29,2025-05-15
LVA,,20,2025-05-15
WSM,True,15,2025-05-15
JAM,,49,2025-05-15
ZMB,,8,2025-05-15
PRY,False,17,2025-05-15
BRA,,481,2025-05-15
BFA,True,7,2025-05-15
LAO,True,12,2025-05-15
MOZ,,117,2025-05-15
CUB,,90,2025-05-15
RWA,True,110,2025-05-15
TUR,False,25,2025-05-15
SOM,,67,2025-05-15
NPL,True,609,2025-05-15
ECU,False,66,2025-05-15
MDG,True,43,2025-05-15
BRN,,2,2025-05-15
URY,,51,2025-05-15
BOL,,61,2025-05-15
AUS,False,574,2025-05-15
IND,False,21,2025-05-15
HKG,True,186,2025-05-15
SHN,False,4,2025-05-15
HND,True,25,2025-05-15
LBY,,14,2025-05-15
GIB,,19,2025-05-15
IDN,True,423,2025-05-15
ITA,True,28,2025-05-15
CHN,False,88,2025-05-15
BIH,False,1,2025-05-15
MOZ,False,6,2025-05-15
JPN,True,139,2025-05-15
ETH,True,19,2025-05-15
IRN,False,5,2025-05-15
VEN,False,17,2025-05-15
NRU,True,2,2025-05-15
ETH,,517,2025-05-15
KWT,False,12,2025-05-15
GEO,False,6,2025-05-15
AGO,False,3,2025-05-15
LKA,True,46,2025-05-15
UKR,,1198,2025-05-15
ITA,,57,2025-05-15
BMU,True,1,2025-05-15
CMR,,24,2025-05-15
GHA,,18,2025-05-15
NOR,False,386,2025-05-15
TZA,True,799,2025-05-15
JAM,True,42,2025-05-15
BLZ,False,2,2025-05-15
SEN,,1,2025-05-15
SGP,True,226,2025-05-15
ARE,False,93,2025-05-15
MLI,True,4,2025-05-15
KWT,True,34,2025-05-15
GUY,,16,2025-05-15
LCA,,2,2025-05-15
COM,,4,2025-05-15
BHS,True,5,2025-05-15
ZAF,True,56,2025-05-15
SHN,,4,2025-05-15
SLV,False,20,2025-05-15
GUY,False,6,2025-05-15
QAT,,27,2025-05-15
PCN,,2,2025-05-15
MAR,False,4,2025-05-15
GBR,,2927,2025-05-15
MEX,False,164,2025-05-15
BOL,True,97,2025-05-15
TLS,True,86,2025-05-15
MAC,True,27,2025-05-15
TZA,False,5,2025-05-15
SOM,True,7,2025-05-15
PRY,,83,2025-05-15
GHA,True,17,2025-05-15
TTO,False,4,2025-05-15
ARE,,67,2025-05-15
KAZ,True,7,2025-05-15
UGA,False,19,2025-05-15
TON,,8,2025-05-15
GEO,True,79,2025-05-15
BIH,True,62,2025-05-15
URY,True,88,2025-05-15
MDG,False,2,2025-05-15
CRI,,88,2025-05-15
JOR,False,12,2025-05-15
TJK,,1,2025-05-15
SYC,True,37,2025-05-15
MMR,True,86,2025-05-15
LKA,False,11,2025-05-15
GBR,False,666,2025-05-15
LVA,True,123,2025-05-15
TON,True,13,2025-05-15
DZA,False,5,2025-05-15
NPL,,4,2025-05-15
CRI,True,82,2025-05-15
BRN,True,81,2025-05-15
UGA,,44,2025-05-15
AZE,,216,2025-05-15
MLI,,25,2025-05-15
AUS,,210,2025-05-15
FLK,,3,2025-05-15
JAM,False,32,2025-05-15
KNA,,5,2025-05-15
MEX,,986,2025-05-15
UKR,True,258,2025-05-15
GRC,False,17,2025-05-15
LBN,True,16,2025-05-15
AFG,,84,2025-05-15
PNG,,69,2025-05-15
BGD,,216,2025-05-15
YEM,,12,2025-05-15
IDN,False,110,2025-05-15
LVA,False,4,2025-05-15
MNG,,309,2025-05-15
BLR,,196,2025-05-15
SYC,,5,2025-05-15
ARG,False,137,2025-05-15
NIC,True,53,2025-05-15
LTU,True,6,2025-05-15
TKM,,13,2025-05-15
NZL,,194,2025-05-15
THA,,2633,2025-05-15
CYP,False,8,2025-05-15
NOR,,205,2025-05-15
IRQ,,99,2025-05-15
MOZ,True,31,2025-05-15
VEN,,81,2025-05-15
SAU,True,894,2025-05-15
SOM,False,3,2025-05-15
SYR,True,2,2025-05-15
TLS,,10,2025-05-15
EGY,False,14,2025-05-15
SAU,,71,2025-05-15
GRC,True,33,2025-05-15
ALB,False,8,2025-05-15
CAN,True,1,2025-05-15
DOM,,225,2025-05-15
PRT,True,64,2025-05-15
ALB,,32,2025-05-15
CYP,True,8,2025-05-15
BHR,,8,2025-05-15
TWN,False,5,2025-05-15
NIC,,41,2025-05-15
MEX,True,358,2025-05-15
DOM,False,109,2025-05-15
KHM,True,83,2025-05-15
GIB,True,17,2025-05-15
SSD,,8,2025-05-15
FJI,True,25,2025-05-15
PNG,True,26,2025-05-15
NAM,True,1,2025-05-15
SGP,False,90,2025-05-15
BIH,,32,2025-05-15
ISR,False,11,2025-05-15
TTO,True,27,2025-05-15
KWT,,23,2025-05-15
UKR,False,63,2025-05-15
MDV,True,67,2025-05-15
FJI,,31,2025-05-15
MRT,,27,2025-05-15
PER,,387,2025-05-15
MYS,True,332,2025-05-15
BGD,True,125,2025-05-15
SLE,True,6,2025-05-15
BTN,True,54,2025-05-15
PAK,,278,2025-05-15
PAN,False,9,2025-05-15
VNM,True,88,2025-05-15
TUR,,844,2025-05-15
BHR,False,10,2025-05-15
MKD,False,12,2025-05-15
HKG,False,4,2025-05-15
AGO,True,112,2025-05-15
GRD,True,7,2025-05-15
MRT,True,1,2025-05-15
SLE,,75,2025-05-15
EGY,True,28,2025-05-15
MNE,,63,2025-05-15
AUS,True,545,2025-05-15
TKM,True,9,2025-05-15
PHL,True,102,2025-05-15
LCA,True,4,2025-05-15
COM,True,6,2025-05-15
PSE,True,21,2025-05-15
MAR,,33,2025-05-15
MDG,,47,2025-05-15
SDN,,34,2025-05-15
GEO,,55,2025-05-15
OMN,,9,2025-05-15
MWI,True,75,2025-05-15
DOM,True,181,2025-05-15
AFG,True,5,2025-05-15
KEN,False,38,2025-05-15
JPN,False,9,2025-05-15
CIV,False,4,2025-05-15
KGZ,False,3,2025-05-15
VNM,,64,2025-05-15
PAN,,24,2025-05-15
CIV,,12,2025-05-15
BLR,True,5,2025-05-15
LBR,,30,2025-05-15
IRQ,True,46,2025-05-15
KOR,,68,2025-05-15
KGZ,True,21,2025-05-15
KIR,False,3,2025-05-15
SDN,False,5,2025-05-15
SLE,False,9,2025-05-15
ZAF,,78,2025-05-15
BTN,,58,2025-05-15
LSO,,1,2025-05-15
ISR,,22,2025-05-15
ARE,True,140,2025-05-15
ZMB,True,4,2025-05-15
KIR,True,2,2025-05-15
GIN,False,4,2025-05-15
PRT,,29,2025-05-15
ARG,True,584,2025-05-15
OMN,True,17,2025-05-15
TUN,,14,2025-05-15
JOR,True,252,2025-05-15
DZA,True,46,2025-05-15
CRI,False,47,2025-05-15
IRN,,15,2025-05-15
LTU,,3,2025-05-15
PAK,False,22,2025-05-15
ZWE,True,16,2025-05-15
CYP,,3,2025-05-15
THA,True,606,2025-05-15
TWN,,114,2025-05-15
MYS,,134,2025-05-15
ZWE,,2,2025-05-15
NGA,False,64,2025-05-15
MAC,,27,2025-05-15
ECU,True,314,2025-05-15
PER,True,219,2025-05-15
ZWE,False,29,2025-05-15
NGA,True,65,2025-05-15
SAU,False,33,2025-05-15
SRB,True,13,2025-05-15
CAN,,1,2025-05-15
PER,False,134,2025-05-15
MDV,False,25,2025-05-15
SDN,True,15,2025-05-15
POL,False,16,2025-05-15
PAK,True,67,2025-05-15
HTI,True,5,2025-05-15
TUN,True,6,2025-05-15
KIR,,5,2025-05-15
GBR,True,2596,2025-05-15
BRN,False,3,2025-05-15
ARG,,683,2025-05-15
IRQ,False,43,2025-05-15
BLZ,,54,2025-05-15
BGD,False,741,2025-05-15
ITA,False,16,2025-05-15
BTN,False,1,2025-05-15
ESP,False,8,2025-05-15
TTO,,62,2025-05-15
ESP,,23,2025-05-15
CHN,True,43,2025-05-15
MYS,False,84,2025-05-15
MAR,True,30,2025-05-15
NIC,False,8,2025-05-15
ZMB,False,6,2025-05-15
PAN,True,28,2025-05-15
KEN,,249,2025-05-15
PRI,True,4,2025-05-15
WSM,,13,2025-05-15
LKA,,41,2025-05-15
ISR,True,85,2025-05-15
MDV,,143,2025-05-15
POL,True,339,2025-05-15
GIB,False,2,2025-05-15
LBN,,16,2025-05-15
IRL,True,7,2025-05-15
AGO,,108,2025-05-15
KEN,True,262,2025-05-15
TWN,True,69,2025-05-15
IRL,,37,2025-05-15
GHA,False,7,2025-05-15
BRB,True,29,2025-05-15
SRB,False,2,2025-05-15
CMR,True,6,2025-05-15
UGA,True,159,2025-05-15
PNG,False,9,2025-05-15
SHN,True,4,2025-05-15
NGA,,133,2025-05-15
KHM,False,23,2025-05-15
TUR,True,333,2025-05-15
MNE,True,63,2025-05-15
HND,,37,2025-05-15
TON,False,21,2025-05-15
YEM,True,10,2025-05-15
SLV,,74,2025-05-15
ECU,,532,2025-05-15
GRD,,4,2025-05-15
ETH,False,9,2025-05-15
DMA,True,2,2025-05-15
SYC,False,4,2025-05-15
GRC,,93,2025-05-15
SYR,,8,2025-05-15
BRB,False,5,2025-05-15
GIN,,150,2025-05-15
LBN,False,7,2025-05-15
COK,,7,2025-05-15
BLZ,True,1,2025-05-15
OMN,False,176,2025-05-15
NZL,False,450,2025-05-15
QAT,False,20,2025-05-15
SGP,,165,2025-05-15
PRT,False,19,2025-05-15
HND,False,11,2025-05-15
IND,,1959,2025-05-15
KAZ,,24,2025-05-15
HTI,False,8,2025-05-15
BRA,False,43,2025-05-15
GIN,True,8,2025-05-15
LTU,False,1,2025-05-15
HKG,,487,2025-05-15
NZL,True,294,2025-05-15
PHL,False,61,2025-05-15
KHM,,93,2025-05-15
MMR,,25,2025-05-15
MMR,False,16,2025-05-15
MKD,,59,2025-05-15
ALB,True,192,2025-05-15
IRL,False,23,2025-05-15
AZE,True,283,2025-05-15
CHN,,25,2025-05-15
IDN,,718,2025-05-15
CUB,True,94,2025-05-15
SLV,True,111,2025-05-15
MKD,True,41,2025-05-15
DZA,,43,2025-05-15
FLK,True,7,2025-05-15
GUY,True,100,2025-05-15
BOL,False,44,2025-05-15
VEN,True,167,2025-05-15
CIV,True,13,2025-05-15
JPN,,189,2025-05-15
ESP,True,49,2025-05-15
SRB,,12,2025-05-15
BHR,True,10,2025-05-15
TZA,,8,2025-05-15
BHS,False,5,2025-05-15
KGZ,,49,2025-05-15
LAO,,22,2025-05-15
PHL,,260,2025-05-15
IND,True,466,2025-05-15
EGY,,79,2025-05-15
KOR,True,53,2025-05-15
PRY,True,147,2025-05-15
QAT,True,58,2025-05-15
VNM,False,7,2025-05-15
URY,False,6,2025-05-15
JOR,,4,2025-05-15
RUS,False,1,2025-05-15
MNE,False,1,2025-05-15
AFG,False,3,2025-05-15
GRD,False,1,2025-05-15
IOT,,1,2025-05-15
KNA,False,1,2025-05-15
MNG,False,2,2025-05-15
BHS,,3,2025-05-15
BWA,True,1,2025-05-15
BMU,,1,2025-05-15
DMA,,3,2025-05-15
MRT,False,1,2025-05-15
AZE,False,1,2025-05-15
BFA,,1,2025-05-15
LAO,False,2,2025-05-15
LBR,True,5,2025-05-15
SEN,True,1,2025-05-15
MNG,True,1,2025-05-15
MWI,,2,2025-05-15
NLD,,1,2025-05-15
LBR,False,1,2025-05-15
WSM,False,3,2025-05-15
RUS,,2,2025-05-15
MAC,False,1,2025-05-15
PRI,,3,2025-05-15
SLB,,3,2025-05-15
COK,True,1,2025-05-15
MWI,False,2,2025-05-15
DMA,False,2,2025-05-15
LBY,False,4,2025-05-15
SSD,True,2,2025-05-15
FJI,False,1,2025-05-15
RUS,True,1,2025-05-15
LBY,True,3,2025-05-15
PRI,False,2,2025-05-15
SSD,False,1,2025-05-15
THA,False,76,2025-06-15
BRA,True,229,2025-06-15
SLB,True,61,2025-06-15
ZAF,False,129,2025-06-15
PSE,,19,2025-06-15
HTI,,9,2025-06-15
NOR,True,137,2025-06-15
IRN,True,18,2025-06-15
POL,,345,2025-06-15
LVA,,19,2025-06-15
BRB,,29,2025-06-15
WSM,True,15,2025-06-15
JAM,,49,2025-06-15
ZMB,,8,2025-06-15
PRY,False,18,2025-06-15
BRA,,483,2025-06-15
BFA,True,7,2025-06-15
LAO,True,12,2025-06-15
MOZ,,123,2025-06-15
CUB,,154,2025-06-15
JOR,,3,2025-06-15
RWA,True,139,2025-06-15
RUS,False,1,2025-06-15
TUR,False,25,2025-06-15
MNE,False,1,2025-06-15
SOM,,72,2025-06-15
NPL,True,607,2025-06-15
ECU,False,71,2025-06-15
MDG,True,41,2025-06-15
BRN,,2,2025-06-15
URY,,56,2025-06-15
BOL,,62,2025-06-15
AUS,False,576,2025-06-15
IND,False,24,2025-06-15
HKG,True,187,2025-06-15
HND,True,26,2025-06-15
LBY,,15,2025-06-15
GIB,,19,2025-06-15
IDN,True,434,2025-06-15
CHN,False,90,2025-06-15
ITA,True,28,2025-06-15
MOZ,False,6,2025-06-15
JPN,True,145,2025-06-15
ETH,True,20,2025-06-15
AFG,False,3,2025-06-15
IRN,False,5,2025-06-15
VEN,False,16,2025-06-15
GRD,False,2,2025-06-15
NRU,True,2,2025-06-15
ETH,,533,2025-06-15
KWT,False,13,2025-06-15
GEO,False,7,2025-06-15
LKA,True,47,2025-06-15
AGO,False,3,2025-06-15
UKR,,1203,2025-06-15
ITA,,56,2025-06-15
CMR,,24,2025-06-15
GHA,,18,2025-06-15
NOR,False,389,2025-06-15
TZA,True,797,2025-06-15
JAM,True,42,2025-06-15
BLZ,False,2,2025-06-15
IOT,,1,2025-06-15
SGP,True,226,2025-06-15
ARE,False,93,2025-06-15
MLI,True,4,2025-06-15
KNA,False,1,2025-06-15
KWT,True,34,2025-06-15
GUY,,17,2025-06-15
COM,,4,2025-06-15
LCA,,2,2025-06-15
BHS,True,5,2025-06-15
ZAF,True,54,2025-06-15
SHN,,4,2025-06-15
MNG,False,2,2025-06-15
GUY,False,6,2025-06-15
SLV,False,25,2025-06-15
PCN,,2,2025-06-15
QAT,,27,2025-06-15
BHS,,4,2025-06-15
MAR,False,5,2025-06-15
GBR,,3122,2025-06-15
TLS,True,86,2025-06-15
MEX,False,164,2025-06-15
BOL,True,100,2025-06-15
MAC,True,28,2025-06-15
TZA,False,5,2025-06-15
SOM,True,6,2025-06-15
PRY,,82,2025-06-15
GHA,True,17,2025-06-15
TTO,False,4,2025-06-15
ARE,,68,2025-06-15
UGA,False,16,2025-06-15
KAZ,True,8,2025-06-15
TON,,8,2025-06-15
GEO,True,79,2025-06-15
URY,True,93,2025-06-15
BIH,True,62,2025-06-15
BWA,True,1,2025-06-15
MDG,False,2,2025-06-15
CRI,,89,2025-06-15
JOR,False,14,2025-06-15
BMU,,1,2025-06-15
SYC,True,36,2025-06-15
MMR,True,86,2025-06-15
LKA,False,13,2025-06-15
GBR,False,696,2025-06-15
LVA,True,124,2025-06-15
TON,True,13,2025-06-15
DZA,False,5,2025-06-15
NPL,,4,2025-06-15
CRI,True,88,2025-06-15
BRN,True,80,2025-06-15
UGA,,45,2025-06-15
AZE,,218,2025-06-15
AUS,,212,2025-06-15
MLI,,25,2025-06-15
FLK,,3,2025-06-15
JAM,False,32,2025-06-15
KNA,,5,2025-06-15
MEX,,1049,2025-06-15
UKR,True,262,2025-06-15
LBN,True,19,2025-06-15
GRC,False,15,2025-06-15
BGD,,225,2025-06-15
AFG,,86,2025-06-15
PNG,,68,2025-06-15
DMA,,3,2025-06-15
YEM,,11,2025-06-15
IDN,False,108,2025-06-15
LVA,False,4,2025-06-15
MRT,False,1,2025-06-15
MNG,,309,2025-06-15
BLR,,202,2025-06-15
SYC,,6,2025-06-15
NIC,True,54,2025-06-15
ARG,False,139,2025-06-15
LTU,True,6,2025-06-15
AZE,False,1,2025-06-15
TKM,,56,2025-06-15
NZL,,195,2025-06-15
THA,,2633,2025-06-15
CYP,False,8,2025-06-15
IRQ,,104,2025-06-15
NOR,,208,2025-06-15
MOZ,True,31,2025-06-15
VEN,,88,2025-06-15
SAU,True,890,2025-06-15
SOM,False,5,2025-06-15
SYR,True,6,2025-06-15
TLS,,10,2025-06-15
EGY,False,14,2025-06-15
SAU,,74,2025-06-15
GRC,True,32,2025-06-15
ALB,False,8,2025-06-15
BFA,,1,2025-06-15
LAO,False,3,2025-06-15
DOM,,226,2025-06-15
PRT,True,63,2025-06-15
ALB,,32,2025-06-15
CYP,True,8,2025-06-15
LBR,True,5,2025-06-15
BHR,,8,2025-06-15
TWN,False,5,2025-06-15
NIC,,43,2025-06-15
MEX,True,367,2025-06-15
KHM,True,82,2025-06-15
DOM,False,109,2025-06-15
MNG,True,1,2025-06-15
SEN,True,1,2025-06-15
GIB,True,17,2025-06-15
SSD,,10,2025-06-15
FJI,True,26,2025-06-15
PNG,True,27,2025-06-15
SGP,False,86,2025-06-15
BIH,,32,2025-06-15
ISR,False,11,2025-06-15
TTO,True,29,2025-06-15
KWT,,23,2025-06-15
UKR,False,67,2025-06-15
MWI,,2,2025-06-15
MDV,True,70,2025-06-15
FJI,,32,2025-06-15
MRT,,26,2025-06-15
PER,,390,2025-06-15
MYS,True,333,2025-06-15
NLD,,1,2025-06-15
BGD,True,125,2025-06-15
SLE,True,13,2025-06-15
BTN,True,54,2025-06-15
PAK,,284,2025-06-15
PAN,False,7,2025-06-15
VNM,True,89,2025-06-15
TUR,,838,2025-06-15
BHR,False,10,2025-06-15
MKD,False,13,2025-06-15
LBR,False,2,2025-06-15
HKG,False,4,2025-06-15
AGO,True,140,2025-06-15
GRD,True,8,2025-06-15
SLE,,78,2025-06-15
EGY,True,28,2025-06-15
MNE,,63,2025-06-15
AUS,True,548,2025-06-15
TKM,True,52,2025-06-15
PHL,True,102,2025-06-15
COM,True,6,2025-06-15
PSE,True,23,2025-06-15
MDG,,47,2025-06-15
MAR,,38,2025-06-15
SDN,,33,2025-06-15
GEO,,56,2025-06-15
OMN,,9,2025-06-15
MWI,True,80,2025-06-15
DOM,True,181,2025-06-15
KEN,False,42,2025-06-15
AFG,True,5,2025-06-15
JPN,False,9,2025-06-15
CIV,False,4,2025-06-15
KGZ,False,3,2025-06-15
VNM,,67,2025-06-15
PAN,,25,2025-06-15
CIV,,12,2025-06-15
BLR,True,5,2025-06-15
LBR,,36,2025-06-15
IRQ,True,47,2025-06-15
KOR,,69,2025-06-15
KGZ,True,22,2025-06-15
KIR,False,3,2025-06-15
SDN,False,5,2025-06-15
SLE,False,9,2025-06-15
BTN,,58,2025-06-15
ZAF,,78,2025-06-15
ISR,,22,2025-06-15
ARE,True,141,2025-06-15
KIR,True,2,2025-06-15
ZMB,True,4,2025-06-15
GIN,False,4,2025-06-15
PRT,,30,2025-06-15
ARG,True,601,2025-06-15
OMN,True,17,2025-06-15
TUN,,13,2025-06-15
JOR,True,248,2025-06-15
CRI,False,48,2025-06-15
DZA,True,47,2025-06-15
IRN,,11,2025-06-15
LTU,,3,2025-06-15
ZWE,True,18,2025-06-15
PAK,False,22,2025-06-15
CYP,,3,2025-06-15
THA,True,603,2025-06-15
TWN,,117,2025-06-15
MYS,,137,2025-06-15
NGA,False,63,2025-06-15
MAC,,27,2025-06-15
ECU,True,329,2025-06-15
PER,True,230,2025-06-15
ZWE,False,33,2025-06-15
SAU,False,32,2025-06-15
NGA,True,64,2025-06-15
SRB,True,13,2025-06-15
PER,False,136,2025-06-15
WSM,False,3,2025-06-15
SDN,True,17,2025-06-15
MDV,False,26,2025-06-15
POL,False,17,2025-06-15
RUS,,2,2025-06-15
PAK,True,68,2025-06-15
HTI,True,5,2025-06-15
TUN,True,6,2025-06-15
KIR,,5,2025-06-15
GBR,True,2714,2025-06-15
BRN,False,3,2025-06-15
ARG,,697,2025-06-15
IRQ,False,44,2025-06-15
MAC,False,1,2025-06-15
BLZ,,55,2025-06-15
BGD,False,733,2025-06-15
ITA,False,17,2025-06-15
ESP,False,8,2025-06-15
TTO,,63,2025-06-15
PRI,,4,2025-06-15
ESP,,23,2025-06-15
MAR,True,32,2025-06-15
MYS,False,78,2025-06-15
CHN,True,44,2025-06-15
NIC,False,9,2025-06-15
ZMB,False,6,2025-06-15
PAN,True,29,2025-06-15
KEN,,254,2025-06-15
PRI,True,4,2025-06-15
LKA,,40,2025-06-15
WSM,,13,2025-06-15
ISR,True,92,2025-06-15
MDV,,142,2025-06-15
POL,True,340,2025-06-15
GIB,False,2,2025-06-15
LBN,,19,2025-06-15
IRL,True,7,2025-06-15
AGO,,130,2025-06-15
KEN,True,264,2025-06-15
TWN,True,71,2025-06-15
SLB,,3,2025-06-15
IRL,,37,2025-06-15
BRB,True,29,2025-06-15
GHA,False,7,2025-06-15
COK,True,1,2025-06-15
SRB,False,2,2025-06-15
CMR,True,6,2025-06-15
UGA,True,158,2025-06-15
PNG,False,9,2025-06-15
SHN,True,4,2025-06-15
NGA,,138,2025-06-15
TUR,True,344,2025-06-15
KHM,False,23,2025-06-15
MNE,True,63,2025-06-15
HND,,37,2025-06-15
TON,False,21,2025-06-15
MWI,False,2,2025-06-15
YEM,True,10,2025-06-15
SLV,,75,2025-06-15
ECU,,558,2025-06-15
GRD,,3,2025-06-15
ETH,False,9,2025-06-15
DMA,True,2,2025-06-15
SYC,False,5,2025-06-15
GRC,,97,2025-06-15
SYR,,14,2025-06-15
BRB,False,5,2025-06-15
DMA,False,2,2025-06-15
GIN,,153,2025-06-15
LBN,False,11,2025-06-15
COK,,7,2025-06-15
SSD,True,2,2025-06-15
LBY,False,4,2025-06-15
FJI,False,2,2025-06-15
NZL,False,471,2025-06-15
OMN,False,176,2025-06-15
RUS,True,1,2025-06-15
QAT,False,22,2025-06-15
LBY,True,3,2025-06-15
SGP,,165,2025-06-15
PRT,False,21,2025-06-15
HND,False,13,2025-06-15
IND,,1929,2025-06-15
KAZ,,26,2025-06-15
HTI,False,8,2025-06-15
BRA,False,46,2025-06-15
GIN,True,9,2025-06-15
HKG,,485,2025-06-15
PHL,False,62,2025-06-15
NZL,True,294,2025-06-15
MMR,,25,2025-06-15
KHM,,91,2025-06-15
MMR,False,16,2025-06-15
MKD,,63,2025-06-15
ALB,True,190,2025-06-15
AZE,True,286,2025-06-15
IRL,False,23,2025-06-15
IDN,,737,2025-06-15
CHN,,27,2025-06-15
CUB,True,160,2025-06-15
MKD,True,41,2025-06-15
SLV,True,112,2025-06-15
PRI,False,2,2025-06-15
DZA,,44,2025-06-15
FLK,True,7,2025-06-15
BOL,False,45,2025-06-15
GUY,True,101,2025-06-15
VEN,True,171,2025-06-15
CIV,True,13,2025-06-15
JPN,,190,2025-06-15
ESP,True,51,2025-06-15
SRB,,12,2025-06-15
BHR,True,10,2025-06-15
TZA,,8,2025-06-15
BHS,False,5,2025-06-15
KGZ,,52,2025-06-15
LAO,,22,2025-06-15
PHL,,263,2025-06-15
IND,True,472,2025-06-15
EGY,,79,2025-06-15
KOR,True,54,2025-06-15
SSD,False,1,2025-06-15
PRY,True,152,2025-06-15
QAT,True,56,2025-06-15
URY,False,6,2025-06-15
VNM,False,7,2025-06-15
SHN,False,4,2025-06-15
BIH,False,1,2025-06-15
BMU,True,1,2025-06-15
SEN,,1,2025-06-15
TJK,,1,2025-06-15
KOR,False,1,2025-06-15
CAN,True,1,2025-06-15
MRT,True,1,2025-06-15
LCA,True,4,2025-06-15
LSO,,1,2025-06-15
ZWE,,2,2025-06-15
CAN,,1,2025-06-15
BTN,False,1,2025-06-15
BLZ,True,1,2025-06-15
LTU,False,1,2025-06-15
THA,False,79,2025-07-15
BRA,True,237,2025-07-15
SLB,True,61,2025-07-15
ZAF,False,132,2025-07-15
PSE,,19,2025-07-15
HTI,,9,2025-07-15
NOR,True,137,2025-07-15
IRN,True,22,2025-07-15
POL,,340,2025-07-15
BRB,,29,2025-07-15
LVA,,20,2025-07-15
WSM,True,14,2025-07-15
JAM,,51,2025-07-15
ZMB,,9,2025-07-15
PRY,False,18,2025-07-15
BRA,,491,2025-07-15
LAO,True,12,2025-07-15
BFA,True,7,2025-07-15
MOZ,,127,2025-07-15
CUB,,165,2025-07-15
JOR,,3,2025-07-15
RWA,True,140,2025-07-15
RUS,False,1,2025-07-15
TUR,False,30,2025-07-15
MNE,False,1,2025-07-15
SOM,,71,2025-07-15
NPL,True,601,2025-07-15
ECU,False,74,2025-07-15
MDG,True,41,2025-07-15
BRN,,2,2025-07-15
SLB,False,2,2025-07-15
BOL,,62,2025-07-15
URY,,58,2025-07-15
AUS,False,579,2025-07-15
HKG,True,187,2025-07-15
IND,False,24,2025-07-15
HND,True,26,2025-07-15
LBY,,19,2025-07-15
GIB,,19,2025-07-15
IDN,True,429,2025-07-15
CHN,False,92,2025-07-15
ITA,True,28,2025-07-15
MOZ,False,6,2025-07-15
JPN,True,150,2025-07-15
AFG,False,2,2025-07-15
ETH,True,21,2025-07-15
IRN,False,5,2025-07-15
VEN,False,15,2025-07-15
GRD,False,2,2025-07-15
NRU,True,2,2025-07-15
ETH,,551,2025-07-15
KWT,False,12,2025-07-15
GEO,False,7,2025-07-15
LKA,True,47,2025-07-15
AGO,False,3,2025-07-15
UKR,,1203,2025-07-15
ITA,,57,2025-07-15
CMR,,25,2025-07-15
GHA,,18,2025-07-15
NOR,False,390,2025-07-15
TZA,True,804,2025-07-15
JAM,True,43,2025-07-15
BLZ,False,2,2025-07-15
IOT,,1,2025-07-15
SGP,True,226,2025-07-15
ARE,False,94,2025-07-15
MLI,True,4,2025-07-15
KNA,False,1,2025-07-15
KWT,True,34,2025-07-15
GUY,,17,2025-07-15
COM,,4,2025-07-15
LCA,,2,2025-07-15
BHS,True,5,2025-07-15
ZAF,True,56,2025-07-15
SHN,,5,2025-07-15
SLV,False,27,2025-07-15
GUY,False,6,2025-07-15
MNG,False,2,2025-07-15
QAT,,27,2025-07-15
PCN,,2,2025-07-15
BHS,,4,2025-07-15
MAR,False,8,2025-07-15
GBR,,3203,2025-07-15
TLS,True,84,2025-07-15
TZA,False,5,2025-07-15
BOL,True,99,2025-07-15
MEX,False,163,2025-07-15
MAC,True,29,2025-07-15
SOM,True,5,2025-07-15
PRY,,80,2025-07-15
GHA,True,18,2025-07-15
TTO,False,4,2025-07-15
ARE,,69,2025-07-15
UGA,False,16,2025-07-15
KAZ,True,8,2025-07-15
TON,,8,2025-07-15
URY,True,96,2025-07-15
BIH,True,62,2025-07-15
GEO,True,79,2025-07-15
BWA,True,1,2025-07-15
MDG,False,2,2025-07-15
CRI,,91,2025-07-15
JOR,False,14,2025-07-15
BMU,,1,2025-07-15
MMR,True,140,2025-07-15
LKA,False,14,2025-07-15
SYC,True,36,2025-07-15
GBR,False,730,2025-07-15
LVA,True,123,2025-07-15
DZA,False,5,2025-07-15
TON,True,13,2025-07-15
NPL,,4,2025-07-15
CRI,True,89,2025-07-15
BRN,True,81,2025-07-15
UGA,,49,2025-07-15
AZE,,219,2025-07-15
AUS,,218,2025-07-15
FLK,,3,2025-07-15
MLI,,26,2025-07-15
JAM,False,40,2025-07-15
KNA,,5,2025-07-15
MEX,,1239,2025-07-15
UKR,True,266,2025-07-15
LBN,True,19,2025-07-15
GRC,False,15,2025-07-15
BGD,,241,2025-07-15
PNG,,69,2025-07-15
AFG,,69,2025-07-15
DMA,,3,2025-07-15
YEM,,10,2025-07-15
IDN,False,110,2025-07-15
LVA,False,4,2025-07-15
MRT,False,1,2025-07-15
MNG,,312,2025-07-15
BLR,,204,2025-07-15
SYC,,6,2025-07-15
ARG,False,141,2025-07-15
LTU,True,6,2025-07-15
NIC,True,57,2025-07-15
AZE,False,1,2025-07-15
TKM,,71,2025-07-15
NZL,,198,2025-07-15
THA,,2641,2025-07-15
CYP,False,9,2025-07-15
IRQ,,108,2025-07-15
NOR,,207,2025-07-15
MOZ,True,31,2025-07-15
VEN,,90,2025-07-15
SAU,True,909,2025-07-15
SOM,False,5,2025-07-15
SYR,True,5,2025-07-15
TLS,,10,2025-07-15
EGY,False,14,2025-07-15
SAU,,73,2025-07-15
GRC,True,32,2025-07-15
ALB,False,8,2025-07-15
BFA,,1,2025-07-15
LAO,False,3,2025-07-15
DOM,,235,2025-07-15
PRT,True,62,2025-07-15
ALB,,33,2025-07-15
CYP,True,8,2025-07-15
LBR,True,5,2025-07-15
BHR,,8,2025-07-15
TWN,False,5,2025-07-15
NIC,,45,2025-07-15
MEX,True,374,2025-07-15
DOM,False,110,2025-07-15
KHM,True,82,2025-07-15
MNG,True,2,2025-07-15
SEN,True,1,2025-07-15
GIB,True,17,2025-07-15
SSD,,12,2025-07-15
FJI,True,27,2025-07-15
PNG,True,26,2025-07-15
SGP,False,89,2025-07-15
BIH,,33,2025-07-15
TTO,True,29,2025-07-15
ISR,False,9,2025-07-15
KWT,,24,2025-07-15
UKR,False,69,2025-07-15
MWI,,1,2025-07-15
MDV,True,71,2025-07-15
FJI,,33,2025-07-15
MRT,,27,2025-07-15
PER,,411,2025-07-15
MYS,True,332,2025-07-15
NLD,,1,2025-07-15
BGD,True,129,2025-07-15
BTN,True,62,2025-07-15
SLE,True,29,2025-07-15
PAK,,289,2025-07-15
PAN,False,9,2025-07-15
VNM,True,88,2025-07-15
TUR,,819,2025-07-15
BHR,False,10,2025-07-15
MKD,False,13,2025-07-15
HKG,False,4,2025-07-15
LBR,False,2,2025-07-15
AGO,True,160,2025-07-15
GRD,True,8,2025-07-15
SLE,,71,2025-07-15
EGY,True,28,2025-07-15
CUB,False,2,2025-07-15
MNE,,63,2025-07-15
AUS,True,545,2025-07-15
TKM,True,67,2025-07-15
PHL,True,103,2025-07-15
PSE,True,22,2025-07-15
COM,True,6,2025-07-15
MDG,,47,2025-07-15
MAR,,38,2025-07-15
SDN,,34,2025-07-15
GEO,,57,2025-07-15
OMN,,9,2025-07-15
DOM,True,184,2025-07-15
KEN,False,45,2025-07-15
MWI,True,78,2025-07-15
AFG,True,5,2025-07-15
JPN,False,10,2025-07-15
KGZ,False,3,2025-07-15
CIV,False,4,2025-07-15
PAN,,26,2025-07-15
VNM,,69,2025-07-15
CIV,,12,2025-07-15
BLR,True,5,2025-07-15
LBR,,39,2025-07-15
IRQ,True,49,2025-07-15
KOR,,69,2025-07-15
KGZ,True,21,2025-07-15
KIR,False,3,2025-07-15
SDN,False,5,2025-07-15
SLE,False,9,2025-07-15
ZAF,,83,2025-07-15
BTN,,66,2025-07-15
ISR,,22,2025-07-15
ARE,True,143,2025-07-15
ZMB,True,4,2025-07-15
KIR,True,2,2025-07-15
GIN,False,4,2025-07-15
PRT,,30,2025-07-15
ARG,True,605,2025-07-15
OMN,True,18,2025-07-15
TUN,,14,2025-07-15
JOR,True,247,2025-07-15
CRI,False,51,2025-07-15
DZA,True,48,2025-07-15
IRN,,12,2025-07-15
LTU,,3,2025-07-15
PAK,False,23,2025-07-15
ZWE,True,18,2025-07-15
CYP,,4,2025-07-15
THA,True,608,2025-07-15
TWN,,119,2025-07-15
MYS,,140,2025-07-15
NGA,False,65,2025-07-15
MAC,,28,2025-07-15
PER,True,235,2025-07-15
ECU,True,341,2025-07-15
ZWE,False,33,2025-07-15
NGA,True,65,2025-07-15
SAU,False,32,2025-07-15
SRB,True,12,2025-07-15
PER,False,141,2025-07-15
WSM,False,3,2025-07-15
POL,False,16,2025-07-15
SDN,True,18,2025-07-15
MDV,False,26,2025-07-15
RUS,,2,2025-07-15
PAK,True,72,2025-07-15
HTI,True,5,2025-07-15
TUN,True,6,2025-07-15
KIR,,4,2025-07-15
GBR,True,2740,2025-07-15
BRN,False,3,2025-07-15
YEM,False,1,2025-07-15
ARG,,710,2025-07-15
IRQ,False,44,2025-07-15
MAC,False,1,2025-07-15
BLZ,,55,2025-07-15
BGD,False,729,2025-07-15
ITA,False,17,2025-07-15
ESP,False,8,2025-07-15
TTO,,64,2025-07-15
PRI,,3,2025-07-15
ESP,,24,2025-07-15
MYS,False,80,2025-07-15
MAR,True,34,2025-07-15
CHN,True,44,2025-07-15
NIC,False,9,2025-07-15
ZMB,False,6,2025-07-15
PAN,True,30,2025-07-15
KEN,,260,2025-07-15
PRI,True,4,2025-07-15
LKA,,41,2025-07-15
WSM,,13,2025-07-15
ISR,True,96,2025-07-15
MDV,,143,2025-07-15
POL,True,348,2025-07-15
GIB,False,2,2025-07-15
LBN,,21,2025-07-15
IRL,True,7,2025-07-15
AGO,,141,2025-07-15
KEN,True,266,2025-07-15
TWN,True,71,2025-07-15
SLB,,3,2025-07-15
IRL,,37,2025-07-15
BRB,True,29,2025-07-15
GHA,False,7,2025-07-15
COK,True,1,2025-07-15
SRB,False,2,2025-07-15
CMR,True,6,2025-07-15
UGA,True,159,2025-07-15
PNG,False,9,2025-07-15
SHN,True,5,2025-07-15
NGA,,145,2025-07-15
TUR,True,346,2025-07-15
MNE,True,63,2025-07-15
KHM,False,27,2025-07-15
HND,,39,2025-07-15
TON,False,21,2025-07-15
YEM,True,9,2025-07-15
MWI,False,2,2025-07-15
SLV,,77,2025-07-15
ECU,,582,2025-07-15
GRD,,4,2025-07-15
ETH,False,9,2025-07-15
SYC,False,5,2025-07-15
DMA,True,2,2025-07-15
GRC,,101,2025-07-15
SYR,,15,2025-07-15
BRB,False,5,2025-07-15
DMA,False,2,2025-07-15
GIN,,154,2025-07-15
LBN,False,11,2025-07-15
COK,,9,2025-07-15
SSD,True,3,2025-07-15
LBY,False,5,2025-07-15
FJI,False,2,2025-07-15
NZL,False,474,2025-07-15
OMN,False,178,2025-07-15
RUS,True,1,2025-07-15
QAT,False,22,2025-07-15
LBY,True,4,2025-07-15
SGP,,165,2025-07-15
PRT,False,22,2025-07-15
HND,False,14,2025-07-15
IND,,1929,2025-07-15
KAZ,,28,2025-07-15
HTI,False,8,2025-07-15
BRA,False,45,2025-07-15
GIN,True,9,2025-07-15
HKG,,489,2025-07-15
NZL,True,296,2025-07-15
PHL,False,58,2025-07-15
MMR,,25,2025-07-15
KHM,,92,2025-07-15
MMR,False,16,2025-07-15
MKD,,63,2025-07-15
AZE,True,288,2025-07-15
ALB,True,191,2025-07-15
IRL,False,22,2025-07-15
IDN,,738,2025-07-15
CHN,,26,2025-07-15
CUB,True,174,2025-07-15
MKD,True,41,2025-07-15
SLV,True,112,2025-07-15
PRI,False,2,2025-07-15
DZA,,45,2025-07-15
FLK,True,7,2025-07-15
GUY,True,102,2025-07-15
BOL,False,46,2025-07-15
VEN,True,180,2025-07-15
CIV,True,13,2025-07-15
JPN,,200,2025-07-15
ESP,True,53,2025-07-15
SRB,,12,2025-07-15
BHR,True,10,2025-07-15
TZA,,8,2025-07-15
BHS,False,5,2025-07-15
KGZ,,58,2025-07-15
LAO,,22,2025-07-15
PHL,,272,2025-07-15
IND,True,472,2025-07-15
EGY,,85,2025-07-15
KOR,True,54,2025-07-15
SSD,False,1,2025-07-15
PRY,True,148,2025-07-15
VNM,False,8,2025-07-15
QAT,True,56,2025-07-15
URY,False,6,2025-07-15
SHN,False,4,2025-07-15
BIH,False,1,2025-07-15
BMU,True,1,2025-07-15
SEN,,1,2025-07-15
TJK,,1,2025-07-15
KOR,False,1,2025-07-15
CAN,True,1,2025-07-15
NAM,True,1,2025-07-15
MRT,True,1,2025-07-15
LCA,True,4,2025-07-15
LSO,,1,2025-07-15
ZWE,,2,2025-07-15
CAN,,1,2025-07-15
BTN,False,1,2025-07-15
BLZ,True,1,2025-07-15
LTU,False,1,2025-07-15
BRA,True,253,2025-08-15
THA,False,87,2025-08-15
ZAF,False,139,2025-08-15
SLB,True,61,2025-08-15
HTI,,8,2025-08-15
PSE,,19,2025-08-15
IRN,True,25,2025-08-15
NOR,True,137,2025-08-15
POL,,354,2025-08-15
BRB,,29,2025-08-15
LVA,,19,2025-08-15
WSM,True,14,2025-08-15
JAM,,51,2025-08-15
ZMB,,9,2025-08-15
PRY,False,18,2025-08-15
BRA,,494,2025-08-15
LAO,True,13,2025-08-15
BFA,True,7,2025-08-15
MOZ,,127,2025-08-15
CUB,,165,2025-08-15
JOR,,4,2025-08-15
RWA,True,140,2025-08-15
TUR,False,28,2025-08-15
SOM,,75,2025-08-15
NPL,True,599,2025-08-15
ECU,False,76,2025-08-15
MDG,True,41,2025-08-15
BRN,,2,2025-08-15
SLB,False,2,2025-08-15
BOL,,68,2025-08-15
URY,,56,2025-08-15
AUS,False,580,2025-08-15
IND,False,29,2025-08-15
HKG,True,187,2025-08-15
SHN,False,3,2025-08-15
HND,True,28,2025-08-15
LBY,,20,2025-08-15
GIB,,19,2025-08-15
CHN,False,92,2025-08-15
IDN,True,439,2025-08-15
ITA,True,28,2025-08-15
MOZ,False,6,2025-08-15
BIH,False,1,2025-08-15
ETH,True,14,2025-08-15
JPN,True,154,2025-08-15
IRN,False,5,2025-08-15
VEN,False,15,2025-08-15
NRU,True,2,2025-08-15
ETH,,479,2025-08-15
GEO,False,7,2025-08-15
KWT,False,12,2025-08-15
LKA,True,49,2025-08-15
AGO,False,3,2025-08-15
UKR,,1218,2025-08-15
ITA,,59,2025-08-15
BMU,True,1,2025-08-15
GHA,,17,2025-08-15
CMR,,25,2025-08-15
NOR,False,390,2025-08-15
TZA,True,812,2025-08-15
JAM,True,42,2025-08-15
SEN,,1,2025-08-15
SGP,True,226,2025-08-15
ARE,False,95,2025-08-15
KWT,True,33,2025-08-15
GUY,,18,2025-08-15
COM,,4,2025-08-15
LCA,,2,2025-08-15
BHS,True,5,2025-08-15
ZAF,True,60,2025-08-15
SHN,,4,2025-08-15
SLV,False,28,2025-08-15
GUY,False,6,2025-08-15
QAT,,27,2025-08-15
BHS,,4,2025-08-15
MAR,False,7,2025-08-15
GBR,,3334,2025-08-15
MEX,False,166,2025-08-15
BOL,True,102,2025-08-15
TLS,True,88,2025-08-15
MAC,True,31,2025-08-15
TZA,False,5,2025-08-15
SOM,True,5,2025-08-15
PRY,,81,2025-08-15
GHA,True,18,2025-08-15
TTO,False,4,2025-08-15
ARE,,67,2025-08-15
KAZ,True,9,2025-08-15
UGA,False,17,2025-08-15
TON,,9,2025-08-15
BIH,True,62,2025-08-15
GEO,True,81,2025-08-15
URY,True,97,2025-08-15
MDG,False,2,2025-08-15
CRI,,89,2025-08-15
JOR,False,14,2025-08-15
TJK,,1,2025-08-15
MMR,True,142,2025-08-15
LKA,False,15,2025-08-15
SYC,True,36,2025-08-15
LVA,True,125,2025-08-15
GBR,False,778,2025-08-15
TON,True,14,2025-08-15
NPL,,4,2025-08-15
CRI,True,97,2025-08-15
BRN,True,81,2025-08-15
UGA,,50,2025-08-15
AZE,,221,2025-08-15
AUS,,219,2025-08-15
MLI,,26,2025-08-15
FLK,,3,2025-08-15
JAM,False,41,2025-08-15
KNA,,5,2025-08-15
MEX,,1279,2025-08-15
UKR,True,270,2025-08-15
LBN,True,19,2025-08-15
GRC,False,15,2025-08-15
PNG,,70,2025-08-15
BGD,,288,2025-08-15
AFG,,85,2025-08-15
DMA,,4,2025-08-15
YEM,,11,2025-08-15
IDN,False,112,2025-08-15
LVA,False,4,2025-08-15
BLR,,205,2025-08-15
MNG,,316,2025-08-15
SYC,,6,2025-08-15
ARG,False,145,2025-08-15
NIC,True,60,2025-08-15
LTU,True,6,2025-08-15
TKM,,75,2025-08-15
NZL,,201,2025-08-15
THA,,2655,2025-08-15
CYP,False,9,2025-08-15
NOR,,207,2025-08-15
IRQ,,111,2025-08-15
MOZ,True,31,2025-08-15
VEN,,95,2025-08-15
SAU,True,893,2025-08-15
SYR,True,11,2025-08-15
SOM,False,5,2025-08-15
TLS,,9,2025-08-15
EGY,False,14,2025-08-15
SAU,,65,2025-08-15
ALB,False,8,2025-08-15
GRC,True,32,2025-08-15
CAN,True,1,2025-08-15
DOM,,273,2025-08-15
PRT,True,63,2025-08-15
ALB,,35,2025-08-15
CYP,True,8,2025-08-15
BHR,,8,2025-08-15
TWN,False,5,2025-08-15
NIC,,42,2025-08-15
DOM,False,177,2025-08-15
MEX,True,384,2025-08-15
KHM,True,83,2025-08-15
GIB,True,17,2025-08-15
SSD,,13,2025-08-15
FJI,True,28,2025-08-15
PNG,True,27,2025-08-15
NAM,True,1,2025-08-15
SGP,False,88,2025-08-15
BIH,,34,2025-08-15
ISR,False,9,2025-08-15
TTO,True,29,2025-08-15
KWT,,24,2025-08-15
UKR,False,72,2025-08-15
MDV,True,72,2025-08-15
FJI,,35,2025-08-15
MRT,,27,2025-08-15
PER,,438,2025-08-15
MYS,True,340,2025-08-15
SLE,True,33,2025-08-15
BTN,True,65,2025-08-15
BGD,True,153,2025-08-15
PAK,,306,2025-08-15
PAN,False,9,2025-08-15
VNM,True,88,2025-08-15
TUR,,811,2025-08-15
MKD,False,15,2025-08-15
BHR,False,10,2025-08-15
LBR,False,3,2025-08-15
HKG,False,4,2025-08-15
AGO,True,164,2025-08-15
GRD,True,8,2025-08-15
MRT,True,1,2025-08-15
SLE,,73,2025-08-15
EGY,True,31,2025-08-15
CUB,False,2,2025-08-15
MNE,,63,2025-08-15
TKM,True,71,2025-08-15
AUS,True,545,2025-08-15
PHL,True,104,2025-08-15
PSE,True,22,2025-08-15
LCA,True,4,2025-08-15
COM,True,6,2025-08-15
MAR,,40,2025-08-15
MDG,,48,2025-08-15
SDN,,36,2025-08-15
GEO,,58,2025-08-15
OMN,,9,2025-08-15
DOM,True,182,2025-08-15
KEN,False,48,2025-08-15
MWI,True,59,2025-08-15
AFG,True,7,2025-08-15
JPN,False,10,2025-08-15
KGZ,False,3,2025-08-15
CIV,False,4,2025-08-15
VNM,,68,2025-08-15
PAN,,28,2025-08-15
CIV,,12,2025-08-15
BLR,True,5,2025-08-15
LBR,,40,2025-08-15
IRQ,True,54,2025-08-15
KOR,,70,2025-08-15
KGZ,True,23,2025-08-15
KIR,False,3,2025-08-15
SDN,False,5,2025-08-15
SLE,False,9,2025-08-15
ZAF,,86,2025-08-15
BTN,,69,2025-08-15
LSO,,1,2025-08-15
ISR,,22,2025-08-15
ARE,True,147,2025-08-15
ZMB,True,4,2025-08-15
KIR,True,2,2025-08-15
GIN,False,4,2025-08-15
PRT,,29,2025-08-15
ARG,True,613,2025-08-15
OMN,True,18,2025-08-15
TUN,,14,2025-08-15
JOR,True,239,2025-08-15
DZA,True,47,2025-08-15
CRI,False,47,2025-08-15
LTU,,3,2025-08-15
IRN,,11,2025-08-15
PAK,False,24,2025-08-15
ZWE,True,12,2025-08-15
CYP,,4,2025-08-15
THA,True,609,2025-08-15
TWN,,118,2025-08-15
MYS,,146,2025-08-15
ZWE,,2,2025-08-15
NGA,False,66,2025-08-15
MAC,,28,2025-08-15
ECU,True,366,2025-08-15
PER,True,239,2025-08-15
ZWE,False,21,2025-08-15
NGA,True,66,2025-08-15
SAU,False,31,2025-08-15
SRB,True,14,2025-08-15
CAN,,1,2025-08-15
PER,False,145,2025-08-15
MDV,False,27,2025-08-15
POL,False,14,2025-08-15
SDN,True,19,2025-08-15
PAK,True,78,2025-08-15
TUN,True,6,2025-08-15
HTI,True,5,2025-08-15
KIR,,4,2025-08-15
GBR,True,2857,2025-08-15
BRN,False,3,2025-08-15
ARG,,999,2025-08-15
IRQ,False,44,2025-08-15
BLZ,,56,2025-08-15
ITA,False,18,2025-08-15
BGD,False,687,2025-08-15
ESP,False,7,2025-08-15
TTO,,63,2025-08-15
ESP,,25,2025-08-15
MYS,False,80,2025-08-15
MAR,True,35,2025-08-15
CHN,True,47,2025-08-15
ZMB,False,6,2025-08-15
NIC,False,8,2025-08-15
PAN,True,31,2025-08-15
KEN,,267,2025-08-15
PRI,True,4,2025-08-15
WSM,,13,2025-08-15
LKA,,43,2025-08-15
ISR,True,103,2025-08-15
MDV,,145,2025-08-15
POL,True,417,2025-08-15
GIB,False,2,2025-08-15
LBN,,22,2025-08-15
IRL,True,7,2025-08-15
AGO,,145,2025-08-15
KEN,True,271,2025-08-15
TWN,True,71,2025-08-15
IRL,,39,2025-08-15
BRB,True,29,2025-08-15
SRB,False,2,2025-08-15
GHA,False,7,2025-08-15
CMR,True,6,2025-08-15
UGA,True,161,2025-08-15
PNG,False,9,2025-08-15
SHN,True,4,2025-08-15
NGA,,157,2025-08-15
KHM,False,28,2025-08-15
TUR,True,343,2025-08-15
MNE,True,63,2025-08-15
HND,,39,2025-08-15
TON,False,22,2025-08-15
YEM,True,10,2025-08-15
SLV,,82,2025-08-15
ECU,,612,2025-08-15
GRD,,4,2025-08-15
ETH,False,7,2025-08-15
SYC,False,5,2025-08-15
GRC,,105,2025-08-15
SYR,,19,2025-08-15
BRB,False,5,2025-08-15
GIN,,162,2025-08-15
LBN,False,10,2025-08-15
COK,,9,2025-08-15
LBY,False,5,2025-08-15
BLZ,True,1,2025-08-15
NZL,False,479,2025-08-15
OMN,False,180,2025-08-15
QAT,False,23,2025-08-15
LBY,True,5,2025-08-15
SGP,,165,2025-08-15
PRT,False,21,2025-08-15
HND,False,13,2025-08-15
IND,,1925,2025-08-15
KAZ,,26,2025-08-15
HTI,False,8,2025-08-15
LTU,False,1,2025-08-15
BRA,False,43,2025-08-15
GIN,True,10,2025-08-15
HKG,,491,2025-08-15
NZL,True,306,2025-08-15
PHL,False,65,2025-08-15
KHM,,98,2025-08-15
MMR,,27,2025-08-15
MMR,False,14,2025-08-15
MKD,,65,2025-08-15
AZE,True,292,2025-08-15
ALB,True,190,2025-08-15
IRL,False,24,2025-08-15
CHN,,27,2025-08-15
IDN,,786,2025-08-15
CUB,True,173,2025-08-15
MKD,True,41,2025-08-15
SLV,True,114,2025-08-15
DZA,,44,2025-08-15
FLK,True,7,2025-08-15
GUY,True,103,2025-08-15
BOL,False,44,2025-08-15
CIV,True,13,2025-08-15
VEN,True,186,2025-08-15
JPN,,198,2025-08-15
ESP,True,52,2025-08-15
SRB,,12,2025-08-15
BHR,True,10,2025-08-15
TZA,,8,2025-08-15
BHS,False,5,2025-08-15
LAO,,24,2025-08-15
KGZ,,62,2025-08-15
PHL,,274,2025-08-15
IND,True,473,2025-08-15
EGY,,86,2025-08-15
KOR,True,55,2025-08-15
PRY,True,154,2025-08-15
QAT,True,57,2025-08-15
URY,False,6,2025-08-15
VNM,False,8,2025-08-15
RUS,False,1,2025-08-15
MNE,False,1,2025-08-15
AFG,False,2,2025-08-15
GRD,False,2,2025-08-15
BLZ,False,2,2025-08-15
IOT,,1,2025-08-15
KNA,False,1,2025-08-15
MLI,True,4,2025-08-15
MNG,False,2,2025-08-15
PCN,,2,2025-08-15
BWA,True,1,2025-08-15
BMU,,1,2025-08-15
DZA,False,5,2025-08-15
MRT,False,1,2025-08-15
AZE,False,1,2025-08-15
BFA,,1,2025-08-15
LAO,False,3,2025-08-15
LBR,True,5,2025-08-15
SEN,True,1,2025-08-15
MNG,True,2,2025-08-15
MWI,,1,2025-08-15
NLD,,1,2025-08-15
WSM,False,3,2025-08-15
RUS,,2,2025-08-15
MAC,False,1,2025-08-15
BTN,False,1,2025-08-15
PRI,,3,2025-08-15
SLB,,3,2025-08-15
COK,True,2,2025-08-15
MWI,False,2,2025-08-15
DMA,True,2,2025-08-15
DMA,False,2,2025-08-15
SSD,True,3,2025-08-15
FJI,False,3,2025-08-15
PRI,False,2,2025-08-15
SSD,False,1,2025-08-15
BRA,True,252,2025-09-15
THA,False,88,2025-09-15
SLB,True,63,2025-09-15
ZAF,False,140,2025-09-15
PSE,,19,2025-09-15
HTI,,9,2025-09-15
NOR,True,137,2025-09-15
IRN,True,26,2025-09-15
POL,,356,2025-09-15
LVA,,19,2025-09-15
BRB,,29,2025-09-15
WSM,True,14,2025-09-15
JAM,,51,2025-09-15
ZMB,,9,2025-09-15
PRY,False,18,2025-09-15
BRA,,498,2025-09-15
BFA,True,7,2025-09-15
LAO,True,12,2025-09-15
MOZ,,128,2025-09-15
CUB,,166,2025-09-15
JOR,,3,2025-09-15
RWA,True,140,2025-09-15
RUS,False,1,2025-09-15
TUR,False,30,2025-09-15
MNE,False,1,2025-09-15
SOM,,78,2025-09-15
NPL,True,594,2025-09-15
ECU,False,80,2025-09-15
MDG,True,41,2025-09-15
BRN,,2,2025-09-15
SLB,False,2,2025-09-15
URY,,60,2025-09-15
BOL,,71,2025-09-15
AUS,False,579,2025-09-15
IND,False,33,2025-09-15
HKG,True,186,2025-09-15
HND,True,28,2025-09-15
LBY,,27,2025-09-15
GIB,,21,2025-09-15
IDN,True,441,2025-09-15
ITA,True,28,2025-09-15
CHN,False,91,2025-09-15
MOZ,False,6,2025-09-15
JPN,True,156,2025-09-15
ETH,True,19,2025-09-15
IRN,False,5,2025-09-15
VEN,False,15,2025-09-15
GRD,False,2,2025-09-15
NRU,True,2,2025-09-15
ETH,,572,2025-09-15
KWT,False,13,2025-09-15
GEO,False,7,2025-09-15
LKA,True,49,2025-09-15
AGO,False,3,2025-09-15
UKR,,1240,2025-09-15
ITA,,59,2025-09-15
CMR,,25,2025-09-15
GHA,,17,2025-09-15
NOR,False,391,2025-09-15
TZA,True,813,2025-09-15
JAM,True,42,2025-09-15
BLZ,False,2,2025-09-15
IOT,,1,2025-09-15
SGP,True,228,2025-09-15
ARE,False,97,2025-09-15
MLI,True,4,2025-09-15
KNA,False,1,2025-09-15
KWT,True,35,2025-09-15
GUY,,19,2025-09-15
COM,,4,2025-09-15
LCA,,2,2025-09-15
BHS,True,5,2025-09-15
ZAF,True,60,2025-09-15
SHN,,5,2025-09-15
MNG,False,2,2025-09-15
SLV,False,28,2025-09-15
GUY,False,7,2025-09-15
PCN,,2,2025-09-15
QAT,,27,2025-09-15
BHS,,4,2025-09-15
MAR,False,7,2025-09-15
GBR,,3406,2025-09-15
MEX,False,160,2025-09-15
TLS,True,96,2025-09-15
BOL,True,104,2025-09-15
MAC,True,31,2025-09-15
TZA,False,5,2025-09-15
SOM,True,5,2025-09-15
PRY,,80,2025-09-15
GHA,True,18,2025-09-15
TTO,False,4,2025-09-15
ARE,,67,2025-09-15
UGA,False,17,2025-09-15
KAZ,True,8,2025-09-15
TON,,9,2025-09-15
GEO,True,81,2025-09-15
URY,True,99,2025-09-15
BIH,True,62,2025-09-15
BWA,True,1,2025-09-15
MDG,False,2,2025-09-15
CRI,,91,2025-09-15
JOR,False,14,2025-09-15
BMU,,1,2025-09-15
SYC,True,36,2025-09-15
MMR,True,140,2025-09-15
LKA,False,15,2025-09-15
GBR,False,810,2025-09-15
LVA,True,126,2025-09-15
TON,True,14,2025-09-15
DZA,False,2,2025-09-15
NPL,,4,2025-09-15
CRI,True,100,2025-09-15
BRN,True,81,2025-09-15
UGA,,51,2025-09-15
AZE,,221,2025-09-15
AUS,,222,2025-09-15
MLI,,26,2025-09-15
FLK,,4,2025-09-15
JAM,False,42,2025-09-15
KNA,,5,2025-09-15
MEX,,1319,2025-09-15
UKR,True,271,2025-09-15
LBN,True,19,2025-09-15
GRC,False,15,2025-09-15
BGD,,337,2025-09-15
AFG,,87,2025-09-15
PNG,,71,2025-09-15
DMA,,4,2025-09-15
YEM,,10,2025-09-15
IDN,False,110,2025-09-15
LVA,False,4,2025-09-15
MRT,False,1,2025-09-15
MNG,,319,2025-09-15
BLR,,206,2025-09-15
SYC,,6,2025-09-15
NIC,True,64,2025-09-15
ARG,False,145,2025-09-15
LTU,True,7,2025-09-15
AZE,False,1,2025-09-15
TKM,,74,2025-09-15
NZL,,199,2025-09-15
THA,,2665,2025-09-15
CYP,False,9,2025-09-15
IRQ,,110,2025-09-15
NOR,,209,2025-09-15
MOZ,True,32,2025-09-15
VEN,,93,2025-09-15
SAU,True,884,2025-09-15
SYR,True,14,2025-09-15
SOM,False,6,2025-09-15
TLS,,10,2025-09-15
EGY,False,14,2025-09-15
SAU,,64,2025-09-15
GRC,True,32,2025-09-15
ALB,False,8,2025-09-15
BFA,,1,2025-09-15
LAO,False,3,2025-09-15
DOM,,274,2025-09-15
PRT,True,66,2025-09-15
ALB,,35,2025-09-15
CYP,True,8,2025-09-15
LBR,True,5,2025-09-15
BHR,,9,2025-09-15
TWN,False,5,2025-09-15
NIC,,44,2025-09-15
MEX,True,398,2025-09-15
KHM,True,84,2025-09-15
DOM,False,178,2025-09-15
MNG,True,2,2025-09-15
SEN,True,1,2025-09-15
GIB,True,17,2025-09-15
SSD,,14,2025-09-15
FJI,True,30,2025-09-15
PNG,True,25,2025-09-15
SGP,False,89,2025-09-15
BIH,,35,2025-09-15
ISR,False,9,2025-09-15
TTO,True,31,2025-09-15
KWT,,24,2025-09-15
UKR,False,72,2025-09-15
MWI,,1,2025-09-15
MDV,True,72,2025-09-15
FJI,,37,2025-09-15
MRT,,27,2025-09-15
PER,,462,2025-09-15
MYS,True,338,2025-09-15
NLD,,1,2025-09-15
BGD,True,191,2025-09-15
SLE,True,34,2025-09-15
BTN,True,67,2025-09-15
PAK,,321,2025-09-15
PAN,False,11,2025-09-15
VNM,True,90,2025-09-15
TUR,,799,2025-09-15
BHR,False,10,2025-09-15
MKD,False,13,2025-09-15
HKG,False,4,2025-09-15
LBR,False,3,2025-09-15
AGO,True,168,2025-09-15
GRD,True,8,2025-09-15
SLE,,76,2025-09-15
EGY,True,30,2025-09-15
CUB,False,2,2025-09-15
MNE,,63,2025-09-15
AUS,True,552,2025-09-15
TKM,True,70,2025-09-15
PHL,True,110,2025-09-15
PSE,True,21,2025-09-15
LCA,True,4,2025-09-15
COM,True,6,2025-09-15
MDG,,50,2025-09-15
MAR,,41,2025-09-15
SDN,,37,2025-09-15
GEO,,58,2025-09-15
OMN,,9,2025-09-15
MWI,True,59,2025-09-15
DOM,True,182,2025-09-15
KEN,False,47,2025-09-15
AFG,True,7,2025-09-15
JPN,False,10,2025-09-15
KGZ,False,3,2025-09-15
CIV,False,4,2025-09-15
VNM,,70,2025-09-15
PAN,,29,2025-09-15
CIV,,12,2025-09-15
BLR,True,5,2025-09-15
LBR,,41,2025-09-15
IRQ,True,53,2025-09-15
KOR,,71,2025-09-15
KGZ,True,25,2025-09-15
KIR,False,3,2025-09-15
SDN,False,5,2025-09-15
SLE,False,9,2025-09-15
BTN,,71,2025-09-15
ZAF,,86,2025-09-15
ISR,,22,2025-09-15
ARE,True,150,2025-09-15
KIR,True,2,2025-09-15
ZMB,True,4,2025-09-15
GIN,False,4,2025-09-15
PRT,,31,2025-09-15
ARG,True,620,2025-09-15
OMN,True,18,2025-09-15
TUN,,15,2025-09-15
JOR,True,224,2025-09-15
CRI,False,46,2025-09-15
DZA,True,48,2025-09-15
IRN,,11,2025-09-15
LTU,,4,2025-09-15
ZWE,True,19,2025-09-15
PAK,False,25,2025-09-15
CYP,,4,2025-09-15
THA,True,606,2025-09-15
TWN,,122,2025-09-15
MYS,,147,2025-09-15
NGA,False,65,2025-09-15
MAC,,28,2025-09-15
ECU,True,377,2025-09-15
PER,True,250,2025-09-15
ZWE,False,35,2025-09-15
SAU,False,32,2025-09-15
NGA,True,65,2025-09-15
SRB,True,14,2025-09-15
PER,False,145,2025-09-15
WSM,False,3,2025-09-15
SDN,True,20,2025-09-15
MDV,False,28,2025-09-15
POL,False,14,2025-09-15
RUS,,2,2025-09-15
PAK,True,78,2025-09-15
HTI,True,5,2025-09-15
TUN,True,6,2025-09-15
KIR,,4,2025-09-15
GBR,True,2896,2025-09-15
BRN,False,3,2025-09-15
YEM,False,1,2025-09-15
ARG,,1078,2025-09-15
IRQ,False,42,2025-09-15
MAC,False,1,2025-09-15
BLZ,,57,2025-09-15
BGD,False,635,2025-09-15
ITA,False,18,2025-09-15
BTN,False,1,2025-09-15
ESP,False,8,2025-09-15
TTO,,65,2025-09-15
PRI,,4,2025-09-15
ESP,,25,2025-09-15
MAR,True,35,2025-09-15
MYS,False,81,2025-09-15
CHN,True,47,2025-09-15
NIC,False,15,2025-09-15
ZMB,False,6,2025-09-15
PAN,True,34,2025-09-15
KEN,,269,2025-09-15
PRI,True,4,2025-09-15
LKA,,43,2025-09-15
WSM,,13,2025-09-15
ISR,True,102,2025-09-15
MDV,,148,2025-09-15
POL,True,424,2025-09-15
GIB,False,2,2025-09-15
LBN,,23,2025-09-15
IRL,True,7,2025-09-15
AGO,,149,2025-09-15
KEN,True,272,2025-09-15
TWN,True,75,2025-09-15
SLB,,3,2025-09-15
IRL,,41,2025-09-15
BRB,True,29,2025-09-15
GHA,False,7,2025-09-15
COK,True,2,2025-09-15
SRB,False,2,2025-09-15
CMR,True,6,2025-09-15
UGA,True,154,2025-09-15
PNG,False,9,2025-09-15
SHN,True,5,2025-09-15
NGA,,162,2025-09-15
TUR,True,345,2025-09-15
KHM,False,30,2025-09-15
MNE,True,63,2025-09-15
HND,,40,2025-09-15
TON,False,24,2025-09-15
YEM,True,9,2025-09-15
MWI,False,2,2025-09-15
SLV,,90,2025-09-15
ECU,,635,2025-09-15
GRD,,5,2025-09-15
ETH,False,7,2025-09-15
DMA,True,2,2025-09-15
SYC,False,6,2025-09-15
GRC,,107,2025-09-15
SYR,,25,2025-09-15
BRB,False,5,2025-09-15
DMA,False,2,2025-09-15
GIN,,168,2025-09-15
LBN,False,12,2025-09-15
COK,,9,2025-09-15
SSD,True,3,2025-09-15
LBY,False,5,2025-09-15
FJI,False,3,2025-09-15
NZL,False,484,2025-09-15
OMN,False,178,2025-09-15
QAT,False,23,2025-09-15
LBY,True,7,2025-09-15
SGP,,165,2025-09-15
HND,False,15,2025-09-15
PRT,False,22,2025-09-15
IND,,1910,2025-09-15
KAZ,,26,2025-09-15
HTI,False,12,2025-09-15
BRA,False,44,2025-09-15
GIN,True,10,2025-09-15
HKG,,487,2025-09-15
PHL,False,64,2025-09-15
NZL,True,312,2025-09-15
KHM,,99,2025-09-15
MMR,,28,2025-09-15
MMR,False,15,2025-09-15
MKD,,66,2025-09-15
ALB,True,191,2025-09-15
AZE,True,293,2025-09-15
IRL,False,24,2025-09-15
IDN,,787,2025-09-15
CHN,,26,2025-09-15
CUB,True,174,2025-09-15
MKD,True,43,2025-09-15
SLV,True,114,2025-09-15
PRI,False,2,2025-09-15
DZA,,45,2025-09-15
FLK,True,7,2025-09-15
BOL,False,45,2025-09-15
GUY,True,103,2025-09-15
VEN,True,184,2025-09-15
CIV,True,13,2025-09-15
JPN,,203,2025-09-15
ESP,True,52,2025-09-15
SRB,,12,2025-09-15
BHR,True,10,2025-09-15
TZA,,8,2025-09-15
BHS,False,3,2025-09-15
KGZ,,64,2025-09-15
LAO,,25,2025-09-15
PHL,,278,2025-09-15
IND,True,480,2025-09-15
EGY,,87,2025-09-15
KOR,True,54,2025-09-15
SSD,False,1,2025-09-15
PRY,True,154,2025-09-15
QAT,True,57,2025-09-15
VNM,False,9,2025-09-15
URY,False,6,2025-09-15
SHN,False,3,2025-09-15
BIH,False,1,2025-09-15
BMU,True,1,2025-09-15
SEN,,1,2025-09-15
TJK,,1,2025-09-15
CAN,True,1,2025-09-15
NAM,True,1,2025-09-15
MRT,True,1,2025-09-15
LSO,,1,2025-09-15
ZWE,,2,2025-09-15
CAN,,1,2025-09-15
BLZ,True,1,2025-09-15
LTU,False,1,2025-09-15
BRA,True,259,2025-10-09
THA,False,94,2025-10-09
SLB,True,63,2025-10-09
ZAF,False,140,2025-10-09
HTI,,8,2025-10-09
PSE,,19,2025-10-09
CZE,True,25,2025-10-09
NOR,True,135,2025-10-09
IRN,True,27,2025-10-09
POL,,361,2025-10-09
BRB,,30,2025-10-09
LVA,,20,2025-10-09
WSM,True,14,2025-10-09
JAM,,54,2025-10-09
ZMB,,9,2025-10-09
PRY,False,17,2025-10-09
BRA,,501,2025-10-09
LAO,True,11,2025-10-09
BFA,True,7,2025-10-09
MOZ,,132,2025-10-09
CUB,,165,2025-10-09
JOR,,5,2025-10-09
RWA,True,140,2025-10-09
RUS,False,1,2025-10-09
TUR,False,30,2025-10-09
MNE,False,1,2025-10-09
SOM,,76,2025-10-09
NPL,True,591,2025-10-09
ECU,False,80,2025-10-09
MDG,True,41,2025-10-09
BRN,,3,2025-10-09
SLB,False,2,2025-10-09
BOL,,74,2025-10-09
URY,,63,2025-10-09
AUS,False,572,2025-10-09
HKG,True,186,2025-10-09
IND,False,32,2025-10-09
HND,True,28,2025-10-09
LBY,,27,2025-10-09
GIB,,21,2025-10-09
ITA,True,40,2025-10-09
CHN,False,89,2025-10-09
IDN,True,445,2025-10-09
MOZ,False,6,2025-10-09
JPN,True,159,2025-10-09
AFG,False,1,2025-10-09
ETH,True,20,2025-10-09
IRN,False,3,2025-10-09
VEN,False,14,2025-10-09
GRD,False,2,2025-10-09
NRU,True,2,2025-10-09
ETH,,579,2025-10-09
KWT,False,12,2025-10-09
GEO,False,7,2025-10-09
LKA,True,49,2025-10-09
AGO,False,4,2025-10-09
UKR,,1252,2025-10-09
ITA,,61,2025-10-09
CMR,,23,2025-10-09
GHA,,17,2025-10-09
NOR,False,393,2025-10-09
TZA,True,818,2025-10-09
JAM,True,42,2025-10-09
BLZ,False,2,2025-10-09
IOT,,1,2025-10-09
SGP,True,227,2025-10-09
ARE,False,98,2025-10-09
MLI,True,4,2025-10-09
KNA,False,1,2025-10-09
KWT,True,36,2025-10-09
GUY,,20,2025-10-09
LCA,,2,2025-10-09
COM,,5,2025-10-09
BHS,True,5,2025-10-09
ZAF,True,62,2025-10-09
SHN,,5,2025-10-09
SLV,False,28,2025-10-09
GUY,False,8,2025-10-09
MNG,False,2,2025-10-09
QAT,,27,2025-10-09
PCN,,2,2025-10-09
BHS,,4,2025-10-09
MAR,False,8,2025-10-09
GBR,,3483,2025-10-09
TZA,False,5,2025-10-09
BOL,True,105,2025-10-09
MEX,False,159,2025-10-09
TLS,True,85,2025-10-09
MAC,True,31,2025-10-09
SOM,True,5,2025-10-09
PRY,,82,2025-10-09
GHA,True,18,2025-10-09
TTO,False,5,2025-10-09
ARE,,68,2025-10-09
UGA,False,20,2025-10-09
KAZ,True,8,2025-10-09
TON,,9,2025-10-09
URY,True,99,2025-10-09
BIH,True,62,2025-10-09
GEO,True,82,2025-10-09
BWA,True,1,2025-10-09
MDG,False,2,2025-10-09
CRI,,94,2025-10-09
JOR,False,14,2025-10-09
BMU,,1,2025-10-09
MMR,True,139,2025-10-09
LKA,False,15,2025-10-09
SYC,True,36,2025-10-09
GBR,False,856,2025-10-09
LVA,True,127,2025-10-09
TON,True,14,2025-10-09
DZA,False,2,2025-10-09
NPL,,3,2025-10-09
CRI,True,103,2025-10-09
BRN,True,81,2025-10-09
UGA,,53,2025-10-09
AZE,,221,2025-10-09
AUS,,223,2025-10-09
FLK,,4,2025-10-09
MLI,,25,2025-10-09
JAM,False,43,2025-10-09
KNA,,5,2025-10-09
MEX,,1330,2025-10-09
UKR,True,269,2025-10-09
LBN,True,19,2025-10-09
GRC,False,15,2025-10-09
BGD,,375,2025-10-09
PNG,,72,2025-10-09
AFG,,82,2025-10-09
DMA,,4,2025-10-09
YEM,,10,2025-10-09
IDN,False,117,2025-10-09
LVA,False,4,2025-10-09
MRT,False,1,2025-10-09
BLR,,206,2025-10-09
MNG,,320,2025-10-09
SYC,,6,2025-10-09
ARG,False,147,2025-10-09
LTU,True,7,2025-10-09
NIC,True,65,2025-10-09
AZE,False,1,2025-10-09
TKM,,76,2025-10-09
NZL,,205,2025-10-09
THA,,2692,2025-10-09
CYP,False,9,2025-10-09
IRQ,,110,2025-10-09
NOR,,209,2025-10-09
MOZ,True,32,2025-10-09
VEN,,95,2025-10-09
SAU,True,905,2025-10-09
SOM,False,6,2025-10-09
SYR,True,15,2025-10-09
TLS,,9,2025-10-09
EGY,False,14,2025-10-09
SAU,,63,2025-10-09
GRC,True,30,2025-10-09
ALB,False,8,2025-10-09
BFA,,1,2025-10-09
LAO,False,3,2025-10-09
DOM,,277,2025-10-09
PRT,True,66,2025-10-09
ALB,,37,2025-10-09
CYP,True,8,2025-10-09
LBR,True,5,2025-10-09
BHR,,9,2025-10-09
TWN,False,5,2025-10-09
NIC,,44,2025-10-09
DOM,False,178,2025-10-09
MEX,True,400,2025-10-09
KHM,True,85,2025-10-09
MNG,True,2,2025-10-09
SEN,True,1,2025-10-09
GIB,True,17,2025-10-09
SSD,,15,2025-10-09
FJI,True,30,2025-10-09
PNG,True,25,2025-10-09
SGP,False,89,2025-10-09
BIH,,35,2025-10-09
TTO,True,39,2025-10-09
ISR,False,9,2025-10-09
KWT,,25,2025-10-09
UKR,False,73,2025-10-09
MWI,,1,2025-10-09
MDV,True,71,2025-10-09
FJI,,37,2025-10-09
MRT,,28,2025-10-09
PER,,463,2025-10-09
MYS,True,340,2025-10-09
NLD,,1,2025-10-09
BGD,True,220,2025-10-09
BTN,True,69,2025-10-09
SLE,True,33,2025-10-09
PAK,,325,2025-10-09
PAN,False,11,2025-10-09
VNM,True,91,2025-10-09
TUR,,802,2025-10-09
BHR,False,10,2025-10-09
MKD,False,16,2025-10-09
HKG,False,4,2025-10-09
LBR,False,4,2025-10-09
AGO,True,180,2025-10-09
GRD,True,8,2025-10-09
SLE,,78,2025-10-09
EGY,True,32,2025-10-09
CUB,False,2,2025-10-09
MNE,,63,2025-10-09
TKM,True,72,2025-10-09
AUS,True,553,2025-10-09
PHL,True,113,2025-10-09
PSE,True,22,2025-10-09
COM,True,6,2025-10-09
LCA,True,4,2025-10-09
MDG,,50,2025-10-09
MAR,,42,2025-10-09
SDN,,35,2025-10-09
GEO,,58,2025-10-09
OMN,,10,2025-10-09
DOM,True,183,2025-10-09
KEN,False,48,2025-10-09
MWI,True,58,2025-10-09
AFG,True,10,2025-10-09
JPN,False,10,2025-10-09
CIV,False,4,2025-10-09
KGZ,False,3,2025-10-09
PAN,,33,2025-10-09
VNM,,74,2025-10-09
CIV,,12,2025-10-09
BLR,True,5,2025-10-09
LBR,,41,2025-10-09
IRQ,True,55,2025-10-09
KOR,,74,2025-10-09
KGZ,True,26,2025-10-09
KIR,False,3,2025-10-09
SDN,False,5,2025-10-09
SLE,False,9,2025-10-09
ZAF,,87,2025-10-09
BTN,,73,2025-10-09
ISR,,22,2025-10-09
ARE,True,155,2025-10-09
ZMB,True,4,2025-10-09
KIR,True,2,2025-10-09
GIN,False,4,2025-10-09
PRT,,31,2025-10-09
ARG,True,618,2025-10-09
OMN,True,19,2025-10-09
TUN,,17,2025-10-09
JOR,True,221,2025-10-09
CRI,False,46,2025-10-09
DZA,True,48,2025-10-09
IRN,,12,2025-10-09
LTU,,4,2025-10-09
PAK,False,26,2025-10-09
ZWE,True,24,2025-10-09
CYP,,4,2025-10-09
THA,True,606,2025-10-09
TWN,,127,2025-10-09
MYS,,144,2025-10-09
NGA,False,70,2025-10-09
MAC,,28,2025-10-09
PER,True,254,2025-10-09
ECU,True,380,2025-10-09
ZWE,False,45,2025-10-09
NGA,True,65,2025-10-09
SAU,False,31,2025-10-09
SRB,True,14,2025-10-09
PER,False,153,2025-10-09
WSM,False,3,2025-10-09
POL,False,14,2025-10-09
SDN,True,22,2025-10-09
MDV,False,28,2025-10-09
RUS,,2,2025-10-09
PAK,True,77,2025-10-09
HTI,True,5,2025-10-09
TUN,True,6,2025-10-09
KIR,,4,2025-10-09
GBR,True,2911,2025-10-09
YEM,False,1,2025-10-09
BRN,False,3,2025-10-09
ARG,,1090,2025-10-09
IRQ,False,41,2025-10-09
MAC,False,1,2025-10-09
BLZ,,57,2025-10-09
BGD,False,583,2025-10-09
ITA,False,18,2025-10-09
ESP,False,9,2025-10-09
BTN,False,1,2025-10-09
TTO,,72,2025-10-09
PRI,,4,2025-10-09
ESP,,25,2025-10-09
MYS,False,81,2025-10-09
MAR,True,35,2025-10-09
CHN,True,46,2025-10-09
NIC,False,15,2025-10-09
ZMB,False,6,2025-10-09
PAN,True,33,2025-10-09
KEN,,270,2025-10-09
PRI,True,4,2025-10-09
LKA,,44,2025-10-09
WSM,,13,2025-10-09
ISR,True,102,2025-10-09
MDV,,148,2025-10-09
POL,True,429,2025-10-09
GIB,False,2,2025-10-09
LBN,,26,2025-10-09
IRL,True,7,2025-10-09
AGO,,142,2025-10-09
KEN,True,275,2025-10-09
TWN,True,76,2025-10-09
SLB,,3,2025-10-09
IRL,,41,2025-10-09
BRB,True,31,2025-10-09
COK,True,2,2025-10-09
SRB,False,2,2025-10-09
GHA,False,6,2025-10-09
CMR,True,5,2025-10-09
UGA,True,154,2025-10-09
PNG,False,9,2025-10-09
SHN,True,5,2025-10-09
NGA,,169,2025-10-09
TUR,True,345,2025-10-09
MNE,True,63,2025-10-09
KHM,False,30,2025-10-09
HND,,40,2025-10-09
TON,False,25,2025-10-09
YEM,True,9,2025-10-09
MWI,False,2,2025-10-09
SLV,,92,2025-10-09
ECU,,655,2025-10-09
GRD,,5,2025-10-09
ETH,False,7,2025-10-09
DMA,True,2,2025-10-09
SYC,False,6,2025-10-09
GRC,,109,2025-10-09
SYR,,28,2025-10-09
BRB,False,5,2025-10-09
DMA,False,2,2025-10-09
GIN,,168,2025-10-09
LBN,False,12,2025-10-09
COK,,9,2025-10-09
SSD,True,3,2025-10-09
LBY,False,6,2025-10-09
FJI,False,3,2025-10-09
NZL,False,494,2025-10-09
OMN,False,176,2025-10-09
QAT,False,23,2025-10-09
LBY,True,7,2025-10-09
SGP,,170,2025-10-09
HND,False,17,2025-10-09
PRT,False,22,2025-10-09
IND,,1908,2025-10-09
KAZ,,26,2025-10-09
HTI,False,12,2025-10-09
BRA,False,45,2025-10-09
GIN,True,10,2025-10-09
HKG,,488,2025-10-09
NZL,True,318,2025-10-09
PHL,False,66,2025-10-09
MMR,,28,2025-10-09
KHM,,101,2025-10-09
MMR,False,16,2025-10-09
MKD,,68,2025-10-09
AZE,True,295,2025-10-09
ALB,True,196,2025-10-09
IRL,False,24,2025-10-09
IDN,,791,2025-10-09
CHN,,25,2025-10-09
CUB,True,172,2025-10-09
MKD,True,42,2025-10-09
SLV,True,114,2025-10-09
PRI,False,2,2025-10-09
DZA,,46,2025-10-09
FLK,True,7,2025-10-09
GUY,True,106,2025-10-09
BOL,False,45,2025-10-09
VEN,True,189,2025-10-09
CIV,True,13,2025-10-09
JPN,,207,2025-10-09
ESP,True,54,2025-10-09
SRB,,12,2025-10-09
BHR,True,10,2025-10-09
TZA,,8,2025-10-09
BHS,False,3,2025-10-09
KGZ,,67,2025-10-09
LAO,,23,2025-10-09
PHL,,290,2025-10-09
CZE,,27,2025-10-09
IND,True,480,2025-10-09
EGY,,88,2025-10-09
KOR,True,58,2025-10-09
SSD,False,1,2025-10-09
PRY,True,156,2025-10-09
VNM,False,10,2025-10-09
QAT,True,57,2025-10-09
URY,False,6,2025-10-09
CZE,False,2,2025-10-09
SHN,False,3,2025-10-09
BIH,False,1,2025-10-09
BMU,True,1,2025-10-09
SEN,,1,2025-10-09
TJK,,1,2025-10-09
KOR,False,1,2025-10-09
CAN,True,1,2025-10-09
NAM,True,1,2025-10-09
MRT,True,1,2025-10-09
LSO,,1,2025-10-09
ZWE,,2,2025-10-09
CAN,,1,2025-10-09
BLZ,True,1,2025-10-09
LTU,False,1,2025-10-09
